{
  "variants": {
      "": [
    { "model": "block/bamboo_sapling"},
    { "model": "block/bamboo_sapling", "y": 90 },
    { "model": "block/bamboo_sapling", "y": 180 },
    { "model": "block/bamboo_sapling", "y": 270 },

    { "model": "block/bamboo_sapling1"},
    { "model": "block/bamboo_sapling1", "y": 90 },
    { "model": "block/bamboo_sapling1", "y": 180 },
    { "model": "block/bamboo_sapling1", "y": 270 },

    { "model": "block/bamboo_sapling2" },
    { "model": "block/bamboo_sapling2", "y": 90 },
    { "model": "block/bamboo_sapling2", "y": 180 },
    { "model": "block/bamboo_sapling2", "y": 270 },
    
    { "model": "block/bamboo_sapling3"},
    { "model": "block/bamboo_sapling3", "y": 90 },
    { "model": "block/bamboo_sapling3", "y": 180 },
    { "model": "block/bamboo_sapling3", "y": 270 }
      ]
  }
}