{
    "ambientocclusion": false,
    "textures": {
        "particle": "#torch"
    },
    "elements": [
        {   "from": [ 7, 0, 7 ],
            "to": [ 9, 10, 9 ],
            "shade": false,
            "faces": {
                "down": { "uv": [ 7, 13, 9, 15 ], "texture": "#torch" },
                "up":   { "uv": [ 7,  6, 9,  8 ], "texture": "#torch" }
            }
        },
        {   "from": [ 7, 0, 0 ],
            "to": [ 9, 16, 16 ],
            "shade": false,
            "faces": {
                "west": { "uv": [ 0, 0, 16, 16 ], "texture": "#torch" },
                "east": { "uv": [ 0, 0, 16, 16 ], "texture": "#torch" }
            }
        },
        {   "from": [ 0, 0, 7 ],
            "to": [ 16, 16, 9 ],
            "shade": false,
            "faces": {
                "north": { "uv": [ 0, 0, 16, 16 ], "texture": "#torch" },
                "south": { "uv": [ 0, 0, 16, 16 ], "texture": "#torch" }
            }
        }
    ],
    "gui_light": "front",
    "display": {
        "gui": {
            "rotation": [ 0, 270, 0 ],
            "translation": [ 0, 0, 0],
            "scale":[ 1, 1, 1 ]
        },
        "ground": {
            "rotation": [ 0, 0, 0 ],
            "translation": [ 0, 3, 0],
            "scale":[ 0.25, 0.25, 0.25 ]
        },
        "fixed": {
            "rotation": [ 0, 0, 0 ],
            "translation": [ 0, 0, 0],
            "scale":[ 0.5, 0.5, 0.5 ]
        },
        "thirdperson_righthand": {
            "rotation": [ 75, 90, -75],
            "translation": [ 0, 2.5, 0],
            "scale": [ 0.75, 0.75, 0.75 ]
        },
        "firstperson_righthand": {
            "rotation": [ 0, 45, 0 ],
            "translation": [ 0, 3, 0 ],
            "scale": [ 0.6, 0.6, 0.6 ]
        },
        "firstperson_lefthand": {
            "rotation": [ 0, 225, 0 ],
            "translation": [ 0, 3, 0 ],
            "scale": [ 0.6, 0.6, 0.6 ]
        }
    }
}
