{
	"credit": "Made with Blockbench",
	"ambientocclusion": false,
	"textures": {
		"2": "block/torch_holder",
		"particle": "#torch"
	},
	"elements": [
		{
			"from": [-1, 3.5, 7],
			"to": [1, 13.5, 9],
			"shade": false,
			"rotation": {"angle": -22.5, "axis": "z", "origin": [0, 3.5, 8]},
			"faces": {
				"up": {"uv": [7, 6, 9, 8], "texture": "#torch"},
				"down": {"uv": [7, 13, 9, 15], "texture": "#torch"}
			}
		},
		{
			"from": [-1, 3.5, 0],
			"to": [1, 19.5, 16],
			"shade": false,
			"rotation": {"angle": -22.5, "axis": "z", "origin": [0, 3.5, 8]},
			"faces": {
				"east": {"uv": [0, 0, 16, 16], "texture": "#torch"},
				"west": {"uv": [0, 0, 16, 16], "texture": "#torch"}
			}
		},
		{
			"from": [-8, 3.5, 7],
			"to": [8, 19.5, 9],
			"shade": false,
			"rotation": {"angle": -22.5, "axis": "z", "origin": [0, 3.5, 8]},
			"faces": {
				"north": {"uv": [0, 0, 16, 16], "texture": "#torch"},
				"south": {"uv": [0, 0, 16, 16], "texture": "#torch"}
			}
		},
		{
			"from": [0, 8, 6.5],
			"to": [3.75, 9, 9.5],
			"rotation": {"angle": 0, "axis": "y", "origin": [24, 0, 0]},
			"faces": {
				"north": {"uv": [6.25, 8, 10, 9], "rotation": 180, "texture": "#2"},
				"east": {"uv": [7, 8, 10, 9], "texture": "#2"},
				"south": {"uv": [6.25, 6, 10, 7], "texture": "#2"},
				"up": {"uv": [6.25, 6, 10, 9], "texture": "#2"},
				"down": {"uv": [6.25, 6, 10, 9], "texture": "#2"}
			}
		}
	]
}