{
	"credit": "Made with Blockbench",
	"textures": {
		"0": "block/bamboo_stage0",
		"particle": "block/bamboo_stage0"
	},
	"elements": [
		{
			"from": [10, 0, 7],
			"to": [11, 4, 9],
			"faces": {
				"north": {"uv": [6, 12, 7, 16], "texture": "#0"},
				"east": {"uv": [6, 12, 8, 16], "texture": "#0"},
				"south": {"uv": [6, 12, 7, 16], "texture": "#0"},
				"west": {"uv": [6, 12, 8, 16], "texture": "#0"},
				"up": {"uv": [6, 12, 7, 14], "texture": "#0"},
				"down": {"uv": [6, 12, 7, 14], "texture": "#0"}
			}
		},
		{
			"from": [7, 0, 5],
			"to": [9, 3, 6],
			"faces": {
				"north": {"uv": [6, 12, 8, 15], "texture": "#0"},
				"east": {"uv": [6, 12, 7, 15], "texture": "#0"},
				"south": {"uv": [6, 12, 8, 15], "texture": "#0"},
				"west": {"uv": [6, 12, 7, 15], "texture": "#0"},
				"up": {"uv": [6, 12, 8, 13], "texture": "#0"},
				"down": {"uv": [6, 12, 8, 13], "texture": "#0"}
			}
		},
		{
			"from": [7, 0, 10],
			"to": [9, 4, 11],
			"faces": {
				"north": {"uv": [6, 12, 8, 16], "texture": "#0"},
				"east": {"uv": [6, 12, 7, 16], "texture": "#0"},
				"south": {"uv": [7, 12, 9, 16], "texture": "#0"},
				"west": {"uv": [6, 12, 7, 16], "texture": "#0"},
				"up": {"uv": [6, 12, 8, 13], "texture": "#0"},
				"down": {"uv": [6, 12, 8, 13], "texture": "#0"}
			}
		},
		{
			"from": [5, 0, 7],
			"to": [6, 3, 9],
			"faces": {
				"north": {"uv": [6, 12, 7, 15], "texture": "#0"},
				"east": {"uv": [6, 12, 8, 15], "texture": "#0"},
				"south": {"uv": [6, 12, 7, 15], "texture": "#0"},
				"west": {"uv": [6, 12, 8, 15], "texture": "#0"},
				"up": {"uv": [6, 12, 7, 14], "texture": "#0"},
				"down": {"uv": [6, 12, 7, 14], "texture": "#0"}
			}
		},
		{
			"from": [6, 0, 6],
			"to": [10, 3, 10],
			"faces": {
				"north": {"uv": [7, 13, 11, 16], "texture": "#0"},
				"east": {"uv": [7, 13, 11, 16], "texture": "#0"},
				"south": {"uv": [6, 10, 10, 13], "texture": "#0"},
				"west": {"uv": [6, 10, 10, 13], "texture": "#0"},
				"up": {"uv": [6, 9, 10, 13], "texture": "#0"},
				"down": {"uv": [5, 12, 9, 16], "texture": "#0"}
			}
		},
		{
			"from": [6, 3, 7],
			"to": [7, 5, 10],
			"faces": {
				"north": {"uv": [6, 8, 7, 10], "texture": "#0"},
				"east": {"uv": [6, 10, 9, 12], "texture": "#0"},
				"south": {"uv": [9, 12, 10, 14], "texture": "#0"},
				"west": {"uv": [6, 11, 9, 13], "texture": "#0"},
				"up": {"uv": [9, 7, 10, 10], "texture": "#0"},
				"down": {"uv": [0, 0, 1, 3], "texture": "#0"}
			}
		},
		{
			"from": [7, 3, 6],
			"to": [10, 5, 10],
			"faces": {
				"north": {"uv": [6, 8, 9, 10], "texture": "#0"},
				"east": {"uv": [10, 8, 6, 10], "texture": "#0"},
				"south": {"uv": [7, 9, 10, 11], "texture": "#0"},
				"west": {"uv": [8, 11, 12, 13], "texture": "#0"},
				"up": {"uv": [6, 8, 10, 11], "rotation": 90, "texture": "#0"},
				"down": {"uv": [0, 0, 3, 4], "texture": "#0"}
			}
		},
		{
			"from": [7, 5, 6],
			"to": [9, 6, 10],
			"faces": {
				"north": {"uv": [8, 6, 10, 7], "texture": "#0"},
				"east": {"uv": [6, 9, 10, 10], "texture": "#0"},
				"south": {"uv": [6, 6, 8, 7], "texture": "#0"},
				"west": {"uv": [6, 6, 10, 7], "texture": "#0"},
				"up": {"uv": [6, 7, 8, 11], "texture": "#0"},
				"down": {"uv": [6, 6, 8, 10], "texture": "#0"}
			}
		},
		{
			"from": [6, 5, 7],
			"to": [7, 6, 9],
			"faces": {
				"north": {"uv": [6, 6, 7, 7], "texture": "#0"},
				"east": {"uv": [6, 6, 8, 7], "texture": "#0"},
				"south": {"uv": [6, 6, 7, 7], "texture": "#0"},
				"west": {"uv": [6, 6, 8, 7], "texture": "#0"},
				"up": {"uv": [6, 6, 7, 8], "texture": "#0"},
				"down": {"uv": [6, 6, 7, 8], "texture": "#0"}
			}
		},
		{
			"from": [9, 5, 7],
			"to": [10, 6, 9],
			"faces": {
				"north": {"uv": [6, 6, 7, 7], "texture": "#0"},
				"east": {"uv": [7, 4, 9, 5], "texture": "#0"},
				"south": {"uv": [6, 6, 7, 7], "texture": "#0"},
				"west": {"uv": [6, 6, 8, 7], "texture": "#0"},
				"up": {"uv": [6, 6, 7, 8], "texture": "#0"},
				"down": {"uv": [6, 6, 7, 8], "texture": "#0"}
			}
		},
		{
			"from": [7, 6, 9],
			"to": [9, 7, 10],
			"faces": {
				"north": {"uv": [6, 6, 8, 7], "texture": "#0"},
				"east": {"uv": [7, 9, 8, 10], "texture": "#0"},
				"south": {"uv": [6, 6, 8, 7], "texture": "#0"},
				"west": {"uv": [6, 6, 7, 7], "texture": "#0"},
				"up": {"uv": [6, 6, 8, 7], "texture": "#0"},
				"down": {"uv": [6, 6, 8, 7], "texture": "#0"}
			}
		},
		{
			"from": [7, 6, 7],
			"to": [9, 8, 9],
			"faces": {
				"north": {"uv": [7, 4, 9, 6], "texture": "#0"},
				"east": {"uv": [7, 4, 9, 6], "rotation": 270, "texture": "#0"},
				"south": {"uv": [7, 4, 9, 6], "texture": "#0"},
				"west": {"uv": [7, 2, 8, 4], "texture": "#0"},
				"up": {"uv": [7, 4, 9, 6], "texture": "#0"},
				"down": {"uv": [7, 4, 9, 6], "texture": "#0"}
			}
		},
		{
			"from": [7, 8, 7],
			"to": [9, 9, 8],
			"faces": {
				"north": {"uv": [7, 4, 9, 5], "texture": "#0"},
				"east": {"uv": [7, 4, 8, 5], "texture": "#0"},
				"south": {"uv": [7, 4, 9, 5], "texture": "#0"},
				"west": {"uv": [7, 4, 8, 5], "texture": "#0"},
				"up": {"uv": [7, 4, 9, 5], "texture": "#0"},
				"down": {"uv": [7, 4, 9, 5], "texture": "#0"}
			}
		},
		{
			"from": [7, 8, 8],
			"to": [8, 9, 9],
			"faces": {
				"north": {"uv": [7, 4, 8, 5], "texture": "#0"},
				"east": {"uv": [7, 4, 8, 5], "texture": "#0"},
				"south": {"uv": [7, 4, 8, 5], "texture": "#0"},
				"west": {"uv": [7, 4, 8, 5], "texture": "#0"},
				"up": {"uv": [7, 4, 8, 5], "texture": "#0"},
				"down": {"uv": [7, 4, 8, 5], "texture": "#0"}
			}
		},
		{
			"from": [7, 9, 7],
			"to": [8, 11, 8],
			"faces": {
				"north": {"uv": [7, 2, 8, 4], "texture": "#0"},
				"east": {"uv": [7, 2, 8, 4], "texture": "#0"},
				"south": {"uv": [7, 2, 8, 4], "texture": "#0"},
				"west": {"uv": [7, 2, 8, 4], "texture": "#0"},
				"up": {"uv": [7, 4, 8, 5], "texture": "#0"},
				"down": {"uv": [7, 4, 8, 5], "texture": "#0"}
			}
		}
	],
	"groups": [
		{
			"name": "group",
			"origin": [0, 0, 0],
			"color": 0,
			"children": [0, 1, 2, 3, 4]
		},
		{
			"name": "group",
			"origin": [0, 0, 0],
			"color": 0,
			"children": [5, 6, 7, 8, 9, 10]
		},
		{
			"name": "group",
			"origin": [0, 0, 0],
			"color": 0,
			"children": [11, 12, 13, 14]
		}
	]
}