{
	"credit": "Made with Blockbench",
    "ambientocclusion": false,
	"textures": {
		"front": "block/chiseled_bookshelf_empty",
		"side": "block/chiseled_bookshelf_side",
		"top": "block/chiseled_bookshelf_top",
		"particle": "#top"
	},
	"elements": [
		{
			"name": "body_bottom",
			"from": [0, 0, 0],
			"to": [16, 1, 16],
			"faces": {
				"down":  { "texture": "#top"  , "cullface": "down" },
				"up":    { "texture": "#top"  , "cullface": "north" },
				"north": { "texture": "#front", "cullface": "north" },
				"south": { "texture": "#side" , "cullface": "south" },
				"west":  { "texture": "#side" , "cullface": "west" },
				"east":  { "texture": "#side" , "cullface": "east" }
			}
		},
		{
			"name": "body_middle",
			"from": [0, 7, 0],
			"to": [16, 9, 16],
			"faces": {
				"down":  { "texture": "#top"  , "cullface": "north" },
				"up":    { "texture": "#top"  , "cullface": "north" },
				"north": { "texture": "#front", "cullface": "north" },
				"south": { "texture": "#side" , "cullface": "south" },
				"west":  { "texture": "#side" , "cullface": "west" },
				"east":  { "texture": "#side" , "cullface": "east" }
			}
		},
		{
			"name": "body_top",
			"from": [0, 15, 0],
			"to": [16, 16, 16],
			"faces": {
				"down":  { "texture": "#top"  , "cullface": "north" },
				"up":    { "texture": "#top"  , "cullface": "up" },
				"north": { "texture": "#front", "cullface": "north" },
				"south": { "texture": "#side" , "cullface": "south" },
				"west":  { "texture": "#side" , "cullface": "west" },
				"east":  { "texture": "#side" , "cullface": "east" }
			}
		},
		{
			"name": "wall_down_left",
			"from": [15, 1, 0],
			"to": [16, 7, 16],
			"faces": {
				"north": { "texture": "#front", "cullface": "north" },
				"south": { "texture": "#side" , "cullface": "south" },
				"west":  { "texture": "#side" , "cullface": "north" },
				"east":  { "texture": "#side" , "cullface": "east" }
			}
		},
		{
			"name": "wall_down_right",
			"from": [0, 1, 0],
			"to": [1, 7, 16],
			"faces": {
				"north": { "texture": "#front", "cullface": "north" },
				"south": { "texture": "#side" , "cullface": "south" },
				"west":  { "texture": "#side" , "cullface": "west" },
				"east":  { "texture": "#side" , "cullface": "north" }
			}
		},
		{
			"name": "wall_down_back",
			"from": [1, 1, 6],
			"to": [15, 7, 16],
			"faces": {
				"north": { "texture": "#side", "cullface": "north" },
				"south": { "texture": "#side", "cullface": "south" }
			}
		},
		{
			"name": "wall_up_left",
			"from": [15, 9, 0],
			"to": [16, 15, 16],
			"faces": {
				"north": { "texture": "#front", "cullface": "north" },
				"south": { "texture": "#side" , "cullface": "south" },
				"west":  { "texture": "#side" , "cullface": "north" },
				"east":  { "texture": "#side" , "cullface": "east" }
			}
		},
		{
			"name": "wall_up_right",
			"from": [0, 9, 0],
			"to": [1, 15, 16],
			"faces": {
				"north": { "texture": "#front", "cullface": "north" },
				"south": { "texture": "#side" , "cullface": "south" },
				"west":  { "texture": "#side" , "cullface": "west" },
				"east":  { "texture": "#side" , "cullface": "north" }
			}
		},
		{
			"name": "wall_up_back",
			"from": [1, 9, 6],
			"to": [15, 15, 16],
			"faces": {
				"north": { "texture": "#side", "cullface": "north" },
				"south": { "texture": "#side", "cullface": "south" }
			}
		}
	]
}