{
	"credit": "Made with Blockbench",
	"textures": {
		"0": "item/totem_of_undying",
		"particle": "item/totem_of_undying"
	},
	"elements": [
		{
			"name": "hairline",
			"from": [5, 14, 7],
			"to": [11, 15, 8],
			"rotation": {"angle": 0, "axis": "y", "origin": [8, 7.5, 7.5]},
			"faces": {
				"north": {"uv": [5, 1, 11, 2], "rotation": 180, "texture": "#0"},
				"east": {"uv": [10, 1, 11, 2], "rotation": 270, "texture": "#0"},
				"south": {"uv": [5, 1, 11, 2], "texture": "#0"},
				"west": {"uv": [5, 1, 6, 2], "rotation": 90, "texture": "#0"},
				"up": {"uv": [5, 1, 11, 2], "rotation": 180, "texture": "#0"},
				"down": {"uv": [5, 1, 11, 2], "texture": "#0"}
			}
		},
		{
			"name": "body",
			"from": [4, 3, 7],
			"to": [12, 14, 8],
			"rotation": {"angle": 0, "axis": "y", "origin": [8, 7.5, 7.5]},
			"faces": {
				"north": {"uv": [4, 2, 12, 13], "texture": "#0"},
				"east": {"uv": [11, 2, 12, 13], "texture": "#0"},
				"south": {"uv": [4, 2, 12, 13], "texture": "#0"},
				"west": {"uv": [4, 2, 5, 13], "texture": "#0"},
				"up": {"uv": [5, 1, 11, 2], "rotation": 180, "texture": "#0"},
				"down": {"uv": [4, 12, 12, 13], "texture": "#0"}
			}
		},
		{
			"name": "nose_up",
			"from": [7, 7, 8],
			"to": [9, 10, 9],
			"rotation": {"angle": 0, "axis": "y", "origin": [8, 7.5, 7.5]},
			"faces": {
				"north": {"uv": [7, 6, 9, 9], "rotation": 180, "texture": "#0"},
				"east": {"uv": [8, 2, 9, 5], "texture": "#0"},
				"south": {"uv": [7, 6, 9, 9], "texture": "#0"},
				"west": {"uv": [8, 6, 9, 9], "texture": "#0"},
				"up": {"uv": [7, 10, 9, 11], "texture": "#0"},
				"down": {"uv": [7, 8, 9, 9], "texture": "#0"}
			}
		},
		{
			"name": "nose_down",
			"from": [7, 7, 6],
			"to": [9, 10, 7],
			"rotation": {"angle": 0, "axis": "y", "origin": [8, 7.5, 7.5]},
			"faces": {
				"north": {"uv": [7, 6, 9, 9], "texture": "#0"},
				"east": {"uv": [8, 6, 9, 9], "texture": "#0"},
				"south": {"uv": [7, 6, 9, 9], "rotation": 180, "texture": "#0"},
				"west": {"uv": [8, 2, 9, 5], "texture": "#0"},
				"up": {"uv": [7, 10, 9, 11], "rotation": 180, "texture": "#0"},
				"down": {"uv": [7, 8, 9, 9], "rotation": 180, "texture": "#0"}
			}
		},
		{
			"name": "pelvis",
			"from": [5, 1, 7],
			"to": [11, 3, 8],
			"rotation": {"angle": 0, "axis": "y", "origin": [8, 7.5, 7.5]},
			"faces": {
				"north": {"uv": [5, 13, 11, 15], "texture": "#0"},
				"east": {"uv": [10, 13, 11, 15], "texture": "#0"},
				"south": {"uv": [5, 13, 11, 15], "texture": "#0"},
				"west": {"uv": [5, 13, 6, 15], "texture": "#0"},
				"up": {"uv": [5, 13, 11, 14], "texture": "#0"},
				"down": {"uv": [5, 14, 11, 15], "texture": "#0"}
			}
		},
		{
			"name": "ass",
			"from": [6, 0, 7],
			"to": [10, 1, 8],
			"rotation": {"angle": 0, "axis": "y", "origin": [8, 7.5, 7.5]},
			"faces": {
				"north": {"uv": [6, 15, 10, 16], "rotation": 180, "texture": "#0"},
				"east": {"uv": [9, 15, 10, 16], "rotation": 270, "texture": "#0"},
				"south": {"uv": [6, 15, 10, 16], "texture": "#0"},
				"west": {"uv": [6, 15, 7, 16], "rotation": 90, "texture": "#0"},
				"up": {"uv": [6, 15, 10, 16], "rotation": 180, "texture": "#0"},
				"down": {"uv": [6, 15, 10, 16], "texture": "#0"}
			}
		},
		{
			"name": "arm_left",
			"from": [1, 6, 7],
			"to": [4, 8, 8],
			"rotation": {"angle": 0, "axis": "y", "origin": [8, 7.5, 7.5]},
			"faces": {
				"north": {"uv": [12, 8, 15, 10], "texture": "#0"},
				"east": {"uv": [4, 8, 5, 10], "texture": "#0"},
				"south": {"uv": [1, 8, 4, 10], "texture": "#0"},
				"west": {"uv": [14, 8, 15, 10], "texture": "#0"},
				"up": {"uv": [1, 8, 4, 9], "texture": "#0"},
				"down": {"uv": [1, 8, 4, 9], "texture": "#0"}
			}
		},
		{
			"name": "arm_left_bottom",
			"from": [2, 5, 7],
			"to": [4, 6, 8],
			"rotation": {"angle": 0, "axis": "y", "origin": [8, 7.5, 7.5]},
			"faces": {
				"north": {"uv": [12, 10, 14, 11], "texture": "#0"},
				"east": {"uv": [3, 10, 4, 11], "texture": "#0"},
				"south": {"uv": [2, 10, 4, 11], "texture": "#0"},
				"west": {"uv": [2, 10, 3, 11], "texture": "#0"},
				"up": {"uv": [12, 10, 14, 11], "texture": "#0"},
				"down": {"uv": [2, 10, 4, 11], "texture": "#0"}
			}
		},
		{
			"name": "arm_right",
			"from": [12, 6, 7],
			"to": [15, 8, 8],
			"rotation": {"angle": 0, "axis": "y", "origin": [8, 7.5, 7.5]},
			"faces": {
				"north": {"uv": [1, 8, 4, 10], "texture": "#0"},
				"east": {"uv": [14, 8, 15, 10], "texture": "#0"},
				"south": {"uv": [12, 8, 15, 10], "texture": "#0"},
				"west": {"uv": [4, 8, 5, 10], "texture": "#0"},
				"up": {"uv": [1, 8, 4, 9], "rotation": 180, "texture": "#0"},
				"down": {"uv": [1, 8, 4, 9], "rotation": 180, "texture": "#0"}
			}
		},
		{
			"name": "arm_right_bottom",
			"from": [12, 5, 7],
			"to": [14, 6, 8],
			"rotation": {"angle": 0, "axis": "y", "origin": [8, 7.5, 7.5]},
			"faces": {
				"north": {"uv": [2, 10, 4, 11], "texture": "#0"},
				"east": {"uv": [2, 10, 3, 11], "texture": "#0"},
				"south": {"uv": [12, 10, 14, 11], "texture": "#0"},
				"west": {"uv": [3, 10, 4, 11], "texture": "#0"},
				"up": {"uv": [12, 10, 14, 11], "rotation": 180, "texture": "#0"},
				"down": {"uv": [2, 10, 4, 11], "rotation": 180, "texture": "#0"}
			}
		},
		{
			"name": "brow_left",
			"from": [5, 11, 6.75],
			"to": [7, 12, 8.25],
			"rotation": {"angle": 0, "axis": "y", "origin": [8, 7.5, 7.5]},
			"faces": {
				"north": {"uv": [5, 4, 7, 5], "texture": "#0"},
				"east": {"uv": [5, 4, 6, 5], "texture": "#0"},
				"south": {"uv": [5, 4, 7, 5], "texture": "#0"},
				"west": {"uv": [6, 4, 7, 5], "texture": "#0"},
				"up": {"uv": [5, 4, 7, 5], "texture": "#0"},
				"down": {"uv": [5, 4, 7, 5], "texture": "#0"}
			}
		},
		{
			"name": "brow_middle",
			"from": [7, 10, 6.75],
			"to": [9, 11, 8.25],
			"rotation": {"angle": 0, "axis": "y", "origin": [8, 7.5, 7.5]},
			"faces": {
				"north": {"uv": [5, 4, 7, 5], "texture": "#0"},
				"east": {"uv": [5, 4, 6, 5], "texture": "#0"},
				"south": {"uv": [5, 4, 7, 5], "texture": "#0"},
				"west": {"uv": [6, 4, 7, 5], "texture": "#0"},
				"up": {"uv": [5, 4, 7, 5], "texture": "#0"},
				"down": {"uv": [5, 4, 7, 5], "texture": "#0"}
			}
		},
		{
			"name": "brow_right",
			"from": [9, 11, 6.75],
			"to": [11, 12, 8.25],
			"rotation": {"angle": 0, "axis": "y", "origin": [8, 7.5, 7.5]},
			"faces": {
				"north": {"uv": [5, 4, 7, 5], "texture": "#0"},
				"east": {"uv": [5, 4, 6, 5], "texture": "#0"},
				"south": {"uv": [5, 4, 7, 5], "texture": "#0"},
				"west": {"uv": [6, 4, 7, 5], "texture": "#0"},
				"up": {"uv": [5, 4, 7, 5], "texture": "#0"},
				"down": {"uv": [5, 4, 7, 5], "texture": "#0"}
			}
		}
	],
	"gui_light": "front",
	"display": {
		"thirdperson_righthand": {
			"rotation": [0, 90, 0],
			"translation": [0.25, 3, 1.25],
			"scale": [0.55, 0.55, 0.55]
		},
		"thirdperson_lefthand": {
			"rotation": [0, 90, 0],
			"translation": [0.25, 3, 1.25],
			"scale": [0.55, 0.55, 0.55]
		},
		"firstperson_righthand": {
			"rotation": [-25, -90, 0],
			"translation": [1.13, 3.2, 1.13],
			"scale": [0.68, 0.68, 0.68]
		},
		"firstperson_lefthand": {
			"rotation": [-25, -90, 0],
			"translation": [1.13, 3.2, 1.13],
			"scale": [0.68, 0.68, 0.68]
		},
		"ground": {
			"translation": [0, 2, 0],
			"scale": [0.5, 0.5, 0.5]
		},
		"gui": {
			"translation": [0, 0.75, 0]
		},
		"head": {
			"translation": [0, 0, -6.5]
		}
	},
	"groups": [
		0,
		1,
		2,
		3,
		4,
		5,
		{
			"name": "arms",
			"origin": [8, 8, 8],
			"color": 0,
			"children": [6, 7, 8, 9]
		},
		{
			"name": "brow",
			"origin": [8, 8, 8],
			"color": 0,
			"children": [10, 11, 12]
		}
	]
}