{
	"credit": "Made with Blockbench",
	"parent": "./cit_item",
	"textures": {
		"0": "block/stripped_cherry2",
		"2": "block/MizunoArchive/black_concrete",
		"3": "block/sakura_5a",
		"4": "block/sakura_8"
	},
	"elements": [
		{
			"from": [1, 0, 0],
			"to": [15, 13, 1],
			"faces": {
				"north": {"uv": [1, 0, 15, 13], "texture": "#0"},
				"east": {"uv": [0, 0, 1, 13], "texture": "#0"},
				"south": {"uv": [0, 0, 14, 13], "texture": "#0"},
				"west": {"uv": [0, 0, 1, 13], "texture": "#0"},
				"up": {"uv": [0, 0, 14, 1], "texture": "#0"},
				"down": {"uv": [0, 0, 14, 1], "texture": "#0"}
			}
		},
		{
			"from": [1, 0, 15],
			"to": [15, 13, 16],
			"faces": {
				"north": {"uv": [0, 0, 14, 13], "texture": "#0"},
				"east": {"uv": [0, 0, 1, 13], "texture": "#0"},
				"south": {"uv": [1, 0, 15, 13], "texture": "#0"},
				"west": {"uv": [0, 0, 1, 13], "texture": "#0"},
				"up": {"uv": [0, 0, 14, 1], "texture": "#0"},
				"down": {"uv": [0, 0, 14, 1], "texture": "#0"}
			}
		},
		{
			"from": [1, 12.92284, -0.61209],
			"to": [15, 15.92284, 0.38791],
			"rotation": {"angle": 22.5, "axis": "x", "origin": [8, 11.42284, -0.11209]},
			"faces": {
				"north": {"uv": [1, 7, 15, 10], "texture": "#0"},
				"east": {"uv": [0, 0, 1, 3], "texture": "#0"},
				"south": {"uv": [0, 0, 14, 3], "texture": "#0"},
				"west": {"uv": [0, 0, 1, 3], "texture": "#0"},
				"up": {"uv": [0, 0, 14, 1], "texture": "#0"},
				"down": {"uv": [0, 0, 14, 1], "texture": "#0"}
			}
		},
		{
			"from": [1, 15.85743, -0.05906],
			"to": [15, 17.85743, 0.94094],
			"rotation": {"angle": 45, "axis": "x", "origin": [8, 14.35743, 0.44094]},
			"faces": {
				"north": {"uv": [1, 10, 15, 12], "texture": "#0"},
				"east": {"uv": [0, 0, 1, 2], "texture": "#0"},
				"south": {"uv": [0, 0, 14, 2], "texture": "#0"},
				"west": {"uv": [0, 0, 1, 2], "texture": "#0"},
				"up": {"uv": [0, 0, 14, 1], "texture": "#0"},
				"down": {"uv": [0, 0, 14, 1], "texture": "#0"}
			}
		},
		{
			"from": [1, 15.64989, 2.86779],
			"to": [15, 16.64989, 4.86779],
			"rotation": {"angle": -22.5, "axis": "x", "origin": [8, 16.14989, 1.36779]},
			"faces": {
				"north": {"uv": [0, 0, 14, 1], "rotation": 180, "texture": "#0"},
				"east": {"uv": [0, 0, 1, 2], "rotation": 270, "texture": "#0"},
				"south": {"uv": [0, 0, 14, 1], "texture": "#0"},
				"west": {"uv": [0, 0, 1, 2], "rotation": 90, "texture": "#0"},
				"up": {"uv": [1, 7, 15, 9], "rotation": 180, "texture": "#0"},
				"down": {"uv": [0, 0, 14, 2], "texture": "#0"}
			}
		},
		{
			"from": [1, 16.95122, 4.41002],
			"to": [15, 17.95122, 11.61002],
			"faces": {
				"north": {"uv": [0, 0, 14, 1], "rotation": 180, "texture": "#0"},
				"east": {"uv": [0, 0, 1, 7.2], "rotation": 270, "texture": "#0"},
				"south": {"uv": [0, 0, 14, 1], "texture": "#0"},
				"west": {"uv": [0, 0, 1, 7.2], "rotation": 90, "texture": "#0"},
				"up": {"uv": [1, 4, 15, 12], "rotation": 180, "texture": "#0"},
				"down": {"uv": [0, 0, 14, 7.2], "texture": "#0"}
			}
		},
		{
			"from": [1, 15.64989, 11.13221],
			"to": [15, 16.64989, 13.13221],
			"rotation": {"angle": 22.5, "axis": "x", "origin": [8, 16.14989, 14.63221]},
			"faces": {
				"north": {"uv": [0, 0, 14, 1], "texture": "#0"},
				"east": {"uv": [0, 0, 1, 2], "rotation": 90, "texture": "#0"},
				"south": {"uv": [0, 0, 14, 1], "rotation": 180, "texture": "#0"},
				"west": {"uv": [0, 0, 1, 2], "rotation": 270, "texture": "#0"},
				"up": {"uv": [15, 9, 1, 7], "rotation": 180, "texture": "#0"},
				"down": {"uv": [14, 2, 0, 0], "texture": "#0"}
			}
		},
		{
			"from": [1, 15.85743, 15.05906],
			"to": [15, 17.85743, 16.05906],
			"rotation": {"angle": -45, "axis": "x", "origin": [8, 14.35743, 15.55906]},
			"faces": {
				"north": {"uv": [0, 0, 14, 2], "texture": "#0"},
				"east": {"uv": [0, 0, 1, 2], "texture": "#0"},
				"south": {"uv": [1, 10, 15, 12], "texture": "#0"},
				"west": {"uv": [0, 0, 1, 2], "texture": "#0"},
				"up": {"uv": [14, 1, 0, 0], "texture": "#0"},
				"down": {"uv": [14, 1, 0, 0], "texture": "#0"}
			}
		},
		{
			"from": [1, 12.92284, 15.61209],
			"to": [15, 15.92284, 16.61209],
			"rotation": {"angle": -22.5, "axis": "x", "origin": [8, 11.42284, 16.11209]},
			"faces": {
				"north": {"uv": [0, 0, 14, 3], "texture": "#0"},
				"east": {"uv": [0, 0, 1, 3], "texture": "#0"},
				"south": {"uv": [1, 7, 15, 10], "texture": "#0"},
				"west": {"uv": [0, 0, 1, 3], "texture": "#0"},
				"up": {"uv": [14, 1, 0, 0], "texture": "#0"},
				"down": {"uv": [14, 1, 0, 0], "texture": "#0"}
			}
		},
		{
			"from": [15, 0, 1],
			"to": [16, 13, 15],
			"faces": {
				"north": {"uv": [0, 0, 1, 13], "texture": "#0"},
				"east": {"uv": [1, 0, 15, 13], "texture": "#0"},
				"south": {"uv": [0, 0, 1, 13], "texture": "#0"},
				"west": {"uv": [0, 0, 14, 13], "texture": "#0"},
				"up": {"uv": [0, 0, 14, 1], "rotation": 90, "texture": "#0"},
				"down": {"uv": [0, 0, 14, 1], "rotation": 270, "texture": "#0"}
			}
		},
		{
			"from": [0, 0, 1],
			"to": [1, 13, 15],
			"faces": {
				"north": {"uv": [0, 0, 1, 13], "texture": "#0"},
				"east": {"uv": [0, 0, 14, 13], "texture": "#0"},
				"south": {"uv": [0, 0, 1, 13], "texture": "#0"},
				"west": {"uv": [1, 0, 15, 13], "texture": "#0"},
				"up": {"uv": [0, 0, 14, 1], "rotation": 90, "texture": "#0"},
				"down": {"uv": [0, 0, 14, 1], "rotation": 270, "texture": "#0"}
			}
		},
		{
			"from": [0, 13, 1],
			"to": [1, 15, 15],
			"faces": {
				"north": {"uv": [2, 7, 16, 9], "texture": "#0"},
				"east": {"uv": [2, 7, 16, 9], "texture": "#0"},
				"south": {"uv": [2, 7, 16, 9], "texture": "#0"},
				"west": {"uv": [1, 7, 15, 9], "texture": "#0"},
				"up": {"uv": [2, 7, 16, 9], "texture": "#0"},
				"down": {"uv": [2, 7, 16, 9], "texture": "#0"}
			}
		},
		{
			"from": [0, 15, 2],
			"to": [0.8, 17, 14.1],
			"faces": {
				"north": {"uv": [4, 5, 16, 7], "texture": "#0"},
				"east": {"uv": [4, 5, 16, 7], "texture": "#0"},
				"south": {"uv": [4, 5, 16, 7], "texture": "#0"},
				"west": {"uv": [2, 5, 14, 7], "texture": "#0"},
				"up": {"uv": [4, 5, 16, 7], "texture": "#0"},
				"down": {"uv": [4, 5, 16, 7], "texture": "#0"}
			}
		},
		{
			"from": [15.2, 15, 2],
			"to": [16, 17, 14.1],
			"faces": {
				"north": {"uv": [0, 5, 12.1, 7], "texture": "#0"},
				"east": {"uv": [2, 5, 14.1, 7], "texture": "#0"},
				"south": {"uv": [0, 5, 12.1, 7], "texture": "#0"},
				"west": {"uv": [0, 5, 12.1, 7], "texture": "#0"},
				"up": {"uv": [0, 5, 12.1, 7], "texture": "#0"},
				"down": {"uv": [0, 5, 12.1, 7], "texture": "#0"}
			}
		},
		{
			"from": [15, 13, 1],
			"to": [16, 15, 15],
			"faces": {
				"north": {"uv": [0, 7, 14, 9], "texture": "#0"},
				"east": {"uv": [1, 7, 15, 9], "texture": "#0"},
				"south": {"uv": [0, 7, 14, 9], "texture": "#0"},
				"west": {"uv": [0, 7, 14, 9], "texture": "#0"},
				"up": {"uv": [0, 7, 14, 9], "texture": "#0"},
				"down": {"uv": [0, 7, 14, 9], "texture": "#0"}
			}
		},
		{
			"from": [1, 0, 1],
			"to": [15, 13, 15],
			"faces": {
				"north": {"uv": [0, 0, 14, 13], "texture": "#0"},
				"east": {"uv": [0, 0, 14, 13], "texture": "#0"},
				"south": {"uv": [0, 0, 14, 13], "texture": "#0"},
				"west": {"uv": [0, 0, 14, 13], "texture": "#0"},
				"up": {"uv": [0, 0, 14, 14], "rotation": 90, "texture": "#0"},
				"down": {"uv": [1, 1, 15, 15], "rotation": 270, "texture": "#0"}
			}
		},
		{
			"from": [6, 10.7, -1.75],
			"to": [7, 12.7, -0.75],
			"faces": {
				"north": {"uv": [1, 9, 2, 10], "texture": "#0"},
				"east": {"uv": [1, 9, 2, 10], "texture": "#0"},
				"south": {"uv": [1, 9, 2, 10], "texture": "#0"},
				"west": {"uv": [1, 9, 2, 10], "texture": "#0"},
				"up": {"uv": [1, 9, 2, 10], "texture": "#0"},
				"down": {"uv": [1, 9, 2, 10], "texture": "#0"}
			}
		},
		{
			"from": [7, 12.7, -1.75],
			"to": [9, 13.7, -0.75],
			"faces": {
				"north": {"uv": [1, 9, 2, 10], "texture": "#0"},
				"east": {"uv": [1, 9, 2, 10], "texture": "#0"},
				"south": {"uv": [1, 9, 2, 10], "texture": "#0"},
				"west": {"uv": [1, 9, 2, 10], "texture": "#0"},
				"up": {"uv": [1, 9, 2, 10], "texture": "#0"},
				"down": {"uv": [1, 9, 2, 10], "texture": "#0"}
			}
		},
		{
			"from": [9, 10.7, -1.75],
			"to": [10, 12.7, -0.75],
			"faces": {
				"north": {"uv": [1, 9, 2, 10], "texture": "#0"},
				"east": {"uv": [1, 9, 2, 10], "texture": "#0"},
				"south": {"uv": [1, 9, 2, 10], "texture": "#0"},
				"west": {"uv": [1, 9, 2, 10], "texture": "#0"},
				"up": {"uv": [1, 9, 2, 10], "texture": "#0"},
				"down": {"uv": [1, 9, 2, 10], "texture": "#0"}
			}
		},
		{
			"from": [8.5, 8.7, -1.75],
			"to": [9.2, 11, -0.75],
			"faces": {
				"north": {"uv": [1, 9, 2, 10], "texture": "#0"},
				"east": {"uv": [1, 9, 2, 10], "texture": "#0"},
				"south": {"uv": [1, 9, 2, 10], "texture": "#0"},
				"west": {"uv": [1, 9, 2, 10], "texture": "#0"},
				"up": {"uv": [1, 9, 2, 10], "texture": "#0"},
				"down": {"uv": [1, 9, 2, 10], "texture": "#0"}
			}
		},
		{
			"from": [7.5, 8.7, -1.75],
			"to": [8.5, 9.7, -0.75],
			"faces": {
				"north": {"uv": [1, 9, 2, 10], "texture": "#0"},
				"east": {"uv": [1, 9, 2, 10], "texture": "#0"},
				"south": {"uv": [1, 9, 2, 10], "texture": "#0"},
				"west": {"uv": [1, 9, 2, 10], "texture": "#0"},
				"up": {"uv": [1, 9, 2, 10], "texture": "#0"},
				"down": {"uv": [1, 9, 2, 10], "texture": "#0"}
			}
		},
		{
			"from": [6.8, 8.7, -1.75],
			"to": [7.5, 11, -0.75],
			"faces": {
				"north": {"uv": [1, 9, 2, 10], "texture": "#0"},
				"east": {"uv": [1, 9, 2, 10], "texture": "#0"},
				"south": {"uv": [1, 9, 2, 10], "texture": "#0"},
				"west": {"uv": [1, 9, 2, 10], "texture": "#0"},
				"up": {"uv": [1, 9, 2, 10], "texture": "#0"},
				"down": {"uv": [1, 9, 2, 10], "texture": "#0"}
			}
		},
		{
			"from": [8.4, 11.4, -1.75],
			"to": [9.2, 11.9, -0.75],
			"rotation": {"angle": 45, "axis": "z", "origin": [9.5, 11.6, -1.25]},
			"faces": {
				"north": {"uv": [1, 9, 2, 10], "rotation": 90, "texture": "#0"},
				"east": {"uv": [1, 9, 2, 10], "rotation": 90, "texture": "#0"},
				"south": {"uv": [1, 9, 2, 10], "rotation": 90, "texture": "#0"},
				"west": {"uv": [1, 9, 2, 10], "rotation": 90, "texture": "#0"},
				"up": {"uv": [1, 9, 2, 10], "rotation": 90, "texture": "#0"},
				"down": {"uv": [1, 9, 2, 10], "rotation": 90, "texture": "#0"}
			}
		},
		{
			"from": [7.2, 12.6, -1.75],
			"to": [7.7, 13.4, -0.75],
			"rotation": {"angle": 45, "axis": "z", "origin": [9.5, 11.6, -1.25]},
			"faces": {
				"north": {"uv": [1, 9, 2, 10], "rotation": 180, "texture": "#0"},
				"east": {"uv": [1, 9, 2, 10], "rotation": 180, "texture": "#0"},
				"south": {"uv": [1, 9, 2, 10], "rotation": 180, "texture": "#0"},
				"west": {"uv": [1, 9, 2, 10], "rotation": 180, "texture": "#0"},
				"up": {"uv": [1, 9, 2, 10], "rotation": 180, "texture": "#0"},
				"down": {"uv": [1, 9, 2, 10], "rotation": 180, "texture": "#0"}
			}
		},
		{
			"from": [6.14645, 12.23934, -1.75],
			"to": [7.14645, 13.63934, -0.75],
			"rotation": {"angle": -45, "axis": "z", "origin": [6.64645, 12.63934, -1.25]},
			"faces": {
				"north": {"uv": [1, 9, 2, 10], "rotation": 180, "texture": "#0"},
				"east": {"uv": [1, 9, 2, 10], "rotation": 180, "texture": "#0"},
				"south": {"uv": [1, 9, 2, 10], "rotation": 180, "texture": "#0"},
				"west": {"uv": [1, 9, 2, 10], "rotation": 180, "texture": "#0"},
				"up": {"uv": [1, 9, 2, 10], "rotation": 180, "texture": "#0"},
				"down": {"uv": [1, 9, 2, 10], "rotation": 180, "texture": "#0"}
			}
		},
		{
			"from": [8.85355, 12.23934, -1.75],
			"to": [9.85355, 13.63934, -0.75],
			"rotation": {"angle": 45, "axis": "z", "origin": [9.35355, 12.63934, -1.25]},
			"faces": {
				"north": {"uv": [1, 9, 2, 10], "rotation": 180, "texture": "#0"},
				"east": {"uv": [1, 9, 2, 10], "rotation": 180, "texture": "#0"},
				"south": {"uv": [1, 9, 2, 10], "rotation": 180, "texture": "#0"},
				"west": {"uv": [1, 9, 2, 10], "rotation": 180, "texture": "#0"},
				"up": {"uv": [1, 9, 2, 10], "rotation": 180, "texture": "#0"},
				"down": {"uv": [1, 9, 2, 10], "rotation": 180, "texture": "#0"}
			}
		},
		{
			"from": [8.88499, 8.82179, -1.75],
			"to": [9.88499, 10.92179, -0.75],
			"rotation": {"angle": -22.5, "axis": "z", "origin": [9.38499, 10.52179, -1.25]},
			"faces": {
				"north": {"uv": [1, 9, 2, 10], "rotation": 180, "texture": "#0"},
				"east": {"uv": [1, 9, 2, 10], "rotation": 180, "texture": "#0"},
				"south": {"uv": [1, 9, 2, 10], "rotation": 180, "texture": "#0"},
				"west": {"uv": [1, 9, 2, 10], "rotation": 180, "texture": "#0"},
				"up": {"uv": [1, 9, 2, 10], "rotation": 180, "texture": "#0"},
				"down": {"uv": [1, 9, 2, 10], "rotation": 180, "texture": "#0"}
			}
		},
		{
			"from": [7.15098, 9.02786, -1.75],
			"to": [8.15098, 11.12786, -0.75],
			"rotation": {"angle": 22.5, "axis": "z", "origin": [7.65098, 8.02075, -1.25]},
			"faces": {
				"north": {"uv": [1, 9, 2, 10], "texture": "#0"},
				"east": {"uv": [1, 9, 2, 10], "texture": "#0"},
				"south": {"uv": [1, 9, 2, 10], "texture": "#0"},
				"west": {"uv": [1, 9, 2, 10], "texture": "#0"},
				"up": {"uv": [1, 9, 2, 10], "texture": "#0"},
				"down": {"uv": [1, 9, 2, 10], "texture": "#0"}
			}
		},
		{
			"from": [6.9, 9.7, -1.1],
			"to": [9.1, 12.8, -0.85],
			"faces": {
				"north": {"uv": [0, 0, 16, 16], "texture": "#2"},
				"east": {"uv": [0, 0, 16, 16], "texture": "#2"},
				"south": {"uv": [0, 0, 16, 16], "texture": "#2"},
				"west": {"uv": [0, 0, 16, 16], "texture": "#2"},
				"up": {"uv": [0, 0, 16, 16], "texture": "#2"},
				"down": {"uv": [0, 0, 16, 16], "texture": "#2"}
			}
		},
		{
			"from": [-1, 0, -1],
			"to": [1, 13, 1],
			"faces": {
				"north": {"uv": [6, 0, 9, 16], "texture": "#0"},
				"east": {"uv": [0, 0, 3, 16], "texture": "#0"},
				"south": {"uv": [0, 0, 3, 16], "texture": "#0"},
				"west": {"uv": [0, 0, 3, 16], "texture": "#0"},
				"up": {"uv": [0, 0, 3, 16], "texture": "#0"},
				"down": {"uv": [0, 0, 3, 16], "texture": "#0"}
			}
		},
		{
			"from": [15, 0, -1],
			"to": [17, 13, 1],
			"faces": {
				"north": {"uv": [0, 0, 3, 16], "texture": "#0"},
				"east": {"uv": [0, 0, 3, 16], "texture": "#0"},
				"south": {"uv": [0, 0, 3, 16], "texture": "#0"},
				"west": {"uv": [0, 0, 3, 16], "texture": "#0"},
				"up": {"uv": [0, 0, 3, 16], "texture": "#0"},
				"down": {"uv": [0, 0, 3, 16], "texture": "#0"}
			}
		},
		{
			"from": [-1, 0.05549, 15.02516],
			"to": [1, 13.25549, 17.02516],
			"faces": {
				"north": {"uv": [0, 0, 3, 16], "texture": "#0"},
				"east": {"uv": [0, 0, 3, 16], "texture": "#0"},
				"south": {"uv": [0, 0, 3, 16], "texture": "#0"},
				"west": {"uv": [0, 0, 3, 16], "texture": "#0"},
				"up": {"uv": [0, 0, 3, 16], "texture": "#0"},
				"down": {"uv": [0, 0, 3, 16], "texture": "#0"}
			}
		},
		{
			"from": [15, 0.05549, 15.02516],
			"to": [17, 13.25549, 17.02516],
			"faces": {
				"north": {"uv": [0, 0, 3, 16], "texture": "#0"},
				"east": {"uv": [0, 0, 3, 16], "texture": "#0"},
				"south": {"uv": [0, 0, 3, 16], "texture": "#0"},
				"west": {"uv": [0, 0, 3, 16], "texture": "#0"},
				"up": {"uv": [0, 0, 3, 16], "texture": "#0"},
				"down": {"uv": [0, 0, 3, 16], "texture": "#0"}
			}
		},
		{
			"from": [1, 11.9, -1],
			"to": [15, 13, 0],
			"faces": {
				"north": {"uv": [0, 4, 14, 6], "texture": "#0"},
				"east": {"uv": [0, 4, 14, 6], "texture": "#0"},
				"south": {"uv": [0, 4, 14, 6], "texture": "#0"},
				"west": {"uv": [0, 4, 14, 6], "texture": "#0"},
				"up": {"uv": [0, 4, 14, 6], "texture": "#0"},
				"down": {"uv": [0, 4, 14, 6], "texture": "#0"}
			}
		},
		{
			"from": [1, 0, -1],
			"to": [15, 2, 0],
			"faces": {
				"north": {"uv": [0, 0, 14, 2], "texture": "#0"},
				"east": {"uv": [0, 0, 14, 2], "texture": "#0"},
				"south": {"uv": [0, 0, 14, 2], "texture": "#0"},
				"west": {"uv": [0, 0, 14, 2], "texture": "#0"},
				"up": {"uv": [0, 0, 14, 2], "texture": "#0"},
				"down": {"uv": [0, 0, 14, 2], "texture": "#0"}
			}
		},
		{
			"from": [1, 11.9, 16],
			"to": [15, 13, 17],
			"faces": {
				"north": {"uv": [0, 4, 14, 6], "texture": "#0"},
				"east": {"uv": [0, 4, 14, 6], "texture": "#0"},
				"south": {"uv": [0, 4, 14, 6], "texture": "#0"},
				"west": {"uv": [0, 4, 14, 6], "texture": "#0"},
				"up": {"uv": [0, 4, 14, 6], "rotation": 180, "texture": "#0"},
				"down": {"uv": [0, 4, 14, 6], "texture": "#0"}
			}
		},
		{
			"from": [1, 0, 16],
			"to": [15, 2, 17],
			"faces": {
				"north": {"uv": [0, 0, 14, 2], "texture": "#0"},
				"east": {"uv": [0, 0, 14, 2], "texture": "#0"},
				"south": {"uv": [0, 0, 14, 2], "texture": "#0"},
				"west": {"uv": [0, 0, 14, 2], "texture": "#0"},
				"up": {"uv": [0, 0, 14, 2], "rotation": 180, "texture": "#0"},
				"down": {"uv": [0, 0, 14, 2], "texture": "#0"}
			}
		},
		{
			"from": [-1, 0, 1],
			"to": [0, 2, 15],
			"faces": {
				"north": {"uv": [0, 0, 14, 2], "texture": "#0"},
				"east": {"uv": [0, 0, 14, 2], "texture": "#0"},
				"south": {"uv": [0, 0, 14, 2], "texture": "#0"},
				"west": {"uv": [0, 0, 14, 2], "texture": "#0"},
				"up": {"uv": [0, 0, 14, 2], "rotation": 270, "texture": "#0"},
				"down": {"uv": [0, 0, 14, 2], "texture": "#0"}
			}
		},
		{
			"from": [-1, 11.9, 1],
			"to": [0, 13, 15],
			"faces": {
				"north": {"uv": [0, 4, 14, 6], "texture": "#0"},
				"east": {"uv": [0, 4, 14, 6], "texture": "#0"},
				"south": {"uv": [0, 4, 14, 6], "texture": "#0"},
				"west": {"uv": [0, 4, 14, 6], "texture": "#0"},
				"up": {"uv": [0, 4, 14, 6], "rotation": 270, "texture": "#0"},
				"down": {"uv": [0, 4, 14, 6], "texture": "#0"}
			}
		},
		{
			"from": [16, 0.05549, 1.02516],
			"to": [17, 2.05549, 15.02516],
			"faces": {
				"north": {"uv": [0, 0, 14, 2], "texture": "#0"},
				"east": {"uv": [0, 0, 14, 2], "texture": "#0"},
				"south": {"uv": [0, 0, 14, 2], "texture": "#0"},
				"west": {"uv": [0, 0, 14, 2], "texture": "#0"},
				"up": {"uv": [0, 0, 14, 2], "rotation": 90, "texture": "#0"},
				"down": {"uv": [0, 0, 14, 2], "texture": "#0"}
			}
		},
		{
			"from": [16, 11.95549, 1.02516],
			"to": [17, 13.05549, 15.02516],
			"faces": {
				"north": {"uv": [0, 4, 14, 6], "texture": "#0"},
				"east": {"uv": [0, 4, 14, 6], "texture": "#0"},
				"south": {"uv": [0, 4, 14, 6], "texture": "#0"},
				"west": {"uv": [0, 4, 14, 6], "texture": "#0"},
				"up": {"uv": [0, 4, 14, 6], "rotation": 90, "texture": "#0"},
				"down": {"uv": [0, 4, 14, 6], "texture": "#0"}
			}
		},
		{
			"from": [1, 10.3, -1],
			"to": [15, 11.8, 0],
			"faces": {
				"north": {"uv": [0, 2, 14, 4], "texture": "#0"},
				"east": {"uv": [0, 2, 14, 4], "texture": "#0"},
				"south": {"uv": [0, 2, 14, 4], "texture": "#0"},
				"west": {"uv": [0, 2, 14, 4], "texture": "#0"},
				"up": {"uv": [0, 2, 14, 4], "texture": "#0"},
				"down": {"uv": [0, 2, 14, 4], "texture": "#0"}
			}
		},
		{
			"from": [-1, 10.3, 1],
			"to": [0, 11.8, 15],
			"faces": {
				"north": {"uv": [0, 2, 14, 4], "texture": "#0"},
				"east": {"uv": [0, 2, 14, 4], "texture": "#0"},
				"south": {"uv": [0, 2, 14, 4], "texture": "#0"},
				"west": {"uv": [0, 2, 14, 4], "texture": "#0"},
				"up": {"uv": [0, 2, 14, 4], "texture": "#0"},
				"down": {"uv": [0, 2, 14, 4], "texture": "#0"}
			}
		},
		{
			"from": [16, 10.35549, 1.02516],
			"to": [17, 11.85549, 15.02516],
			"faces": {
				"north": {"uv": [0, 2, 14, 4], "texture": "#0"},
				"east": {"uv": [0, 2, 14, 4], "texture": "#0"},
				"south": {"uv": [0, 2, 14, 4], "texture": "#0"},
				"west": {"uv": [0, 2, 14, 4], "texture": "#0"},
				"up": {"uv": [0, 2, 14, 4], "texture": "#0"},
				"down": {"uv": [0, 2, 14, 4], "texture": "#0"}
			}
		},
		{
			"from": [1, 10.3, 16],
			"to": [15, 11.8, 17],
			"faces": {
				"north": {"uv": [0, 2, 14, 4], "texture": "#0"},
				"east": {"uv": [0, 2, 14, 4], "texture": "#0"},
				"south": {"uv": [0, 2, 14, 4], "texture": "#0"},
				"west": {"uv": [0, 2, 14, 4], "texture": "#0"},
				"up": {"uv": [0, 2, 14, 4], "texture": "#0"},
				"down": {"uv": [0, 2, 14, 4], "texture": "#0"}
			}
		},
		{
			"from": [1.5, 11.4, 16.25],
			"to": [5, 12.4, 17.5],
			"faces": {
				"north": {"uv": [4, 5, 7.5, 6], "rotation": 180, "texture": "#0"},
				"east": {"uv": [4, 5, 7.5, 6], "rotation": 180, "texture": "#0"},
				"south": {"uv": [4, 5, 7.5, 6], "rotation": 180, "texture": "#0"},
				"west": {"uv": [4, 5, 7.5, 6], "rotation": 180, "texture": "#0"},
				"up": {"uv": [4, 5, 7.5, 6], "rotation": 180, "texture": "#0"},
				"down": {"uv": [4, 5, 7.5, 6], "rotation": 180, "texture": "#0"}
			}
		},
		{
			"from": [11, 11.4, 16.25],
			"to": [14.5, 12.4, 17.5],
			"faces": {
				"north": {"uv": [4, 5, 7.5, 6], "texture": "#0"},
				"east": {"uv": [4, 5, 7.5, 6], "texture": "#0"},
				"south": {"uv": [4, 5, 7.5, 6], "texture": "#0"},
				"west": {"uv": [4, 5, 7.5, 6], "texture": "#0"},
				"up": {"uv": [4, 5, 7.5, 6], "texture": "#0"},
				"down": {"uv": [4, 5, 7.5, 6], "texture": "#0"}
			}
		},
		{
			"from": [-1, 12.50971, -1.53513],
			"to": [1, 15.90971, 0.46487],
			"rotation": {"angle": 22.5, "axis": "x", "origin": [8, 11.40971, -0.03513]},
			"faces": {
				"north": {"uv": [0, 0, 2, 3], "rotation": 180, "texture": "#0"},
				"east": {"uv": [0, 0, 2, 3], "rotation": 180, "texture": "#0"},
				"south": {"uv": [0, 0, 2, 3], "rotation": 180, "texture": "#0"},
				"west": {"uv": [0, 0, 2, 3], "rotation": 180, "texture": "#0"},
				"up": {"uv": [0, 0, 2, 3], "rotation": 180, "texture": "#0"},
				"down": {"uv": [0, 0, 2, 3], "rotation": 180, "texture": "#0"}
			}
		},
		{
			"from": [-1, 15.432, -0.98674],
			"to": [1, 17.932, 1.01326],
			"rotation": {"angle": 45, "axis": "x", "origin": [8, 14.232, 0.51326]},
			"faces": {
				"north": {"uv": [0, 0, 2, 3], "rotation": 180, "texture": "#0"},
				"east": {"uv": [0, 0, 2, 3], "rotation": 180, "texture": "#0"},
				"south": {"uv": [0, 0, 2, 3], "rotation": 180, "texture": "#0"},
				"west": {"uv": [0, 0, 2, 3], "rotation": 180, "texture": "#0"},
				"up": {"uv": [0, 0, 2, 3], "rotation": 180, "texture": "#0"},
				"down": {"uv": [0, 0, 2, 3], "rotation": 180, "texture": "#0"}
			}
		},
		{
			"from": [-1, 15.52565, 2.74187],
			"to": [1, 17.52565, 5.14187],
			"rotation": {"angle": -22.5, "axis": "x", "origin": [8, 16.02565, 1.44187]},
			"faces": {
				"north": {"uv": [0, 0, 2, 3], "rotation": 180, "texture": "#0"},
				"east": {"uv": [0, 0, 2, 3], "rotation": 180, "texture": "#0"},
				"south": {"uv": [0, 0, 2, 3], "rotation": 180, "texture": "#0"},
				"west": {"uv": [0, 0, 2, 3], "rotation": 180, "texture": "#0"},
				"up": {"uv": [0, 0, 2, 3], "rotation": 180, "texture": "#0"},
				"down": {"uv": [0, 0, 2, 3], "rotation": 180, "texture": "#0"}
			}
		},
		{
			"from": [-1, 16.8274, 4.2862],
			"to": [1, 18.8274, 11.8862],
			"faces": {
				"north": {"uv": [0, 0, 2, 8], "rotation": 90, "texture": "#0"},
				"east": {"uv": [0, 0, 2, 8], "rotation": 90, "texture": "#0"},
				"south": {"uv": [0, 0, 2, 8], "rotation": 90, "texture": "#0"},
				"west": {"uv": [0, 0, 2, 8], "rotation": 90, "texture": "#0"},
				"up": {"uv": [0, 0, 2, 8], "texture": "#0"},
				"down": {"uv": [0, 0, 2, 8], "texture": "#0"}
			}
		},
		{
			"from": [-1, 15.52565, 11.03053],
			"to": [1, 17.52565, 13.43053],
			"rotation": {"angle": 22.5, "axis": "x", "origin": [8, 16.02565, 14.73053]},
			"faces": {
				"north": {"uv": [0, 0, 2, 3], "rotation": 180, "texture": "#0"},
				"east": {"uv": [0, 0, 2, 3], "rotation": 180, "texture": "#0"},
				"south": {"uv": [0, 0, 2, 3], "rotation": 180, "texture": "#0"},
				"west": {"uv": [0, 0, 2, 3], "rotation": 180, "texture": "#0"},
				"up": {"uv": [0, 0, 2, 3], "rotation": 180, "texture": "#0"},
				"down": {"uv": [0, 0, 2, 3], "rotation": 180, "texture": "#0"}
			}
		},
		{
			"from": [-1, 15.532, 15.15915],
			"to": [1, 17.932, 17.15915],
			"rotation": {"angle": -45, "axis": "x", "origin": [8, 14.232, 15.65915]},
			"faces": {
				"north": {"uv": [0, 0, 2, 3], "rotation": 180, "texture": "#0"},
				"east": {"uv": [0, 0, 2, 3], "rotation": 180, "texture": "#0"},
				"south": {"uv": [0, 0, 2, 3], "rotation": 180, "texture": "#0"},
				"west": {"uv": [0, 0, 2, 3], "rotation": 180, "texture": "#0"},
				"up": {"uv": [0, 0, 2, 3], "rotation": 180, "texture": "#0"},
				"down": {"uv": [0, 0, 2, 3], "rotation": 180, "texture": "#0"}
			}
		},
		{
			"from": [-1, 12.79564, 15.71336],
			"to": [1, 15.99564, 17.71336],
			"rotation": {"angle": -22.5, "axis": "x", "origin": [8, 11.29564, 16.21336]},
			"faces": {
				"north": {"uv": [0, 0, 2, 3], "rotation": 180, "texture": "#0"},
				"east": {"uv": [0, 0, 2, 3], "rotation": 180, "texture": "#0"},
				"south": {"uv": [0, 0, 2, 3], "rotation": 180, "texture": "#0"},
				"west": {"uv": [0, 0, 2, 3], "rotation": 180, "texture": "#0"},
				"up": {"uv": [0, 0, 2, 3], "rotation": 180, "texture": "#0"},
				"down": {"uv": [0, 0, 2, 3], "rotation": 180, "texture": "#0"}
			}
		},
		{
			"from": [15, 12.50971, -1.53513],
			"to": [17, 15.90971, 0.46487],
			"rotation": {"angle": 22.5, "axis": "x", "origin": [24, 11.40971, -0.03513]},
			"faces": {
				"north": {"uv": [0, 0, 2, 3], "rotation": 180, "texture": "#0"},
				"east": {"uv": [0, 0, 2, 3], "rotation": 180, "texture": "#0"},
				"south": {"uv": [0, 0, 2, 3], "rotation": 180, "texture": "#0"},
				"west": {"uv": [0, 0, 2, 3], "rotation": 180, "texture": "#0"},
				"up": {"uv": [0, 0, 2, 3], "rotation": 180, "texture": "#0"},
				"down": {"uv": [0, 0, 2, 3], "rotation": 180, "texture": "#0"}
			}
		},
		{
			"from": [15, 15.432, -0.98674],
			"to": [17, 17.932, 1.01326],
			"rotation": {"angle": 45, "axis": "x", "origin": [24, 14.232, 0.51326]},
			"faces": {
				"north": {"uv": [0, 0, 2, 3], "rotation": 180, "texture": "#0"},
				"east": {"uv": [0, 0, 2, 3], "rotation": 180, "texture": "#0"},
				"south": {"uv": [0, 0, 2, 3], "rotation": 180, "texture": "#0"},
				"west": {"uv": [0, 0, 2, 3], "rotation": 180, "texture": "#0"},
				"up": {"uv": [0, 0, 2, 3], "rotation": 180, "texture": "#0"},
				"down": {"uv": [0, 0, 2, 3], "rotation": 180, "texture": "#0"}
			}
		},
		{
			"from": [15, 15.52565, 2.74187],
			"to": [17, 17.52565, 5.14187],
			"rotation": {"angle": -22.5, "axis": "x", "origin": [24, 16.02565, 1.44187]},
			"faces": {
				"north": {"uv": [0, 0, 2, 3], "rotation": 180, "texture": "#0"},
				"east": {"uv": [0, 0, 2, 3], "rotation": 180, "texture": "#0"},
				"south": {"uv": [0, 0, 2, 3], "rotation": 180, "texture": "#0"},
				"west": {"uv": [0, 0, 2, 3], "rotation": 180, "texture": "#0"},
				"up": {"uv": [0, 0, 2, 3], "rotation": 180, "texture": "#0"},
				"down": {"uv": [0, 0, 2, 3], "rotation": 180, "texture": "#0"}
			}
		},
		{
			"from": [15, 16.8274, 4.2862],
			"to": [17, 18.8274, 11.8862],
			"faces": {
				"north": {"uv": [0, 0, 2, 8], "rotation": 90, "texture": "#0"},
				"east": {"uv": [0, 0, 2, 8], "rotation": 90, "texture": "#0"},
				"south": {"uv": [0, 0, 2, 8], "rotation": 90, "texture": "#0"},
				"west": {"uv": [0, 0, 2, 8], "rotation": 90, "texture": "#0"},
				"up": {"uv": [0, 0, 2, 8], "texture": "#0"},
				"down": {"uv": [0, 0, 2, 8], "texture": "#0"}
			}
		},
		{
			"from": [15, 15.52565, 11.03053],
			"to": [17, 17.52565, 13.43053],
			"rotation": {"angle": 22.5, "axis": "x", "origin": [24, 16.02565, 14.73053]},
			"faces": {
				"north": {"uv": [0, 0, 2, 3], "rotation": 180, "texture": "#0"},
				"east": {"uv": [0, 0, 2, 3], "rotation": 180, "texture": "#0"},
				"south": {"uv": [0, 0, 2, 3], "rotation": 180, "texture": "#0"},
				"west": {"uv": [0, 0, 2, 3], "rotation": 180, "texture": "#0"},
				"up": {"uv": [0, 0, 2, 3], "rotation": 180, "texture": "#0"},
				"down": {"uv": [0, 0, 2, 3], "rotation": 180, "texture": "#0"}
			}
		},
		{
			"from": [15, 15.532, 15.15915],
			"to": [17, 17.932, 17.15915],
			"rotation": {"angle": -45, "axis": "x", "origin": [24, 14.232, 15.65915]},
			"faces": {
				"north": {"uv": [0, 0, 2, 3], "rotation": 180, "texture": "#0"},
				"east": {"uv": [0, 0, 2, 3], "rotation": 180, "texture": "#0"},
				"south": {"uv": [0, 0, 2, 3], "rotation": 180, "texture": "#0"},
				"west": {"uv": [0, 0, 2, 3], "rotation": 180, "texture": "#0"},
				"up": {"uv": [0, 0, 2, 3], "rotation": 180, "texture": "#0"},
				"down": {"uv": [0, 0, 2, 3], "rotation": 180, "texture": "#0"}
			}
		},
		{
			"from": [15, 12.79564, 15.71336],
			"to": [17, 15.99564, 17.71336],
			"rotation": {"angle": -22.5, "axis": "x", "origin": [24, 11.29564, 16.21336]},
			"faces": {
				"north": {"uv": [0, 0, 2, 3], "rotation": 180, "texture": "#0"},
				"east": {"uv": [0, 0, 2, 3], "rotation": 180, "texture": "#0"},
				"south": {"uv": [0, 0, 2, 3], "rotation": 180, "texture": "#0"},
				"west": {"uv": [0, 0, 2, 3], "rotation": 180, "texture": "#0"},
				"up": {"uv": [0, 0, 2, 3], "rotation": 180, "texture": "#0"},
				"down": {"uv": [0, 0, 2, 3], "rotation": 180, "texture": "#0"}
			}
		},
		{
			"from": [-1.5, 0, -1.5],
			"to": [1, 3.25, 1],
			"faces": {
				"north": {"uv": [0, 0, 4, 4], "rotation": 90, "texture": "#0"},
				"east": {"uv": [0, 0, 4, 4], "rotation": 90, "texture": "#0"},
				"south": {"uv": [0, 0, 4, 4], "rotation": 90, "texture": "#0"},
				"west": {"uv": [0, 0, 4, 4], "rotation": 90, "texture": "#0"},
				"up": {"uv": [0, 0, 4, 4], "rotation": 90, "texture": "#0"},
				"down": {"uv": [0, 0, 4, 4], "rotation": 90, "texture": "#0"}
			}
		},
		{
			"from": [15, 0, -1.5],
			"to": [17.5, 3.25, 1],
			"faces": {
				"north": {"uv": [0, 0, 4, 4], "rotation": 90, "texture": "#0"},
				"east": {"uv": [0, 0, 4, 4], "rotation": 90, "texture": "#0"},
				"south": {"uv": [0, 0, 4, 4], "rotation": 90, "texture": "#0"},
				"west": {"uv": [0, 0, 4, 4], "rotation": 90, "texture": "#0"},
				"up": {"uv": [0, 0, 4, 4], "rotation": 90, "texture": "#0"},
				"down": {"uv": [0, 0, 4, 4], "rotation": 90, "texture": "#0"}
			}
		},
		{
			"from": [15, 0.05549, 15.02516],
			"to": [17.5, 3.30549, 17.52516],
			"faces": {
				"north": {"uv": [0, 0, 4, 4], "rotation": 90, "texture": "#0"},
				"east": {"uv": [0, 0, 4, 4], "rotation": 90, "texture": "#0"},
				"south": {"uv": [0, 0, 4, 4], "rotation": 90, "texture": "#0"},
				"west": {"uv": [0, 0, 4, 4], "rotation": 90, "texture": "#0"},
				"up": {"uv": [0, 0, 4, 4], "rotation": 90, "texture": "#0"},
				"down": {"uv": [0, 0, 4, 4], "rotation": 90, "texture": "#0"}
			}
		},
		{
			"from": [-1.5, 0.05549, 15.02516],
			"to": [1, 3.30549, 17.52516],
			"faces": {
				"north": {"uv": [0, 0, 4, 4], "rotation": 90, "texture": "#0"},
				"east": {"uv": [0, 0, 4, 4], "rotation": 90, "texture": "#0"},
				"south": {"uv": [0, 0, 4, 4], "rotation": 90, "texture": "#0"},
				"west": {"uv": [0, 0, 4, 4], "rotation": 90, "texture": "#0"},
				"up": {"uv": [0, 0, 4, 4], "rotation": 90, "texture": "#0"},
				"down": {"uv": [0, 0, 4, 4], "rotation": 90, "texture": "#0"}
			}
		},
		{
			"from": [0, 3, -0.5],
			"to": [11, 11, -0.5],
			"faces": {
				"north": {"uv": [2.5, 0, 12, 6], "texture": "#3"}
			}
		},
		{
			"from": [-0.2, 1.8, 0.5],
			"to": [-0.2, 10.8, 11.5],
			"faces": {
				"west": {"uv": [2.5, 0, 12, 6], "rotation": 180, "texture": "#3"}
			}
		},
		{
			"from": [-0.5, 3, 6.5],
			"to": [-0.5, 19, 15.5],
			"faces": {
				"west": {"uv": [0, 0, 8, 16], "texture": "#4"}
			}
		},
		{
			"from": [6.00574, 9.72183, 2.31332],
			"to": [15.00574, 12.72183, 2.31332],
			"rotation": {"angle": 22.5, "axis": "x", "origin": [22.00574, 17.72183, 9.51332]},
			"faces": {
				"north": {"uv": [0, 14, 8, 16], "texture": "#4"}
			}
		},
		{
			"from": [6.01182, 8.41963, 4.49372],
			"to": [15.01182, 11.41963, 4.49372],
			"rotation": {"angle": 45, "axis": "x", "origin": [22.01182, 16.41963, 11.69372]},
			"faces": {
				"north": {"uv": [0, 12, 8, 14], "texture": "#4"}
			}
		},
		{
			"from": [6.01802, 21.58123, 5.21019],
			"to": [15.01802, 21.58123, 7.21019],
			"rotation": {"angle": -22.5, "axis": "x", "origin": [22.01802, 14.38123, 13.21019]},
			"faces": {
				"up": {"uv": [0, 11, 8, 13], "rotation": 180, "texture": "#4"}
			}
		},
		{
			"from": [6.02247, 18.73759, 4.90662],
			"to": [15.02247, 18.73759, 11.90662],
			"faces": {
				"up": {"uv": [0, 4.5, 8, 10.5], "rotation": 180, "texture": "#4"}
			}
		},
		{
			"from": [1.62247, 18.43759, 5.90662],
			"to": [10.62247, 18.43759, 12.90662],
			"faces": {
				"up": {"uv": [0, 8.5, 8, 14.5], "rotation": 180, "texture": "#4"}
			}
		},
		{
			"from": [6.00574, 9.72183, 13.68668],
			"to": [15.00574, 12.72183, 13.68668],
			"rotation": {"angle": -22.5, "axis": "x", "origin": [22.00574, 17.72183, 6.48668]},
			"faces": {
				"south": {"uv": [8, 0, 0, 2], "rotation": 180, "texture": "#4"}
			}
		},
		{
			"from": [6.01182, 8.41963, 11.50628],
			"to": [15.01182, 11.41963, 11.50628],
			"rotation": {"angle": -45, "axis": "x", "origin": [22.01182, 16.41963, 4.30628]},
			"faces": {
				"south": {"uv": [8, 2.5, 0, 4.5], "rotation": 180, "texture": "#4"}
			}
		},
		{
			"from": [6.01802, 21.58123, 8.78981],
			"to": [15.01802, 21.58123, 10.78981],
			"rotation": {"angle": 22.5, "axis": "x", "origin": [22.01802, 14.38123, 2.78981]},
			"faces": {
				"up": {"uv": [0, 6.5, 8, 4.5], "rotation": 180, "texture": "#4"}
			}
		},
		{
			"from": [1.62162, 8.87462, 11.48767],
			"to": [10.62162, 11.87462, 11.48767],
			"rotation": {"angle": -45, "axis": "x", "origin": [17.62162, 16.87462, 4.28767]},
			"faces": {
				"south": {"uv": [8, 9, 0, 11], "rotation": 180, "texture": "#4"}
			}
		},
		{
			"from": [1.61555, 10.17682, 13.66807],
			"to": [10.61555, 13.17682, 13.66807],
			"rotation": {"angle": -22.5, "axis": "x", "origin": [17.61555, 18.17682, 6.46807]},
			"faces": {
				"south": {"uv": [8, 11.5, 0, 13.5], "rotation": 180, "texture": "#4"}
			}
		},
		{
			"from": [-0.5, 12, -2.4],
			"to": [10.5, 17, -2.4],
			"rotation": {"angle": 22.5, "axis": "x", "origin": [5.5, 7, -0.5]},
			"faces": {
				"north": {"uv": [2.5, 2, 12, 6], "rotation": 180, "texture": "#3"}
			}
		},
		{
			"from": [6.5, 2.1, 16.45],
			"to": [17.5, 10.1, 16.45],
			"faces": {
				"south": {"uv": [12, 6, 2.5, 0], "texture": "#3"}
			}
		},
		{
			"from": [-0.5, 0.35, 16.7],
			"to": [10.5, 8.35, 16.7],
			"faces": {
				"south": {"uv": [13.5, 13, 4, 7], "texture": "#3"}
			}
		},
		{
			"from": [16.45, 2.6, 0.5],
			"to": [16.45, 17.1, 11.5],
			"faces": {
				"east": {"uv": [9.5, 9.5, 0, 0], "texture": "#4"}
			}
		},
		{
			"from": [16.45, 0.6, 7.1],
			"to": [16.45, 8.6, 18.1],
			"faces": {
				"east": {"uv": [9.5, 16, 0, 10], "texture": "#4"}
			}
		}
	],
	"display": {
		"thirdperson_righthand": {
			"rotation": [75, 45, 0],
			"translation": [0, 2.5, 2],
			"scale": [0.5, 0.5, 0.5]
		},
		"thirdperson_lefthand": {
			"rotation": [75, 45, 0],
			"translation": [0, 2.5, 2],
			"scale": [0.5, 0.5, 0.5]
		},
		"firstperson_righthand": {
			"rotation": [0, -137, 0],
			"scale": [0.4, 0.4, 0.4]
		},
		"firstperson_lefthand": {
			"rotation": [0, -137, 0],
			"scale": [0.4, 0.4, 0.4]
		},
		"ground": {
			"scale": [0.5, 0.5, 0.5]
		},
		"gui": {
			"rotation": [30, -137, 0],
			"translation": [0, 0.5, 0],
			"scale": [0.4, 0.4, 0.4]
		},
		"head": {
			"translation": [0, 10.5, 0],
			"scale": [0.5, 0.5, 0.5]
		},
		"fixed": {
			"translation": [0, 0, 18],
			"scale": [2, 2, 2]
		}
	},
	"groups": [
		{
			"name": "Chest v1",
			"origin": [8, 8, 8],
			"children": [0, 1,
				{
					"name": "Top (Curved)",
					"origin": [8, 8, 8],
					"children": [2, 3, 4, 5, 6, 7, 8]
				}, 9, 10, 11, 12, 13, 14, 15]
		},
		{
			"name": "Lock",
			"origin": [8, 8, 8],
			"children": [16, 17, 18, 19, 20, 21, 22, 23, 24, 25, 26, 27, 28]
		},
		{
			"name": "Frame",
			"origin": [8, 8, 8],
			"children": [29, 30, 31, 32, 33, 34, 35, 36, 37, 38, 39, 40, 41, 42, 43, 44, 45, 46,
				{
					"name": "Curve Frame1",
					"origin": [8, 8, 8],
					"children": [47, 48, 49, 50, 51, 52, 53]
				},
				{
					"name": "Curve Frame2",
					"origin": [8, 8, 8],
					"children": [54, 55, 56, 57, 58, 59, 60]
				}, 61, 62, 63, 64]
		},
		{
			"name": "Vines",
			"origin": [8, 8, 8],
			"children": [65, 66, 67, 68, 69, 70, 71, 72, 73, 74, 75, 76, 77, 78, 79, 80, 81, 82]
		}
	]
}