{
	"credit": "Made with Blockbench",
	"textures": {
		"2": "block/MizunoArchive/black_concrete",
		"3": "block/MizunoArchive/vine_5a_bottom",
		"4": "block/MizunoArchive/vine_8",
		"particle": "block/MizunoArchive/basket",
		"3_0": "block/MizunoArchive/basket",
		"3_1": "block/MizunoArchive/jungle_log"
	},
	"elements": [
		{
			"from": [2, 0, 0],
			"to": [17, 13, 1],
			"faces": {
				"north": {"uv": [1, 0, 15, 13], "texture": "#3_0"},
				"east": {"uv": [0, 0, 1, 13], "texture": "#3_0"},
				"south": {"uv": [0, 0, 14, 13], "texture": "#3_0"},
				"west": {"uv": [0, 0, 1, 13], "texture": "#3_0"},
				"up": {"uv": [0, 0, 14, 1], "texture": "#3_0"},
				"down": {"uv": [0, 0, 14, 1], "texture": "#3_0"}
			}
		},
		{
			"from": [2, 0, 15],
			"to": [17, 13, 16],
			"faces": {
				"north": {"uv": [0, 0, 14, 13], "texture": "#3_0"},
				"east": {"uv": [0, 0, 1, 13], "texture": "#3_0"},
				"south": {"uv": [1, 0, 15, 13], "texture": "#3_0"},
				"west": {"uv": [0, 0, 1, 13], "texture": "#3_0"},
				"up": {"uv": [0, 0, 14, 1], "texture": "#3_0"},
				"down": {"uv": [0, 0, 14, 1], "texture": "#3_0"}
			}
		},
		{
			"from": [2, 12.92284, -0.61209],
			"to": [17, 15.92284, 0.38791],
			"rotation": {"angle": 22.5, "axis": "x", "origin": [10, 11.42284, -0.11209]},
			"faces": {
				"north": {"uv": [1, 7, 15, 10], "texture": "#3_0"},
				"east": {"uv": [0, 0, 1, 3], "texture": "#3_0"},
				"south": {"uv": [0, 0, 14, 3], "texture": "#3_0"},
				"west": {"uv": [0, 0, 1, 3], "texture": "#3_0"},
				"up": {"uv": [0, 0, 14, 1], "texture": "#3_0"},
				"down": {"uv": [0, 0, 14, 1], "texture": "#3_0"}
			}
		},
		{
			"from": [2, 15.85743, -0.05906],
			"to": [17, 17.85743, 0.94094],
			"rotation": {"angle": 45, "axis": "x", "origin": [10, 14.35743, 0.44094]},
			"faces": {
				"north": {"uv": [1, 10, 15, 12], "texture": "#3_0"},
				"east": {"uv": [0, 0, 1, 2], "texture": "#3_0"},
				"south": {"uv": [0, 0, 14, 2], "texture": "#3_0"},
				"west": {"uv": [0, 0, 1, 2], "texture": "#3_0"},
				"up": {"uv": [0, 0, 14, 1], "texture": "#3_0"},
				"down": {"uv": [0, 0, 14, 1], "texture": "#3_0"}
			}
		},
		{
			"from": [2, 15.64989, 2.86779],
			"to": [17, 16.64989, 4.86779],
			"rotation": {"angle": -22.5, "axis": "x", "origin": [10, 16.14989, 1.36779]},
			"faces": {
				"north": {"uv": [0, 0, 14, 1], "rotation": 180, "texture": "#3_0"},
				"east": {"uv": [0, 0, 1, 2], "rotation": 270, "texture": "#3_0"},
				"south": {"uv": [0, 0, 14, 1], "texture": "#3_0"},
				"west": {"uv": [0, 0, 1, 2], "rotation": 90, "texture": "#3_0"},
				"up": {"uv": [1, 7, 15, 9], "rotation": 180, "texture": "#3_0"},
				"down": {"uv": [0, 0, 14, 2], "texture": "#3_0"}
			}
		},
		{
			"from": [2, 16.95122, 4.41002],
			"to": [17, 17.95122, 11.61002],
			"faces": {
				"north": {"uv": [0, 0, 14, 1], "rotation": 180, "texture": "#3_0"},
				"east": {"uv": [0, 0, 1, 7.2], "rotation": 270, "texture": "#3_0"},
				"south": {"uv": [0, 0, 14, 1], "texture": "#3_0"},
				"west": {"uv": [0, 0, 1, 7.2], "rotation": 90, "texture": "#3_0"},
				"up": {"uv": [1, 4, 15, 12], "rotation": 180, "texture": "#3_0"},
				"down": {"uv": [0, 0, 14, 7.2], "texture": "#3_0"}
			}
		},
		{
			"from": [2, 15.64989, 11.13221],
			"to": [17, 16.64989, 13.13221],
			"rotation": {"angle": 22.5, "axis": "x", "origin": [10, 16.14989, 14.63221]},
			"faces": {
				"north": {"uv": [0, 0, 14, 1], "texture": "#3_0"},
				"east": {"uv": [0, 0, 1, 2], "rotation": 90, "texture": "#3_0"},
				"south": {"uv": [0, 0, 14, 1], "rotation": 180, "texture": "#3_0"},
				"west": {"uv": [0, 0, 1, 2], "rotation": 270, "texture": "#3_0"},
				"up": {"uv": [15, 9, 1, 7], "rotation": 180, "texture": "#3_0"},
				"down": {"uv": [14, 2, 0, 0], "texture": "#3_0"}
			}
		},
		{
			"from": [2, 15.85743, 15.05906],
			"to": [17, 17.85743, 16.05906],
			"rotation": {"angle": -45, "axis": "x", "origin": [10, 14.35743, 15.55906]},
			"faces": {
				"north": {"uv": [0, 0, 14, 2], "texture": "#3_0"},
				"east": {"uv": [0, 0, 1, 2], "texture": "#3_0"},
				"south": {"uv": [1, 10, 15, 12], "texture": "#3_0"},
				"west": {"uv": [0, 0, 1, 2], "texture": "#3_0"},
				"up": {"uv": [14, 1, 0, 0], "texture": "#3_0"},
				"down": {"uv": [14, 1, 0, 0], "texture": "#3_0"}
			}
		},
		{
			"from": [2, 12.92284, 15.61209],
			"to": [17, 15.92284, 16.61209],
			"rotation": {"angle": -22.5, "axis": "x", "origin": [10, 11.42284, 16.11209]},
			"faces": {
				"north": {"uv": [0, 0, 14, 3], "texture": "#3_0"},
				"east": {"uv": [0, 0, 1, 3], "texture": "#3_0"},
				"south": {"uv": [1, 7, 15, 10], "texture": "#3_0"},
				"west": {"uv": [0, 0, 1, 3], "texture": "#3_0"},
				"up": {"uv": [14, 1, 0, 0], "texture": "#3_0"},
				"down": {"uv": [14, 1, 0, 0], "texture": "#3_0"}
			}
		},
		{
			"from": [-13, 16.95122, 4.41002],
			"to": [2, 17.95122, 11.61002],
			"faces": {
				"north": {"uv": [14, 0, 0, 1], "rotation": 180, "texture": "#3_0"},
				"east": {"uv": [0, 7.2, 1, 0], "rotation": 90, "texture": "#3_0"},
				"south": {"uv": [14, 0, 0, 1], "texture": "#3_0"},
				"west": {"uv": [0, 7.2, 1, 0], "rotation": 270, "texture": "#3_0"},
				"up": {"uv": [15, 4, 1, 12], "rotation": 180, "texture": "#3_0"},
				"down": {"uv": [14, 0, 0, 7.2], "texture": "#3_0"}
			}
		},
		{
			"from": [-13, 15.64989, 2.86779],
			"to": [2, 16.64989, 4.86779],
			"rotation": {"angle": -22.5, "axis": "x", "origin": [-6, 16.14989, 1.36779]},
			"faces": {
				"north": {"uv": [14, 0, 0, 1], "rotation": 180, "texture": "#3_0"},
				"east": {"uv": [0, 2, 1, 0], "rotation": 90, "texture": "#3_0"},
				"south": {"uv": [14, 0, 0, 1], "texture": "#3_0"},
				"west": {"uv": [0, 2, 1, 0], "rotation": 270, "texture": "#3_0"},
				"up": {"uv": [15, 7, 1, 9], "rotation": 180, "texture": "#3_0"},
				"down": {"uv": [14, 0, 0, 2], "texture": "#3_0"}
			}
		},
		{
			"from": [-13, 15.85743, -0.05906],
			"to": [2, 17.85743, 0.94094],
			"rotation": {"angle": 45, "axis": "x", "origin": [-6, 14.35743, 0.44094]},
			"faces": {
				"north": {"uv": [15, 10, 1, 12], "texture": "#3_0"},
				"east": {"uv": [1, 0, 0, 2], "texture": "#3_0"},
				"south": {"uv": [14, 0, 0, 2], "texture": "#3_0"},
				"west": {"uv": [1, 0, 0, 2], "texture": "#3_0"},
				"up": {"uv": [14, 0, 0, 1], "texture": "#3_0"},
				"down": {"uv": [14, 0, 0, 1], "texture": "#3_0"}
			}
		},
		{
			"from": [-13, 12.92284, -0.61209],
			"to": [2, 15.92284, 0.38791],
			"rotation": {"angle": 22.5, "axis": "x", "origin": [-6, 11.42284, -0.11209]},
			"faces": {
				"north": {"uv": [15, 7, 1, 10], "texture": "#3_0"},
				"east": {"uv": [1, 0, 0, 3], "texture": "#3_0"},
				"south": {"uv": [14, 0, 0, 3], "texture": "#3_0"},
				"west": {"uv": [1, 0, 0, 3], "texture": "#3_0"},
				"up": {"uv": [14, 0, 0, 1], "texture": "#3_0"},
				"down": {"uv": [14, 0, 0, 1], "texture": "#3_0"}
			}
		},
		{
			"from": [-13, 15.64989, 11.13221],
			"to": [2, 16.64989, 13.13221],
			"rotation": {"angle": 22.5, "axis": "x", "origin": [-6, 16.14989, 14.63221]},
			"faces": {
				"north": {"uv": [14, 0, 0, 1], "texture": "#3_0"},
				"east": {"uv": [0, 2, 1, 0], "rotation": 270, "texture": "#3_0"},
				"south": {"uv": [14, 0, 0, 1], "rotation": 180, "texture": "#3_0"},
				"west": {"uv": [0, 2, 1, 0], "rotation": 90, "texture": "#3_0"},
				"up": {"uv": [1, 9, 15, 7], "rotation": 180, "texture": "#3_0"},
				"down": {"uv": [0, 2, 14, 0], "texture": "#3_0"}
			}
		},
		{
			"from": [-13, 15.85743, 15.05906],
			"to": [2, 17.85743, 16.05906],
			"rotation": {"angle": -45, "axis": "x", "origin": [-6, 14.35743, 15.55906]},
			"faces": {
				"north": {"uv": [14, 0, 0, 2], "texture": "#3_0"},
				"east": {"uv": [1, 0, 0, 2], "texture": "#3_0"},
				"south": {"uv": [15, 10, 1, 12], "texture": "#3_0"},
				"west": {"uv": [1, 0, 0, 2], "texture": "#3_0"},
				"up": {"uv": [0, 1, 14, 0], "texture": "#3_0"},
				"down": {"uv": [0, 1, 14, 0], "texture": "#3_0"}
			}
		},
		{
			"from": [-13, 12.92284, 15.61209],
			"to": [2, 15.92284, 16.61209],
			"rotation": {"angle": -22.5, "axis": "x", "origin": [-6, 11.42284, 16.11209]},
			"faces": {
				"north": {"uv": [14, 0, 0, 3], "texture": "#3_0"},
				"east": {"uv": [1, 0, 0, 3], "texture": "#3_0"},
				"south": {"uv": [15, 7, 1, 10], "texture": "#3_0"},
				"west": {"uv": [1, 0, 0, 3], "texture": "#3_0"},
				"up": {"uv": [0, 1, 14, 0], "texture": "#3_0"},
				"down": {"uv": [0, 1, 14, 0], "texture": "#3_0"}
			}
		},
		{
			"from": [17, 0, 1],
			"to": [18, 13, 15],
			"faces": {
				"north": {"uv": [0, 0, 1, 13], "texture": "#3_0"},
				"east": {"uv": [1, 0, 15, 13], "texture": "#3_0"},
				"south": {"uv": [0, 0, 1, 13], "texture": "#3_0"},
				"west": {"uv": [0, 0, 14, 13], "texture": "#3_0"},
				"up": {"uv": [0, 0, 14, 1], "rotation": 90, "texture": "#3_0"},
				"down": {"uv": [0, 0, 14, 1], "rotation": 270, "texture": "#3_0"}
			}
		},
		{
			"from": [-13, 0, 1],
			"to": [-12, 13, 15],
			"faces": {
				"north": {"uv": [0, 0, 1, 13], "texture": "#3_0"},
				"east": {"uv": [0, 0, 14, 13], "texture": "#3_0"},
				"south": {"uv": [0, 0, 1, 13], "texture": "#3_0"},
				"west": {"uv": [1, 0, 15, 13], "texture": "#3_0"},
				"up": {"uv": [0, 0, 14, 1], "rotation": 90, "texture": "#3_0"},
				"down": {"uv": [0, 0, 14, 1], "rotation": 270, "texture": "#3_0"}
			}
		},
		{
			"from": [-13, 13, 1],
			"to": [-12, 15, 15],
			"faces": {
				"north": {"uv": [2, 7, 16, 9], "texture": "#3_0"},
				"east": {"uv": [2, 7, 16, 9], "texture": "#3_0"},
				"south": {"uv": [2, 7, 16, 9], "texture": "#3_0"},
				"west": {"uv": [1, 7, 15, 9], "texture": "#3_0"},
				"up": {"uv": [2, 7, 16, 9], "texture": "#3_0"},
				"down": {"uv": [2, 7, 16, 9], "texture": "#3_0"}
			}
		},
		{
			"from": [-13, 15, 2],
			"to": [-12.2, 16, 14.1],
			"faces": {
				"north": {"uv": [0, 0, 0.8, 1], "texture": "#3_0"},
				"east": {"uv": [4, 5, 16, 7], "texture": "#3_0"},
				"south": {"uv": [4, 5, 16, 7], "texture": "#3_0"},
				"west": {"uv": [0, 0, 12.1, 1], "texture": "#3_0"},
				"up": {"uv": [4, 5, 16, 7], "texture": "#3_0"},
				"down": {"uv": [4, 5, 16, 7], "texture": "#3_0"}
			}
		},
		{
			"from": [17.2, 15, 2],
			"to": [18, 17, 14.1],
			"faces": {
				"north": {"uv": [0, 5, 12.1, 7], "texture": "#3_0"},
				"east": {"uv": [2, 5, 14.1, 7], "texture": "#3_0"},
				"south": {"uv": [0, 5, 12.1, 7], "texture": "#3_0"},
				"west": {"uv": [0, 5, 12.1, 7], "texture": "#3_0"},
				"up": {"uv": [0, 5, 12.1, 7], "texture": "#3_0"},
				"down": {"uv": [0, 5, 12.1, 7], "texture": "#3_0"}
			}
		},
		{
			"from": [17, 13, 1],
			"to": [18, 15, 15],
			"faces": {
				"north": {"uv": [0, 7, 14, 9], "texture": "#3_0"},
				"east": {"uv": [1, 7, 15, 9], "texture": "#3_0"},
				"south": {"uv": [0, 7, 14, 9], "texture": "#3_0"},
				"west": {"uv": [0, 7, 14, 9], "texture": "#3_0"},
				"up": {"uv": [0, 7, 14, 9], "texture": "#3_0"},
				"down": {"uv": [0, 7, 14, 9], "texture": "#3_0"}
			}
		},
		{
			"from": [2, 0, 1],
			"to": [17, 13, 15],
			"faces": {
				"north": {"uv": [0, 0, 14, 13], "texture": "#3_0"},
				"east": {"uv": [0, 0, 14, 13], "texture": "#3_0"},
				"south": {"uv": [0, 0, 14, 13], "texture": "#3_0"},
				"west": {"uv": [0, 0, 14, 13], "texture": "#3_0"},
				"up": {"uv": [0, 0, 14, 14], "rotation": 90, "texture": "#3_0"},
				"down": {"uv": [1, 1, 15, 15], "rotation": 270, "texture": "#3_0"}
			}
		},
		{
			"from": [-13, 0, 0],
			"to": [2, 13, 1],
			"faces": {
				"north": {"uv": [15, 0, 1, 13], "texture": "#3_0"},
				"east": {"uv": [1, 0, 0, 13], "texture": "#3_0"},
				"south": {"uv": [14, 0, 0, 13], "texture": "#3_0"},
				"west": {"uv": [1, 0, 0, 13], "texture": "#3_0"},
				"up": {"uv": [14, 0, 0, 1], "texture": "#3_0"},
				"down": {"uv": [14, 0, 0, 1], "texture": "#3_0"}
			}
		},
		{
			"from": [-12, 0, 1],
			"to": [2, 13, 15],
			"faces": {
				"north": {"uv": [14, 0, 0, 13], "texture": "#3_0"},
				"east": {"uv": [14, 0, 0, 13], "texture": "#3_0"},
				"south": {"uv": [14, 0, 0, 13], "texture": "#3_0"},
				"west": {"uv": [14, 0, 0, 13], "texture": "#3_0"},
				"up": {"uv": [0, 14, 14, 0], "rotation": 90, "texture": "#3_0"},
				"down": {"uv": [1, 15, 15, 1], "rotation": 270, "texture": "#3_0"}
			}
		},
		{
			"from": [-13, 0, 15],
			"to": [2, 13, 16],
			"faces": {
				"north": {"uv": [0, 0, 14, 13], "texture": "#3_0"},
				"east": {"uv": [0, 0, 1, 13], "texture": "#3_0"},
				"south": {"uv": [1, 0, 15, 13], "texture": "#3_0"},
				"west": {"uv": [0, 0, 1, 13], "texture": "#3_0"},
				"up": {"uv": [0, 0, 14, 1], "texture": "#3_0"},
				"down": {"uv": [0, 0, 14, 1], "texture": "#3_0"}
			}
		},
		{
			"from": [-13, 16, 3],
			"to": [-12.2, 17, 13.1],
			"faces": {
				"north": {"uv": [0, 0, 0.8, 1], "texture": "#3_0"},
				"east": {"uv": [4, 5, 16, 7], "texture": "#3_0"},
				"south": {"uv": [4, 5, 16, 7], "texture": "#3_0"},
				"west": {"uv": [0, 0, 10.1, 1], "texture": "#3_0"},
				"up": {"uv": [4, 5, 16, 7], "texture": "#3_0"},
				"down": {"uv": [4, 5, 16, 7], "texture": "#3_0"}
			}
		},
		{
			"from": [0, 10.7, -1.75],
			"to": [1, 12.7, -0.75],
			"faces": {
				"north": {"uv": [1, 9, 2, 10], "texture": "#3_1"},
				"east": {"uv": [1, 9, 2, 10], "texture": "#3_1"},
				"south": {"uv": [1, 9, 2, 10], "texture": "#3_1"},
				"west": {"uv": [1, 9, 2, 10], "texture": "#3_1"},
				"up": {"uv": [1, 9, 2, 10], "texture": "#3_1"},
				"down": {"uv": [1, 9, 2, 10], "texture": "#3_1"}
			}
		},
		{
			"from": [1, 12.7, -1.75],
			"to": [3, 13.7, -0.75],
			"faces": {
				"north": {"uv": [1, 9, 2, 10], "texture": "#3_1"},
				"east": {"uv": [1, 9, 2, 10], "texture": "#3_1"},
				"south": {"uv": [1, 9, 2, 10], "texture": "#3_1"},
				"west": {"uv": [1, 9, 2, 10], "texture": "#3_1"},
				"up": {"uv": [1, 9, 2, 10], "texture": "#3_1"},
				"down": {"uv": [1, 9, 2, 10], "texture": "#3_1"}
			}
		},
		{
			"from": [3, 10.7, -1.75],
			"to": [4, 12.7, -0.75],
			"faces": {
				"north": {"uv": [1, 9, 2, 10], "texture": "#3_1"},
				"east": {"uv": [1, 9, 2, 10], "texture": "#3_1"},
				"south": {"uv": [1, 9, 2, 10], "texture": "#3_1"},
				"west": {"uv": [1, 9, 2, 10], "texture": "#3_1"},
				"up": {"uv": [1, 9, 2, 10], "texture": "#3_1"},
				"down": {"uv": [1, 9, 2, 10], "texture": "#3_1"}
			}
		},
		{
			"from": [2.5, 8.7, -1.75],
			"to": [3.2, 11, -0.75],
			"faces": {
				"north": {"uv": [1, 9, 2, 10], "texture": "#3_1"},
				"east": {"uv": [1, 9, 2, 10], "texture": "#3_1"},
				"south": {"uv": [1, 9, 2, 10], "texture": "#3_1"},
				"west": {"uv": [1, 9, 2, 10], "texture": "#3_1"},
				"up": {"uv": [1, 9, 2, 10], "texture": "#3_1"},
				"down": {"uv": [1, 9, 2, 10], "texture": "#3_1"}
			}
		},
		{
			"from": [1.5, 8.7, -1.75],
			"to": [2.5, 9.7, -0.75],
			"faces": {
				"north": {"uv": [1, 9, 2, 10], "texture": "#3_1"},
				"east": {"uv": [1, 9, 2, 10], "texture": "#3_1"},
				"south": {"uv": [1, 9, 2, 10], "texture": "#3_1"},
				"west": {"uv": [1, 9, 2, 10], "texture": "#3_1"},
				"up": {"uv": [1, 9, 2, 10], "texture": "#3_1"},
				"down": {"uv": [1, 9, 2, 10], "texture": "#3_1"}
			}
		},
		{
			"from": [0.8, 8.7, -1.75],
			"to": [1.5, 11, -0.75],
			"faces": {
				"north": {"uv": [1, 9, 2, 10], "texture": "#3_1"},
				"east": {"uv": [1, 9, 2, 10], "texture": "#3_1"},
				"south": {"uv": [1, 9, 2, 10], "texture": "#3_1"},
				"west": {"uv": [1, 9, 2, 10], "texture": "#3_1"},
				"up": {"uv": [1, 9, 2, 10], "texture": "#3_1"},
				"down": {"uv": [1, 9, 2, 10], "texture": "#3_1"}
			}
		},
		{
			"from": [2.4, 11.4, -1.75],
			"to": [3.2, 11.9, -0.75],
			"rotation": {"angle": 45, "axis": "z", "origin": [3.5, 11.6, -1.25]},
			"faces": {
				"north": {"uv": [1, 9, 2, 10], "rotation": 90, "texture": "#3_1"},
				"east": {"uv": [1, 9, 2, 10], "rotation": 90, "texture": "#3_1"},
				"south": {"uv": [1, 9, 2, 10], "rotation": 90, "texture": "#3_1"},
				"west": {"uv": [1, 9, 2, 10], "rotation": 90, "texture": "#3_1"},
				"up": {"uv": [1, 9, 2, 10], "rotation": 90, "texture": "#3_1"},
				"down": {"uv": [1, 9, 2, 10], "rotation": 90, "texture": "#3_1"}
			}
		},
		{
			"from": [1.2, 12.6, -1.75],
			"to": [1.7, 13.4, -0.75],
			"rotation": {"angle": 45, "axis": "z", "origin": [3.5, 11.6, -1.25]},
			"faces": {
				"north": {"uv": [1, 9, 2, 10], "rotation": 180, "texture": "#3_1"},
				"east": {"uv": [1, 9, 2, 10], "rotation": 180, "texture": "#3_1"},
				"south": {"uv": [1, 9, 2, 10], "rotation": 180, "texture": "#3_1"},
				"west": {"uv": [1, 9, 2, 10], "rotation": 180, "texture": "#3_1"},
				"up": {"uv": [1, 9, 2, 10], "rotation": 180, "texture": "#3_1"},
				"down": {"uv": [1, 9, 2, 10], "rotation": 180, "texture": "#3_1"}
			}
		},
		{
			"from": [0.14645, 12.23934, -1.75],
			"to": [1.14645, 13.63934, -0.75],
			"rotation": {"angle": -45, "axis": "z", "origin": [0.64645, 12.63934, -1.25]},
			"faces": {
				"north": {"uv": [1, 9, 2, 10], "rotation": 180, "texture": "#3_1"},
				"east": {"uv": [1, 9, 2, 10], "rotation": 180, "texture": "#3_1"},
				"south": {"uv": [1, 9, 2, 10], "rotation": 180, "texture": "#3_1"},
				"west": {"uv": [1, 9, 2, 10], "rotation": 180, "texture": "#3_1"},
				"up": {"uv": [1, 9, 2, 10], "rotation": 180, "texture": "#3_1"},
				"down": {"uv": [1, 9, 2, 10], "rotation": 180, "texture": "#3_1"}
			}
		},
		{
			"from": [2.85355, 12.23934, -1.75],
			"to": [3.85355, 13.63934, -0.75],
			"rotation": {"angle": 45, "axis": "z", "origin": [3.35355, 12.63934, -1.25]},
			"faces": {
				"north": {"uv": [1, 9, 2, 10], "rotation": 180, "texture": "#3_1"},
				"east": {"uv": [1, 9, 2, 10], "rotation": 180, "texture": "#3_1"},
				"south": {"uv": [1, 9, 2, 10], "rotation": 180, "texture": "#3_1"},
				"west": {"uv": [1, 9, 2, 10], "rotation": 180, "texture": "#3_1"},
				"up": {"uv": [1, 9, 2, 10], "rotation": 180, "texture": "#3_1"},
				"down": {"uv": [1, 9, 2, 10], "rotation": 180, "texture": "#3_1"}
			}
		},
		{
			"from": [2.88499, 8.82179, -1.75],
			"to": [3.88499, 10.92179, -0.75],
			"rotation": {"angle": -22.5, "axis": "z", "origin": [3.38499, 10.52179, -1.25]},
			"faces": {
				"north": {"uv": [1, 9, 2, 10], "rotation": 180, "texture": "#3_1"},
				"east": {"uv": [1, 9, 2, 10], "rotation": 180, "texture": "#3_1"},
				"south": {"uv": [1, 9, 2, 10], "rotation": 180, "texture": "#3_1"},
				"west": {"uv": [1, 9, 2, 10], "rotation": 180, "texture": "#3_1"},
				"up": {"uv": [1, 9, 2, 10], "rotation": 180, "texture": "#3_1"},
				"down": {"uv": [1, 9, 2, 10], "rotation": 180, "texture": "#3_1"}
			}
		},
		{
			"from": [1.15098, 9.02786, -1.75],
			"to": [2.15098, 11.12786, -0.75],
			"rotation": {"angle": 22.5, "axis": "z", "origin": [1.65098, 8.02075, -1.25]},
			"faces": {
				"north": {"uv": [1, 9, 2, 10], "texture": "#3_1"},
				"east": {"uv": [1, 9, 2, 10], "texture": "#3_1"},
				"south": {"uv": [1, 9, 2, 10], "texture": "#3_1"},
				"west": {"uv": [1, 9, 2, 10], "texture": "#3_1"},
				"up": {"uv": [1, 9, 2, 10], "texture": "#3_1"},
				"down": {"uv": [1, 9, 2, 10], "texture": "#3_1"}
			}
		},
		{
			"from": [0.9, 9.7, -1.1],
			"to": [3.1, 12.8, -0.85],
			"faces": {
				"north": {"uv": [0, 0, 16, 16], "texture": "#2"},
				"east": {"uv": [0, 0, 16, 16], "texture": "#2"},
				"south": {"uv": [0, 0, 16, 16], "texture": "#2"},
				"west": {"uv": [0, 0, 16, 16], "texture": "#2"},
				"up": {"uv": [0, 0, 16, 16], "texture": "#2"},
				"down": {"uv": [0, 0, 16, 16], "texture": "#2"}
			}
		},
		{
			"from": [-15, 0, -1],
			"to": [-13, 13, 1],
			"faces": {
				"north": {"uv": [0, 0, 2, 13], "texture": "#3_1"},
				"east": {"uv": [0, 0, 2, 13], "texture": "#3_1"},
				"south": {"uv": [0, 0, 2, 13], "texture": "#3_1"},
				"west": {"uv": [0, 0, 2, 13], "texture": "#3_1"},
				"up": {"uv": [0, 0, 2, 2], "texture": "#3_1"},
				"down": {"uv": [0, 0, 2, 2], "texture": "#3_1"}
			}
		},
		{
			"from": [17, 0, -1],
			"to": [19, 13, 1],
			"faces": {
				"north": {"uv": [0, 0, 2, 13], "rotation": 180, "texture": "#3_1"},
				"east": {"uv": [0, 0, 2, 13], "texture": "#3_1"},
				"south": {"uv": [0, 0, 2, 13], "texture": "#3_1"},
				"west": {"uv": [0, 0, 2, 13], "texture": "#3_1"},
				"up": {"uv": [0, 0, 2, 2], "texture": "#3_1"},
				"down": {"uv": [0, 0, 2, 2], "texture": "#3_1"}
			}
		},
		{
			"from": [-15, 0.05549, 15.02516],
			"to": [-13, 13.25549, 17.02516],
			"faces": {
				"north": {"uv": [0, 0, 2, 13.2], "texture": "#3_1"},
				"east": {"uv": [0, 0, 2, 13.2], "texture": "#3_1"},
				"south": {"uv": [0, 0, 2, 13.2], "rotation": 180, "texture": "#3_1"},
				"west": {"uv": [0, 0, 2, 13.2], "texture": "#3_1"},
				"up": {"uv": [0, 0, 2, 2], "texture": "#3_1"},
				"down": {"uv": [0, 0, 2, 2], "texture": "#3_1"}
			}
		},
		{
			"from": [17, 0.05549, 15.02516],
			"to": [19, 13.25549, 17.02516],
			"faces": {
				"north": {"uv": [0, 0, 2, 13.2], "texture": "#3_1"},
				"east": {"uv": [0, 0, 2, 13.2], "texture": "#3_1"},
				"south": {"uv": [0, 0, 2, 13.2], "texture": "#3_1"},
				"west": {"uv": [0, 0, 2, 13.2], "texture": "#3_1"},
				"up": {"uv": [0, 0, 2, 2], "texture": "#3_1"},
				"down": {"uv": [0, 0, 2, 2], "texture": "#3_1"}
			}
		},
		{
			"from": [2, 11.9, -1],
			"to": [17, 13, 0],
			"faces": {
				"north": {"uv": [0, 0, 15, 1.1], "texture": "#3_1"},
				"east": {"uv": [0, 0, 15, 1.1], "texture": "#3_1"},
				"south": {"uv": [0, 0, 15, 1.1], "texture": "#3_1"},
				"west": {"uv": [0, 0, 15, 1.1], "texture": "#3_1"},
				"up": {"uv": [0, 0, 15, 1.1], "texture": "#3_1"},
				"down": {"uv": [0, 0, 15, 1.1], "texture": "#3_1"}
			}
		},
		{
			"from": [2, 0, -1],
			"to": [17, 2, 0],
			"faces": {
				"north": {"uv": [0, 0, 15, 2], "texture": "#3_1"},
				"east": {"uv": [0, 0, 15, 2], "texture": "#3_1"},
				"south": {"uv": [0, 0, 15, 2], "texture": "#3_1"},
				"west": {"uv": [0, 0, 15, 2], "texture": "#3_1"},
				"up": {"uv": [0, 0, 15, 2], "texture": "#3_1"},
				"down": {"uv": [0, 0, 15, 2], "texture": "#3_1"}
			}
		},
		{
			"from": [2, 11.9, 16],
			"to": [17, 13, 17],
			"faces": {
				"north": {"uv": [0, 0, 15, 1.1], "texture": "#3_1"},
				"east": {"uv": [0, 0, 15, 1.1], "texture": "#3_1"},
				"south": {"uv": [0, 0, 15, 1.1], "texture": "#3_1"},
				"west": {"uv": [0, 0, 15, 1.1], "texture": "#3_1"},
				"up": {"uv": [0, 0, 15, 1.1], "texture": "#3_1"},
				"down": {"uv": [0, 0, 15, 1.1], "texture": "#3_1"}
			}
		},
		{
			"from": [2, 0, 16],
			"to": [17, 2, 17],
			"faces": {
				"north": {"uv": [0, 0, 15, 2], "texture": "#3_1"},
				"east": {"uv": [0, 0, 15, 2], "texture": "#3_1"},
				"south": {"uv": [0, 0, 15, 2], "texture": "#3_1"},
				"west": {"uv": [0, 0, 15, 2], "texture": "#3_1"},
				"up": {"uv": [0, 0, 15, 2], "texture": "#3_1"},
				"down": {"uv": [0, 0, 15, 2], "texture": "#3_1"}
			}
		},
		{
			"from": [-14, 0, 1],
			"to": [-13, 2, 15],
			"faces": {
				"north": {"uv": [0, 0, 14, 2], "texture": "#3_1"},
				"east": {"uv": [0, 0, 14, 2], "texture": "#3_1"},
				"south": {"uv": [0, 0, 14, 2], "texture": "#3_1"},
				"west": {"uv": [0, 0, 14, 2], "texture": "#3_1"},
				"up": {"uv": [0, 0, 14, 2], "rotation": 90, "texture": "#3_1"},
				"down": {"uv": [0, 0, 14, 2], "texture": "#3_1"}
			}
		},
		{
			"from": [-14, 11.9, 1],
			"to": [-13, 13, 15],
			"faces": {
				"north": {"uv": [0, 0, 14, 1.1], "texture": "#3_1"},
				"east": {"uv": [0, 0, 14, 1.1], "texture": "#3_1"},
				"south": {"uv": [0, 0, 14, 1.1], "texture": "#3_1"},
				"west": {"uv": [0, 0, 14, 1.1], "texture": "#3_1"},
				"up": {"uv": [0, 0, 14, 1.1], "rotation": 90, "texture": "#3_1"},
				"down": {"uv": [0, 0, 14, 1.1], "texture": "#3_1"}
			}
		},
		{
			"from": [18, 0.05549, 1.02516],
			"to": [19, 2.05549, 15.02516],
			"faces": {
				"north": {"uv": [0, 0, 1, 2], "rotation": 90, "texture": "#3_1"},
				"east": {"uv": [0, 0, 14, 2], "texture": "#3_1"},
				"south": {"uv": [0, 0, 1, 2], "rotation": 90, "texture": "#3_1"},
				"west": {"uv": [0, 0, 14, 2], "rotation": 90, "texture": "#3_1"},
				"up": {"uv": [0, 0, 1, 14], "texture": "#3_1"},
				"down": {"uv": [0, 0, 1, 14], "rotation": 90, "texture": "#3_1"}
			}
		},
		{
			"from": [18, 11.95549, 1.02516],
			"to": [19, 13.05549, 15.02516],
			"faces": {
				"north": {"uv": [0, 0, 1, 1.1], "rotation": 90, "texture": "#3_1"},
				"east": {"uv": [0, 0, 14, 1.1], "texture": "#3_1"},
				"south": {"uv": [0, 0, 1, 1.1], "rotation": 90, "texture": "#3_1"},
				"west": {"uv": [0, 0, 14, 1.1], "rotation": 90, "texture": "#3_1"},
				"up": {"uv": [0, 0, 1, 14], "texture": "#3_1"},
				"down": {"uv": [0, 0, 1, 14], "rotation": 90, "texture": "#3_1"}
			}
		},
		{
			"from": [2, 10.3, -1],
			"to": [17, 11.8, 0],
			"faces": {
				"north": {"uv": [0, 0, 15, 1.5], "texture": "#3_1"},
				"east": {"uv": [0, 0, 15, 1.5], "texture": "#3_1"},
				"south": {"uv": [0, 0, 15, 1.5], "texture": "#3_1"},
				"west": {"uv": [0, 0, 15, 1.5], "texture": "#3_1"},
				"up": {"uv": [0, 0, 15, 1.5], "texture": "#3_1"},
				"down": {"uv": [0, 0, 15, 1.5], "texture": "#3_1"}
			}
		},
		{
			"from": [-14, 10.3, 1],
			"to": [-13, 11.8, 15],
			"faces": {
				"north": {"uv": [0, 0, 14, 1.5], "texture": "#3_1"},
				"east": {"uv": [0, 0, 14, 1.5], "texture": "#3_1"},
				"south": {"uv": [0, 0, 14, 1.5], "texture": "#3_1"},
				"west": {"uv": [0, 0, 14, 1.5], "texture": "#3_1"},
				"up": {"uv": [0, 0, 14, 1.5], "texture": "#3_1"},
				"down": {"uv": [0, 0, 14, 1.5], "texture": "#3_1"}
			}
		},
		{
			"from": [18, 10.35549, 1.02516],
			"to": [19, 11.85549, 15.02516],
			"faces": {
				"north": {"uv": [0, 0, 1, 1.5], "rotation": 90, "texture": "#3_1"},
				"east": {"uv": [0, 0, 14, 1.5], "texture": "#3_1"},
				"south": {"uv": [0, 0, 1, 1.5], "rotation": 90, "texture": "#3_1"},
				"west": {"uv": [0, 0, 14, 1.5], "rotation": 90, "texture": "#3_1"},
				"up": {"uv": [0, 0, 1, 14], "rotation": 90, "texture": "#3_1"},
				"down": {"uv": [0, 0, 1, 14], "rotation": 90, "texture": "#3_1"}
			}
		},
		{
			"from": [2, 10.3, 16],
			"to": [17, 11.8, 17],
			"faces": {
				"north": {"uv": [0, 0, 15, 1.5], "texture": "#3_1"},
				"east": {"uv": [0, 0, 15, 1.5], "texture": "#3_1"},
				"south": {"uv": [0, 0, 15, 1.5], "texture": "#3_1"},
				"west": {"uv": [0, 0, 15, 1.5], "texture": "#3_1"},
				"up": {"uv": [0, 0, 15, 1.5], "texture": "#3_1"},
				"down": {"uv": [0, 0, 15, 1.5], "texture": "#3_1"}
			}
		},
		{
			"from": [0.5, 11.4, 16.25],
			"to": [4, 12.4, 17.5],
			"faces": {
				"north": {"uv": [0, 0, 3.5, 1], "texture": "#3_1"},
				"east": {"uv": [0, 0, 1.25, 1], "texture": "#3_1"},
				"south": {"uv": [0, 0, 3.5, 1], "texture": "#3_1"},
				"west": {"uv": [0, 0, 1.25, 1], "texture": "#3_1"},
				"up": {"uv": [0, 0, 3.5, 1.25], "texture": "#3_1"},
				"down": {"uv": [0, 0, 3.5, 1.25], "texture": "#3_1"}
			}
		},
		{
			"from": [13, 11.4, 16.25],
			"to": [16.5, 12.4, 17.5],
			"faces": {
				"north": {"uv": [0, 0, 3.5, 1], "texture": "#3_1"},
				"east": {"uv": [0, 0, 1.25, 1], "texture": "#3_1"},
				"south": {"uv": [0, 0, 3.5, 1], "texture": "#3_1"},
				"west": {"uv": [0, 0, 1.25, 1], "texture": "#3_1"},
				"up": {"uv": [0, 0, 3.5, 1.25], "texture": "#3_1"},
				"down": {"uv": [0, 0, 3.5, 1.25], "texture": "#3_1"}
			}
		},
		{
			"from": [-15, 12.50971, -1.53513],
			"to": [-13, 15.90971, 0.46487],
			"rotation": {"angle": 22.5, "axis": "x", "origin": [-6, 11.40971, -0.03513]},
			"faces": {
				"north": {"uv": [0, 0, 2, 3.4], "texture": "#3_1"},
				"east": {"uv": [0, 0, 2, 3.4], "rotation": 180, "texture": "#3_1"},
				"south": {"uv": [0, 0, 2, 3.4], "rotation": 180, "texture": "#3_1"},
				"west": {"uv": [0, 0, 2, 3.4], "rotation": 180, "texture": "#3_1"},
				"up": {"uv": [0, 0, 2, 2], "rotation": 180, "texture": "#3_1"},
				"down": {"uv": [0, 0, 2, 2], "rotation": 180, "texture": "#3_1"}
			}
		},
		{
			"from": [-15, 15.432, -0.98674],
			"to": [-13, 17.932, 1.01326],
			"rotation": {"angle": 45, "axis": "x", "origin": [-6, 14.232, 0.51326]},
			"faces": {
				"north": {"uv": [0, 0, 2, 2.5], "texture": "#3_1"},
				"east": {"uv": [0, 0, 2, 2.5], "rotation": 180, "texture": "#3_1"},
				"south": {"uv": [0, 0, 2, 2.5], "rotation": 180, "texture": "#3_1"},
				"west": {"uv": [0, 0, 2, 2.5], "rotation": 180, "texture": "#3_1"},
				"up": {"uv": [0, 0, 2, 2], "rotation": 180, "texture": "#3_1"},
				"down": {"uv": [0, 0, 2, 2], "rotation": 180, "texture": "#3_1"}
			}
		},
		{
			"from": [-15, 15.52565, 2.74187],
			"to": [-13, 17.52565, 5.14187],
			"rotation": {"angle": -22.5, "axis": "x", "origin": [-6, 16.02565, 1.44187]},
			"faces": {
				"north": {"uv": [0, 0, 2, 2], "rotation": 180, "texture": "#3_1"},
				"east": {"uv": [0, 0, 2.4, 2], "rotation": 180, "texture": "#3_1"},
				"south": {"uv": [0, 0, 2, 2], "rotation": 180, "texture": "#3_1"},
				"west": {"uv": [0, 0, 2.4, 2], "rotation": 180, "texture": "#3_1"},
				"up": {"uv": [0, 0, 2, 2.4], "rotation": 180, "texture": "#3_1"},
				"down": {"uv": [0, 0, 2, 2.4], "rotation": 180, "texture": "#3_1"}
			}
		},
		{
			"from": [-15, 16.8274, 4.2862],
			"to": [-13, 18.8274, 11.8862],
			"faces": {
				"north": {"uv": [0, 0, 2, 2], "texture": "#3_1"},
				"east": {"uv": [0, 0, 7.6, 2], "texture": "#3_1"},
				"south": {"uv": [0, 0, 2, 2], "texture": "#3_1"},
				"west": {"uv": [0, 0, 7.6, 2], "texture": "#3_1"},
				"up": {"uv": [0, 0, 2, 7.6], "rotation": 180, "texture": "#3_1"},
				"down": {"uv": [0, 0, 2, 7.6], "texture": "#3_1"}
			}
		},
		{
			"from": [-15, 15.52565, 11.03053],
			"to": [-13, 17.52565, 13.43053],
			"rotation": {"angle": 22.5, "axis": "x", "origin": [-6, 16.02565, 14.73053]},
			"faces": {
				"north": {"uv": [0, 0, 2, 2], "rotation": 180, "texture": "#3_1"},
				"east": {"uv": [0, 0, 2.4, 2], "rotation": 180, "texture": "#3_1"},
				"south": {"uv": [0, 0, 2, 2], "rotation": 180, "texture": "#3_1"},
				"west": {"uv": [0, 0, 2.4, 2], "rotation": 180, "texture": "#3_1"},
				"up": {"uv": [0, 0, 2, 2.4], "rotation": 180, "texture": "#3_1"},
				"down": {"uv": [0, 0, 2, 2.4], "rotation": 180, "texture": "#3_1"}
			}
		},
		{
			"from": [-15, 15.532, 15.15915],
			"to": [-13, 17.932, 17.15915],
			"rotation": {"angle": -45, "axis": "x", "origin": [-6, 14.232, 15.65915]},
			"faces": {
				"north": {"uv": [0, 0, 2, 2.4], "rotation": 180, "texture": "#3_1"},
				"east": {"uv": [0, 0, 2, 2.4], "rotation": 180, "texture": "#3_1"},
				"south": {"uv": [0, 0, 2, 2.4], "rotation": 180, "texture": "#3_1"},
				"west": {"uv": [0, 0, 2, 2.4], "rotation": 180, "texture": "#3_1"},
				"up": {"uv": [0, 0, 2, 2], "rotation": 180, "texture": "#3_1"},
				"down": {"uv": [0, 0, 2, 2], "rotation": 180, "texture": "#3_1"}
			}
		},
		{
			"from": [-15, 12.79564, 15.71336],
			"to": [-13, 15.99564, 17.71336],
			"rotation": {"angle": -22.5, "axis": "x", "origin": [-6, 11.29564, 16.21336]},
			"faces": {
				"north": {"uv": [0, 0, 2, 3.2], "rotation": 180, "texture": "#3_1"},
				"east": {"uv": [0, 0, 2, 3.2], "rotation": 180, "texture": "#3_1"},
				"south": {"uv": [0, 0, 2, 3.2], "rotation": 180, "texture": "#3_1"},
				"west": {"uv": [0, 0, 2, 3.2], "rotation": 180, "texture": "#3_1"},
				"up": {"uv": [0, 0, 2, 2], "rotation": 180, "texture": "#3_1"},
				"down": {"uv": [0, 0, 2, 2], "rotation": 180, "texture": "#3_1"}
			}
		},
		{
			"from": [17, 12.50971, -1.53513],
			"to": [19, 15.90971, 0.46487],
			"rotation": {"angle": 22.5, "axis": "x", "origin": [26, 11.40971, -0.03513]},
			"faces": {
				"north": {"uv": [0, 0, 2, 3.4], "rotation": 180, "texture": "#3_1"},
				"east": {"uv": [0, 0, 2, 3.4], "rotation": 180, "texture": "#3_1"},
				"south": {"uv": [0, 0, 2, 3.4], "rotation": 180, "texture": "#3_1"},
				"west": {"uv": [0, 0, 2, 3.4], "rotation": 180, "texture": "#3_1"},
				"up": {"uv": [0, 0, 2, 2], "rotation": 180, "texture": "#3_1"},
				"down": {"uv": [0, 0, 2, 2], "rotation": 180, "texture": "#3_1"}
			}
		},
		{
			"from": [17, 15.432, -0.98674],
			"to": [19, 17.932, 1.01326],
			"rotation": {"angle": 45, "axis": "x", "origin": [26, 14.232, 0.51326]},
			"faces": {
				"north": {"uv": [0, 0, 2, 2.5], "rotation": 180, "texture": "#3_1"},
				"east": {"uv": [0, 0, 2, 2.5], "rotation": 180, "texture": "#3_1"},
				"south": {"uv": [0, 0, 2, 2.5], "rotation": 180, "texture": "#3_1"},
				"west": {"uv": [0, 0, 2, 2.5], "rotation": 180, "texture": "#3_1"},
				"up": {"uv": [0, 0, 2, 2], "rotation": 180, "texture": "#3_1"},
				"down": {"uv": [0, 0, 2, 2], "rotation": 180, "texture": "#3_1"}
			}
		},
		{
			"from": [17, 15.52565, 2.74187],
			"to": [19, 17.52565, 5.14187],
			"rotation": {"angle": -22.5, "axis": "x", "origin": [26, 16.02565, 1.44187]},
			"faces": {
				"north": {"uv": [0, 0, 2, 2], "rotation": 90, "texture": "#3_1"},
				"east": {"uv": [0, 0, 2.4, 2], "rotation": 90, "texture": "#3_1"},
				"south": {"uv": [0, 0, 2, 2], "rotation": 90, "texture": "#3_1"},
				"west": {"uv": [0, 0, 2.4, 2], "rotation": 90, "texture": "#3_1"},
				"up": {"uv": [0, 0, 2, 2.4], "texture": "#3_1"},
				"down": {"uv": [0, 0, 2, 2.4], "rotation": 90, "texture": "#3_1"}
			}
		},
		{
			"from": [17, 16.8274, 4.2862],
			"to": [19, 18.8274, 11.8862],
			"faces": {
				"north": {"uv": [0, 0, 2, 2], "rotation": 90, "texture": "#3_1"},
				"east": {"uv": [0, 0, 7.6, 2], "rotation": 90, "texture": "#3_1"},
				"south": {"uv": [0, 0, 2, 2], "rotation": 90, "texture": "#3_1"},
				"west": {"uv": [0, 0, 7.6, 2], "rotation": 90, "texture": "#3_1"},
				"up": {"uv": [0, 0, 2, 7.6], "texture": "#3_1"},
				"down": {"uv": [0, 0, 2, 7.6], "rotation": 90, "texture": "#3_1"}
			}
		},
		{
			"from": [17, 15.52565, 11.03053],
			"to": [19, 17.52565, 13.43053],
			"rotation": {"angle": 22.5, "axis": "x", "origin": [26, 16.02565, 14.73053]},
			"faces": {
				"north": {"uv": [0, 0, 2, 2], "rotation": 90, "texture": "#3_1"},
				"east": {"uv": [0, 0, 2.4, 2], "rotation": 90, "texture": "#3_1"},
				"south": {"uv": [0, 0, 2, 2], "rotation": 90, "texture": "#3_1"},
				"west": {"uv": [0, 0, 2.4, 2], "rotation": 90, "texture": "#3_1"},
				"up": {"uv": [0, 0, 2, 2.4], "texture": "#3_1"},
				"down": {"uv": [0, 0, 2, 2.4], "rotation": 90, "texture": "#3_1"}
			}
		},
		{
			"from": [17, 15.532, 15.15915],
			"to": [19, 17.932, 17.15915],
			"rotation": {"angle": -45, "axis": "x", "origin": [26, 14.232, 15.65915]},
			"faces": {
				"north": {"uv": [0, 0, 2, 2.4], "texture": "#3_1"},
				"east": {"uv": [0, 0, 2, 2.4], "texture": "#3_1"},
				"south": {"uv": [0, 0, 2, 2.4], "texture": "#3_1"},
				"west": {"uv": [0, 0, 2, 2.4], "texture": "#3_1"},
				"up": {"uv": [0, 0, 2, 2], "texture": "#3_1"},
				"down": {"uv": [0, 0, 2, 2], "texture": "#3_1"}
			}
		},
		{
			"from": [17, 12.79564, 15.71336],
			"to": [19, 15.99564, 17.71336],
			"rotation": {"angle": -22.5, "axis": "x", "origin": [26, 11.29564, 16.21336]},
			"faces": {
				"north": {"uv": [0, 0, 2, 3.2], "texture": "#3_1"},
				"east": {"uv": [0, 0, 2, 3.2], "texture": "#3_1"},
				"south": {"uv": [0, 0, 2, 3.2], "texture": "#3_1"},
				"west": {"uv": [0, 0, 2, 3.2], "texture": "#3_1"},
				"up": {"uv": [0, 0, 2, 2], "texture": "#3_1"},
				"down": {"uv": [0, 0, 2, 2], "texture": "#3_1"}
			}
		},
		{
			"from": [-15.5, 0, -1.5],
			"to": [-13, 3.25, 1],
			"faces": {
				"north": {"uv": [0, 0, 2.5, 3.25], "rotation": 90, "texture": "#3_1"},
				"east": {"uv": [0, 0, 2.5, 3.25], "rotation": 90, "texture": "#3_1"},
				"south": {"uv": [0, 0, 2.5, 3.25], "rotation": 90, "texture": "#3_1"},
				"west": {"uv": [0, 0, 2.5, 3.25], "rotation": 90, "texture": "#3_1"},
				"up": {"uv": [0, 0, 2.5, 2.5], "rotation": 90, "texture": "#3_1"},
				"down": {"uv": [0, 0, 2.5, 2.5], "rotation": 90, "texture": "#3_1"}
			}
		},
		{
			"from": [17, 0, -1.5],
			"to": [19.5, 3.25, 1],
			"faces": {
				"north": {"uv": [0, 0, 2.5, 3.25], "rotation": 90, "texture": "#3_1"},
				"east": {"uv": [0, 0, 2.5, 3.25], "rotation": 90, "texture": "#3_1"},
				"south": {"uv": [0, 0, 2.5, 3.25], "rotation": 90, "texture": "#3_1"},
				"west": {"uv": [0, 0, 2.5, 3.25], "rotation": 90, "texture": "#3_1"},
				"up": {"uv": [0, 0, 2.5, 2.5], "rotation": 90, "texture": "#3_1"},
				"down": {"uv": [0, 0, 2.5, 2.5], "rotation": 90, "texture": "#3_1"}
			}
		},
		{
			"from": [17, 0.05549, 15.02516],
			"to": [19.5, 3.30549, 17.52516],
			"faces": {
				"north": {"uv": [0, 0, 2.5, 3.25], "rotation": 90, "texture": "#3_1"},
				"east": {"uv": [0, 0, 2.5, 3.25], "rotation": 90, "texture": "#3_1"},
				"south": {"uv": [0, 0, 2.5, 3.25], "rotation": 90, "texture": "#3_1"},
				"west": {"uv": [0, 0, 2.5, 3.25], "rotation": 90, "texture": "#3_1"},
				"up": {"uv": [0, 0, 2.5, 2.5], "rotation": 90, "texture": "#3_1"},
				"down": {"uv": [0, 0, 2.5, 2.5], "rotation": 90, "texture": "#3_1"}
			}
		},
		{
			"from": [-15.5, 0.05549, 15.02516],
			"to": [-13, 3.30549, 17.52516],
			"faces": {
				"north": {"uv": [0, 0, 2.5, 3.25], "rotation": 90, "texture": "#3_1"},
				"east": {"uv": [0, 0, 2.5, 3.25], "rotation": 90, "texture": "#3_1"},
				"south": {"uv": [0, 0, 2.5, 3.25], "rotation": 90, "texture": "#3_1"},
				"west": {"uv": [0, 0, 2.5, 3.25], "rotation": 90, "texture": "#3_1"},
				"up": {"uv": [0, 0, 2.5, 2.5], "rotation": 90, "texture": "#3_1"},
				"down": {"uv": [0, 0, 2.5, 2.5], "rotation": 90, "texture": "#3_1"}
			}
		},
		{
			"from": [-13, 11.9, -1],
			"to": [2, 13, 0],
			"faces": {
				"north": {"uv": [0, 0, 15, 1.1], "texture": "#3_1"},
				"east": {"uv": [0, 0, 15, 1.1], "texture": "#3_1"},
				"south": {"uv": [0, 0, 15, 1.1], "texture": "#3_1"},
				"west": {"uv": [0, 0, 15, 1.1], "texture": "#3_1"},
				"up": {"uv": [0, 0, 15, 1.1], "texture": "#3_1"},
				"down": {"uv": [0, 0, 15, 1.1], "texture": "#3_1"}
			}
		},
		{
			"from": [-13, 10.3, -1],
			"to": [2, 11.8, 0],
			"faces": {
				"north": {"uv": [0, 0, 15, 1.5], "texture": "#3_1"},
				"east": {"uv": [0, 0, 15, 1.5], "texture": "#3_1"},
				"south": {"uv": [0, 0, 15, 1.5], "texture": "#3_1"},
				"west": {"uv": [0, 0, 15, 1.5], "texture": "#3_1"},
				"up": {"uv": [0, 0, 15, 1.5], "texture": "#3_1"},
				"down": {"uv": [0, 0, 15, 1.5], "texture": "#3_1"}
			}
		},
		{
			"from": [-13, 0, -1],
			"to": [2, 2, 0],
			"faces": {
				"north": {"uv": [0, 0, 15, 2], "texture": "#3_1"},
				"east": {"uv": [0, 0, 15, 2], "texture": "#3_1"},
				"south": {"uv": [0, 0, 15, 2], "texture": "#3_1"},
				"west": {"uv": [0, 0, 15, 2], "texture": "#3_1"},
				"up": {"uv": [0, 0, 15, 2], "texture": "#3_1"},
				"down": {"uv": [0, 0, 15, 2], "texture": "#3_1"}
			}
		},
		{
			"from": [-13, 0, 16],
			"to": [2, 2, 17],
			"faces": {
				"north": {"uv": [0, 0, 15, 2], "texture": "#3_1"},
				"east": {"uv": [0, 0, 15, 2], "texture": "#3_1"},
				"south": {"uv": [0, 0, 15, 2], "texture": "#3_1"},
				"west": {"uv": [0, 0, 15, 2], "texture": "#3_1"},
				"up": {"uv": [0, 0, 15, 2], "texture": "#3_1"},
				"down": {"uv": [0, 0, 15, 2], "texture": "#3_1"}
			}
		},
		{
			"from": [-13, 11.9, 16],
			"to": [2, 13, 17],
			"faces": {
				"north": {"uv": [0, 0, 15, 1.1], "texture": "#3_1"},
				"east": {"uv": [0, 0, 15, 1.1], "texture": "#3_1"},
				"south": {"uv": [0, 0, 15, 1.1], "texture": "#3_1"},
				"west": {"uv": [0, 0, 15, 1.1], "texture": "#3_1"},
				"up": {"uv": [0, 0, 15, 1.1], "texture": "#3_1"},
				"down": {"uv": [0, 0, 15, 1.1], "texture": "#3_1"}
			}
		},
		{
			"from": [-13, 10.3, 16],
			"to": [2, 11.8, 17],
			"faces": {
				"north": {"uv": [0, 0, 15, 1.5], "texture": "#3_1"},
				"east": {"uv": [0, 0, 15, 1.5], "texture": "#3_1"},
				"south": {"uv": [0, 0, 15, 1.5], "texture": "#3_1"},
				"west": {"uv": [0, 0, 15, 1.5], "texture": "#3_1"},
				"up": {"uv": [0, 0, 15, 1.5], "texture": "#3_1"},
				"down": {"uv": [0, 0, 15, 1.5], "texture": "#3_1"}
			}
		},
		{
			"from": [-12.5, 11.4, 16.25],
			"to": [-9, 12.4, 17.5],
			"faces": {
				"north": {"uv": [0, 0, 3.5, 1], "texture": "#3_1"},
				"east": {"uv": [0, 0, 1.25, 1], "texture": "#3_1"},
				"south": {"uv": [0, 0, 3.5, 1], "texture": "#3_1"},
				"west": {"uv": [0, 0, 1.25, 1], "texture": "#3_1"},
				"up": {"uv": [0, 0, 3.5, 1.25], "texture": "#3_1"},
				"down": {"uv": [0, 0, 3.5, 1.25], "texture": "#3_1"}
			}
		},
		{
			"from": [-12, 3, -0.5],
			"to": [-1, 11, -0.5],
			"faces": {
				"north": {"uv": [2.5, 0, 12, 6], "texture": "#3"}
			}
		},
		{
			"from": [-12.2, 1.8, 0.5],
			"to": [-12.2, 10.8, 11.5],
			"faces": {
				"west": {"uv": [2.5, 0, 12, 6], "rotation": 180, "texture": "#3"}
			}
		},
		{
			"from": [-12.5, 3, 6.5],
			"to": [-12.5, 19, 15.5],
			"faces": {
				"west": {"uv": [0, 0, 8, 16], "texture": "#4"}
			}
		},
		{
			"from": [-5.99426, 9.72183, 2.31332],
			"to": [3.00574, 12.72183, 2.31332],
			"rotation": {"angle": 22.5, "axis": "x", "origin": [10.00574, 17.72183, 9.51332]},
			"faces": {
				"north": {"uv": [0, 14, 8, 16], "texture": "#4"}
			}
		},
		{
			"from": [-5.98818, 8.41963, 4.49372],
			"to": [3.01182, 11.41963, 4.49372],
			"rotation": {"angle": 45, "axis": "x", "origin": [10.01182, 16.41963, 11.69372]},
			"faces": {
				"north": {"uv": [0, 12, 8, 14], "texture": "#4"}
			}
		},
		{
			"from": [-5.98198, 21.58123, 5.21019],
			"to": [3.01802, 21.58123, 7.21019],
			"rotation": {"angle": -22.5, "axis": "x", "origin": [10.01802, 14.38123, 13.21019]},
			"faces": {
				"up": {"uv": [0, 11, 8, 13], "rotation": 180, "texture": "#4"}
			}
		},
		{
			"from": [-5.97753, 18.73759, 4.90662],
			"to": [3.02247, 18.73759, 11.90662],
			"faces": {
				"up": {"uv": [0, 4.5, 8, 10.5], "rotation": 180, "texture": "#4"}
			}
		},
		{
			"from": [-10.37753, 18.43759, 5.90662],
			"to": [-1.37753, 18.43759, 12.90662],
			"faces": {
				"up": {"uv": [0, 8.5, 8, 14.5], "rotation": 180, "texture": "#4"}
			}
		},
		{
			"from": [-5.99426, 9.72183, 13.68668],
			"to": [3.00574, 12.72183, 13.68668],
			"rotation": {"angle": -22.5, "axis": "x", "origin": [10.00574, 17.72183, 6.48668]},
			"faces": {
				"south": {"uv": [8, 0, 0, 2], "rotation": 180, "texture": "#4"}
			}
		},
		{
			"from": [-5.98818, 8.41963, 11.50628],
			"to": [3.01182, 11.41963, 11.50628],
			"rotation": {"angle": -45, "axis": "x", "origin": [10.01182, 16.41963, 4.30628]},
			"faces": {
				"south": {"uv": [8, 2.5, 0, 4.5], "rotation": 180, "texture": "#4"}
			}
		},
		{
			"from": [-5.98198, 21.58123, 8.78981],
			"to": [3.01802, 21.58123, 10.78981],
			"rotation": {"angle": 22.5, "axis": "x", "origin": [10.01802, 14.38123, 2.78981]},
			"faces": {
				"up": {"uv": [0, 6.5, 8, 4.5], "rotation": 180, "texture": "#4"}
			}
		},
		{
			"from": [-10.37838, 8.87462, 11.48767],
			"to": [-1.37838, 11.87462, 11.48767],
			"rotation": {"angle": -45, "axis": "x", "origin": [5.62162, 16.87462, 4.28767]},
			"faces": {
				"south": {"uv": [8, 9, 0, 11], "rotation": 180, "texture": "#4"}
			}
		},
		{
			"from": [-10.38445, 10.17682, 13.66807],
			"to": [-1.38445, 13.17682, 13.66807],
			"rotation": {"angle": -22.5, "axis": "x", "origin": [5.61555, 18.17682, 6.46807]},
			"faces": {
				"south": {"uv": [8, 11.5, 0, 13.5], "rotation": 180, "texture": "#4"}
			}
		},
		{
			"from": [-12.5, 12, -2.4],
			"to": [-1.5, 17, -2.4],
			"rotation": {"angle": 22.5, "axis": "x", "origin": [-6.5, 7, -0.5]},
			"faces": {
				"north": {"uv": [2.5, 2, 12, 6], "rotation": 180, "texture": "#3"}
			}
		},
		{
			"from": [-5.5, 2.1, 16.45],
			"to": [5.5, 10.1, 16.45],
			"faces": {
				"south": {"uv": [12, 6, 2.5, 0], "texture": "#3"}
			}
		},
		{
			"from": [-12.5, 0.35, 16.7],
			"to": [-1.5, 8.35, 16.7],
			"faces": {
				"south": {"uv": [13.5, 13, 4, 7], "texture": "#3"}
			}
		},
		{
			"from": [4.45, 2.6, 0.5],
			"to": [4.45, 17.1, 11.5],
			"faces": {
				"east": {"uv": [9.5, 9.5, 0, 0], "texture": "#4"}
			}
		},
		{
			"from": [4.45, 0.6, 7.1],
			"to": [4.45, 8.6, 18.1],
			"faces": {
				"east": {"uv": [9.5, 16, 0, 10], "texture": "#4"}
			}
		},
		{
			"from": [1, 3, 16.5],
			"to": [12, 11, 16.5],
			"faces": {
				"south": {"uv": [12, 0, 2.5, 6], "texture": "#3"}
			}
		},
		{
			"from": [0.8, 1.8, 4.5],
			"to": [0.8, 10.8, 15.5],
			"faces": {
				"west": {"uv": [12, 0, 2.5, 6], "rotation": 180, "texture": "#3"}
			}
		},
		{
			"from": [0.5, 3, 0.5],
			"to": [0.5, 19, 9.5],
			"faces": {
				"west": {"uv": [8, 0, 0, 16], "texture": "#4"}
			}
		},
		{
			"from": [7.00574, 9.72183, 13.68668],
			"to": [16.00574, 12.72183, 13.68668],
			"rotation": {"angle": -22.5, "axis": "x", "origin": [23.00574, 17.72183, 6.48668]},
			"faces": {
				"south": {"uv": [8, 14, 0, 16], "texture": "#4"}
			}
		},
		{
			"from": [7.01182, 8.41963, 11.50628],
			"to": [16.01182, 11.41963, 11.50628],
			"rotation": {"angle": -45, "axis": "x", "origin": [23.01182, 16.41963, 4.30628]},
			"faces": {
				"south": {"uv": [8, 12, 0, 14], "texture": "#4"}
			}
		},
		{
			"from": [7.01802, 21.58123, 8.78981],
			"to": [16.01802, 21.58123, 10.78981],
			"rotation": {"angle": 22.5, "axis": "x", "origin": [23.01802, 14.38123, 2.78981]},
			"faces": {
				"up": {"uv": [0, 13, 8, 11], "rotation": 180, "texture": "#4"}
			}
		},
		{
			"from": [7.02247, 18.73759, 4.09338],
			"to": [16.02247, 18.73759, 11.09338],
			"faces": {
				"up": {"uv": [0, 10.5, 8, 4.5], "rotation": 180, "texture": "#4"}
			}
		},
		{
			"from": [2.62247, 18.43759, 3.09338],
			"to": [11.62247, 18.43759, 10.09338],
			"faces": {
				"up": {"uv": [0, 14.5, 8, 8.5], "rotation": 180, "texture": "#4"}
			}
		},
		{
			"from": [7.00574, 9.72183, 2.31332],
			"to": [16.00574, 12.72183, 2.31332],
			"rotation": {"angle": 22.5, "axis": "x", "origin": [23.00574, 17.72183, 9.51332]},
			"faces": {
				"north": {"uv": [0, 0, 8, 2], "rotation": 180, "texture": "#4"}
			}
		},
		{
			"from": [7.01182, 8.41963, 4.49372],
			"to": [16.01182, 11.41963, 4.49372],
			"rotation": {"angle": 45, "axis": "x", "origin": [23.01182, 16.41963, 11.69372]},
			"faces": {
				"north": {"uv": [0, 2.5, 8, 4.5], "rotation": 180, "texture": "#4"}
			}
		},
		{
			"from": [7.01802, 21.58123, 5.21019],
			"to": [16.01802, 21.58123, 7.21019],
			"rotation": {"angle": -22.5, "axis": "x", "origin": [23.01802, 14.38123, 13.21019]},
			"faces": {
				"up": {"uv": [0, 4.5, 8, 6.5], "rotation": 180, "texture": "#4"}
			}
		},
		{
			"from": [2.62162, 8.87462, 4.51233],
			"to": [11.62162, 11.87462, 4.51233],
			"rotation": {"angle": 45, "axis": "x", "origin": [18.62162, 16.87462, 11.71233]},
			"faces": {
				"north": {"uv": [0, 9, 8, 11], "rotation": 180, "texture": "#4"}
			}
		},
		{
			"from": [2.61555, 10.17682, 2.33193],
			"to": [11.61555, 13.17682, 2.33193],
			"rotation": {"angle": 22.5, "axis": "x", "origin": [18.61555, 18.17682, 9.53193]},
			"faces": {
				"north": {"uv": [0, 11.5, 8, 13.5], "rotation": 180, "texture": "#4"}
			}
		},
		{
			"from": [0.5, 12, 18.4],
			"to": [11.5, 17, 18.4],
			"rotation": {"angle": -22.5, "axis": "x", "origin": [6.5, 7, 16.5]},
			"faces": {
				"south": {"uv": [12, 2, 2.5, 6], "rotation": 180, "texture": "#3"}
			}
		},
		{
			"from": [7.5, 2.1, -0.45],
			"to": [18.5, 10.1, -0.45],
			"faces": {
				"north": {"uv": [2.5, 6, 12, 0], "texture": "#3"}
			}
		},
		{
			"from": [0.5, 0.35, -0.7],
			"to": [11.5, 8.35, -0.7],
			"faces": {
				"north": {"uv": [4, 13, 13.5, 7], "texture": "#3"}
			}
		},
		{
			"from": [17.45, 2.6, 4.5],
			"to": [17.45, 17.1, 15.5],
			"faces": {
				"east": {"uv": [0, 9.5, 9.5, 0], "texture": "#4"}
			}
		},
		{
			"from": [17.45, 0.6, -2.1],
			"to": [17.45, 8.6, 8.9],
			"faces": {
				"east": {"uv": [0, 16, 9.5, 10], "texture": "#4"}
			}
		}
	],
	"display": {
		"thirdperson_righthand": {
			"rotation": [75, 45, 0],
			"translation": [0, 2.5, 0],
			"scale": [0.375, 0.375, 0.375]
		},
		"thirdperson_lefthand": {
			"rotation": [75, 45, 0],
			"translation": [0, 2.5, 0],
			"scale": [0.375, 0.375, 0.375]
		},
		"firstperson_righthand": {
			"rotation": [0, 45, 0],
			"scale": [0.4, 0.4, 0.4]
		},
		"firstperson_lefthand": {
			"rotation": [0, 225, 0],
			"scale": [0.4, 0.4, 0.4]
		},
		"ground": {
			"scale": [0.5, 0.5, 0.5]
		},
		"gui": {
			"rotation": [30, 225, 0],
			"scale": [0.4, 0.4, 0.4]
		},
		"head": {
			"translation": [0, 10.5, 0],
			"scale": [0.5, 0.5, 0.5]
		},
		"fixed": {
			"translation": [-4.5, 0, 18],
			"scale": [2, 2, 2]
		}
	},
	"groups": [
		{
			"name": "1chest_nether",
			"origin": [8, 8, 8],
			"children": [
				{
					"name": "reference block",
					"origin": [8, 8, 8],
					"children": []
				},
				{
					"name": "Chest v1",
					"origin": [8, 8, 8],
					"children": [0, 1,
						{
							"name": "Top (Curved)",
							"origin": [8, 8, 8],
							"children": [2, 3, 4, 5, 6, 7, 8, 9, 10, 11, 12, 13, 14, 15]
						}, 16, 17, 18, 19, 20, 21, 22, 23, 24, 25, 26]
				},
				{
					"name": "Lock",
					"origin": [8, 8, 8],
					"children": [27, 28, 29, 30, 31, 32, 33, 34, 35, 36, 37, 38, 39]
				},
				{
					"name": "Frame",
					"origin": [8, 8, 8],
					"children": [40, 41, 42, 43, 44, 45, 46, 47, 48, 49, 50, 51, 52, 53, 54, 55, 56, 57,
						{
							"name": "Curve Frame1",
							"origin": [8, 8, 8],
							"children": [58, 59, 60, 61, 62, 63, 64]
						},
						{
							"name": "Curve Frame2",
							"origin": [8, 8, 8],
							"children": [65, 66, 67, 68, 69, 70, 71]
						}, 72, 73, 74, 75, 76, 77, 78, 79, 80, 81, 82]
				}
			]
		},
		{
			"name": "2chest_jungle",
			"origin": [8, 8, 8],
			"children": [
				{
					"name": "1chest_jungle",
					"origin": [8, 8, 8],
					"children": [
						{
							"name": "Vines",
							"origin": [8, 8, 8],
							"children": [83, 84, 85, 86, 87, 88, 89, 90, 91, 92, 93, 94, 95, 96, 97, 98, 99, 100]
						},
						{
							"name": "Vines2",
							"origin": [8, 8, 8],
							"children": [101, 102, 103, 104, 105, 106, 107, 108, 109, 110, 111, 112, 113, 114, 115, 116, 117, 118]
						}
					]
				}
			]
		}
	]
}