{
	"credit": "Made with Blockbench",
	"parent": "./cit_item",
	"textures": {
		"0": "block/MizunoArchive/acacia_planks_verticle"
	},
	"elements": [
		{
			"from": [1, 0, 2],
			"to": [4, 2, 14],
			"faces": {
				"north": {"uv": [2, 13, 14, 15], "texture": "#0"},
				"east": {"uv": [2, 13, 14, 15], "texture": "#0"},
				"south": {"uv": [2, 13, 14, 15], "texture": "#0"},
				"west": {"uv": [2, 13, 14, 15], "texture": "#0"},
				"up": {"uv": [2, 12, 14, 15], "texture": "#0"},
				"down": {"uv": [2, 13, 14, 15], "texture": "#0"}
			}
		},
		{
			"from": [1, 2, 4],
			"to": [4, 3, 12],
			"faces": {
				"north": {"uv": [0, 0, 3, 1], "texture": "#0"},
				"east": {"uv": [4, 13, 12, 14], "texture": "#0"},
				"south": {"uv": [0, 0, 3, 1], "texture": "#0"},
				"west": {"uv": [4, 13, 12, 14], "texture": "#0"},
				"up": {"uv": [2, 12, 10, 15], "rotation": 90, "texture": "#0"}
			}
		},
		{
			"from": [1.5, 3, 6],
			"to": [3.5, 11, 10],
			"faces": {
				"north": {"uv": [8, 8, 16, 10], "rotation": 90, "texture": "#0"},
				"east": {"uv": [0, 0, 8, 3], "rotation": 90, "texture": "#0"},
				"south": {"uv": [8, 8, 16, 10], "rotation": 90, "texture": "#0"},
				"west": {"uv": [0, 0, 8, 3], "rotation": 90, "texture": "#0"}
			}
		},
		{
			"from": [1.6, 5, 5],
			"to": [3.6, 9, 11],
			"faces": {
				"north": {"uv": [4, 4, 6, 7], "texture": "#0"},
				"east": {"uv": [0, 0, 6, 3], "texture": "#0"},
				"south": {"uv": [4, 4, 6, 7], "texture": "#0"},
				"west": {"uv": [0, 0, 6, 3], "texture": "#0"},
				"up": {"uv": [0, 0, 2, 6], "texture": "#0"},
				"down": {"uv": [0, 0, 2, 6], "texture": "#0"}
			}
		},
		{
			"from": [1, 11, 3.5],
			"to": [4, 15.5, 12.5],
			"faces": {
				"north": {"uv": [0, 0, 3, 3], "texture": "#0"},
				"east": {"uv": [1, 0, 10, 3], "texture": "#0"},
				"south": {"uv": [0, 0, 3, 3], "texture": "#0"},
				"west": {"uv": [1, 0, 10, 3], "texture": "#0"},
				"up": {"uv": [1, 0, 10, 3], "rotation": 90, "texture": "#0"},
				"down": {"uv": [1, 0, 10, 3], "rotation": 90, "texture": "#0"}
			}
		}
	]
}