{
	"credit": "Made with Blockbench",
	"parent": "./cit_item",
	"textures": {
		"0": "block/MizunoArchive/acacia_planks_verticle"
	},
	"elements": [
		{
			"from": [1, 0, 2],
			"to": [4, 2, 14],
			"faces": {
				"north": {"uv": [0, 0, 3, 1.99], "texture": "#0"},
				"east": {"uv": [2, 13, 14, 15], "texture": "#0"},
				"south": {"uv": [0, 0, 3, 1.99], "texture": "#0"},
				"west": {"uv": [2, 13, 14, 15], "texture": "#0"},
				"up": {"uv": [2, 12, 14, 15], "rotation": 90, "texture": "#0"},
				"down": {"uv": [0, 0, 3, 12], "texture": "#0"}
			}
		},
		{
			"from": [1, 2, 4],
			"to": [4, 3, 12],
			"faces": {
				"north": {"uv": [0, 0, 3, 1], "texture": "#0"},
				"east": {"uv": [4, 13, 12, 14], "texture": "#0"},
				"south": {"uv": [0, 0, 3, 1], "texture": "#0"},
				"west": {"uv": [4, 13, 12, 14], "texture": "#0"},
				"up": {"uv": [0, 0, 8, 3], "rotation": 90, "texture": "#0"}
			}
		},
		{
			"from": [1.5, 3, 6],
			"to": [3.5, 11, 10],
			"faces": {
				"north": {"uv": [8, 8, 16, 10], "rotation": 90, "texture": "#0"},
				"east": {"uv": [5, 4, 13, 7], "rotation": 90, "texture": "#0"},
				"south": {"uv": [8, 8, 16, 10], "rotation": 90, "texture": "#0"},
				"west": {"uv": [5, 4, 13, 7], "rotation": 90, "texture": "#0"}
			}
		},
		{
			"from": [1.7, 5, 5],
			"to": [3.7, 9, 11],
			"faces": {
				"north": {"uv": [8, 8, 10, 11], "texture": "#0"},
				"east": {"uv": [1, 12, 7, 15], "texture": "#0"},
				"south": {"uv": [8, 8, 10, 11], "texture": "#0"},
				"west": {"uv": [1, 12, 7, 15], "texture": "#0"},
				"up": {"uv": [0, 0, 2, 6], "texture": "#0"},
				"down": {"uv": [0, 0, 2, 6], "texture": "#0"}
			}
		},
		{
			"from": [1, 11, 3.5],
			"to": [4, 15.5, 12.5],
			"faces": {
				"north": {"uv": [2, 0, 5, 3], "texture": "#0"},
				"east": {"uv": [1, 0, 10, 3], "texture": "#0"},
				"south": {"uv": [2, 0, 5, 3], "texture": "#0"},
				"west": {"uv": [1, 0, 10, 3], "texture": "#0"},
				"up": {"uv": [1, 0, 10, 3], "rotation": 90, "texture": "#0"},
				"down": {"uv": [0, 0, 3, 9], "texture": "#0"}
			}
		},
		{
			"from": [3.5, 6, 6],
			"to": [12.5, 8, 10],
			"faces": {
				"north": {"uv": [4, 4, 13, 6], "texture": "#0"},
				"south": {"uv": [4, 4, 13, 6], "texture": "#0"},
				"up": {"uv": [5, 4, 14, 7], "texture": "#0"},
				"down": {"uv": [5, 4, 14, 7], "texture": "#0"}
			}
		},
		{
			"from": [12, 11, 3.5],
			"to": [15, 15.5, 12.5],
			"faces": {
				"north": {"uv": [2, 0, 5, 3], "texture": "#0"},
				"east": {"uv": [1, 0, 10, 3], "texture": "#0"},
				"south": {"uv": [2, 0, 5, 3], "texture": "#0"},
				"west": {"uv": [1, 0, 10, 3], "texture": "#0"},
				"up": {"uv": [1, 0, 10, 3], "rotation": 90, "texture": "#0"},
				"down": {"uv": [0, 0, 3, 9], "texture": "#0"}
			}
		},
		{
			"from": [12.4, 5, 5],
			"to": [14.4, 9, 11],
			"faces": {
				"north": {"uv": [8, 8, 10, 11], "texture": "#0"},
				"east": {"uv": [1, 12, 7, 15], "texture": "#0"},
				"south": {"uv": [8, 8, 10, 11], "texture": "#0"},
				"west": {"uv": [1, 12, 7, 15], "texture": "#0"},
				"up": {"uv": [0, 0, 2, 6], "texture": "#0"},
				"down": {"uv": [0, 0, 2, 6], "texture": "#0"}
			}
		},
		{
			"from": [12.5, 3, 6],
			"to": [14.5, 11, 10],
			"faces": {
				"north": {"uv": [8, 8, 16, 10], "rotation": 90, "texture": "#0"},
				"east": {"uv": [5, 4, 13, 7], "rotation": 90, "texture": "#0"},
				"south": {"uv": [8, 8, 16, 10], "rotation": 90, "texture": "#0"},
				"west": {"uv": [5, 4, 13, 7], "rotation": 90, "texture": "#0"}
			}
		},
		{
			"from": [12, 2, 4],
			"to": [15, 3, 12],
			"faces": {
				"north": {"uv": [0, 0, 3, 1], "texture": "#0"},
				"east": {"uv": [4, 13, 12, 14], "texture": "#0"},
				"south": {"uv": [0, 0, 3, 1], "texture": "#0"},
				"west": {"uv": [4, 13, 12, 14], "texture": "#0"},
				"up": {"uv": [0, 0, 8, 3], "rotation": 90, "texture": "#0"}
			}
		},
		{
			"from": [12, 0, 2],
			"to": [15, 2, 14],
			"faces": {
				"north": {"uv": [0, 0, 3, 1.99], "texture": "#0"},
				"east": {"uv": [2, 13, 14, 15], "texture": "#0"},
				"south": {"uv": [0, 0, 3, 1.99], "texture": "#0"},
				"west": {"uv": [2, 13, 14, 15], "texture": "#0"},
				"up": {"uv": [2, 12, 14, 15], "rotation": 90, "texture": "#0"},
				"down": {"uv": [0, 0, 3, 12], "texture": "#0"}
			}
		}
	]
}