{
	"credit": "Made with Blockbench",
	"parent": "./cit_item",
	"textures": {
		"0": "block/MizunoArchive/acacia_planks"
	},
	"elements": [
		{
			"from": [1, 0, 1],
			"to": [4, 15.5, 4],
			"faces": {
				"north": {"uv": [1, 0, 4, 15.5], "texture": "#0"},
				"east": {"uv": [1, 0, 4, 15.5], "texture": "#0"},
				"south": {"uv": [1, 0, 4, 15.5], "texture": "#0"},
				"west": {"uv": [1, 0, 4, 15.5], "texture": "#0"},
				"up": {"uv": [1, 0, 4, 15.5], "texture": "#0"},
				"down": {"uv": [1, 0, 4, 15.5], "texture": "#0"}
			}
		},
		{
			"from": [1, 0, 12],
			"to": [4, 15.5, 15],
			"faces": {
				"north": {"uv": [1, 0, 4, 15.5], "texture": "#0"},
				"east": {"uv": [1, 0, 4, 15.5], "texture": "#0"},
				"south": {"uv": [1, 0, 4, 15.5], "texture": "#0"},
				"west": {"uv": [1, 0, 4, 15.5], "texture": "#0"},
				"up": {"uv": [1, 0, 4, 15.5], "texture": "#0"},
				"down": {"uv": [1, 0, 4, 15.5], "texture": "#0"}
			}
		},
		{
			"from": [2, 2, 4],
			"to": [3, 4, 12],
			"faces": {
				"north": {"uv": [13, 0, 15, 8], "rotation": 90, "texture": "#0"},
				"east": {"uv": [13, 0, 15, 8], "rotation": 90, "texture": "#0"},
				"south": {"uv": [13, 0, 15, 8], "rotation": 90, "texture": "#0"},
				"west": {"uv": [13, 0, 15, 8], "rotation": 90, "texture": "#0"},
				"up": {"uv": [13, 0, 15, 8], "rotation": 90, "texture": "#0"},
				"down": {"uv": [13, 0, 15, 8], "rotation": 90, "texture": "#0"}
			}
		}
	]
}