{
	"credit": "Made with Blockbench",
	"parent": "./cit_item",
	"textures": {
		"0": "block/MizunoArchive/acacia_planks"
	},
	"elements": [
		{
			"from": [1, 0, 1],
			"to": [4, 15.5, 4],
			"faces": {
				"north": {"uv": [1, 0, 4, 15.5], "texture": "#0"},
				"east": {"uv": [1, 0, 4, 15.5], "texture": "#0"},
				"south": {"uv": [1, 0, 4, 15.5], "texture": "#0"},
				"west": {"uv": [1, 0, 4, 15.5], "texture": "#0"},
				"up": {"uv": [1, 0, 4, 15.5], "texture": "#0"},
				"down": {"uv": [1, 0, 4, 15.5], "texture": "#0"}
			}
		},
		{
			"from": [1, 0, 12],
			"to": [4, 15.5, 15],
			"faces": {
				"north": {"uv": [1, 0, 4, 15.5], "texture": "#0"},
				"east": {"uv": [1, 0, 4, 15.5], "texture": "#0"},
				"south": {"uv": [1, 0, 4, 15.5], "texture": "#0"},
				"west": {"uv": [1, 0, 4, 15.5], "texture": "#0"},
				"up": {"uv": [1, 0, 4, 15.5], "texture": "#0"},
				"down": {"uv": [1, 0, 4, 15.5], "texture": "#0"}
			}
		},
		{
			"from": [12, 0, 1],
			"to": [15, 15.5, 4],
			"faces": {
				"north": {"uv": [1, 0, 4, 15.5], "texture": "#0"},
				"east": {"uv": [1, 0, 4, 15.5], "texture": "#0"},
				"south": {"uv": [1, 0, 4, 15.5], "texture": "#0"},
				"west": {"uv": [1, 0, 4, 15.5], "texture": "#0"},
				"up": {"uv": [1, 0, 4, 15.5], "texture": "#0"},
				"down": {"uv": [1, 0, 4, 15.5], "texture": "#0"}
			}
		},
		{
			"from": [12, 0, 12],
			"to": [15, 15.5, 15],
			"faces": {
				"north": {"uv": [1, 0, 4, 15.5], "texture": "#0"},
				"east": {"uv": [1, 0, 4, 15.5], "texture": "#0"},
				"south": {"uv": [1, 0, 4, 15.5], "texture": "#0"},
				"west": {"uv": [1, 0, 4, 15.5], "texture": "#0"},
				"up": {"uv": [1, 0, 4, 15.5], "texture": "#0"},
				"down": {"uv": [1, 0, 4, 15.5], "texture": "#0"}
			}
		},
		{
			"from": [7.5, 2, 0],
			"to": [8.5, 4, 16],
			"rotation": {"angle": 45, "axis": "y", "origin": [8, 3, 8]},
			"faces": {
				"north": {"uv": [1, 0, 3, 16], "rotation": 90, "texture": "#0"},
				"east": {"uv": [1, 0, 3, 16], "rotation": 90, "texture": "#0"},
				"south": {"uv": [1, 0, 3, 16], "rotation": 90, "texture": "#0"},
				"west": {"uv": [1, 0, 3, 16], "rotation": 90, "texture": "#0"},
				"up": {"uv": [0, 0, 1, 16], "texture": "#0"},
				"down": {"uv": [0, 0, 1, 16], "texture": "#0"}
			}
		},
		{
			"from": [0, 2, 7.5],
			"to": [16, 4, 8.5],
			"rotation": {"angle": 45, "axis": "y", "origin": [8, 3, 8]},
			"faces": {
				"north": {"uv": [1, 0, 3, 16], "rotation": 90, "texture": "#0"},
				"east": {"uv": [1, 0, 3, 16], "rotation": 90, "texture": "#0"},
				"south": {"uv": [1, 0, 3, 16], "rotation": 90, "texture": "#0"},
				"west": {"uv": [1, 0, 3, 16], "rotation": 90, "texture": "#0"},
				"up": {"uv": [0, 0, 1, 16], "rotation": 90, "texture": "#0"},
				"down": {"uv": [0, 0, 1, 16], "rotation": 90, "texture": "#0"}
			}
		}
	]
}