{
	"credit": "Made with Blockbench",
	"parent": "./cit_item",
	"textures": {
		"0": "block/MizunoArchive/acacia_planks"
	},
	"elements": [
		{
			"from": [3, 0, 3],
			"to": [5, 11, 5],
			"rotation": {"angle": 0, "axis": "y", "origin": [9.5, 8, 9.5]},
			"faces": {
				"north": {"uv": [1, 0, 3, 11], "texture": "#0"},
				"east": {"uv": [1, 0, 3, 11], "texture": "#0"},
				"south": {"uv": [1, 0, 3, 11], "texture": "#0"},
				"west": {"uv": [1, 0, 3, 11], "texture": "#0"},
				"up": {"uv": [1, 0, 3, 11], "texture": "#0"},
				"down": {"uv": [1, 0, 3, 11], "texture": "#0"}
			}
		},
		{
			"from": [2.5, 3, 2.5],
			"to": [5.5, 8, 5.5],
			"rotation": {"angle": 0, "axis": "y", "origin": [9.5, 8, 9.5]},
			"faces": {
				"north": {"uv": [12, 1, 15, 6.5], "texture": "#0"},
				"east": {"uv": [12, 1, 15, 6.5], "texture": "#0"},
				"south": {"uv": [12, 1, 15, 6.5], "texture": "#0"},
				"west": {"uv": [12, 1, 15, 6.5], "texture": "#0"},
				"up": {"uv": [1, 0, 4, 5.5], "texture": "#0"},
				"down": {"uv": [1, 0, 4, 5.5], "texture": "#0"}
			}
		},
		{
			"from": [2.5, 10, 2.5],
			"to": [5.5, 15.5, 5.5],
			"rotation": {"angle": 0, "axis": "y", "origin": [9.5, 8, 9.5]},
			"faces": {
				"north": {"uv": [0, 5, 3, 10.5], "texture": "#0"},
				"east": {"uv": [0, 5, 3, 10.5], "texture": "#0"},
				"south": {"uv": [0, 5, 3, 10.5], "texture": "#0"},
				"west": {"uv": [0, 5, 3, 10.5], "texture": "#0"},
				"up": {"uv": [1, 0, 4, 5.5], "texture": "#0"},
				"down": {"uv": [1, 0, 4, 5.5], "texture": "#0"}
			}
		}
	]
}