{
	"credit": "Made with Blockbench",
	"textures": {
		"0": "block/MizunoArchive/acacia_log",
		"1": "block/MizunoArchive/stripped_spruce_log",
		"2": "block/Register",
		"particle": "block/MizunoArchive/acacia_log"
	},
	"elements": [
		{
			"from": [2.4, 9, 10.5],
			"to": [13.6, 9.75, 12.75],
			"rotation": {"angle": 0, "axis": "y", "origin": [10.5, 9.75, 11.5]},
			"faces": {
				"north": {"uv": [0, 0, 1, 1], "texture": "#0"},
				"east": {"uv": [0, 0, 1, 1], "texture": "#0"},
				"south": {"uv": [0, 0, 1, 1], "texture": "#0"},
				"west": {"uv": [0, 0, 1, 1], "texture": "#0"},
				"up": {"uv": [0, 0, 1, 1], "texture": "#0"},
				"down": {"uv": [0, 0, 1, 1], "texture": "#0"}
			}
		},
		{
			"from": [2.4, 3.75, 10.5],
			"to": [2.95, 9, 12.75],
			"rotation": {"angle": 0, "axis": "y", "origin": [10.5, 9.75, 11.5]},
			"faces": {
				"north": {"uv": [0, 0, 1, 1], "texture": "#0"},
				"east": {"uv": [0, 0, 1, 1], "texture": "#0"},
				"south": {"uv": [0, 0, 1, 1], "texture": "#0"},
				"west": {"uv": [0, 0, 1, 1], "texture": "#0"},
				"up": {"uv": [0, 0, 1, 1], "texture": "#0"},
				"down": {"uv": [0, 0, 1, 1], "texture": "#0"}
			}
		},
		{
			"from": [13.05, 3.75, 10.5],
			"to": [13.6, 9, 12.75],
			"rotation": {"angle": 0, "axis": "y", "origin": [5.5, 9.75, 11.5]},
			"faces": {
				"north": {"uv": [1, 0, 0, 1], "texture": "#0"},
				"east": {"uv": [1, 0, 0, 1], "texture": "#0"},
				"south": {"uv": [1, 0, 0, 1], "texture": "#0"},
				"west": {"uv": [1, 0, 0, 1], "texture": "#0"},
				"up": {"uv": [1, 0, 0, 1], "texture": "#0"},
				"down": {"uv": [1, 0, 0, 1], "texture": "#0"}
			}
		},
		{
			"from": [2.4, 3, 4.5],
			"to": [13.6, 3.75, 12.75],
			"rotation": {"angle": 0, "axis": "y", "origin": [10.5, 9.75, 11.5]},
			"faces": {
				"north": {"uv": [0, 0, 1, 1], "texture": "#0"},
				"east": {"uv": [0, 0, 1, 1], "texture": "#0"},
				"south": {"uv": [0, 0, 1, 1], "texture": "#0"},
				"west": {"uv": [0, 0, 1, 1], "texture": "#0"},
				"up": {"uv": [0, 0, 1, 1], "texture": "#0"},
				"down": {"uv": [0, 0, 1, 1], "texture": "#0"}
			}
		},
		{
			"from": [2.9, 3.75, 10.5],
			"to": [13.1, 9, 12.65],
			"rotation": {"angle": 0, "axis": "y", "origin": [10.5, 11.75, 11.5]},
			"faces": {
				"north": {"uv": [0, 0, 1, 1], "texture": "#0"},
				"east": {"uv": [0, 0, 1, 1], "texture": "#0"},
				"south": {"uv": [1, 1, 14, 11.25], "texture": "#0"},
				"west": {"uv": [0, 0, 1, 1], "texture": "#0"},
				"up": {"uv": [0, 0, 1, 1], "texture": "#0"},
				"down": {"uv": [0, 0, 11, 3], "texture": "#0"}
			}
		},
		{
			"from": [2.5, 3.74998, 5.50002],
			"to": [13.49, 4.74998, 10.50002],
			"rotation": {"angle": 0, "axis": "y", "origin": [10.4, 10.74998, 13.50002]},
			"faces": {
				"north": {"uv": [2, 1, 3, 2], "texture": "#0"},
				"east": {"uv": [2, 1, 3, 2], "texture": "#0"},
				"south": {"uv": [0, 0, 10.99, 1], "texture": "#missing"},
				"west": {"uv": [2, 1, 3, 2], "texture": "#0"},
				"up": {"uv": [0, 0, 10.99, 5], "texture": "#missing"},
				"down": {"uv": [0, 0, 10.99, 5], "texture": "#missing"}
			}
		},
		{
			"from": [2.5, 1.07955, 7.95252],
			"to": [13.49, 3.07955, 10.95252],
			"rotation": {"angle": 22.5, "axis": "x", "origin": [10.4, 9.07955, 15.95252]},
			"faces": {
				"north": {"uv": [2, 1, 3, 2], "texture": "#0"},
				"east": {"uv": [2, 1, 3, 2], "texture": "#0"},
				"south": {"uv": [0, 0, 10.99, 2], "texture": "#missing"},
				"west": {"uv": [2, 1, 3, 2], "texture": "#0"},
				"up": {"uv": [0, 0, 10.99, 3], "texture": "#missing"},
				"down": {"uv": [0, 0, 10.99, 3], "texture": "#missing"}
			}
		},
		{
			"from": [2.50002, 3.02715, 9.5275],
			"to": [13.49002, 8.77715, 10.5275],
			"rotation": {"angle": 0, "axis": "x", "origin": [10.40002, 0.77715, 17.5275]},
			"faces": {
				"north": {"uv": [0, 0, 10.99, 5.75], "rotation": 180, "texture": "#missing"},
				"east": {"uv": [2, 1, 3, 2], "texture": "#0"},
				"south": {"uv": [0, 0, 10.99, 5.75], "texture": "#missing"},
				"west": {"uv": [2, 1, 3, 2], "texture": "#0"},
				"up": {"uv": [0, 0, 10.99, 1], "rotation": 180, "texture": "#missing"},
				"down": {"uv": [0, 0, 10.99, 1], "texture": "#missing"}
			}
		},
		{
			"from": [2.50001, 9.08229, 10.13219],
			"to": [13.49001, 11.68229, 12.13219],
			"rotation": {"angle": -22.5, "axis": "x", "origin": [10.40001, 3.68229, 18.13219]},
			"faces": {
				"north": {"uv": [0, 0, 10.99, 2.6], "rotation": 180, "texture": "#missing"},
				"east": {"uv": [2, 1, 3, 2], "texture": "#0"},
				"south": {"uv": [0, 0, 10.99, 2.6], "texture": "#missing"},
				"west": {"uv": [2, 1, 3, 2], "texture": "#0"},
				"up": {"uv": [3, 4, 13, 8], "rotation": 180, "texture": "#0"},
				"down": {"uv": [0, 0, 10.99, 2], "texture": "#missing"}
			}
		},
		{
			"from": [2.5, -1.4023, 9.57913],
			"to": [13.49, 0.5977, 13.57913],
			"rotation": {"angle": 45, "axis": "x", "origin": [10.4, 6.5977, 17.57913]},
			"faces": {
				"north": {"uv": [3, 8, 13, 12], "texture": "#0"},
				"east": {"uv": [2, 1, 3, 2], "texture": "#0"},
				"south": {"uv": [0, 0, 10.99, 2], "texture": "#missing"},
				"west": {"uv": [2, 1, 3, 2], "texture": "#0"},
				"up": {"uv": [0, 0, 10.99, 4], "texture": "#missing"},
				"down": {"uv": [0, 0, 10.99, 4], "texture": "#missing"}
			}
		},
		{
			"from": [2.40002, 9.73601, 12.26394],
			"to": [2.85002, 11.23601, 12.76394],
			"rotation": {"angle": 0, "axis": "y", "origin": [-0.14998, 11.73601, 12.26394]},
			"faces": {
				"north": {"uv": [0.45, 0, 0.9, 1.5], "texture": "#0"},
				"east": {"uv": [0.5, 0, 1, 1.5], "texture": "#0"},
				"south": {"uv": [1, 0, 1.45, 1.5], "texture": "#0"},
				"west": {"uv": [1, 0, 0, 1], "texture": "#0"},
				"up": {"uv": [0, 0.5, 0.45, 1], "texture": "#0"},
				"down": {"uv": [0, 0.5, 0.45, 1], "texture": "#0"}
			}
		},
		{
			"from": [5.15002, 9.73602, 12.26394],
			"to": [5.60002, 11.23602, 12.76394],
			"rotation": {"angle": 0, "axis": "y", "origin": [2.60002, 11.73602, 12.26394]},
			"faces": {
				"north": {"uv": [0.45, 0, 0.9, 1.5], "texture": "#0"},
				"east": {"uv": [1, 0, 1.5, 1.5], "texture": "#0"},
				"south": {"uv": [1, 0, 1.45, 1.5], "texture": "#0"},
				"west": {"uv": [1, 0, 1.5, 1.5], "texture": "#0"},
				"up": {"uv": [0, 0.5, 0.45, 1], "texture": "#0"},
				"down": {"uv": [0, 0.5, 0.45, 1], "texture": "#0"}
			}
		},
		{
			"from": [3.15002, 9.73602, 12.31394],
			"to": [4.90002, 10.68602, 12.56394],
			"rotation": {"angle": 0, "axis": "y", "origin": [11.80002, 17.73602, 20.31394]},
			"faces": {
				"north": {"uv": [6, 0, 10.3, 2.2], "texture": "#2"},
				"east": {"uv": [6, 0, 6.25, 2.2], "texture": "#2"},
				"south": {"uv": [6, 0, 10.3, 2.2], "texture": "#2"},
				"west": {"uv": [6, 0, 6.25, 2.2], "texture": "#2"},
				"up": {"uv": [6, 0, 10.3, 0.25], "texture": "#2"},
				"down": {"uv": [0, 0, 1.75, 0.25], "texture": "#2"}
			}
		},
		{
			"from": [6.68792, 12.06945, 10.51294],
			"to": [7.38792, 12.56945, 12.76294],
			"rotation": {"angle": -45, "axis": "z", "origin": [4.88792, 14.06945, 10.76394]},
			"faces": {
				"north": {"uv": [0, 0, 1, 1], "texture": "#0"},
				"east": {"uv": [2.25, 0, 4.5, 0.5], "texture": "#0"},
				"south": {"uv": [0, 0, 0.7, 0.5], "texture": "#0"},
				"west": {"uv": [2.25, 0, 4.5, 0.5], "texture": "#0"},
				"up": {"uv": [0, 0, 1, 1], "texture": "#0"},
				"down": {"uv": [0, 2.25, 0.7, 4.5], "texture": "#0"}
			}
		},
		{
			"from": [2.90002, 11.23602, 10.51394],
			"to": [5.10002, 11.73602, 12.76394],
			"rotation": {"angle": 0, "axis": "y", "origin": [2.60002, 13.23602, 11.76394]},
			"faces": {
				"north": {"uv": [1, 0, 0, 1], "texture": "#0"},
				"east": {"uv": [3, 0, 0, 0.5], "texture": "#0"},
				"south": {"uv": [1, 0, 0, 1], "texture": "#0"},
				"west": {"uv": [3, 0, 0, 0.5], "texture": "#0"},
				"up": {"uv": [0, 1, 1, 0], "texture": "#0"},
				"down": {"uv": [0, 3, 2.2, 0], "texture": "#0"}
			}
		},
		{
			"from": [1.87158, 9.02891, 10.51294],
			"to": [2.57158, 9.52891, 12.76294],
			"rotation": {"angle": 45, "axis": "z", "origin": [0.07158, 11.02891, 10.76394]},
			"faces": {
				"north": {"uv": [0, 0, 1, 1], "texture": "#0"},
				"east": {"uv": [2.25, 0, 4.5, 0.5], "texture": "#0"},
				"south": {"uv": [0, 0, 0.7, 0.5], "texture": "#0"},
				"west": {"uv": [2.25, 0, 4.5, 0.5], "texture": "#0"},
				"up": {"uv": [0, 0, 1, 1], "texture": "#0"},
				"down": {"uv": [0, 2.25, 0.7, 4.5], "texture": "#0"}
			}
		},
		{
			"from": [2.40002, 9.73602, 10.51394],
			"to": [5.60002, 11.23602, 12.26394],
			"rotation": {"angle": 0, "axis": "y", "origin": [2.60002, 11.73602, 11.76394]},
			"faces": {
				"north": {"uv": [1, 0, 0, 1], "texture": "#0"},
				"east": {"uv": [1, 0, 0, 1], "texture": "#0"},
				"south": {"uv": [3, 1, 2, 2], "texture": "#0"},
				"west": {"uv": [1, 0, 0, 1], "texture": "#0"},
				"up": {"uv": [0, 2.5, 3.2, 0], "texture": "#0"},
				"down": {"uv": [0, 2.5, 3.2, 0], "texture": "#0"}
			}
		},
		{
			"from": [11.535, 9.95, 11.75],
			"to": [12.435, 11.25, 12],
			"rotation": {"angle": 0, "axis": "y", "origin": [18.735, 17.95, 19.75]},
			"faces": {
				"north": {"uv": [6, 2.5, 7.7, 4.7], "texture": "#2"},
				"east": {"uv": [0, 0, 0.25, 1.5], "texture": "#2"},
				"south": {"uv": [2, 2.5, 3.7, 4.7], "texture": "#2"},
				"west": {"uv": [0, 0, 0.25, 1.5], "texture": "#2"},
				"up": {"uv": [0, 0, 1, 0.25], "texture": "#2"},
				"down": {"uv": [0, 0, 1, 0.25], "texture": "#2"}
			}
		},
		{
			"from": [10.41, 9.95, 11.75],
			"to": [11.31, 11.25, 12],
			"rotation": {"angle": 0, "axis": "y", "origin": [17.61, 17.95, 19.75]},
			"faces": {
				"north": {"uv": [6, 2.5, 7.7, 4.7], "texture": "#2"},
				"east": {"uv": [0, 0, 0.25, 1.5], "texture": "#2"},
				"south": {"uv": [2, 2.5, 3.7, 4.7], "texture": "#2"},
				"west": {"uv": [0, 0, 0.25, 1.5], "texture": "#2"},
				"up": {"uv": [0, 0, 1, 0.25], "texture": "#2"},
				"down": {"uv": [0, 0, 1, 0.25], "texture": "#2"}
			}
		},
		{
			"from": [9.285, 9.95, 11.75],
			"to": [10.185, 11.25, 12],
			"rotation": {"angle": 0, "axis": "y", "origin": [16.485, 17.95, 19.75]},
			"faces": {
				"north": {"uv": [6, 2.5, 7.7, 4.7], "texture": "#2"},
				"east": {"uv": [0, 0, 0.25, 1.5], "texture": "#2"},
				"south": {"uv": [0, 2.5, 1.7, 4.7], "texture": "#2"},
				"west": {"uv": [0, 0, 0.25, 1.5], "texture": "#2"},
				"up": {"uv": [0, 0, 1, 0.25], "texture": "#2"},
				"down": {"uv": [0, 0, 1, 0.25], "texture": "#2"}
			}
		},
		{
			"from": [8.16, 9.95, 11.75],
			"to": [9.06, 11.25, 12],
			"rotation": {"angle": 0, "axis": "y", "origin": [15.36, 17.95, 19.75]},
			"faces": {
				"north": {"uv": [6, 2.5, 7.7, 4.7], "texture": "#2"},
				"east": {"uv": [0, 0, 0.25, 1.5], "texture": "#2"},
				"south": {"uv": [4, 0, 5.7, 2.2], "texture": "#2"},
				"west": {"uv": [0, 0, 0.25, 1.5], "texture": "#2"},
				"up": {"uv": [0, 0, 1, 0.25], "texture": "#2"},
				"down": {"uv": [0, 0, 1, 0.25], "texture": "#2"}
			}
		},
		{
			"from": [7.035, 9.95, 11.75],
			"to": [7.935, 11.25, 12],
			"rotation": {"angle": 0, "axis": "y", "origin": [14.235, 17.95, 19.75]},
			"faces": {
				"north": {"uv": [6, 2.5, 7.7, 4.7], "texture": "#2"},
				"east": {"uv": [0, 0, 0.25, 1.5], "texture": "#2"},
				"south": {"uv": [2, 0, 3.7, 2.2], "texture": "#2"},
				"west": {"uv": [0, 0, 0.25, 1.5], "texture": "#2"},
				"up": {"uv": [0, 0, 1, 0.25], "texture": "#2"},
				"down": {"uv": [0, 0, 1, 0.25], "texture": "#2"}
			}
		},
		{
			"from": [5.91, 9.95, 11.75],
			"to": [6.81, 11.25, 12],
			"rotation": {"angle": 0, "axis": "y", "origin": [13.11, 17.95, 19.75]},
			"faces": {
				"north": {"uv": [6, 2.5, 7.7, 4.7], "texture": "#2"},
				"east": {"uv": [0, 0, 0.25, 1.5], "texture": "#2"},
				"south": {"uv": [0, 0, 1.7, 2.2], "texture": "#2"},
				"west": {"uv": [0, 0, 0.25, 1.5], "texture": "#2"},
				"up": {"uv": [0, 0, 1, 0.25], "texture": "#2"},
				"down": {"uv": [0, 0, 1, 0.25], "texture": "#2"}
			}
		},
		{
			"from": [5.55, 9.75, 11.45],
			"to": [12.9, 10, 12.3],
			"rotation": {"angle": 0, "axis": "y", "origin": [12.8, 11.75, 11.25]},
			"faces": {
				"north": {"uv": [4, 2, 5, 3], "texture": "#0"},
				"east": {"uv": [4, 2, 5, 3], "texture": "#0"},
				"south": {"uv": [4, 2, 5, 3], "texture": "#0"},
				"west": {"uv": [4, 2, 5, 3], "texture": "#0"},
				"up": {"uv": [4, 2, 5, 3], "texture": "#0"},
				"down": {"uv": [4, 2, 5, 3], "texture": "#0"}
			}
		},
		{
			"from": [2.40005, 8.65819, 9.43174],
			"to": [13.60005, 9.00819, 10.53174],
			"rotation": {"angle": 0, "axis": "x", "origin": [10.50005, 0.75819, 17.53174]},
			"faces": {
				"north": {"uv": [0, 0, 1, 1], "texture": "#0"},
				"east": {"uv": [0, 0, 1, 1], "texture": "#0"},
				"south": {"uv": [0, 0, 1, 1], "texture": "#0"},
				"west": {"uv": [0, 0, 1, 1], "texture": "#0"},
				"up": {"uv": [0, 0, 1, 1], "texture": "#0"},
				"down": {"uv": [0, 0, 1, 1], "texture": "#0"}
			}
		},
		{
			"from": [2.40001, 11.58229, 10.13219],
			"to": [3.10001, 11.93229, 12.13219],
			"rotation": {"angle": -22.5, "axis": "x", "origin": [10.50001, 3.68229, 18.13219]},
			"faces": {
				"north": {"uv": [0, 0, 1, 1], "texture": "#0"},
				"east": {"uv": [0, 0, 1, 1], "texture": "#0"},
				"south": {"uv": [0, 0, 1, 1], "texture": "#0"},
				"west": {"uv": [0, 0, 1, 1], "texture": "#0"},
				"up": {"uv": [0, 0, 1, 1], "texture": "#0"},
				"down": {"uv": [0, 0, 1, 1], "texture": "#0"}
			}
		},
		{
			"from": [2.39992, -1.47727, 9.3603],
			"to": [3.09992, 0.72273, 9.7103],
			"rotation": {"angle": 45, "axis": "x", "origin": [10.49992, 6.62273, 17.5603]},
			"faces": {
				"north": {"uv": [0, 0, 1, 1], "texture": "#0"},
				"east": {"uv": [0, 0, 1, 1], "texture": "#0"},
				"south": {"uv": [0, 0, 1, 1], "texture": "#0"},
				"west": {"uv": [0, 0, 1, 1], "texture": "#0"},
				"up": {"uv": [0, 0, 1, 1], "texture": "#0"},
				"down": {"uv": [0, 0, 1, 1], "texture": "#0"}
			}
		},
		{
			"from": [2.4, 1.07955, 7.70252],
			"to": [3.1, 3.07955, 8.05252],
			"rotation": {"angle": 22.5, "axis": "x", "origin": [10.5, 9.07955, 15.95252]},
			"faces": {
				"north": {"uv": [0, 0, 1, 1], "texture": "#0"},
				"east": {"uv": [0, 0, 1, 1], "texture": "#0"},
				"south": {"uv": [0, 0, 1, 1], "texture": "#0"},
				"west": {"uv": [0, 0, 1, 1], "texture": "#0"},
				"up": {"uv": [0, 0, 1, 1], "texture": "#0"},
				"down": {"uv": [0, 0, 1, 1], "texture": "#0"}
			}
		},
		{
			"from": [2.4, 3.74998, 5.25002],
			"to": [3.1, 4.84998, 5.60002],
			"rotation": {"angle": 0, "axis": "y", "origin": [10.5, 10.74998, 13.50002]},
			"faces": {
				"north": {"uv": [0, 0, 1, 1], "texture": "#0"},
				"east": {"uv": [0, 0, 1, 1], "texture": "#0"},
				"south": {"uv": [0, 0, 1, 1], "texture": "#0"},
				"west": {"uv": [0, 0, 1, 1], "texture": "#0"},
				"up": {"uv": [0, 0, 1, 1], "texture": "#0"},
				"down": {"uv": [0, 0, 1, 1], "texture": "#0"}
			}
		},
		{
			"from": [2.89996, 3.7499, 5.25014],
			"to": [13.09996, 4.2499, 5.50014],
			"rotation": {"angle": 0, "axis": "x", "origin": [10.49996, 10.2499, 13.50014]},
			"faces": {
				"north": {"uv": [0, 0, 1, 1], "texture": "#0"},
				"east": {"uv": [0, 0, 1, 1], "texture": "#0"},
				"south": {"uv": [0, 0, 1, 1], "texture": "#0"},
				"west": {"uv": [0, 0, 1, 1], "texture": "#0"},
				"up": {"uv": [0, 0, 1, 1], "texture": "#0"},
				"down": {"uv": [0, 0, 1, 1], "texture": "#0"}
			}
		},
		{
			"from": [2.9, 2.57955, 7.70252],
			"to": [13.1, 3.07955, 7.95252],
			"rotation": {"angle": 22.5, "axis": "x", "origin": [10.5, 9.07955, 15.95252]},
			"faces": {
				"north": {"uv": [0, 0, 1, 1], "texture": "#0"},
				"east": {"uv": [0, 0, 1, 1], "texture": "#0"},
				"south": {"uv": [0, 0, 1, 1], "texture": "#0"},
				"west": {"uv": [0, 0, 1, 1], "texture": "#0"},
				"up": {"uv": [0, 0, 1, 1], "texture": "#0"},
				"down": {"uv": [0, 0, 1, 1], "texture": "#0"}
			}
		},
		{
			"from": [12.90001, 11.58229, 10.13219],
			"to": [13.60001, 11.93229, 12.13219],
			"rotation": {"angle": -22.5, "axis": "x", "origin": [21.00001, 3.68229, 18.13219]},
			"faces": {
				"north": {"uv": [0, 0, 1, 1], "texture": "#0"},
				"east": {"uv": [0, 0, 1, 1], "texture": "#0"},
				"south": {"uv": [0, 0, 1, 1], "texture": "#0"},
				"west": {"uv": [0, 0, 1, 1], "texture": "#0"},
				"up": {"uv": [0, 0, 1, 1], "texture": "#0"},
				"down": {"uv": [0, 0, 1, 1], "texture": "#0"}
			}
		},
		{
			"from": [12.89992, -1.47727, 9.3603],
			"to": [13.59992, 0.72273, 9.7103],
			"rotation": {"angle": 45, "axis": "x", "origin": [20.99992, 6.62273, 17.5603]},
			"faces": {
				"north": {"uv": [0, 0, 1, 1], "texture": "#0"},
				"east": {"uv": [0, 0, 1, 1], "texture": "#0"},
				"south": {"uv": [0, 0, 1, 1], "texture": "#0"},
				"west": {"uv": [0, 0, 1, 1], "texture": "#0"},
				"up": {"uv": [0, 0, 1, 1], "texture": "#0"},
				"down": {"uv": [0, 0, 1, 1], "texture": "#0"}
			}
		},
		{
			"from": [12.9, 1.07955, 7.70252],
			"to": [13.6, 3.07955, 8.05252],
			"rotation": {"angle": 22.5, "axis": "x", "origin": [21, 9.07955, 15.95252]},
			"faces": {
				"north": {"uv": [0, 0, 1, 1], "texture": "#0"},
				"east": {"uv": [0, 0, 1, 1], "texture": "#0"},
				"south": {"uv": [0, 0, 1, 1], "texture": "#0"},
				"west": {"uv": [0, 0, 1, 1], "texture": "#0"},
				"up": {"uv": [0, 0, 1, 1], "texture": "#0"},
				"down": {"uv": [0, 0, 1, 1], "texture": "#0"}
			}
		},
		{
			"from": [12.9, 3.74998, 5.25002],
			"to": [13.6, 4.84998, 5.60002],
			"rotation": {"angle": 0, "axis": "y", "origin": [21, 10.74998, 13.50002]},
			"faces": {
				"north": {"uv": [0, 0, 1, 1], "texture": "#0"},
				"east": {"uv": [0, 0, 1, 1], "texture": "#0"},
				"south": {"uv": [0, 0, 1, 1], "texture": "#0"},
				"west": {"uv": [0, 0, 1, 1], "texture": "#0"},
				"up": {"uv": [0, 0, 1, 1], "texture": "#0"},
				"down": {"uv": [0, 0, 1, 1], "texture": "#0"}
			}
		},
		{
			"from": [1.75, 2.8, 3.25],
			"to": [14.25, 3.05, 13.5],
			"rotation": {"angle": 0, "axis": "y", "origin": [10, 10.8, 11.5]},
			"faces": {
				"north": {"uv": [0, 0, 12.5, 0.25], "texture": "#1"},
				"east": {"uv": [0, 0, 10.25, 0.25], "texture": "#1"},
				"south": {"uv": [0, 0, 12.5, 0.25], "texture": "#1"},
				"west": {"uv": [0, 0, 10.25, 0.25], "texture": "#1"},
				"up": {"uv": [0, 0, 12.5, 10.25], "texture": "#1"},
				"down": {"uv": [0, 0, 12.5, 10.25], "texture": "#1"}
			}
		},
		{
			"from": [2, 0, 3.5],
			"to": [14, 3, 13.25],
			"rotation": {"angle": 0, "axis": "y", "origin": [10, 8, 11.5]},
			"faces": {
				"north": {"uv": [0, 0, 12, 3], "texture": "#1"},
				"east": {"uv": [0, 0, 9.75, 3], "texture": "#1"},
				"south": {"uv": [0, 0, 12, 3], "texture": "#1"},
				"west": {"uv": [0, 0, 9.75, 3], "texture": "#1"},
				"up": {"uv": [0, 0, 12, 9.75], "texture": "#1"},
				"down": {"uv": [0, 0, 12, 9.75], "texture": "#1"}
			}
		},
		{
			"from": [1.75, 0, 3.25],
			"to": [14.25, 0.25, 13.5],
			"rotation": {"angle": 0, "axis": "y", "origin": [10, 8, 11.5]},
			"faces": {
				"north": {"uv": [0, 0, 12.5, 0.25], "texture": "#1"},
				"east": {"uv": [0, 0, 10.25, 0.25], "texture": "#1"},
				"south": {"uv": [0, 0, 12.5, 0.25], "texture": "#1"},
				"west": {"uv": [0, 0, 10.25, 0.25], "texture": "#1"},
				"up": {"uv": [0, 0, 12.5, 10.25], "texture": "#1"},
				"down": {"uv": [0, 0, 12.5, 10.25], "texture": "#1"}
			}
		},
		{
			"from": [2.5, 0.5, 3.35],
			"to": [13.5, 2.5, 3.5],
			"rotation": {"angle": 0, "axis": "y", "origin": [10, 8, 11.25]},
			"faces": {
				"north": {"uv": [7, 0, 11, 16], "rotation": 90, "texture": "#1"},
				"east": {"uv": [0, 4, 1, 5], "texture": "#1"},
				"south": {"uv": [0, 0, 11, 2], "texture": "#1"},
				"west": {"uv": [0, 4, 1, 5], "texture": "#1"},
				"up": {"uv": [0, 4, 1, 5], "texture": "#1"},
				"down": {"uv": [0, 4, 1, 5], "texture": "#1"}
			}
		},
		{
			"from": [9.85, 1.35, 3],
			"to": [10.15, 1.65, 4],
			"rotation": {"angle": 0, "axis": "y", "origin": [17.25, 9.25, 11]},
			"faces": {
				"north": {"uv": [2, 1, 3, 2], "texture": "#0"},
				"east": {"uv": [2, 1, 3, 2], "texture": "#0"},
				"south": {"uv": [2, 1, 3, 2], "texture": "#0"},
				"west": {"uv": [2, 1, 3, 2], "texture": "#0"},
				"up": {"uv": [2, 1, 3, 2], "texture": "#0"},
				"down": {"uv": [2, 1, 3, 2], "texture": "#0"}
			}
		},
		{
			"from": [5.85, 1.35, 3],
			"to": [6.15, 1.65, 4],
			"rotation": {"angle": 0, "axis": "y", "origin": [13.25, 9.25, 11]},
			"faces": {
				"north": {"uv": [2, 1, 3, 2], "texture": "#0"},
				"east": {"uv": [2, 1, 3, 2], "texture": "#0"},
				"south": {"uv": [2, 1, 3, 2], "texture": "#0"},
				"west": {"uv": [2, 1, 3, 2], "texture": "#0"},
				"up": {"uv": [2, 1, 3, 2], "texture": "#0"},
				"down": {"uv": [2, 1, 3, 2], "texture": "#0"}
			}
		},
		{
			"from": [5.25, 1.35, 2.6],
			"to": [10.75, 1.65, 3],
			"rotation": {"angle": 0, "axis": "y", "origin": [13.25, 9.25, 10]},
			"faces": {
				"north": {"uv": [2, 1, 3, 2], "texture": "#0"},
				"east": {"uv": [2, 1, 3, 2], "texture": "#0"},
				"south": {"uv": [2, 1, 3, 2], "texture": "#0"},
				"west": {"uv": [2, 1, 3, 2], "texture": "#0"},
				"up": {"uv": [2, 1, 3, 2], "texture": "#0"},
				"down": {"uv": [2, 1, 3, 2], "texture": "#0"}
			}
		},
		{
			"from": [12.225, 4.55, 4.2],
			"to": [12.775, 4.9, 4.85],
			"rotation": {"angle": 0, "axis": "y", "origin": [20.375, 12.65, 12.85]},
			"faces": {
				"north": {"uv": [7, 2, 8, 3], "texture": "#0"},
				"east": {"uv": [7, 2, 8, 3], "texture": "#0"},
				"south": {"uv": [7, 2, 8, 3], "texture": "#0"},
				"west": {"uv": [7, 2, 8, 3], "texture": "#0"},
				"up": {"uv": [7, 2, 8, 3], "texture": "#0"},
				"down": {"uv": [7, 2, 8, 3], "texture": "#0"}
			}
		},
		{
			"from": [11.225, 4.55, 4.2],
			"to": [11.775, 4.9, 4.85],
			"rotation": {"angle": 0, "axis": "y", "origin": [19.375, 12.65, 12.85]},
			"faces": {
				"north": {"uv": [7, 2, 8, 3], "texture": "#0"},
				"east": {"uv": [7, 2, 8, 3], "texture": "#0"},
				"south": {"uv": [7, 2, 8, 3], "texture": "#0"},
				"west": {"uv": [7, 2, 8, 3], "texture": "#0"},
				"up": {"uv": [7, 2, 8, 3], "texture": "#0"},
				"down": {"uv": [7, 2, 8, 3], "texture": "#0"}
			}
		},
		{
			"from": [10.225, 4.55, 4.2],
			"to": [10.775, 4.9, 4.85],
			"rotation": {"angle": 0, "axis": "y", "origin": [18.375, 12.65, 12.85]},
			"faces": {
				"north": {"uv": [7, 2, 8, 3], "texture": "#0"},
				"east": {"uv": [7, 2, 8, 3], "texture": "#0"},
				"south": {"uv": [7, 2, 8, 3], "texture": "#0"},
				"west": {"uv": [7, 2, 8, 3], "texture": "#0"},
				"up": {"uv": [7, 2, 8, 3], "texture": "#0"},
				"down": {"uv": [7, 2, 8, 3], "texture": "#0"}
			}
		},
		{
			"from": [9.225, 4.55, 4.2],
			"to": [9.775, 4.9, 4.85],
			"rotation": {"angle": 0, "axis": "y", "origin": [17.375, 12.65, 12.85]},
			"faces": {
				"north": {"uv": [7, 2, 8, 3], "texture": "#0"},
				"east": {"uv": [7, 2, 8, 3], "texture": "#0"},
				"south": {"uv": [7, 2, 8, 3], "texture": "#0"},
				"west": {"uv": [7, 2, 8, 3], "texture": "#0"},
				"up": {"uv": [7, 2, 8, 3], "texture": "#0"},
				"down": {"uv": [7, 2, 8, 3], "texture": "#0"}
			}
		},
		{
			"from": [8.225, 4.55, 4.2],
			"to": [8.775, 4.9, 4.85],
			"rotation": {"angle": 0, "axis": "y", "origin": [16.375, 12.65, 12.85]},
			"faces": {
				"north": {"uv": [7, 2, 8, 3], "texture": "#0"},
				"east": {"uv": [7, 2, 8, 3], "texture": "#0"},
				"south": {"uv": [7, 2, 8, 3], "texture": "#0"},
				"west": {"uv": [7, 2, 8, 3], "texture": "#0"},
				"up": {"uv": [7, 2, 8, 3], "texture": "#0"},
				"down": {"uv": [7, 2, 8, 3], "texture": "#0"}
			}
		},
		{
			"from": [7.225, 4.55, 4.2],
			"to": [7.775, 4.9, 4.85],
			"rotation": {"angle": 0, "axis": "y", "origin": [15.375, 12.65, 12.85]},
			"faces": {
				"north": {"uv": [7, 2, 8, 3], "texture": "#0"},
				"east": {"uv": [7, 2, 8, 3], "texture": "#0"},
				"south": {"uv": [7, 2, 8, 3], "texture": "#0"},
				"west": {"uv": [7, 2, 8, 3], "texture": "#0"},
				"up": {"uv": [7, 2, 8, 3], "texture": "#0"},
				"down": {"uv": [7, 2, 8, 3], "texture": "#0"}
			}
		},
		{
			"from": [6.225, 4.55, 4.2],
			"to": [6.775, 4.9, 4.85],
			"rotation": {"angle": 0, "axis": "y", "origin": [14.375, 12.65, 12.85]},
			"faces": {
				"north": {"uv": [7, 2, 8, 3], "texture": "#0"},
				"east": {"uv": [7, 2, 8, 3], "texture": "#0"},
				"south": {"uv": [7, 2, 8, 3], "texture": "#0"},
				"west": {"uv": [7, 2, 8, 3], "texture": "#0"},
				"up": {"uv": [7, 2, 8, 3], "texture": "#0"},
				"down": {"uv": [7, 2, 8, 3], "texture": "#0"}
			}
		},
		{
			"from": [5.225, 4.55, 4.2],
			"to": [5.775, 4.9, 4.85],
			"rotation": {"angle": 0, "axis": "y", "origin": [13.375, 12.65, 12.85]},
			"faces": {
				"north": {"uv": [7, 2, 8, 3], "texture": "#0"},
				"east": {"uv": [7, 2, 8, 3], "texture": "#0"},
				"south": {"uv": [7, 2, 8, 3], "texture": "#0"},
				"west": {"uv": [7, 2, 8, 3], "texture": "#0"},
				"up": {"uv": [7, 2, 8, 3], "texture": "#0"},
				"down": {"uv": [7, 2, 8, 3], "texture": "#0"}
			}
		},
		{
			"from": [4.225, 4.55, 4.2],
			"to": [4.775, 4.9, 4.85],
			"rotation": {"angle": 0, "axis": "y", "origin": [12.375, 12.65, 12.85]},
			"faces": {
				"north": {"uv": [7, 2, 8, 3], "texture": "#0"},
				"east": {"uv": [7, 2, 8, 3], "texture": "#0"},
				"south": {"uv": [7, 2, 8, 3], "texture": "#0"},
				"west": {"uv": [7, 2, 8, 3], "texture": "#0"},
				"up": {"uv": [7, 2, 8, 3], "texture": "#0"},
				"down": {"uv": [7, 2, 8, 3], "texture": "#0"}
			}
		},
		{
			"from": [3.225, 4.55, 4.2],
			"to": [3.775, 4.9, 4.85],
			"rotation": {"angle": 0, "axis": "y", "origin": [11.375, 12.65, 12.85]},
			"faces": {
				"north": {"uv": [7, 2, 8, 3], "texture": "#0"},
				"east": {"uv": [7, 2, 8, 3], "texture": "#0"},
				"south": {"uv": [7, 2, 8, 3], "texture": "#0"},
				"west": {"uv": [7, 2, 8, 3], "texture": "#0"},
				"up": {"uv": [7, 2, 8, 3], "texture": "#0"},
				"down": {"uv": [7, 2, 8, 3], "texture": "#0"}
			}
		},
		{
			"from": [3.375, 4.65, 4.85],
			"to": [3.625, 4.9, 5.85],
			"rotation": {"angle": 0, "axis": "y", "origin": [11.375, 12.65, 12.85]},
			"faces": {
				"north": {"uv": [7, 2, 8, 3], "texture": "#0"},
				"east": {"uv": [7, 2, 8, 3], "texture": "#0"},
				"south": {"uv": [7, 2, 8, 3], "texture": "#0"},
				"west": {"uv": [7, 2, 8, 3], "texture": "#0"},
				"up": {"uv": [7, 2, 8, 3], "texture": "#0"},
				"down": {"uv": [7, 2, 8, 3], "texture": "#0"}
			}
		},
		{
			"from": [4.375, 4.65, 4.85],
			"to": [4.625, 4.9, 5.85],
			"rotation": {"angle": 0, "axis": "y", "origin": [12.375, 12.65, 12.85]},
			"faces": {
				"north": {"uv": [7, 2, 8, 3], "texture": "#0"},
				"east": {"uv": [7, 2, 8, 3], "texture": "#0"},
				"south": {"uv": [7, 2, 8, 3], "texture": "#0"},
				"west": {"uv": [7, 2, 8, 3], "texture": "#0"},
				"up": {"uv": [7, 2, 8, 3], "texture": "#0"},
				"down": {"uv": [7, 2, 8, 3], "texture": "#0"}
			}
		},
		{
			"from": [5.375, 4.65, 4.85],
			"to": [5.625, 4.9, 5.85],
			"rotation": {"angle": 0, "axis": "y", "origin": [13.375, 12.65, 12.85]},
			"faces": {
				"north": {"uv": [7, 2, 8, 3], "texture": "#0"},
				"east": {"uv": [7, 2, 8, 3], "texture": "#0"},
				"south": {"uv": [7, 2, 8, 3], "texture": "#0"},
				"west": {"uv": [7, 2, 8, 3], "texture": "#0"},
				"up": {"uv": [7, 2, 8, 3], "texture": "#0"},
				"down": {"uv": [7, 2, 8, 3], "texture": "#0"}
			}
		},
		{
			"from": [6.375, 4.65, 4.85],
			"to": [6.625, 4.9, 5.85],
			"rotation": {"angle": 0, "axis": "y", "origin": [14.375, 12.65, 12.85]},
			"faces": {
				"north": {"uv": [7, 2, 8, 3], "texture": "#0"},
				"east": {"uv": [7, 2, 8, 3], "texture": "#0"},
				"south": {"uv": [7, 2, 8, 3], "texture": "#0"},
				"west": {"uv": [7, 2, 8, 3], "texture": "#0"},
				"up": {"uv": [7, 2, 8, 3], "texture": "#0"},
				"down": {"uv": [7, 2, 8, 3], "texture": "#0"}
			}
		},
		{
			"from": [7.375, 4.65, 4.85],
			"to": [7.625, 4.9, 5.85],
			"rotation": {"angle": 0, "axis": "y", "origin": [15.375, 12.65, 12.85]},
			"faces": {
				"north": {"uv": [7, 2, 8, 3], "texture": "#0"},
				"east": {"uv": [7, 2, 8, 3], "texture": "#0"},
				"south": {"uv": [7, 2, 8, 3], "texture": "#0"},
				"west": {"uv": [7, 2, 8, 3], "texture": "#0"},
				"up": {"uv": [7, 2, 8, 3], "texture": "#0"},
				"down": {"uv": [7, 2, 8, 3], "texture": "#0"}
			}
		},
		{
			"from": [8.375, 4.65, 4.85],
			"to": [8.625, 4.9, 5.85],
			"rotation": {"angle": 0, "axis": "y", "origin": [16.375, 12.65, 12.85]},
			"faces": {
				"north": {"uv": [7, 2, 8, 3], "texture": "#0"},
				"east": {"uv": [7, 2, 8, 3], "texture": "#0"},
				"south": {"uv": [7, 2, 8, 3], "texture": "#0"},
				"west": {"uv": [7, 2, 8, 3], "texture": "#0"},
				"up": {"uv": [7, 2, 8, 3], "texture": "#0"},
				"down": {"uv": [7, 2, 8, 3], "texture": "#0"}
			}
		},
		{
			"from": [9.375, 4.65, 4.85],
			"to": [9.625, 4.9, 5.85],
			"rotation": {"angle": 0, "axis": "y", "origin": [17.375, 12.65, 12.85]},
			"faces": {
				"north": {"uv": [7, 2, 8, 3], "texture": "#0"},
				"east": {"uv": [7, 2, 8, 3], "texture": "#0"},
				"south": {"uv": [7, 2, 8, 3], "texture": "#0"},
				"west": {"uv": [7, 2, 8, 3], "texture": "#0"},
				"up": {"uv": [7, 2, 8, 3], "texture": "#0"},
				"down": {"uv": [7, 2, 8, 3], "texture": "#0"}
			}
		},
		{
			"from": [10.375, 4.65, 4.85],
			"to": [10.625, 4.9, 5.85],
			"rotation": {"angle": 0, "axis": "y", "origin": [18.375, 12.65, 12.85]},
			"faces": {
				"north": {"uv": [7, 2, 8, 3], "texture": "#0"},
				"east": {"uv": [7, 2, 8, 3], "texture": "#0"},
				"south": {"uv": [7, 2, 8, 3], "texture": "#0"},
				"west": {"uv": [7, 2, 8, 3], "texture": "#0"},
				"up": {"uv": [7, 2, 8, 3], "texture": "#0"},
				"down": {"uv": [7, 2, 8, 3], "texture": "#0"}
			}
		},
		{
			"from": [11.375, 4.65, 4.85],
			"to": [11.625, 4.9, 5.85],
			"rotation": {"angle": 0, "axis": "y", "origin": [19.375, 12.65, 12.85]},
			"faces": {
				"north": {"uv": [7, 2, 8, 3], "texture": "#0"},
				"east": {"uv": [7, 2, 8, 3], "texture": "#0"},
				"south": {"uv": [7, 2, 8, 3], "texture": "#0"},
				"west": {"uv": [7, 2, 8, 3], "texture": "#0"},
				"up": {"uv": [7, 2, 8, 3], "texture": "#0"},
				"down": {"uv": [7, 2, 8, 3], "texture": "#0"}
			}
		},
		{
			"from": [12.375, 4.65, 4.85],
			"to": [12.625, 4.9, 5.85],
			"rotation": {"angle": 0, "axis": "y", "origin": [20.375, 12.65, 12.85]},
			"faces": {
				"north": {"uv": [7, 2, 8, 3], "texture": "#0"},
				"east": {"uv": [7, 2, 8, 3], "texture": "#0"},
				"south": {"uv": [7, 2, 8, 3], "texture": "#0"},
				"west": {"uv": [7, 2, 8, 3], "texture": "#0"},
				"up": {"uv": [7, 2, 8, 3], "texture": "#0"},
				"down": {"uv": [7, 2, 8, 3], "texture": "#0"}
			}
		},
		{
			"from": [12.225, 5.6, 4.6],
			"to": [12.775, 5.95, 5.25],
			"rotation": {"angle": 0, "axis": "y", "origin": [20.375, 13.7, 13.25]},
			"faces": {
				"north": {"uv": [7, 2, 8, 3], "texture": "#0"},
				"east": {"uv": [7, 2, 8, 3], "texture": "#0"},
				"south": {"uv": [7, 2, 8, 3], "texture": "#0"},
				"west": {"uv": [7, 2, 8, 3], "texture": "#0"},
				"up": {"uv": [7, 2, 8, 3], "texture": "#0"},
				"down": {"uv": [7, 2, 8, 3], "texture": "#0"}
			}
		},
		{
			"from": [11.225, 5.6, 4.6],
			"to": [11.775, 5.95, 5.25],
			"rotation": {"angle": 0, "axis": "y", "origin": [19.375, 13.7, 13.25]},
			"faces": {
				"north": {"uv": [7, 2, 8, 3], "texture": "#0"},
				"east": {"uv": [7, 2, 8, 3], "texture": "#0"},
				"south": {"uv": [7, 2, 8, 3], "texture": "#0"},
				"west": {"uv": [7, 2, 8, 3], "texture": "#0"},
				"up": {"uv": [7, 2, 8, 3], "texture": "#0"},
				"down": {"uv": [7, 2, 8, 3], "texture": "#0"}
			}
		},
		{
			"from": [10.225, 5.6, 4.6],
			"to": [10.775, 5.95, 5.25],
			"rotation": {"angle": 0, "axis": "y", "origin": [18.375, 13.7, 13.25]},
			"faces": {
				"north": {"uv": [7, 2, 8, 3], "texture": "#0"},
				"east": {"uv": [7, 2, 8, 3], "texture": "#0"},
				"south": {"uv": [7, 2, 8, 3], "texture": "#0"},
				"west": {"uv": [7, 2, 8, 3], "texture": "#0"},
				"up": {"uv": [7, 2, 8, 3], "texture": "#0"},
				"down": {"uv": [7, 2, 8, 3], "texture": "#0"}
			}
		},
		{
			"from": [9.225, 5.6, 4.6],
			"to": [9.775, 5.95, 5.25],
			"rotation": {"angle": 0, "axis": "y", "origin": [17.375, 13.7, 13.25]},
			"faces": {
				"north": {"uv": [7, 2, 8, 3], "texture": "#0"},
				"east": {"uv": [7, 2, 8, 3], "texture": "#0"},
				"south": {"uv": [7, 2, 8, 3], "texture": "#0"},
				"west": {"uv": [7, 2, 8, 3], "texture": "#0"},
				"up": {"uv": [7, 2, 8, 3], "texture": "#0"},
				"down": {"uv": [7, 2, 8, 3], "texture": "#0"}
			}
		},
		{
			"from": [8.225, 5.6, 4.6],
			"to": [8.775, 5.95, 5.25],
			"rotation": {"angle": 0, "axis": "y", "origin": [16.375, 13.7, 13.25]},
			"faces": {
				"north": {"uv": [7, 2, 8, 3], "texture": "#0"},
				"east": {"uv": [7, 2, 8, 3], "texture": "#0"},
				"south": {"uv": [7, 2, 8, 3], "texture": "#0"},
				"west": {"uv": [7, 2, 8, 3], "texture": "#0"},
				"up": {"uv": [7, 2, 8, 3], "texture": "#0"},
				"down": {"uv": [7, 2, 8, 3], "texture": "#0"}
			}
		},
		{
			"from": [7.225, 5.6, 4.6],
			"to": [7.775, 5.95, 5.25],
			"rotation": {"angle": 0, "axis": "y", "origin": [15.375, 13.7, 13.25]},
			"faces": {
				"north": {"uv": [7, 2, 8, 3], "texture": "#0"},
				"east": {"uv": [7, 2, 8, 3], "texture": "#0"},
				"south": {"uv": [7, 2, 8, 3], "texture": "#0"},
				"west": {"uv": [7, 2, 8, 3], "texture": "#0"},
				"up": {"uv": [7, 2, 8, 3], "texture": "#0"},
				"down": {"uv": [7, 2, 8, 3], "texture": "#0"}
			}
		},
		{
			"from": [6.225, 5.6, 4.6],
			"to": [6.775, 5.95, 5.25],
			"rotation": {"angle": 0, "axis": "y", "origin": [14.375, 13.7, 13.25]},
			"faces": {
				"north": {"uv": [7, 2, 8, 3], "texture": "#0"},
				"east": {"uv": [7, 2, 8, 3], "texture": "#0"},
				"south": {"uv": [7, 2, 8, 3], "texture": "#0"},
				"west": {"uv": [7, 2, 8, 3], "texture": "#0"},
				"up": {"uv": [7, 2, 8, 3], "texture": "#0"},
				"down": {"uv": [7, 2, 8, 3], "texture": "#0"}
			}
		},
		{
			"from": [5.225, 5.6, 4.6],
			"to": [5.775, 5.95, 5.25],
			"rotation": {"angle": 0, "axis": "y", "origin": [13.375, 13.7, 13.25]},
			"faces": {
				"north": {"uv": [7, 2, 8, 3], "texture": "#0"},
				"east": {"uv": [7, 2, 8, 3], "texture": "#0"},
				"south": {"uv": [7, 2, 8, 3], "texture": "#0"},
				"west": {"uv": [7, 2, 8, 3], "texture": "#0"},
				"up": {"uv": [7, 2, 8, 3], "texture": "#0"},
				"down": {"uv": [7, 2, 8, 3], "texture": "#0"}
			}
		},
		{
			"from": [4.225, 5.6, 4.6],
			"to": [4.775, 5.95, 5.25],
			"rotation": {"angle": 0, "axis": "y", "origin": [12.375, 13.7, 13.25]},
			"faces": {
				"north": {"uv": [7, 2, 8, 3], "texture": "#0"},
				"east": {"uv": [7, 2, 8, 3], "texture": "#0"},
				"south": {"uv": [7, 2, 8, 3], "texture": "#0"},
				"west": {"uv": [7, 2, 8, 3], "texture": "#0"},
				"up": {"uv": [7, 2, 8, 3], "texture": "#0"},
				"down": {"uv": [7, 2, 8, 3], "texture": "#0"}
			}
		},
		{
			"from": [3.225, 5.6, 4.6],
			"to": [3.775, 5.95, 5.25],
			"rotation": {"angle": 0, "axis": "y", "origin": [11.375, 13.7, 13.25]},
			"faces": {
				"north": {"uv": [7, 2, 8, 3], "texture": "#0"},
				"east": {"uv": [7, 2, 8, 3], "texture": "#0"},
				"south": {"uv": [7, 2, 8, 3], "texture": "#0"},
				"west": {"uv": [7, 2, 8, 3], "texture": "#0"},
				"up": {"uv": [7, 2, 8, 3], "texture": "#0"},
				"down": {"uv": [7, 2, 8, 3], "texture": "#0"}
			}
		},
		{
			"from": [3.375, 5.7, 5.25],
			"to": [3.625, 5.95, 6.25],
			"rotation": {"angle": 0, "axis": "y", "origin": [11.375, 13.7, 13.25]},
			"faces": {
				"north": {"uv": [7, 2, 8, 3], "texture": "#0"},
				"east": {"uv": [7, 2, 8, 3], "texture": "#0"},
				"south": {"uv": [7, 2, 8, 3], "texture": "#0"},
				"west": {"uv": [7, 2, 8, 3], "texture": "#0"},
				"up": {"uv": [7, 2, 8, 3], "texture": "#0"},
				"down": {"uv": [7, 2, 8, 3], "texture": "#0"}
			}
		},
		{
			"from": [4.375, 5.7, 5.25],
			"to": [4.625, 5.95, 6.25],
			"rotation": {"angle": 0, "axis": "y", "origin": [12.375, 13.7, 13.25]},
			"faces": {
				"north": {"uv": [7, 2, 8, 3], "texture": "#0"},
				"east": {"uv": [7, 2, 8, 3], "texture": "#0"},
				"south": {"uv": [7, 2, 8, 3], "texture": "#0"},
				"west": {"uv": [7, 2, 8, 3], "texture": "#0"},
				"up": {"uv": [7, 2, 8, 3], "texture": "#0"},
				"down": {"uv": [7, 2, 8, 3], "texture": "#0"}
			}
		},
		{
			"from": [5.375, 5.7, 5.25],
			"to": [5.625, 5.95, 6.25],
			"rotation": {"angle": 0, "axis": "y", "origin": [13.375, 13.7, 13.25]},
			"faces": {
				"north": {"uv": [7, 2, 8, 3], "texture": "#0"},
				"east": {"uv": [7, 2, 8, 3], "texture": "#0"},
				"south": {"uv": [7, 2, 8, 3], "texture": "#0"},
				"west": {"uv": [7, 2, 8, 3], "texture": "#0"},
				"up": {"uv": [7, 2, 8, 3], "texture": "#0"},
				"down": {"uv": [7, 2, 8, 3], "texture": "#0"}
			}
		},
		{
			"from": [6.375, 5.7, 5.25],
			"to": [6.625, 5.95, 6.25],
			"rotation": {"angle": 0, "axis": "y", "origin": [14.375, 13.7, 13.25]},
			"faces": {
				"north": {"uv": [7, 2, 8, 3], "texture": "#0"},
				"east": {"uv": [7, 2, 8, 3], "texture": "#0"},
				"south": {"uv": [7, 2, 8, 3], "texture": "#0"},
				"west": {"uv": [7, 2, 8, 3], "texture": "#0"},
				"up": {"uv": [7, 2, 8, 3], "texture": "#0"},
				"down": {"uv": [7, 2, 8, 3], "texture": "#0"}
			}
		},
		{
			"from": [7.375, 5.7, 5.25],
			"to": [7.625, 5.95, 6.25],
			"rotation": {"angle": 0, "axis": "y", "origin": [15.375, 13.7, 13.25]},
			"faces": {
				"north": {"uv": [7, 2, 8, 3], "texture": "#0"},
				"east": {"uv": [7, 2, 8, 3], "texture": "#0"},
				"south": {"uv": [7, 2, 8, 3], "texture": "#0"},
				"west": {"uv": [7, 2, 8, 3], "texture": "#0"},
				"up": {"uv": [7, 2, 8, 3], "texture": "#0"},
				"down": {"uv": [7, 2, 8, 3], "texture": "#0"}
			}
		},
		{
			"from": [8.375, 5.7, 5.25],
			"to": [8.625, 5.95, 6.25],
			"rotation": {"angle": 0, "axis": "y", "origin": [16.375, 13.7, 13.25]},
			"faces": {
				"north": {"uv": [7, 2, 8, 3], "texture": "#0"},
				"east": {"uv": [7, 2, 8, 3], "texture": "#0"},
				"south": {"uv": [7, 2, 8, 3], "texture": "#0"},
				"west": {"uv": [7, 2, 8, 3], "texture": "#0"},
				"up": {"uv": [7, 2, 8, 3], "texture": "#0"},
				"down": {"uv": [7, 2, 8, 3], "texture": "#0"}
			}
		},
		{
			"from": [9.375, 5.7, 5.25],
			"to": [9.625, 5.95, 6.25],
			"rotation": {"angle": 0, "axis": "y", "origin": [17.375, 13.7, 13.25]},
			"faces": {
				"north": {"uv": [7, 2, 8, 3], "texture": "#0"},
				"east": {"uv": [7, 2, 8, 3], "texture": "#0"},
				"south": {"uv": [7, 2, 8, 3], "texture": "#0"},
				"west": {"uv": [7, 2, 8, 3], "texture": "#0"},
				"up": {"uv": [7, 2, 8, 3], "texture": "#0"},
				"down": {"uv": [7, 2, 8, 3], "texture": "#0"}
			}
		},
		{
			"from": [10.375, 5.7, 5.25],
			"to": [10.625, 5.95, 6.25],
			"rotation": {"angle": 0, "axis": "y", "origin": [18.375, 13.7, 13.25]},
			"faces": {
				"north": {"uv": [7, 2, 8, 3], "texture": "#0"},
				"east": {"uv": [7, 2, 8, 3], "texture": "#0"},
				"south": {"uv": [7, 2, 8, 3], "texture": "#0"},
				"west": {"uv": [7, 2, 8, 3], "texture": "#0"},
				"up": {"uv": [7, 2, 8, 3], "texture": "#0"},
				"down": {"uv": [7, 2, 8, 3], "texture": "#0"}
			}
		},
		{
			"from": [11.375, 5.7, 5.25],
			"to": [11.625, 5.95, 6.25],
			"rotation": {"angle": 0, "axis": "y", "origin": [19.375, 13.7, 13.25]},
			"faces": {
				"north": {"uv": [7, 2, 8, 3], "texture": "#0"},
				"east": {"uv": [7, 2, 8, 3], "texture": "#0"},
				"south": {"uv": [7, 2, 8, 3], "texture": "#0"},
				"west": {"uv": [7, 2, 8, 3], "texture": "#0"},
				"up": {"uv": [7, 2, 8, 3], "texture": "#0"},
				"down": {"uv": [7, 2, 8, 3], "texture": "#0"}
			}
		},
		{
			"from": [12.375, 5.7, 5.25],
			"to": [12.625, 5.95, 6.25],
			"rotation": {"angle": 0, "axis": "y", "origin": [20.375, 13.7, 13.25]},
			"faces": {
				"north": {"uv": [7, 2, 8, 3], "texture": "#0"},
				"east": {"uv": [7, 2, 8, 3], "texture": "#0"},
				"south": {"uv": [7, 2, 8, 3], "texture": "#0"},
				"west": {"uv": [7, 2, 8, 3], "texture": "#0"},
				"up": {"uv": [7, 2, 8, 3], "texture": "#0"},
				"down": {"uv": [7, 2, 8, 3], "texture": "#0"}
			}
		},
		{
			"from": [1.35, 8.9, 4.5],
			"to": [2.45, 9.34, 4.94],
			"rotation": {"angle": -22.5, "axis": "x", "origin": [10.15, 17.7, 13.8]},
			"faces": {
				"north": {"uv": [2, 1, 3, 2], "texture": "#0"},
				"east": {"uv": [2, 1, 3, 2], "texture": "#0"},
				"south": {"uv": [2, 1, 3, 2], "texture": "#0"},
				"west": {"uv": [2, 1, 3, 2], "texture": "#0"},
				"up": {"uv": [2, 1, 3, 2], "texture": "#0"},
				"down": {"uv": [2, 1, 3, 2], "texture": "#0"}
			}
		},
		{
			"from": [2.175, 8.625, 4.225],
			"to": [2.45, 9.615, 5.215],
			"rotation": {"angle": -22.5, "axis": "x", "origin": [10.15, 17.7, 13.8]},
			"faces": {
				"north": {"uv": [0, 0, 1, 1], "texture": "#0"},
				"east": {"uv": [0, 0, 1, 1], "texture": "#0"},
				"south": {"uv": [0, 0, 1, 1], "texture": "#0"},
				"west": {"uv": [0, 0, 1, 1], "texture": "#0"},
				"up": {"uv": [0, 0, 1, 1], "texture": "#0"},
				"down": {"uv": [0, 0, 1, 1], "texture": "#0"}
			}
		},
		{
			"from": [0.91005, 8.90005, 2.5399],
			"to": [1.35005, 9.34005, 4.9399],
			"rotation": {"angle": -22.5, "axis": "x", "origin": [10.15, 17.7, 13.8]},
			"faces": {
				"north": {"uv": [2, 1, 3, 2], "texture": "#0"},
				"east": {"uv": [2, 1, 3, 2], "texture": "#0"},
				"south": {"uv": [2, 1, 3, 2], "texture": "#0"},
				"west": {"uv": [2, 1, 3, 2], "texture": "#0"},
				"up": {"uv": [2, 1, 3, 2], "texture": "#0"},
				"down": {"uv": [2, 1, 3, 2], "texture": "#0"}
			}
		},
		{
			"from": [0.80005, 8.79005, 0.6149],
			"to": [1.46005, 9.45005, 2.6499],
			"rotation": {"angle": -22.5, "axis": "x", "origin": [10.15, 17.7, 13.8]},
			"faces": {
				"north": {"uv": [0, 0, 0.6, 0.6], "texture": "#1"},
				"east": {"uv": [0, 0, 1.85, 0.6], "texture": "#1"},
				"south": {"uv": [0, 0, 0.6, 0.6], "texture": "#1"},
				"west": {"uv": [0, 0, 1.85, 0.6], "texture": "#1"},
				"up": {"uv": [0, 0, 1.85, 0.6], "rotation": 270, "texture": "#1"},
				"down": {"uv": [0, 0, 1.85, 0.6], "rotation": 90, "texture": "#1"}
			}
		},
		{
			"from": [0.91005, 8.90005, 0.5049],
			"to": [1.35005, 9.34005, 0.7799],
			"rotation": {"angle": -22.5, "axis": "x", "origin": [10.15, 17.7, 13.8]},
			"faces": {
				"north": {"uv": [0, 0, 0.4, 0.4], "texture": "#1"},
				"east": {"uv": [0, 0, 0.25, 0.4], "texture": "#1"},
				"south": {"uv": [0, 0, 0.4, 0.4], "texture": "#1"},
				"west": {"uv": [0, 0, 0.25, 0.4], "texture": "#1"},
				"up": {"uv": [0, 0, 0.25, 0.4], "rotation": 270, "texture": "#1"},
				"down": {"uv": [0, 0, 0.25, 0.4], "rotation": 90, "texture": "#1"}
			}
		}
	],
	"display": {
		"thirdperson_righthand": {
			"rotation": [75, 45, 0],
			"translation": [0, 2.5, 0],
			"scale": [0.375, 0.375, 0.375]
		},
		"thirdperson_lefthand": {
			"rotation": [75, 45, 0],
			"translation": [0, 2.5, 0],
			"scale": [0.375, 0.375, 0.375]
		},
		"firstperson_righthand": {
			"rotation": [0, 127, 0],
			"translation": [0, 2, 0],
			"scale": [0.4, 0.4, 0.4]
		},
		"firstperson_lefthand": {
			"rotation": [0, 127, 0],
			"translation": [0, 2, 0],
			"scale": [0.4, 0.4, 0.4]
		},
		"ground": {
			"translation": [0, 3, 0],
			"scale": [0.8, 0.8, 0.8]
		},
		"gui": {
			"rotation": [30, 225, 0],
			"translation": [0, 1.75, 0],
			"scale": [0.625, 0.625, 0.625]
		},
		"head": {
			"translation": [0, 15.25, 0]
		},
		"fixed": {
			"rotation": [-90, 0, 0],
			"translation": [0, 0, -15],
			"scale": [2, 2, 2]
		}
	},
	"groups": [
		{
			"name": "Register",
			"origin": [10.5, 11, 10.5],
			"children": [0, 1, 2, 3, 4, 5, 6, 7, 8, 9,
				{
					"name": "Price",
					"origin": [10.3, 12, 10.5],
					"children": [10, 11, 12, 13, 14, 15, 16, 17, 18, 19, 20, 21, 22, 23]
				},
				{
					"name": "Frame",
					"origin": [21, 10.74998, 12.25002],
					"children": [24, 25, 26, 27, 28, 29, 30, 31, 32, 33, 34]
				}
			]
		},
		{
			"name": "Base & Drawer",
			"origin": [15.25, 9.25, 9.5],
			"children": [35, 36, 37, 38, 39, 40, 41]
		},
		{
			"name": "Row",
			"origin": [20.375, 12.75, 11.75],
			"children": [42, 43, 44, 45, 46, 47, 48, 49, 50, 51, 52, 53, 54, 55, 56, 57, 58, 59, 60, 61]
		},
		{
			"name": "Row",
			"origin": [20.375, 12.75, 11.75],
			"children": [62, 63, 64, 65, 66, 67, 68, 69, 70, 71, 72, 73, 74, 75, 76, 77, 78, 79, 80, 81]
		},
		{
			"name": "Handle",
			"origin": [10.15, 17.7, 12.55],
			"children": [82, 83, 84, 85, 86]
		}
	]
}