{
	"credit": "Made with Blockbench",
	"textures": {
		"0": "block/MizunoArchive/iron_ingot_0",
		"1": "block/MizunoArchive/black_concrete",
		"2": "block/MizunoArchive/light_gray_concrete",
		"3": "block/MizunoArchive/book_and_quill_0",
		"particle": "block/MizunoArchive/iron_ingot_0"
	},
	"elements": [
		{
			"from": [0.5, 0.5, 15.5],
			"to": [15.5, 15.5, 16],
			"faces": {
				"north": {"uv": [1, 1, 9, 5], "rotation": 90, "texture": "#0"},
				"east": {"uv": [1, 1, 9, 5], "rotation": 90, "texture": "#0"},
				"south": {"uv": [1, 1, 9, 5], "rotation": 90, "texture": "#0"},
				"west": {"uv": [1, 1, 9, 5], "rotation": 90, "texture": "#0"},
				"up": {"uv": [1, 1, 2, 5], "texture": "#0"},
				"down": {"uv": [9, 1, 10, 5], "texture": "#0"}
			}
		},
		{
			"from": [0, 15.5, 15],
			"to": [16, 16, 16],
			"faces": {
				"north": {"uv": [1, 1, 9, 5], "rotation": 90, "texture": "#2"},
				"east": {"uv": [1, 1, 9, 5], "rotation": 90, "texture": "#2"},
				"south": {"uv": [0, 0, 16, 16], "texture": "#2"},
				"west": {"uv": [1, 1, 9, 5], "rotation": 90, "texture": "#2"},
				"up": {"uv": [1, 1, 2, 5], "texture": "#2"},
				"down": {"uv": [9, 1, 10, 5], "texture": "#2"}
			}
		},
		{
			"from": [15.45, 0.5, 15],
			"to": [16, 15.5, 16],
			"faces": {
				"north": {"uv": [1, 1, 9, 5], "rotation": 90, "texture": "#2"},
				"east": {"uv": [1, 1, 9, 5], "rotation": 90, "texture": "#2"},
				"south": {"uv": [0, 0, 16, 16], "texture": "#2"},
				"west": {"uv": [1, 1, 9, 5], "rotation": 90, "texture": "#2"},
				"up": {"uv": [1, 1, 2, 5], "texture": "#2"},
				"down": {"uv": [9, 1, 10, 5], "texture": "#2"}
			}
		},
		{
			"from": [0, 0.5, 15],
			"to": [0.55, 15.5, 16],
			"rotation": {"angle": 0, "axis": "y", "origin": [7.95, 8, 8]},
			"faces": {
				"north": {"uv": [1, 1, 9, 5], "rotation": 90, "texture": "#2"},
				"east": {"uv": [1, 1, 9, 5], "rotation": 90, "texture": "#2"},
				"south": {"uv": [0, 0, 16, 16], "texture": "#2"},
				"west": {"uv": [1, 1, 9, 5], "rotation": 90, "texture": "#2"},
				"up": {"uv": [1, 1, 2, 5], "texture": "#2"},
				"down": {"uv": [9, 1, 10, 5], "texture": "#2"}
			}
		},
		{
			"from": [0, 0, 15],
			"to": [16, 0.5, 16],
			"faces": {
				"north": {"uv": [1, 1, 9, 5], "rotation": 90, "texture": "#2"},
				"east": {"uv": [1, 1, 9, 5], "rotation": 90, "texture": "#2"},
				"south": {"uv": [0, 0, 16, 16], "texture": "#2"},
				"west": {"uv": [1, 1, 9, 5], "rotation": 90, "texture": "#2"},
				"up": {"uv": [1, 1, 2, 5], "texture": "#2"},
				"down": {"uv": [9, 1, 10, 5], "texture": "#2"}
			}
		},
		{
			"from": [1, 1, 15],
			"to": [7.5, 7.5, 15.5],
			"faces": {
				"north": {"uv": [1, 1, 7, 5], "rotation": 90, "texture": "#0"},
				"east": {"uv": [1, 1, 7, 5], "rotation": 90, "texture": "#0"},
				"south": {"uv": [0, 0, 6.5, 6.5], "texture": "#0"},
				"west": {"uv": [1, 1, 7, 5], "rotation": 90, "texture": "#0"},
				"up": {"uv": [1, 1, 2, 5], "texture": "#0"},
				"down": {"uv": [9, 1, 10, 5], "texture": "#0"}
			}
		},
		{
			"from": [3.25, 5.7, 14.95],
			"to": [5.8, 6.5, 14.95],
			"faces": {
				"north": {"uv": [0, 5, 6.55, 7.8], "texture": "#3"},
				"east": {"uv": [0, 0, 0, 0.8], "texture": "#3"},
				"south": {"uv": [0, 0, 2.55, 0.8], "texture": "#3"},
				"west": {"uv": [0, 0, 0, 0.8], "texture": "#3"},
				"up": {"uv": [0, 0, 2.55, 0], "texture": "#3"},
				"down": {"uv": [0, 0, 2.55, 0], "texture": "#3"}
			}
		},
		{
			"from": [1.9, 3.25, 14.5],
			"to": [2.4, 3.5, 15],
			"rotation": {"angle": 0, "axis": "y", "origin": [7.4, 8.5, 8]},
			"faces": {
				"north": {"uv": [0, 0, 0.5, 0.25], "texture": "#2"},
				"east": {"uv": [0, 0, 0.5, 0.25], "texture": "#2"},
				"south": {"uv": [0, 0, 0.5, 0.25], "texture": "#2"},
				"west": {"uv": [0, 0, 0.5, 0.25], "texture": "#2"},
				"up": {"uv": [0, 0, 0.5, 0.5], "texture": "#2"},
				"down": {"uv": [0, 0, 0.5, 0.5], "texture": "#2"}
			}
		},
		{
			"from": [1.9, 3.25, 14.25],
			"to": [2.4, 6.25, 14.5],
			"rotation": {"angle": 0, "axis": "y", "origin": [7.4, 8.5, 8]},
			"faces": {
				"north": {"uv": [0, 0, 0.5, 3], "texture": "#2"},
				"east": {"uv": [0, 0, 0.25, 3], "texture": "#2"},
				"south": {"uv": [0, 0, 0.5, 3], "texture": "#2"},
				"west": {"uv": [0, 0, 0.25, 3], "texture": "#2"},
				"up": {"uv": [0, 0, 0.5, 0.25], "texture": "#2"},
				"down": {"uv": [0, 0, 0.5, 0.25], "texture": "#2"}
			}
		},
		{
			"from": [1.9, 6, 14.5],
			"to": [2.4, 6.25, 15],
			"rotation": {"angle": 0, "axis": "y", "origin": [7.4, 8.5, 8]},
			"faces": {
				"north": {"uv": [0, 0, 0.5, 0.25], "texture": "#2"},
				"east": {"uv": [0, 0, 0.5, 0.25], "texture": "#2"},
				"south": {"uv": [0, 0, 0.5, 0.25], "texture": "#2"},
				"west": {"uv": [0, 0, 0.5, 0.25], "texture": "#2"},
				"up": {"uv": [0, 0, 0.5, 0.5], "texture": "#2"},
				"down": {"uv": [0, 0, 0.5, 0.5], "texture": "#2"}
			}
		},
		{
			"from": [1.95, 1.95, 14.85],
			"to": [2.35, 2.35, 15],
			"faces": {
				"north": {"uv": [0, 0, 0.4, 0.4], "texture": "#1"},
				"east": {"uv": [0, 0, 0.15, 0.4], "texture": "#1"},
				"south": {"uv": [0, 0, 0.4, 0.4], "texture": "#1"},
				"west": {"uv": [0, 0, 0.15, 0.4], "texture": "#1"},
				"up": {"uv": [0, 0, 0.4, 0.15], "texture": "#1"},
				"down": {"uv": [0, 0, 0.4, 0.15], "texture": "#1"}
			}
		},
		{
			"from": [1.75, 2.35, 14.75],
			"to": [2.55, 2.55, 15],
			"faces": {
				"north": {"uv": [0, 0, 0.8, 0.2], "texture": "#2"},
				"east": {"uv": [0, 0, 0.25, 0.2], "texture": "#2"},
				"south": {"uv": [0, 0, 0.8, 0.2], "texture": "#2"},
				"west": {"uv": [0, 0, 0.25, 0.2], "texture": "#2"},
				"up": {"uv": [0, 0, 0.8, 0.25], "texture": "#2"},
				"down": {"uv": [0, 0, 0.8, 0.25], "texture": "#2"}
			}
		},
		{
			"from": [1.75, 1.95, 14.75],
			"to": [2.05, 2.35, 15],
			"faces": {
				"north": {"uv": [0, 0, 0.3, 0.4], "texture": "#2"},
				"east": {"uv": [0, 0, 0.25, 0.4], "texture": "#2"},
				"south": {"uv": [0, 0, 0.3, 0.4], "texture": "#2"},
				"west": {"uv": [0, 0, 0.25, 0.4], "texture": "#2"},
				"up": {"uv": [0, 0, 0.3, 0.25], "texture": "#2"},
				"down": {"uv": [0, 0, 0.3, 0.25], "texture": "#2"}
			}
		},
		{
			"from": [1.75, 1.75, 14.75],
			"to": [2.55, 1.95, 15],
			"faces": {
				"north": {"uv": [0, 0, 0.8, 0.2], "texture": "#2"},
				"east": {"uv": [0, 0, 0.25, 0.2], "texture": "#2"},
				"south": {"uv": [0, 0, 0.8, 0.2], "texture": "#2"},
				"west": {"uv": [0, 0, 0.25, 0.2], "texture": "#2"},
				"up": {"uv": [0, 0, 0.8, 0.25], "texture": "#2"},
				"down": {"uv": [0, 0, 0.8, 0.25], "texture": "#2"}
			}
		},
		{
			"from": [2.25, 1.95, 14.75],
			"to": [2.55, 2.35, 15],
			"faces": {
				"north": {"uv": [0, 0, 0.3, 0.4], "texture": "#2"},
				"east": {"uv": [0, 0, 0.25, 0.4], "texture": "#2"},
				"south": {"uv": [0, 0, 0.3, 0.4], "texture": "#2"},
				"west": {"uv": [0, 0, 0.25, 0.4], "texture": "#2"},
				"up": {"uv": [0, 0, 0.3, 0.25], "texture": "#2"},
				"down": {"uv": [0, 0, 0.3, 0.25], "texture": "#2"}
			}
		},
		{
			"from": [1, 8.5, 15],
			"to": [7.5, 15, 15.5],
			"rotation": {"angle": 0, "axis": "y", "origin": [8, 15.5, 8]},
			"faces": {
				"north": {"uv": [1, 1, 7, 5], "rotation": 90, "texture": "#0"},
				"east": {"uv": [1, 1, 7, 5], "rotation": 90, "texture": "#0"},
				"south": {"uv": [0, 0, 6.5, 6.5], "texture": "#0"},
				"west": {"uv": [1, 1, 7, 5], "rotation": 90, "texture": "#0"},
				"up": {"uv": [1, 1, 2, 5], "texture": "#0"},
				"down": {"uv": [9, 1, 10, 5], "texture": "#0"}
			}
		},
		{
			"from": [3.25, 13.2, 14.95],
			"to": [5.8, 14, 14.95],
			"rotation": {"angle": 0, "axis": "y", "origin": [8, 15.5, 8]},
			"faces": {
				"north": {"uv": [0, 5, 6.55, 7.8], "texture": "#3"},
				"east": {"uv": [0, 0, 0, 0.8], "texture": "#3"},
				"south": {"uv": [0, 0, 2.55, 0.8], "texture": "#3"},
				"west": {"uv": [0, 0, 0, 0.8], "texture": "#3"},
				"up": {"uv": [0, 0, 2.55, 0], "texture": "#3"},
				"down": {"uv": [0, 0, 2.55, 0], "texture": "#3"}
			}
		},
		{
			"from": [1.9, 10.75, 14.5],
			"to": [2.4, 11, 15],
			"rotation": {"angle": 0, "axis": "y", "origin": [7.4, 16, 8]},
			"faces": {
				"north": {"uv": [0, 0, 0.5, 0.25], "texture": "#2"},
				"east": {"uv": [0, 0, 0.5, 0.25], "texture": "#2"},
				"south": {"uv": [0, 0, 0.5, 0.25], "texture": "#2"},
				"west": {"uv": [0, 0, 0.5, 0.25], "texture": "#2"},
				"up": {"uv": [0, 0, 0.5, 0.5], "texture": "#2"},
				"down": {"uv": [0, 0, 0.5, 0.5], "texture": "#2"}
			}
		},
		{
			"from": [1.9, 10.75, 14.25],
			"to": [2.4, 13.75, 14.5],
			"rotation": {"angle": 0, "axis": "y", "origin": [7.4, 16, 8]},
			"faces": {
				"north": {"uv": [0, 0, 0.5, 3], "texture": "#2"},
				"east": {"uv": [0, 0, 0.25, 3], "texture": "#2"},
				"south": {"uv": [0, 0, 0.5, 3], "texture": "#2"},
				"west": {"uv": [0, 0, 0.25, 3], "texture": "#2"},
				"up": {"uv": [0, 0, 0.5, 0.25], "texture": "#2"},
				"down": {"uv": [0, 0, 0.5, 0.25], "texture": "#2"}
			}
		},
		{
			"from": [1.9, 13.5, 14.5],
			"to": [2.4, 13.75, 15],
			"rotation": {"angle": 0, "axis": "y", "origin": [7.4, 16, 8]},
			"faces": {
				"north": {"uv": [0, 0, 0.5, 0.25], "texture": "#2"},
				"east": {"uv": [0, 0, 0.5, 0.25], "texture": "#2"},
				"south": {"uv": [0, 0, 0.5, 0.25], "texture": "#2"},
				"west": {"uv": [0, 0, 0.5, 0.25], "texture": "#2"},
				"up": {"uv": [0, 0, 0.5, 0.5], "texture": "#2"},
				"down": {"uv": [0, 0, 0.5, 0.5], "texture": "#2"}
			}
		},
		{
			"from": [1.95, 9.45, 14.85],
			"to": [2.35, 9.85, 15],
			"rotation": {"angle": 0, "axis": "y", "origin": [8, 15.5, 8]},
			"faces": {
				"north": {"uv": [0, 0, 0.4, 0.4], "texture": "#1"},
				"east": {"uv": [0, 0, 0.15, 0.4], "texture": "#1"},
				"south": {"uv": [0, 0, 0.4, 0.4], "texture": "#1"},
				"west": {"uv": [0, 0, 0.15, 0.4], "texture": "#1"},
				"up": {"uv": [0, 0, 0.4, 0.15], "texture": "#1"},
				"down": {"uv": [0, 0, 0.4, 0.15], "texture": "#1"}
			}
		},
		{
			"from": [1.75, 9.85, 14.75],
			"to": [2.55, 10.05, 15],
			"rotation": {"angle": 0, "axis": "y", "origin": [8, 15.5, 8]},
			"faces": {
				"north": {"uv": [0, 0, 0.8, 0.2], "texture": "#2"},
				"east": {"uv": [0, 0, 0.25, 0.2], "texture": "#2"},
				"south": {"uv": [0, 0, 0.8, 0.2], "texture": "#2"},
				"west": {"uv": [0, 0, 0.25, 0.2], "texture": "#2"},
				"up": {"uv": [0, 0, 0.8, 0.25], "texture": "#2"},
				"down": {"uv": [0, 0, 0.8, 0.25], "texture": "#2"}
			}
		},
		{
			"from": [1.75, 9.45, 14.75],
			"to": [2.05, 9.85, 15],
			"rotation": {"angle": 0, "axis": "y", "origin": [8, 15.5, 8]},
			"faces": {
				"north": {"uv": [0, 0, 0.3, 0.4], "texture": "#2"},
				"east": {"uv": [0, 0, 0.25, 0.4], "texture": "#2"},
				"south": {"uv": [0, 0, 0.3, 0.4], "texture": "#2"},
				"west": {"uv": [0, 0, 0.25, 0.4], "texture": "#2"},
				"up": {"uv": [0, 0, 0.3, 0.25], "texture": "#2"},
				"down": {"uv": [0, 0, 0.3, 0.25], "texture": "#2"}
			}
		},
		{
			"from": [1.75, 9.25, 14.75],
			"to": [2.55, 9.45, 15],
			"rotation": {"angle": 0, "axis": "y", "origin": [8, 15.5, 8]},
			"faces": {
				"north": {"uv": [0, 0, 0.8, 0.2], "texture": "#2"},
				"east": {"uv": [0, 0, 0.25, 0.2], "texture": "#2"},
				"south": {"uv": [0, 0, 0.8, 0.2], "texture": "#2"},
				"west": {"uv": [0, 0, 0.25, 0.2], "texture": "#2"},
				"up": {"uv": [0, 0, 0.8, 0.25], "texture": "#2"},
				"down": {"uv": [0, 0, 0.8, 0.25], "texture": "#2"}
			}
		},
		{
			"from": [2.25, 9.45, 14.75],
			"to": [2.55, 9.85, 15],
			"rotation": {"angle": 0, "axis": "y", "origin": [8, 15.5, 8]},
			"faces": {
				"north": {"uv": [0, 0, 0.3, 0.4], "texture": "#2"},
				"east": {"uv": [0, 0, 0.25, 0.4], "texture": "#2"},
				"south": {"uv": [0, 0, 0.3, 0.4], "texture": "#2"},
				"west": {"uv": [0, 0, 0.25, 0.4], "texture": "#2"},
				"up": {"uv": [0, 0, 0.3, 0.25], "texture": "#2"},
				"down": {"uv": [0, 0, 0.3, 0.25], "texture": "#2"}
			}
		},
		{
			"from": [8.5, 8.5, 15],
			"to": [15, 15, 15.5],
			"rotation": {"angle": 0, "axis": "y", "origin": [15.5, 15.5, 8]},
			"faces": {
				"north": {"uv": [1, 1, 7, 5], "rotation": 90, "texture": "#0"},
				"east": {"uv": [1, 1, 7, 5], "rotation": 90, "texture": "#0"},
				"south": {"uv": [0, 0, 6.5, 6.5], "texture": "#0"},
				"west": {"uv": [1, 1, 7, 5], "rotation": 90, "texture": "#0"},
				"up": {"uv": [1, 1, 2, 5], "texture": "#0"},
				"down": {"uv": [9, 1, 10, 5], "texture": "#0"}
			}
		},
		{
			"from": [10.75, 13.2, 14.95],
			"to": [13.3, 14, 14.95],
			"rotation": {"angle": 0, "axis": "y", "origin": [15.5, 15.5, 8]},
			"faces": {
				"north": {"uv": [0, 5, 6.55, 7.8], "texture": "#3"},
				"east": {"uv": [0, 0, 0, 0.8], "texture": "#3"},
				"south": {"uv": [0, 0, 2.55, 0.8], "texture": "#3"},
				"west": {"uv": [0, 0, 0, 0.8], "texture": "#3"},
				"up": {"uv": [0, 0, 2.55, 0], "texture": "#3"},
				"down": {"uv": [0, 0, 2.55, 0], "texture": "#3"}
			}
		},
		{
			"from": [9.4, 10.75, 14.5],
			"to": [9.9, 11, 15],
			"rotation": {"angle": 0, "axis": "y", "origin": [14.9, 16, 8]},
			"faces": {
				"north": {"uv": [0, 0, 0.5, 0.25], "texture": "#2"},
				"east": {"uv": [0, 0, 0.5, 0.25], "texture": "#2"},
				"south": {"uv": [0, 0, 0.5, 0.25], "texture": "#2"},
				"west": {"uv": [0, 0, 0.5, 0.25], "texture": "#2"},
				"up": {"uv": [0, 0, 0.5, 0.5], "texture": "#2"},
				"down": {"uv": [0, 0, 0.5, 0.5], "texture": "#2"}
			}
		},
		{
			"from": [9.4, 10.75, 14.25],
			"to": [9.9, 13.75, 14.5],
			"rotation": {"angle": 0, "axis": "y", "origin": [14.9, 16, 8]},
			"faces": {
				"north": {"uv": [0, 0, 0.5, 3], "texture": "#2"},
				"east": {"uv": [0, 0, 0.25, 3], "texture": "#2"},
				"south": {"uv": [0, 0, 0.5, 3], "texture": "#2"},
				"west": {"uv": [0, 0, 0.25, 3], "texture": "#2"},
				"up": {"uv": [0, 0, 0.5, 0.25], "texture": "#2"},
				"down": {"uv": [0, 0, 0.5, 0.25], "texture": "#2"}
			}
		},
		{
			"from": [9.4, 13.5, 14.5],
			"to": [9.9, 13.75, 15],
			"rotation": {"angle": 0, "axis": "y", "origin": [14.9, 16, 8]},
			"faces": {
				"north": {"uv": [0, 0, 0.5, 0.25], "texture": "#2"},
				"east": {"uv": [0, 0, 0.5, 0.25], "texture": "#2"},
				"south": {"uv": [0, 0, 0.5, 0.25], "texture": "#2"},
				"west": {"uv": [0, 0, 0.5, 0.25], "texture": "#2"},
				"up": {"uv": [0, 0, 0.5, 0.5], "texture": "#2"},
				"down": {"uv": [0, 0, 0.5, 0.5], "texture": "#2"}
			}
		},
		{
			"from": [9.45, 9.45, 14.85],
			"to": [9.85, 9.85, 15],
			"rotation": {"angle": 0, "axis": "y", "origin": [15.5, 15.5, 8]},
			"faces": {
				"north": {"uv": [0, 0, 0.4, 0.4], "texture": "#1"},
				"east": {"uv": [0, 0, 0.15, 0.4], "texture": "#1"},
				"south": {"uv": [0, 0, 0.4, 0.4], "texture": "#1"},
				"west": {"uv": [0, 0, 0.15, 0.4], "texture": "#1"},
				"up": {"uv": [0, 0, 0.4, 0.15], "texture": "#1"},
				"down": {"uv": [0, 0, 0.4, 0.15], "texture": "#1"}
			}
		},
		{
			"from": [9.25, 9.85, 14.75],
			"to": [10.05, 10.05, 15],
			"rotation": {"angle": 0, "axis": "y", "origin": [15.5, 15.5, 8]},
			"faces": {
				"north": {"uv": [0, 0, 0.8, 0.2], "texture": "#2"},
				"east": {"uv": [0, 0, 0.25, 0.2], "texture": "#2"},
				"south": {"uv": [0, 0, 0.8, 0.2], "texture": "#2"},
				"west": {"uv": [0, 0, 0.25, 0.2], "texture": "#2"},
				"up": {"uv": [0, 0, 0.8, 0.25], "texture": "#2"},
				"down": {"uv": [0, 0, 0.8, 0.25], "texture": "#2"}
			}
		},
		{
			"from": [9.25, 9.45, 14.75],
			"to": [9.55, 9.85, 15],
			"rotation": {"angle": 0, "axis": "y", "origin": [15.5, 15.5, 8]},
			"faces": {
				"north": {"uv": [0, 0, 0.3, 0.4], "texture": "#2"},
				"east": {"uv": [0, 0, 0.25, 0.4], "texture": "#2"},
				"south": {"uv": [0, 0, 0.3, 0.4], "texture": "#2"},
				"west": {"uv": [0, 0, 0.25, 0.4], "texture": "#2"},
				"up": {"uv": [0, 0, 0.3, 0.25], "texture": "#2"},
				"down": {"uv": [0, 0, 0.3, 0.25], "texture": "#2"}
			}
		},
		{
			"from": [9.25, 9.25, 14.75],
			"to": [10.05, 9.45, 15],
			"rotation": {"angle": 0, "axis": "y", "origin": [15.5, 15.5, 8]},
			"faces": {
				"north": {"uv": [0, 0, 0.8, 0.2], "texture": "#2"},
				"east": {"uv": [0, 0, 0.25, 0.2], "texture": "#2"},
				"south": {"uv": [0, 0, 0.8, 0.2], "texture": "#2"},
				"west": {"uv": [0, 0, 0.25, 0.2], "texture": "#2"},
				"up": {"uv": [0, 0, 0.8, 0.25], "texture": "#2"},
				"down": {"uv": [0, 0, 0.8, 0.25], "texture": "#2"}
			}
		},
		{
			"from": [9.75, 9.45, 14.75],
			"to": [10.05, 9.85, 15],
			"rotation": {"angle": 0, "axis": "y", "origin": [15.5, 15.5, 8]},
			"faces": {
				"north": {"uv": [0, 0, 0.3, 0.4], "texture": "#2"},
				"east": {"uv": [0, 0, 0.25, 0.4], "texture": "#2"},
				"south": {"uv": [0, 0, 0.3, 0.4], "texture": "#2"},
				"west": {"uv": [0, 0, 0.25, 0.4], "texture": "#2"},
				"up": {"uv": [0, 0, 0.3, 0.25], "texture": "#2"},
				"down": {"uv": [0, 0, 0.3, 0.25], "texture": "#2"}
			}
		},
		{
			"from": [8.5, 1, 15],
			"to": [15, 7.5, 15.5],
			"rotation": {"angle": 0, "axis": "y", "origin": [15.5, 8, 8]},
			"faces": {
				"north": {"uv": [1, 1, 7, 5], "rotation": 90, "texture": "#0"},
				"east": {"uv": [1, 1, 7, 5], "rotation": 90, "texture": "#0"},
				"south": {"uv": [0, 0, 6.5, 6.5], "texture": "#0"},
				"west": {"uv": [1, 1, 7, 5], "rotation": 90, "texture": "#0"},
				"up": {"uv": [1, 1, 2, 5], "texture": "#0"},
				"down": {"uv": [9, 1, 10, 5], "texture": "#0"}
			}
		},
		{
			"from": [10.75, 5.7, 14.95],
			"to": [13.3, 6.5, 14.95],
			"rotation": {"angle": 0, "axis": "y", "origin": [15.5, 8, 8]},
			"faces": {
				"north": {"uv": [0, 5, 6.55, 7.8], "texture": "#3"},
				"east": {"uv": [0, 0, 0, 0.8], "texture": "#3"},
				"south": {"uv": [0, 0, 2.55, 0.8], "texture": "#3"},
				"west": {"uv": [0, 0, 0, 0.8], "texture": "#3"},
				"up": {"uv": [0, 0, 2.55, 0], "texture": "#3"},
				"down": {"uv": [0, 0, 2.55, 0], "texture": "#3"}
			}
		},
		{
			"from": [9.4, 3.25, 14.5],
			"to": [9.9, 3.5, 15],
			"rotation": {"angle": 0, "axis": "y", "origin": [14.9, 8.5, 8]},
			"faces": {
				"north": {"uv": [0, 0, 0.5, 0.25], "texture": "#2"},
				"east": {"uv": [0, 0, 0.5, 0.25], "texture": "#2"},
				"south": {"uv": [0, 0, 0.5, 0.25], "texture": "#2"},
				"west": {"uv": [0, 0, 0.5, 0.25], "texture": "#2"},
				"up": {"uv": [0, 0, 0.5, 0.5], "texture": "#2"},
				"down": {"uv": [0, 0, 0.5, 0.5], "texture": "#2"}
			}
		},
		{
			"from": [9.4, 3.25, 14.25],
			"to": [9.9, 6.25, 14.5],
			"rotation": {"angle": 0, "axis": "y", "origin": [14.9, 8.5, 8]},
			"faces": {
				"north": {"uv": [0, 0, 0.5, 3], "texture": "#2"},
				"east": {"uv": [0, 0, 0.25, 3], "texture": "#2"},
				"south": {"uv": [0, 0, 0.5, 3], "texture": "#2"},
				"west": {"uv": [0, 0, 0.25, 3], "texture": "#2"},
				"up": {"uv": [0, 0, 0.5, 0.25], "texture": "#2"},
				"down": {"uv": [0, 0, 0.5, 0.25], "texture": "#2"}
			}
		},
		{
			"from": [9.4, 6, 14.5],
			"to": [9.9, 6.25, 15],
			"rotation": {"angle": 0, "axis": "y", "origin": [14.9, 8.5, 8]},
			"faces": {
				"north": {"uv": [0, 0, 0.5, 0.25], "texture": "#2"},
				"east": {"uv": [0, 0, 0.5, 0.25], "texture": "#2"},
				"south": {"uv": [0, 0, 0.5, 0.25], "texture": "#2"},
				"west": {"uv": [0, 0, 0.5, 0.25], "texture": "#2"},
				"up": {"uv": [0, 0, 0.5, 0.5], "texture": "#2"},
				"down": {"uv": [0, 0, 0.5, 0.5], "texture": "#2"}
			}
		},
		{
			"from": [9.45, 1.95, 14.85],
			"to": [9.85, 2.35, 15],
			"rotation": {"angle": 0, "axis": "y", "origin": [15.5, 8, 8]},
			"faces": {
				"north": {"uv": [0, 0, 0.4, 0.4], "texture": "#1"},
				"east": {"uv": [0, 0, 0.15, 0.4], "texture": "#1"},
				"south": {"uv": [0, 0, 0.4, 0.4], "texture": "#1"},
				"west": {"uv": [0, 0, 0.15, 0.4], "texture": "#1"},
				"up": {"uv": [0, 0, 0.4, 0.15], "texture": "#1"},
				"down": {"uv": [0, 0, 0.4, 0.15], "texture": "#1"}
			}
		},
		{
			"from": [9.25, 2.35, 14.75],
			"to": [10.05, 2.55, 15],
			"rotation": {"angle": 0, "axis": "y", "origin": [15.5, 8, 8]},
			"faces": {
				"north": {"uv": [0, 0, 0.8, 0.2], "texture": "#2"},
				"east": {"uv": [0, 0, 0.25, 0.2], "texture": "#2"},
				"south": {"uv": [0, 0, 0.8, 0.2], "texture": "#2"},
				"west": {"uv": [0, 0, 0.25, 0.2], "texture": "#2"},
				"up": {"uv": [0, 0, 0.8, 0.25], "texture": "#2"},
				"down": {"uv": [0, 0, 0.8, 0.25], "texture": "#2"}
			}
		},
		{
			"from": [9.25, 1.95, 14.75],
			"to": [9.55, 2.35, 15],
			"rotation": {"angle": 0, "axis": "y", "origin": [15.5, 8, 8]},
			"faces": {
				"north": {"uv": [0, 0, 0.3, 0.4], "texture": "#2"},
				"east": {"uv": [0, 0, 0.25, 0.4], "texture": "#2"},
				"south": {"uv": [0, 0, 0.3, 0.4], "texture": "#2"},
				"west": {"uv": [0, 0, 0.25, 0.4], "texture": "#2"},
				"up": {"uv": [0, 0, 0.3, 0.25], "texture": "#2"},
				"down": {"uv": [0, 0, 0.3, 0.25], "texture": "#2"}
			}
		},
		{
			"from": [9.25, 1.75, 14.75],
			"to": [10.05, 1.95, 15],
			"rotation": {"angle": 0, "axis": "y", "origin": [15.5, 8, 8]},
			"faces": {
				"north": {"uv": [0, 0, 0.8, 0.2], "texture": "#2"},
				"east": {"uv": [0, 0, 0.25, 0.2], "texture": "#2"},
				"south": {"uv": [0, 0, 0.8, 0.2], "texture": "#2"},
				"west": {"uv": [0, 0, 0.25, 0.2], "texture": "#2"},
				"up": {"uv": [0, 0, 0.8, 0.25], "texture": "#2"},
				"down": {"uv": [0, 0, 0.8, 0.25], "texture": "#2"}
			}
		},
		{
			"from": [9.75, 1.95, 14.75],
			"to": [10.05, 2.35, 15],
			"rotation": {"angle": 0, "axis": "y", "origin": [15.5, 8, 8]},
			"faces": {
				"north": {"uv": [0, 0, 0.3, 0.4], "texture": "#2"},
				"east": {"uv": [0, 0, 0.25, 0.4], "texture": "#2"},
				"south": {"uv": [0, 0, 0.3, 0.4], "texture": "#2"},
				"west": {"uv": [0, 0, 0.25, 0.4], "texture": "#2"},
				"up": {"uv": [0, 0, 0.3, 0.25], "texture": "#2"},
				"down": {"uv": [0, 0, 0.3, 0.25], "texture": "#2"}
			}
		}
	],
	"display": {
		"thirdperson_righthand": {
			"rotation": [75, 45, 0],
			"translation": [0, 2.5, 0],
			"scale": [0.375, 0.375, 0.375]
		},
		"thirdperson_lefthand": {
			"rotation": [75, 45, 0],
			"translation": [0, 2.5, 0],
			"scale": [0.375, 0.375, 0.375]
		},
		"firstperson_righthand": {
			"rotation": [0, 113.5, 0],
			"scale": [0.4, 0.4, 0.4]
		},
		"firstperson_lefthand": {
			"rotation": [0, 113.5, 0],
			"scale": [0.4, 0.4, 0.4]
		},
		"ground": {
			"translation": [0, 3, 0],
			"scale": [0.8, 0.8, 0.8]
		},
		"gui": {
			"rotation": [30, -161, 0],
			"translation": [2, -2.25, 0],
			"scale": [0.8, 0.8, 0.8]
		},
		"head": {
			"rotation": [0, -180, 0],
			"translation": [0, 0, 15]
		},
		"fixed": {
			"translation": [0, 32, -15],
			"scale": [2, 2, 2]
		}
	},
	"groups": [0, 1, 2, 3, 4,
		{
			"name": "Door",
			"origin": [8, 8, 8],
			"children": [5, 6, 7, 8, 9, 10, 11, 12, 13, 14]
		},
		{
			"name": "Door",
			"origin": [8, 8, 8],
			"children": [15, 16, 17, 18, 19, 20, 21, 22, 23, 24]
		},
		{
			"name": "Door",
			"origin": [8, 8, 8],
			"children": [25, 26, 27, 28, 29, 30, 31, 32, 33, 34]
		},
		{
			"name": "Door",
			"origin": [8, 8, 8],
			"children": [35, 36, 37, 38, 39, 40, 41, 42, 43, 44]
		}
	]
}