{
	"credit": "Made with Blockbench",
	"textures": {
		"0": "block/haytarget",
		"1": "block/MizunoArchive/hay_block_top",
		"2": "block/MizunoArchive/stripped_oak_log",
		"3": "block/feathers",
		"4": "block/MizunoArchive/furnace_top",
		"1_2": "block/smallfeather",
		"particle": "block/smallfeather"
	},
	"elements": [
		{
			"from": [-2.86955, -3.24734, 2.77962],
			"to": [-0.86955, 12.75266, 4.77962],
			"rotation": {"angle": -22.5, "axis": "z", "origin": [6.13045, 4.75266, 10.77962]},
			"faces": {
				"north": {"uv": [0, 0, 2, 16], "texture": "#2"},
				"east": {"uv": [0, 0, 2, 16], "texture": "#2"},
				"south": {"uv": [0, 0, 2, 16], "texture": "#2"},
				"west": {"uv": [0, 0, 2, 16], "texture": "#2"},
				"up": {"uv": [0, 0, 2, 2], "texture": "#2"},
				"down": {"uv": [0, 0, 2, 2], "texture": "#2"}
			}
		},
		{
			"from": [-2.86955, 12.75266, 2.77962],
			"to": [-0.86955, 28.75266, 4.77962],
			"rotation": {"angle": -22.5, "axis": "z", "origin": [6.13045, 4.75266, 10.77962]},
			"faces": {
				"north": {"uv": [0, 0, 2, 16], "texture": "#2"},
				"east": {"uv": [0, 0, 2, 16], "texture": "#2"},
				"south": {"uv": [0, 0, 2, 16], "texture": "#2"},
				"west": {"uv": [0, 0, 2, 16], "texture": "#2"},
				"up": {"uv": [0, 0, 2, 2], "texture": "#2"},
				"down": {"uv": [0, 0, 2, 2], "texture": "#2"}
			}
		},
		{
			"from": [16.86965, 12.75, 2.78204],
			"to": [18.86965, 28.75, 4.78204],
			"rotation": {"angle": 22.5, "axis": "z", "origin": [9.86965, 4.75, 10.78204]},
			"faces": {
				"north": {"uv": [2, 0, 4, 16], "texture": "#2"},
				"east": {"uv": [2, 0, 4, 16], "texture": "#2"},
				"south": {"uv": [2, 0, 4, 16], "texture": "#2"},
				"west": {"uv": [2, 0, 4, 16], "texture": "#2"},
				"up": {"uv": [2, 0, 4, 2], "texture": "#2"},
				"down": {"uv": [2, 0, 4, 2], "texture": "#2"}
			}
		},
		{
			"from": [16.86965, -3.25, 2.78204],
			"to": [18.86965, 12.75, 4.78204],
			"rotation": {"angle": 22.5, "axis": "z", "origin": [9.86965, 4.75, 10.78204]},
			"faces": {
				"north": {"uv": [2, 0, 4, 16], "texture": "#2"},
				"east": {"uv": [2, 0, 4, 16], "texture": "#2"},
				"south": {"uv": [2, 0, 4, 16], "texture": "#2"},
				"west": {"uv": [2, 0, 4, 16], "texture": "#2"},
				"up": {"uv": [2, 0, 4, 2], "texture": "#2"},
				"down": {"uv": [2, 0, 4, 2], "texture": "#2"}
			}
		},
		{
			"from": [7.01294, 2.0184, 22.39019],
			"to": [9.01294, 15.0184, 24.39019],
			"rotation": {"angle": -45, "axis": "x", "origin": [1.01294, 7.0184, 15.39019]},
			"faces": {
				"north": {"uv": [2, 0, 4, 13], "texture": "#2"},
				"east": {"uv": [2, 0, 4, 13], "texture": "#2"},
				"south": {"uv": [2, 0, 4, 13], "texture": "#2"},
				"west": {"uv": [2, 0, 4, 13], "texture": "#2"},
				"up": {"uv": [2, 0, 4, 2], "rotation": 90, "texture": "#2"},
				"down": {"uv": [2, 0, 4, 2], "rotation": 270, "texture": "#2"}
			}
		},
		{
			"from": [7.01294, 15.0184, 22.39019],
			"to": [9.01294, 31.0184, 24.39019],
			"rotation": {"angle": -45, "axis": "x", "origin": [1.01294, 7.0184, 15.39019]},
			"faces": {
				"north": {"uv": [2, 0, 4, 16], "texture": "#2"},
				"east": {"uv": [2, 0, 4, 16], "texture": "#2"},
				"south": {"uv": [2, 0, 4, 16], "texture": "#2"},
				"west": {"uv": [2, 0, 4, 16], "texture": "#2"},
				"up": {"uv": [2, 0, 4, 2], "rotation": 90, "texture": "#2"},
				"down": {"uv": [2, 0, 4, 2], "rotation": 270, "texture": "#2"}
			}
		},
		{
			"from": [6.99992, 28.37005, 2.80451],
			"to": [8.99992, 30.37005, 4.77951],
			"rotation": {"angle": 0, "axis": "x", "origin": [0.99992, 20.37005, -4.22049]},
			"faces": {
				"north": {"uv": [2, 0, 4, 2], "texture": "#2"},
				"east": {"uv": [2, 0, 3.975, 2], "texture": "#2"},
				"south": {"uv": [2, 0, 4, 2], "texture": "#2"},
				"west": {"uv": [2, 0, 3.975, 2], "texture": "#2"},
				"up": {"uv": [2, 0, 3.975, 2], "rotation": 90, "texture": "#2"},
				"down": {"uv": [2, 0, 3.975, 2], "rotation": 270, "texture": "#2"}
			}
		},
		{
			"from": [-0.5, 10.5, 0.78204],
			"to": [16.5, 12.5, 2.78204],
			"rotation": {"angle": 0, "axis": "y", "origin": [7.5, 19.5, 9.78204]},
			"faces": {
				"north": {"uv": [0, 0, 16, 2], "texture": "#2"},
				"east": {"uv": [0, 0, 2, 2], "texture": "#2"},
				"south": {"uv": [0, 0, 16, 2], "texture": "#2"},
				"west": {"uv": [0, 0, 2, 2], "texture": "#2"},
				"up": {"uv": [0, 0, 16, 2], "texture": "#2"},
				"down": {"uv": [0, 0, 16, 2], "texture": "#2"}
			}
		},
		{
			"from": [5.756, 12.55, -0.2514],
			"to": [10.1624, 13.1008, 2.7994],
			"rotation": {"angle": 0, "axis": "y", "origin": [12.3656, 16.9564, 4.155]},
			"faces": {
				"north": {"uv": [0, 6, 0.5, 10], "rotation": 270, "texture": "#0"},
				"east": {"uv": [0, 0, 3.0508, 0.5508], "texture": "#1"},
				"south": {"uv": [0, 0, 8, 1], "texture": "#1"},
				"west": {"uv": [0, 0, 3.0508, 0.5508], "texture": "#1"},
				"up": {"uv": [0, 0, 4.4064, 3.0508], "texture": "#1"},
				"down": {"uv": [0, 0, 4.4064, 3.0508], "texture": "#1"}
			}
		},
		{
			"from": [4.1036, 13.1008, -0.2514],
			"to": [11.8148, 13.6516, 2.7994],
			"rotation": {"angle": 0, "axis": "y", "origin": [12.3656, 17.5072, 4.155]},
			"faces": {
				"north": {"uv": [0.5, 4.5, 1, 11.5], "rotation": 90, "texture": "#0"},
				"east": {"uv": [2, 5, 5.051, 5.551], "texture": "#1"},
				"south": {"uv": [0, 0, 14, 1], "texture": "#1"},
				"west": {"uv": [8, 6, 11.051, 6.551], "texture": "#1"},
				"up": {"uv": [0, 0, 7.7112, 3.0508], "texture": "#1"},
				"down": {"uv": [0, 0, 7.7112, 3.0508], "texture": "#1"}
			}
		},
		{
			"from": [3.5528, 13.6516, -0.2514],
			"to": [12.3656, 14.2024, 2.7994],
			"rotation": {"angle": 0, "axis": "y", "origin": [12.3656, 18.058, 4.155]},
			"faces": {
				"north": {"uv": [1, 4, 1.5, 12], "rotation": 90, "texture": "#0"},
				"east": {"uv": [0, 0, 3.0508, 0.5508], "texture": "#1"},
				"south": {"uv": [0, 0, 16, 1], "texture": "#1"},
				"west": {"uv": [6, 3, 9.051, 3.551], "texture": "#1"},
				"up": {"uv": [0, 0, 8.8128, 3.0508], "texture": "#1"},
				"down": {"uv": [2, 4, 10.813, 7.051], "texture": "#1"}
			}
		},
		{
			"from": [2.4512, 14.2024, -0.2514],
			"to": [13.4672, 14.7532, 2.7994],
			"rotation": {"angle": 0, "axis": "y", "origin": [12.3656, 18.6088, 4.155]},
			"faces": {
				"north": {"uv": [1, 4, 1.5, 12], "rotation": 270, "texture": "#0"},
				"east": {"uv": [8, 2, 11.051, 2.551], "texture": "#1"},
				"south": {"uv": [0, 0, 16, 1], "texture": "#1"},
				"west": {"uv": [4, 3, 7.051, 3.551], "texture": "#1"},
				"up": {"uv": [0, 0, 11.016, 3.0508], "texture": "#1"},
				"down": {"uv": [5, 7, 16, 10.051], "texture": "#1"}
			}
		},
		{
			"from": [1.9004, 14.7532, -0.2514],
			"to": [14.018, 29.1048, 2.7994],
			"rotation": {"angle": 0, "axis": "y", "origin": [12.3656, 19.1596, 4.155]},
			"faces": {
				"north": {"uv": [3, 1.5, 13, 14.5], "texture": "#0"},
				"east": {"uv": [3, 0, 6.051, 14.352], "texture": "#1"},
				"south": {"uv": [0, 0, 16, 16], "rotation": 270, "texture": "#1"},
				"west": {"uv": [5, 1, 8.051, 15.352], "texture": "#1"},
				"up": {"uv": [0, 0, 12.1176, 3.0508], "texture": "#1"},
				"down": {"uv": [3, 3, 15.117, 6.051], "texture": "#1"}
			}
		},
		{
			"from": [14.01797, 15.85485, -0.25142],
			"to": [15.11957, 27.97245, 2.79938],
			"rotation": {"angle": 0, "axis": "z", "origin": [10.71317, 26.32005, 4.15498]},
			"faces": {
				"north": {"uv": [2, 2.5, 3, 13.5], "texture": "#0"},
				"east": {"uv": [0, 0, 12.1176, 3.0508], "rotation": 270, "texture": "#1"},
				"south": {"uv": [0, 0, 16, 2], "rotation": 270, "texture": "#1"},
				"west": {"uv": [0, 0, 12.1176, 3.0508], "rotation": 270, "texture": "#missing"},
				"up": {"uv": [7, 0, 10.051, 1.102], "rotation": 270, "texture": "#1"},
				"down": {"uv": [4, 8, 7.051, 9.102], "rotation": 270, "texture": "#1"}
			}
		},
		{
			"from": [15.11957, 16.40565, -0.25142],
			"to": [15.67037, 27.42165, 2.79938],
			"rotation": {"angle": 0, "axis": "z", "origin": [10.71317, 26.32005, 4.15498]},
			"faces": {
				"north": {"uv": [1.5, 3, 2, 13], "texture": "#0"},
				"east": {"uv": [5, 2, 16, 5.051], "rotation": 270, "texture": "#1"},
				"south": {"uv": [0, 0, 16, 1], "rotation": 270, "texture": "#1"},
				"west": {"uv": [0, 0, 11.016, 3.0508], "rotation": 270, "texture": "#missing"},
				"up": {"uv": [8, 4, 11.051, 4.551], "rotation": 270, "texture": "#1"},
				"down": {"uv": [6, 6, 9.051, 6.551], "rotation": 270, "texture": "#1"}
			}
		},
		{
			"from": [15.67037, 17.50725, -0.25142],
			"to": [16.22117, 26.32005, 2.79938],
			"rotation": {"angle": 0, "axis": "z", "origin": [10.71317, 26.32005, 4.15498]},
			"faces": {
				"north": {"uv": [1, 4, 1.5, 12], "texture": "#0"},
				"east": {"uv": [0, 5, 8.813, 8.051], "rotation": 270, "texture": "#1"},
				"south": {"uv": [0, 0, 16, 1], "rotation": 270, "texture": "#1"},
				"west": {"uv": [0, 0, 8.8128, 3.0508], "rotation": 270, "texture": "#missing"},
				"up": {"uv": [3, 6, 6.051, 6.551], "rotation": 270, "texture": "#1"},
				"down": {"uv": [0, 0, 3.0508, 0.5508], "rotation": 270, "texture": "#1"}
			}
		},
		{
			"from": [16.22117, 18.05805, -0.25142],
			"to": [16.77197, 25.76925, 2.79938],
			"rotation": {"angle": 0, "axis": "z", "origin": [10.71317, 26.32005, 4.15498]},
			"faces": {
				"north": {"uv": [0.5, 4.5, 1, 11.5], "texture": "#0"},
				"east": {"uv": [3, 7, 10.711, 10.051], "rotation": 270, "texture": "#1"},
				"south": {"uv": [0, 0, 14, 1], "rotation": 270, "texture": "#1"},
				"west": {"uv": [0, 0, 7.7112, 3.0508], "rotation": 270, "texture": "#missing"},
				"up": {"uv": [5, 8, 8.051, 8.551], "rotation": 270, "texture": "#1"},
				"down": {"uv": [8, 7, 11.051, 7.551], "rotation": 270, "texture": "#1"}
			}
		},
		{
			"from": [16.77197, 19.71045, -0.25142],
			"to": [17.32277, 24.11685, 2.79938],
			"rotation": {"angle": 0, "axis": "z", "origin": [10.71317, 26.32005, 4.15498]},
			"faces": {
				"north": {"uv": [0, 6, 0.5, 10], "texture": "#0"},
				"east": {"uv": [0, 0, 4.4064, 3.0508], "rotation": 270, "texture": "#1"},
				"south": {"uv": [0, 0, 8, 1], "rotation": 270, "texture": "#1"},
				"west": {"uv": [0, 0, 4.4064, 3.0508], "rotation": 270, "texture": "#missing"},
				"up": {"uv": [0, 0, 3.0508, 0.5508], "rotation": 270, "texture": "#1"},
				"down": {"uv": [0, 0, 3.0508, 0.5508], "rotation": 270, "texture": "#1"}
			}
		},
		{
			"from": [0.81418, 15.85483, -0.26681],
			"to": [1.91578, 27.97243, 2.78399],
			"rotation": {"angle": 0, "axis": "z", "origin": [5.22058, 17.50723, 4.13959]},
			"faces": {
				"north": {"uv": [2, 2.5, 3, 13.5], "rotation": 180, "texture": "#0"},
				"east": {"uv": [0, 0, 12.1176, 3.0508], "rotation": 90, "texture": "#missing"},
				"south": {"uv": [0, 0, 16, 2], "rotation": 90, "texture": "#1"},
				"west": {"uv": [0, 0, 12.1176, 3.0508], "rotation": 90, "texture": "#1"},
				"up": {"uv": [1, 5, 4.051, 6.102], "rotation": 90, "texture": "#1"},
				"down": {"uv": [0, 3, 3.051, 4.102], "rotation": 90, "texture": "#1"}
			}
		},
		{
			"from": [1.31418, 27.95483, -0.26681],
			"to": [1.91578, 28.57243, 2.78399],
			"rotation": {"angle": 0, "axis": "z", "origin": [5.22058, 17.50723, 4.13959]},
			"faces": {
				"north": {"uv": [2, 2.5, 2.5, 3], "rotation": 90, "texture": "#0"},
				"east": {"uv": [0, 0, 0.6176, 3.0508], "rotation": 90, "texture": "#missing"},
				"south": {"uv": [0, 0, 16, 2], "rotation": 90, "texture": "#1"},
				"west": {"uv": [14, 3, 14.617, 6.051], "rotation": 90, "texture": "#1"},
				"up": {"uv": [10, 3, 13.051, 3.602], "rotation": 90, "texture": "#1"},
				"down": {"uv": [0, 0, 3.0508, 0.6016], "rotation": 90, "texture": "#missing"}
			}
		},
		{
			"from": [1.31418, 15.25483, -0.26681],
			"to": [1.91578, 15.87243, 2.78399],
			"rotation": {"angle": 0, "axis": "z", "origin": [5.22058, 4.80723, 4.13959]},
			"faces": {
				"north": {"uv": [2, 2.5, 2.5, 3], "rotation": 90, "texture": "#0"},
				"east": {"uv": [0, 0, 0.6176, 3.0508], "rotation": 90, "texture": "#missing"},
				"south": {"uv": [0, 0, 16, 2], "rotation": 90, "texture": "#missing"},
				"west": {"uv": [6, 5, 6.617, 8.051], "rotation": 90, "texture": "#1"},
				"up": {"uv": [0, 0, 3.0508, 0.6016], "rotation": 90, "texture": "#1"},
				"down": {"uv": [5, 3, 8.051, 3.602], "rotation": 90, "texture": "#1"}
			}
		},
		{
			"from": [14.01418, 27.95483, -0.26681],
			"to": [14.61578, 28.57243, 2.78399],
			"rotation": {"angle": 0, "axis": "z", "origin": [17.92058, 17.50723, 4.13959]},
			"faces": {
				"north": {"uv": [2, 2.5, 2.5, 3], "rotation": 90, "texture": "#0"},
				"east": {"uv": [0, 0, 0.6176, 3.0508], "rotation": 90, "texture": "#1"},
				"south": {"uv": [0, 0, 16, 2], "rotation": 90, "texture": "#1"},
				"west": {"uv": [0, 0, 0.6176, 3.0508], "rotation": 90, "texture": "#missing"},
				"up": {"uv": [0, 4, 3.051, 4.602], "rotation": 90, "texture": "#1"},
				"down": {"uv": [0, 0, 3.0508, 0.6016], "rotation": 90, "texture": "#missing"}
			}
		},
		{
			"from": [14.01418, 15.25483, -0.26681],
			"to": [14.61578, 15.87243, 2.78399],
			"rotation": {"angle": 0, "axis": "z", "origin": [17.92058, 4.80723, 4.13959]},
			"faces": {
				"north": {"uv": [2, 2.5, 2.5, 3], "rotation": 90, "texture": "#0"},
				"east": {"uv": [4, 4, 4.617, 7.051], "rotation": 90, "texture": "#1"},
				"south": {"uv": [0, 0, 16, 2], "rotation": 90, "texture": "#missing"},
				"west": {"uv": [0, 0, 0.6176, 3.0508], "rotation": 90, "texture": "#missing"},
				"up": {"uv": [0, 0, 3.0508, 0.6016], "rotation": 90, "texture": "#1"},
				"down": {"uv": [6, 0, 9.051, 0.602], "rotation": 90, "texture": "#1"}
			}
		},
		{
			"from": [0.26338, 16.40563, -0.26681],
			"to": [0.81418, 27.42163, 2.78399],
			"rotation": {"angle": 0, "axis": "z", "origin": [5.22058, 17.50723, 4.13959]},
			"faces": {
				"north": {"uv": [1, 4, 1.5, 12], "texture": "#0"},
				"east": {"uv": [0, 0, 11.016, 3.0508], "rotation": 90, "texture": "#missing"},
				"south": {"uv": [0, 0, 16, 1], "rotation": 90, "texture": "#1"},
				"west": {"uv": [3, 7, 14.016, 10.051], "rotation": 90, "texture": "#1"},
				"up": {"uv": [4, 8, 7.051, 8.551], "rotation": 90, "texture": "#1"},
				"down": {"uv": [0, 6, 3.051, 6.551], "rotation": 90, "texture": "#1"}
			}
		},
		{
			"from": [-0.28742, 17.50723, -0.26681],
			"to": [0.26338, 26.32003, 2.78399],
			"rotation": {"angle": 0, "axis": "z", "origin": [5.22058, 17.50723, 4.13959]},
			"faces": {
				"north": {"uv": [1, 4, 1.5, 12], "texture": "#0"},
				"east": {"uv": [0, 0, 8.8128, 3.0508], "rotation": 90, "texture": "#missing"},
				"south": {"uv": [0, 0, 16, 1], "rotation": 90, "texture": "#1"},
				"west": {"uv": [0, 0, 8.8128, 3.0508], "rotation": 90, "texture": "#1"},
				"up": {"uv": [0, 6, 3.051, 6.551], "rotation": 90, "texture": "#1"},
				"down": {"uv": [0, 0, 3.0508, 0.5508], "rotation": 90, "texture": "#1"}
			}
		},
		{
			"from": [-0.83822, 18.05803, -0.26681],
			"to": [-0.28742, 25.76923, 2.78399],
			"rotation": {"angle": 0, "axis": "z", "origin": [5.22058, 17.50723, 4.13959]},
			"faces": {
				"north": {"uv": [0.5, 4.5, 1, 11.5], "texture": "#0"},
				"east": {"uv": [0, 0, 7.7112, 3.0508], "rotation": 90, "texture": "#missing"},
				"south": {"uv": [0, 0, 14, 1], "rotation": 90, "texture": "#1"},
				"west": {"uv": [3, 6, 10.711, 9.051], "rotation": 90, "texture": "#1"},
				"up": {"uv": [0, 0, 3.0508, 0.5508], "rotation": 90, "texture": "#1"},
				"down": {"uv": [8, 0, 11.051, 0.551], "rotation": 90, "texture": "#1"}
			}
		},
		{
			"from": [-1.38902, 19.71043, -0.26681],
			"to": [-0.83822, 24.11683, 2.78399],
			"rotation": {"angle": 0, "axis": "z", "origin": [5.22058, 17.50723, 4.13959]},
			"faces": {
				"north": {"uv": [0, 6, 0.5, 10], "texture": "#0"},
				"east": {"uv": [0, 0, 4.4064, 3.0508], "rotation": 90, "texture": "#missing"},
				"south": {"uv": [0, 0, 8, 1], "rotation": 90, "texture": "#1"},
				"west": {"uv": [0, 0, 4.4064, 3.0508], "rotation": 90, "texture": "#1"},
				"up": {"uv": [4, 8, 7.051, 8.551], "rotation": 90, "texture": "#1"},
				"down": {"uv": [0, 0, 3.0508, 0.5508], "rotation": 90, "texture": "#1"}
			}
		},
		{
			"from": [2.46655, 29.07408, -0.26679],
			"to": [13.48255, 29.62488, 2.78401],
			"rotation": {"angle": 0, "axis": "y", "origin": [3.56815, 25.21848, 4.13961]},
			"faces": {
				"north": {"uv": [1, 4, 1.5, 12], "rotation": 90, "texture": "#0"},
				"east": {"uv": [0, 0, 3.0508, 0.5508], "rotation": 180, "texture": "#1"},
				"south": {"uv": [0, 0, 16, 1], "rotation": 180, "texture": "#1"},
				"west": {"uv": [6, 8, 9.051, 8.551], "rotation": 180, "texture": "#1"},
				"up": {"uv": [0, 0, 11.016, 3.0508], "rotation": 180, "texture": "#1"},
				"down": {"uv": [0, 0, 11.016, 3.0508], "rotation": 180, "texture": "#missing"}
			}
		},
		{
			"from": [5.81893, 30.1756, -0.26758],
			"to": [10.22533, 30.7264, 2.78322],
			"rotation": {"angle": 0, "axis": "y", "origin": [4.81893, 26.32008, 4.13882]},
			"faces": {
				"north": {"uv": [0, 6, 0.5, 10], "rotation": 90, "texture": "#0"},
				"east": {"uv": [0, 0, 3.0508, 0.5508], "rotation": 180, "texture": "#1"},
				"south": {"uv": [0, 0, 16, 1], "rotation": 180, "texture": "#1"},
				"west": {"uv": [0, 0, 3.0508, 0.5508], "rotation": 180, "texture": "#1"},
				"up": {"uv": [0, 0, 4.4064, 3.0508], "rotation": 180, "texture": "#1"},
				"down": {"uv": [0, 0, 4.4064, 3.0508], "rotation": 180, "texture": "#missing"}
			}
		},
		{
			"from": [4.11895, 29.6256, -0.26679],
			"to": [11.83015, 30.1756, 2.78401],
			"rotation": {"angle": 0, "axis": "y", "origin": [3.56815, 26.32008, 4.13961]},
			"faces": {
				"north": {"uv": [0.5, 4.5, 1, 11.5], "rotation": 90, "texture": "#0"},
				"east": {"uv": [0, 0, 3.0508, 0.55], "rotation": 180, "texture": "#1"},
				"south": {"uv": [0, 0, 14, 1], "rotation": 180, "texture": "#1"},
				"west": {"uv": [4, 4, 7.051, 4.55], "rotation": 180, "texture": "#1"},
				"up": {"uv": [4, 4, 11.711, 7.051], "rotation": 180, "texture": "#1"},
				"down": {"uv": [0, 0, 7.7112, 3.0508], "rotation": 180, "texture": "#missing"}
			}
		},
		{
			"from": [10.87025, 18.94078, -13.7368],
			"to": [11.16425, 19.23478, -0.9478],
			"rotation": {"angle": 0, "axis": "x", "origin": [9.32288, 21.27908, -2.8838]},
			"faces": {
				"north": {"uv": [2, 3, 14, 4], "texture": "#4"},
				"east": {"uv": [2, 3, 14, 4], "texture": "#4"},
				"south": {"uv": [2, 3, 14, 4], "texture": "#4"},
				"west": {"uv": [2, 3, 14, 4], "texture": "#4"},
				"up": {"uv": [2, 3, 14, 4], "rotation": 90, "texture": "#4"},
				"down": {"uv": [2, 3, 14, 4], "rotation": 270, "texture": "#4"}
			}
		},
		{
			"from": [10.13525, 19.08778, -14.7168],
			"to": [11.89925, 19.08778, -10.5028],
			"rotation": {"angle": 0, "axis": "x", "origin": [9.32288, 21.27908, -2.8838]},
			"faces": {
				"north": {"uv": [0, 0, 4.549, 11.799], "texture": "#1_2"},
				"east": {"uv": [0, 0, 4.549, 11.799], "rotation": 180, "texture": "#1_2"},
				"south": {"uv": [0, 0, 4.549, 11.799], "texture": "#1_2"},
				"west": {"uv": [0, 0, 4.549, 11.799], "texture": "#1_2"},
				"up": {"uv": [0, 0, 5.049, 11.799], "rotation": 180, "texture": "#1_2"},
				"down": {"uv": [0, 0, 5.049, 11.799], "texture": "#1_2"}
			}
		},
		{
			"from": [11.02839, 18.26295, -14.7168],
			"to": [11.02839, 20.02695, -10.5028],
			"rotation": {"angle": 0, "axis": "x", "origin": [9.32288, 21.27908, -2.8838]},
			"faces": {
				"north": {"uv": [0, 0, 4.549, 11.799], "rotation": 90, "texture": "#1_2"},
				"east": {"uv": [0, 0, 5.049, 11.799], "rotation": 270, "texture": "#1_2"},
				"south": {"uv": [0, 0, 4.549, 11.799], "rotation": 270, "texture": "#1_2"},
				"west": {"uv": [0, 0, 5.049, 11.799], "rotation": 90, "texture": "#1_2"},
				"up": {"uv": [0, 0, 4.549, 11.799], "rotation": 90, "texture": "#1_2"},
				"down": {"uv": [0, 0, 4.549, 11.799], "rotation": 270, "texture": "#1_2"}
			}
		},
		{
			"from": [10.82215, 19.61496, -0.76091],
			"to": [11.21415, 20.03146, -0.66291],
			"rotation": {"angle": 22.5, "axis": "x", "origin": [9.32288, 21.27908, -2.8838]},
			"faces": {
				"north": {"uv": [13.75, 0.5, 15, 1.25], "rotation": 90, "texture": "#3"},
				"east": {"uv": [13.75, 0.5, 15, 1.25], "rotation": 270, "texture": "#3"},
				"south": {"uv": [13.75, 0.5, 15, 1.25], "rotation": 90, "texture": "#3"},
				"west": {"uv": [13.75, 0.5, 15, 1.25], "rotation": 90, "texture": "#3"},
				"up": {"uv": [13.75, 0.5, 15, 1.25], "rotation": 180, "texture": "#3"},
				"down": {"uv": [13.75, 0.5, 15, 1.25], "texture": "#3"}
			}
		},
		{
			"from": [10.82215, 19.50245, -1.03253],
			"to": [11.21415, 19.91895, -0.93453],
			"rotation": {"angle": 22.5, "axis": "x", "origin": [9.32288, 21.27908, -2.8838]},
			"faces": {
				"north": {"uv": [13.75, 0.5, 15, 1.25], "rotation": 90, "texture": "#3"},
				"east": {"uv": [13.75, 0.5, 15, 1.25], "rotation": 270, "texture": "#3"},
				"south": {"uv": [13.75, 0.5, 15, 1.25], "rotation": 90, "texture": "#3"},
				"west": {"uv": [13.75, 0.5, 15, 1.25], "rotation": 90, "texture": "#3"},
				"up": {"uv": [13.75, 0.5, 15, 1.25], "rotation": 180, "texture": "#3"},
				"down": {"uv": [13.75, 0.5, 15, 1.25], "texture": "#3"}
			}
		},
		{
			"from": [10.79765, 18.49886, -2.4102],
			"to": [11.23865, 18.91536, -2.3122],
			"rotation": {"angle": -22.5, "axis": "x", "origin": [9.32288, 21.27908, -2.8838]},
			"faces": {
				"north": {"uv": [13.75, 0.5, 15, 1.25], "rotation": 90, "texture": "#3"},
				"east": {"uv": [13.75, 0.5, 15, 1.25], "rotation": 90, "texture": "#3"},
				"south": {"uv": [13.75, 0.5, 15, 1.25], "rotation": 90, "texture": "#3"},
				"west": {"uv": [13.75, 0.5, 15, 1.25], "rotation": 90, "texture": "#3"},
				"up": {"uv": [13.75, 0.5, 15, 1.25], "rotation": 180, "texture": "#3"},
				"down": {"uv": [13.75, 0.5, 15, 1.25], "texture": "#3"}
			}
		},
		{
			"from": [10.79765, 18.61137, -2.68182],
			"to": [11.23865, 19.02787, -2.58382],
			"rotation": {"angle": -22.5, "axis": "x", "origin": [9.32288, 21.27908, -2.8838]},
			"faces": {
				"north": {"uv": [13.75, 0.5, 15, 1.25], "rotation": 90, "texture": "#3"},
				"east": {"uv": [13.75, 0.5, 15, 1.25], "rotation": 90, "texture": "#3"},
				"south": {"uv": [13.75, 0.5, 15, 1.25], "rotation": 90, "texture": "#3"},
				"west": {"uv": [13.75, 0.5, 15, 1.25], "rotation": 90, "texture": "#3"},
				"up": {"uv": [13.75, 0.5, 15, 1.25], "rotation": 180, "texture": "#3"},
				"down": {"uv": [13.75, 0.5, 15, 1.25], "texture": "#3"}
			}
		},
		{
			"from": [10.84219, 18.92277, -1.88145],
			"to": [11.18519, 19.26577, -1.26895],
			"rotation": {"angle": 0, "axis": "x", "origin": [9.32288, 21.27908, -2.8838]},
			"faces": {
				"north": {"uv": [13.75, 2.5, 15.25, 4.5], "rotation": 180, "texture": "#3"},
				"east": {"uv": [13.75, 2.5, 15.25, 4.5], "texture": "#3"},
				"south": {"uv": [13.75, 2.5, 15.25, 4.5], "rotation": 180, "texture": "#3"},
				"west": {"uv": [13.75, 2.5, 15.25, 4.5], "rotation": 180, "texture": "#3"},
				"up": {"uv": [13.75, 2.5, 15.25, 4.5], "rotation": 270, "texture": "#3"},
				"down": {"uv": [13.75, 2.5, 15.25, 4.5], "rotation": 90, "texture": "#3"}
			}
		},
		{
			"from": [10.89475, 17.35661, -2.62586],
			"to": [11.13975, 17.89561, -2.08686],
			"rotation": {"angle": -45, "axis": "x", "origin": [9.32288, 21.27908, -2.8838]},
			"faces": {
				"north": {"uv": [0, 0, 2, 2], "rotation": 90, "texture": "#4"},
				"east": {"uv": [0, 0, 2, 2], "rotation": 270, "texture": "#4"},
				"south": {"uv": [0, 0, 2, 2], "rotation": 90, "texture": "#4"},
				"west": {"uv": [0, 0, 2, 2], "rotation": 90, "texture": "#4"},
				"up": {"uv": [0, 0, 2, 2], "rotation": 180, "texture": "#4"},
				"down": {"uv": [0, 0, 2, 2], "texture": "#4"}
			}
		},
		{
			"from": [10.89474, 19.93657, -0.72693],
			"to": [11.13974, 20.72057, 0.54707],
			"rotation": {"angle": 22.5, "axis": "x", "origin": [9.32288, 21.27908, -2.8838]},
			"faces": {
				"north": {"uv": [0, 0, 2, 2], "texture": "#4"},
				"east": {"uv": [0, 0, 2, 2], "texture": "#4"},
				"south": {"uv": [0, 0, 2, 2], "texture": "#4"},
				"west": {"uv": [0, 0, 2, 2], "texture": "#4"},
				"up": {"uv": [0, 0, 2, 2], "rotation": 90, "texture": "#4"},
				"down": {"uv": [0, 0, 2, 2], "rotation": 270, "texture": "#4"}
			}
		},
		{
			"from": [10.89413, 17.75414, -2.41901],
			"to": [11.13913, 18.53814, -1.14501],
			"rotation": {"angle": -22.5, "axis": "x", "origin": [9.32288, 21.27908, -2.8838]},
			"faces": {
				"north": {"uv": [0, 0.55, 2, 2.55], "texture": "#4"},
				"east": {"uv": [0, 0.55, 2, 2.55], "texture": "#4"},
				"south": {"uv": [0, 0.55, 2, 2.55], "texture": "#4"},
				"west": {"uv": [0, 0.55, 2, 2.55], "texture": "#4"},
				"up": {"uv": [0, 0.55, 2, 2.55], "rotation": 90, "texture": "#4"},
				"down": {"uv": [0, 0.55, 2, 2.55], "rotation": 270, "texture": "#4"}
			}
		},
		{
			"from": [5.22525, 24.55612, -13.67862],
			"to": [5.51925, 24.85012, -0.88962],
			"rotation": {"angle": 0, "axis": "x", "origin": [7.07288, 22.52908, -4.6338]},
			"faces": {
				"north": {"uv": [2, 3, 14, 4], "texture": "#4"},
				"east": {"uv": [2, 3, 14, 4], "texture": "#4"},
				"south": {"uv": [2, 3, 14, 4], "texture": "#4"},
				"west": {"uv": [2, 3, 14, 4], "texture": "#4"},
				"up": {"uv": [2, 3, 14, 4], "rotation": 90, "texture": "#4"},
				"down": {"uv": [2, 3, 14, 4], "rotation": 270, "texture": "#4"}
			}
		},
		{
			"from": [4.49025, 24.70312, -14.65862],
			"to": [6.25425, 24.70312, -10.44462],
			"rotation": {"angle": 0, "axis": "x", "origin": [7.07288, 22.52908, -4.6338]},
			"faces": {
				"north": {"uv": [0, 0, 4.549, 11.799], "texture": "#1_2"},
				"east": {"uv": [0, 0, 4.549, 11.799], "rotation": 180, "texture": "#1_2"},
				"south": {"uv": [0, 0, 4.549, 11.799], "texture": "#1_2"},
				"west": {"uv": [0, 0, 4.549, 11.799], "texture": "#1_2"},
				"up": {"uv": [0, 0, 5.049, 11.799], "rotation": 180, "texture": "#1_2"},
				"down": {"uv": [0, 0, 5.049, 11.799], "texture": "#1_2"}
			}
		},
		{
			"from": [5.38339, 23.87828, -14.65862],
			"to": [5.38339, 25.64228, -10.44462],
			"rotation": {"angle": 0, "axis": "x", "origin": [7.07288, 22.52908, -4.6338]},
			"faces": {
				"north": {"uv": [0, 0, 4.549, 11.799], "rotation": 90, "texture": "#1_2"},
				"east": {"uv": [0, 0, 5.049, 11.799], "rotation": 270, "texture": "#1_2"},
				"south": {"uv": [0, 0, 4.549, 11.799], "rotation": 270, "texture": "#1_2"},
				"west": {"uv": [0, 0, 5.049, 11.799], "rotation": 90, "texture": "#1_2"},
				"up": {"uv": [0, 0, 4.549, 11.799], "rotation": 90, "texture": "#1_2"},
				"down": {"uv": [0, 0, 4.549, 11.799], "rotation": 270, "texture": "#1_2"}
			}
		},
		{
			"from": [5.17715, 25.58996, -2.51091],
			"to": [5.56915, 26.00646, -2.41291],
			"rotation": {"angle": 22.5, "axis": "x", "origin": [7.07288, 22.52908, -4.6338]},
			"faces": {
				"north": {"uv": [13.75, 0.5, 15, 1.25], "rotation": 90, "texture": "#3"},
				"east": {"uv": [13.75, 0.5, 15, 1.25], "rotation": 270, "texture": "#3"},
				"south": {"uv": [13.75, 0.5, 15, 1.25], "rotation": 90, "texture": "#3"},
				"west": {"uv": [13.75, 0.5, 15, 1.25], "rotation": 90, "texture": "#3"},
				"up": {"uv": [13.75, 0.5, 15, 1.25], "rotation": 180, "texture": "#3"},
				"down": {"uv": [13.75, 0.5, 15, 1.25], "texture": "#3"}
			}
		},
		{
			"from": [5.17715, 25.47745, -2.78253],
			"to": [5.56915, 25.89395, -2.68453],
			"rotation": {"angle": 22.5, "axis": "x", "origin": [7.07288, 22.52908, -4.6338]},
			"faces": {
				"north": {"uv": [13.75, 0.5, 15, 1.25], "rotation": 90, "texture": "#3"},
				"east": {"uv": [13.75, 0.5, 15, 1.25], "rotation": 270, "texture": "#3"},
				"south": {"uv": [13.75, 0.5, 15, 1.25], "rotation": 90, "texture": "#3"},
				"west": {"uv": [13.75, 0.5, 15, 1.25], "rotation": 90, "texture": "#3"},
				"up": {"uv": [13.75, 0.5, 15, 1.25], "rotation": 180, "texture": "#3"},
				"down": {"uv": [13.75, 0.5, 15, 1.25], "texture": "#3"}
			}
		},
		{
			"from": [5.15265, 23.08994, -0.81912],
			"to": [5.59365, 23.50644, -0.72112],
			"rotation": {"angle": -22.5, "axis": "x", "origin": [7.07288, 22.52908, -4.6338]},
			"faces": {
				"north": {"uv": [13.75, 0.5, 15, 1.25], "rotation": 90, "texture": "#3"},
				"east": {"uv": [13.75, 0.5, 15, 1.25], "rotation": 90, "texture": "#3"},
				"south": {"uv": [13.75, 0.5, 15, 1.25], "rotation": 90, "texture": "#3"},
				"west": {"uv": [13.75, 0.5, 15, 1.25], "rotation": 90, "texture": "#3"},
				"up": {"uv": [13.75, 0.5, 15, 1.25], "rotation": 180, "texture": "#3"},
				"down": {"uv": [13.75, 0.5, 15, 1.25], "texture": "#3"}
			}
		},
		{
			"from": [5.15265, 23.20245, -1.09074],
			"to": [5.59365, 23.61895, -0.99274],
			"rotation": {"angle": -22.5, "axis": "x", "origin": [7.07288, 22.52908, -4.6338]},
			"faces": {
				"north": {"uv": [13.75, 0.5, 15, 1.25], "rotation": 90, "texture": "#3"},
				"east": {"uv": [13.75, 0.5, 15, 1.25], "rotation": 90, "texture": "#3"},
				"south": {"uv": [13.75, 0.5, 15, 1.25], "rotation": 90, "texture": "#3"},
				"west": {"uv": [13.75, 0.5, 15, 1.25], "rotation": 90, "texture": "#3"},
				"up": {"uv": [13.75, 0.5, 15, 1.25], "rotation": 180, "texture": "#3"},
				"down": {"uv": [13.75, 0.5, 15, 1.25], "texture": "#3"}
			}
		},
		{
			"from": [5.19719, 24.5381, -1.82327],
			"to": [5.54019, 24.8811, -1.21077],
			"rotation": {"angle": 0, "axis": "x", "origin": [7.07288, 22.52908, -4.6338]},
			"faces": {
				"north": {"uv": [13.75, 2.5, 15.25, 4.5], "rotation": 180, "texture": "#3"},
				"east": {"uv": [13.75, 2.5, 15.25, 4.5], "texture": "#3"},
				"south": {"uv": [13.75, 2.5, 15.25, 4.5], "rotation": 180, "texture": "#3"},
				"west": {"uv": [13.75, 2.5, 15.25, 4.5], "rotation": 180, "texture": "#3"},
				"up": {"uv": [13.75, 2.5, 15.25, 4.5], "rotation": 270, "texture": "#3"},
				"down": {"uv": [13.75, 2.5, 15.25, 4.5], "rotation": 90, "texture": "#3"}
			}
		},
		{
			"from": [5.24975, 20.41479, -0.01053],
			"to": [5.49475, 20.95379, 0.52847],
			"rotation": {"angle": -45, "axis": "x", "origin": [7.07288, 22.52908, -4.6338]},
			"faces": {
				"north": {"uv": [0, 0, 2, 2], "rotation": 90, "texture": "#4"},
				"east": {"uv": [0, 0, 2, 2], "rotation": 270, "texture": "#4"},
				"south": {"uv": [0, 0, 2, 2], "rotation": 90, "texture": "#4"},
				"west": {"uv": [0, 0, 2, 2], "rotation": 90, "texture": "#4"},
				"up": {"uv": [0, 0, 2, 2], "rotation": 180, "texture": "#4"},
				"down": {"uv": [0, 0, 2, 2], "texture": "#4"}
			}
		},
		{
			"from": [5.24974, 25.91157, -2.47693],
			"to": [5.49474, 26.69557, -1.20293],
			"rotation": {"angle": 22.5, "axis": "x", "origin": [7.07288, 22.52908, -4.6338]},
			"faces": {
				"north": {"uv": [0, 0, 2, 2], "texture": "#4"},
				"east": {"uv": [0, 0, 2, 2], "texture": "#4"},
				"south": {"uv": [0, 0, 2, 2], "texture": "#4"},
				"west": {"uv": [0, 0, 2, 2], "texture": "#4"},
				"up": {"uv": [0, 0, 2, 2], "rotation": 90, "texture": "#4"},
				"down": {"uv": [0, 0, 2, 2], "rotation": 270, "texture": "#4"}
			}
		},
		{
			"from": [5.24913, 22.34522, -0.82793],
			"to": [5.49413, 23.12922, 0.44607],
			"rotation": {"angle": -22.5, "axis": "x", "origin": [7.07288, 22.52908, -4.6338]},
			"faces": {
				"north": {"uv": [0, 0.55, 2, 2.55], "texture": "#4"},
				"east": {"uv": [0, 0.55, 2, 2.55], "texture": "#4"},
				"south": {"uv": [0, 0.55, 2, 2.55], "texture": "#4"},
				"west": {"uv": [0, 0.55, 2, 2.55], "texture": "#4"},
				"up": {"uv": [0, 0.55, 2, 2.55], "rotation": 90, "texture": "#4"},
				"down": {"uv": [0, 0.55, 2, 2.55], "rotation": 270, "texture": "#4"}
			}
		}
	],
	"display": {
		"thirdperson_righthand": {
			"rotation": [75, 45, 0],
			"translation": [0, 2.5, 0],
			"scale": [0.375, 0.375, 0.375]
		},
		"thirdperson_lefthand": {
			"rotation": [75, 45, 0],
			"translation": [0, 2.5, 0],
			"scale": [0.375, 0.375, 0.375]
		},
		"firstperson_righthand": {
			"rotation": [0, 94.25, 0],
			"translation": [0.5, 3, 0],
			"scale": [0.4, 0.4, 0.4]
		},
		"firstperson_lefthand": {
			"rotation": [0, 283.5, 0],
			"translation": [0.5, 3, 0],
			"scale": [0.4, 0.4, 0.4]
		},
		"ground": {
			"translation": [0, 4, 0]
		},
		"gui": {
			"rotation": [-13, -138, -11],
			"translation": [-0.5, -3.5, 0],
			"scale": [0.53125, 0.53125, 0.53125]
		},
		"head": {
			"rotation": [0, 90, 0],
			"translation": [0, 18.5, 0],
			"scale": [1.5, 1.5, 1.5]
		},
		"fixed": {
			"rotation": [-67, 0, 0],
			"translation": [0, 0, -8.5],
			"scale": [2, 2, 2]
		}
	},
	"groups": [
		{
			"name": "Frame",
			"origin": [7.5, 22, 9.78204],
			"children": [0, 1, 2, 3, 4, 5, 6, 7]
		},
		{
			"name": "Bale",
			"origin": [3.56815, 26.32008, 4.13961],
			"children": [8, 9, 10, 11, 12, 13, 14, 15, 16, 17, 18, 19, 20, 21, 22, 23, 24, 25, 26, 27, 28, 29]
		},
		{
			"name": "twoarrows",
			"origin": [8, 8, 8],
			"children": [
				{
					"name": "Arrow",
					"origin": [9.74028, 3.14983, 15.10063],
					"children": [30, 31, 32, 33, 34, 35, 36, 37, 38, 39, 40]
				},
				{
					"name": "Arrow",
					"origin": [9.74028, 3.14983, 15.10063],
					"children": [41, 42, 43, 44, 45, 46, 47, 48, 49, 50, 51]
				}
			]
		}
	]
}