{
	"credit": "Made with Blockbench",
	"texture_size": [128, 128],
	"textures": {
		"1": "block/Astronaut1"
	},
	"elements": [
		{
			"name": "body",
			"from": [4, 10.5, 5.9375],
			"to": [12, 16.5, 10],
			"rotation": {"angle": 0, "axis": "y", "origin": [8, 7, 8]},
			"faces": {
				"north": {"uv": [0, 6, 4, 9], "texture": "#1"},
				"east": {"uv": [6, 6, 8, 9], "texture": "#1"},
				"south": {"uv": [0, 6, 4, 9], "texture": "#1"},
				"west": {"uv": [4, 6, 6, 9], "texture": "#1"},
				"up": {"uv": [7, 5, 5, 4], "texture": "#1"},
				"down": {"uv": [9, 4, 7, 5], "texture": "#1"}
			}
		},
		{
			"name": "body",
			"from": [4, 16.5, 5.1875],
			"to": [12, 22.5, 10],
			"rotation": {"angle": 0, "axis": "y", "origin": [8, 7, 8]},
			"faces": {
				"north": {"uv": [0, 6, 4, 9], "rotation": 180, "texture": "#1"},
				"east": {"uv": [6, 6, 8, 8.875], "texture": "#1"},
				"south": {"uv": [0, 6, 4, 9], "texture": "#1"},
				"west": {"uv": [4, 6, 6, 8.875], "texture": "#1"},
				"up": {"uv": [0, 6, 4, 9], "rotation": 180, "texture": "#1"},
				"down": {"uv": [0, 6, 4, 9], "rotation": 180, "texture": "#1"}
			}
		},
		{
			"name": "body",
			"from": [3, 12.5, 10.6875],
			"to": [13, 26.5, 15.5],
			"rotation": {"angle": 0, "axis": "y", "origin": [8, 7, 13.5]},
			"faces": {
				"north": {"uv": [0, 9, 4, 15], "texture": "#1"},
				"east": {"uv": [4, 9, 6, 15], "texture": "#1"},
				"south": {"uv": [0, 9, 4, 15], "texture": "#1"},
				"west": {"uv": [4, 9, 6, 15], "texture": "#1"},
				"up": {"uv": [4, 9, 6, 15], "texture": "#1"},
				"down": {"uv": [4, 9, 6, 15], "texture": "#1"}
			}
		},
		{
			"name": "body",
			"from": [4.96875, 10.5, 10.6875],
			"to": [10.96875, 12.5, 15.5],
			"rotation": {"angle": 0, "axis": "y", "origin": [7.96875, 7, 13.5]},
			"faces": {
				"north": {"uv": [0.75, 15, 3.25, 15.875], "texture": "#1"},
				"east": {"uv": [0, 10.625, 2, 12.125], "texture": "#1"},
				"south": {"uv": [0.75, 15, 3.25, 15.875], "texture": "#1"},
				"west": {"uv": [0, 10.625, 2, 12.125], "texture": "#1"},
				"up": {"uv": [4, 10.125, 6, 13.125], "rotation": 90, "texture": "#1"},
				"down": {"uv": [4, 10.125, 6, 13.125], "rotation": 90, "texture": "#1"}
			}
		},
		{
			"name": "body",
			"from": [5, 26.5, 10.6875],
			"to": [11, 28.5, 15.5],
			"rotation": {"angle": 0, "axis": "y", "origin": [8, 32, 13.5]},
			"faces": {
				"north": {"uv": [4, 10.625, 5.125, 13.25], "rotation": 90, "texture": "#1"},
				"east": {"uv": [4, 10.625, 5.125, 13.25], "rotation": 90, "texture": "#1"},
				"south": {"uv": [4, 10.625, 5.125, 13.25], "rotation": 90, "texture": "#1"},
				"west": {"uv": [4, 10.625, 5.125, 13.25], "rotation": 90, "texture": "#1"},
				"up": {"uv": [4, 10.125, 6, 13.125], "rotation": 90, "texture": "#1"},
				"down": {"uv": [4, 10.625, 5.125, 13.25], "rotation": 90, "texture": "#1"}
			}
		},
		{
			"name": "body",
			"from": [11.41421, 10.32843, 10.73438],
			"to": [13.41421, 13.15685, 15.46094],
			"rotation": {"angle": -45, "axis": "z", "origin": [12.41421, 13.32843, 13.09375]},
			"faces": {
				"north": {"uv": [0, 13.625, 0.75, 15.125], "rotation": 180, "texture": "#1"},
				"east": {"uv": [4, 11.5, 6, 13.125], "texture": "#1"},
				"south": {"uv": [0, 13.625, 0.75, 15.125], "rotation": 180, "texture": "#1"},
				"west": {"uv": [4, 11.5, 6, 13.125], "texture": "#1"},
				"up": {"uv": [4, 11.5, 6, 13.125], "texture": "#1"},
				"down": {"uv": [4, 11.5, 6, 13.125], "texture": "#1"}
			}
		},
		{
			"name": "body",
			"from": [11.44546, 25.84315, 10.73438],
			"to": [13.44546, 28.67157, 15.46094],
			"rotation": {"angle": 45, "axis": "z", "origin": [12.44546, 25.67157, 13.09375]},
			"faces": {
				"north": {"uv": [4, 11.5, 6, 13.125], "texture": "#1"},
				"east": {"uv": [4, 11.5, 6, 13.125], "texture": "#1"},
				"south": {"uv": [0, 13.625, 0.75, 15.125], "rotation": 180, "texture": "#1"},
				"west": {"uv": [4, 11.5, 6, 13.125], "texture": "#1"},
				"up": {"uv": [4, 11.5, 6, 13.125], "texture": "#1"},
				"down": {"uv": [4, 11.5, 6, 13.125], "texture": "#1"}
			}
		},
		{
			"name": "body",
			"from": [2.55454, 10.32843, 10.73438],
			"to": [4.55454, 13.15685, 15.46094],
			"rotation": {"angle": 45, "axis": "z", "origin": [3.55454, 13.32843, 13.09375]},
			"faces": {
				"north": {"uv": [0, 13.625, 0.75, 15.125], "texture": "#1"},
				"east": {"uv": [4, 13.25, 6, 14.875], "texture": "#1"},
				"south": {"uv": [0, 13.625, 0.75, 15.125], "texture": "#1"},
				"west": {"uv": [4, 13.25, 6, 14.875], "texture": "#1"},
				"up": {"uv": [4, 13.25, 6, 14.875], "texture": "#1"},
				"down": {"uv": [4, 13.25, 6, 14.875], "texture": "#1"}
			}
		},
		{
			"name": "body",
			"from": [2.58579, 25.84315, 10.73438],
			"to": [4.58579, 28.67157, 15.46094],
			"rotation": {"angle": -45, "axis": "z", "origin": [3.58579, 25.67157, 13.09375]},
			"faces": {
				"north": {"uv": [4, 11.5, 6, 13.125], "texture": "#1"},
				"east": {"uv": [4, 11.5, 6, 13.125], "texture": "#1"},
				"south": {"uv": [0, 13.625, 0.75, 15.125], "texture": "#1"},
				"west": {"uv": [4, 11.5, 6, 13.125], "texture": "#1"},
				"up": {"uv": [4, 11.5, 6, 13.125], "texture": "#1"},
				"down": {"uv": [4, 11.5, 6, 13.125], "texture": "#1"}
			}
		},
		{
			"name": "body",
			"from": [4, 20.25, 5.6875],
			"to": [12, 22.25, 6.75],
			"rotation": {"angle": 45, "axis": "x", "origin": [8, 23.25, 8.09375]},
			"faces": {
				"north": {"uv": [12, 1.25, 14, 2], "rotation": 180, "texture": "#1"},
				"east": {"uv": [10, 0, 12, 0.125], "rotation": 180, "texture": "#1"},
				"south": {"uv": [12, 1.25, 14, 2], "rotation": 180, "texture": "#1"},
				"west": {"uv": [10, 0, 12, 0.125], "rotation": 180, "texture": "#1"},
				"up": {"uv": [10, 0, 12, 0.125], "rotation": 180, "texture": "#1"},
				"down": {"uv": [10, 0, 12, 0.125], "rotation": 180, "texture": "#1"}
			}
		},
		{
			"name": "body",
			"from": [4, 20.25, 9.25],
			"to": [12, 22.25, 10.3125],
			"rotation": {"angle": -45, "axis": "x", "origin": [8, 23.25, 7.90625]},
			"faces": {
				"north": {"uv": [12, 1.25, 14, 2], "rotation": 180, "texture": "#1"},
				"east": {"uv": [12, 0, 10, 0.125], "rotation": 180, "texture": "#1"},
				"south": {"uv": [14, 1.25, 12, 2], "rotation": 180, "texture": "#1"},
				"west": {"uv": [12, 0, 10, 0.125], "rotation": 180, "texture": "#1"},
				"up": {"uv": [10, 0.125, 12, 0], "rotation": 180, "texture": "#1"},
				"down": {"uv": [10, 0.125, 12, 0], "rotation": 180, "texture": "#1"}
			}
		},
		{
			"name": "body",
			"from": [4, 23.18187, 5.68517],
			"to": [12, 24.24437, 10.31483],
			"rotation": {"angle": 0, "axis": "x", "origin": [8, 23.71312, 6.68517]},
			"faces": {
				"north": {"uv": [10, 0, 12, 0.125], "rotation": 180, "texture": "#1"},
				"east": {"uv": [10, 0, 12, 0.125], "rotation": 180, "texture": "#1"},
				"south": {"uv": [10, 0, 12, 0.125], "rotation": 180, "texture": "#1"},
				"west": {"uv": [10, 0, 12, 0.125], "rotation": 180, "texture": "#1"},
				"up": {"uv": [10, 0.375, 12, 0.5], "rotation": 180, "texture": "#1"},
				"down": {"uv": [10, 0.375, 12, 0.5], "rotation": 180, "texture": "#1"}
			}
		},
		{
			"name": "body",
			"from": [5, 24.24437, 5.68517],
			"to": [11, 31.17873, 10.31483],
			"rotation": {"angle": 0, "axis": "x", "origin": [8, 23.71312, 6.68517]},
			"faces": {
				"north": {"uv": [14, 1.25, 16, 4.25], "rotation": 90, "texture": "#1"},
				"east": {"uv": [12, 1.25, 14, 4.25], "rotation": 180, "texture": "#1"},
				"south": {"uv": [14, 1.25, 16, 4.25], "rotation": 90, "texture": "#1"},
				"west": {"uv": [12, 1.25, 14, 4.25], "rotation": 180, "texture": "#1"},
				"up": {"uv": [14, 1.25, 16, 4.25], "rotation": 90, "texture": "#1"},
				"down": {"uv": [8, 5, 10, 8], "texture": "#missing"}
			}
		},
		{
			"name": "body",
			"from": [4.28844, 25.04182, 6.21758],
			"to": [11.71156, 30.38128, 9.78242],
			"rotation": {"angle": 0, "axis": "x", "origin": [6.075, 24.63276, 6.98758]},
			"faces": {
				"north": {"uv": [14, 1.25, 16, 4.25], "rotation": 90, "texture": "#1"},
				"east": {"uv": [12, 1.25, 14, 4.25], "rotation": 180, "texture": "#1"},
				"south": {"uv": [14, 1.25, 16, 4.25], "rotation": 90, "texture": "#1"},
				"west": {"uv": [12, 1.25, 14, 4.25], "rotation": 90, "texture": "#1"},
				"up": {"uv": [14, 1.25, 16, 4.25], "rotation": 90, "texture": "#1"},
				"down": {"uv": [14, 1.25, 16, 4.25], "rotation": 90, "texture": "#1"}
			}
		},
		{
			"name": "body",
			"from": [5.03906, 26.96653, 4.74296],
			"to": [10.96094, 27.96653, 6.37262],
			"rotation": {"angle": 45, "axis": "x", "origin": [8, 26.43528, 2.74296]},
			"faces": {
				"north": {"uv": [11, 1.25, 12, 4.25], "rotation": 90, "texture": "#1"},
				"east": {"uv": [11, 1.25, 12, 2], "texture": "#1"},
				"south": {"uv": [11, 1.25, 12, 4.25], "rotation": 90, "texture": "#1"},
				"west": {"uv": [11, 1.25, 12, 2], "texture": "#1"},
				"up": {"uv": [11, 1.25, 12, 4.25], "rotation": 90, "texture": "#1"},
				"down": {"uv": [11, 1.25, 12, 4.25], "rotation": 90, "texture": "#1"}
			}
		},
		{
			"name": "body",
			"from": [4.31187, 27.13788, 5.49208],
			"to": [11.70375, 27.90788, 6.74692],
			"rotation": {"angle": 45, "axis": "x", "origin": [6.075, 26.72882, 3.95208]},
			"faces": {
				"north": {"uv": [14.125, 1.25, 15, 4.25], "rotation": 90, "texture": "#1"},
				"east": {"uv": [14.125, 3, 14.625, 4], "texture": "#1"},
				"south": {"uv": [14.125, 1.25, 15, 4.25], "rotation": 90, "texture": "#1"},
				"west": {"uv": [14.125, 3, 14.625, 4], "texture": "#1"},
				"up": {"uv": [14.125, 1.25, 15, 4.25], "rotation": 90, "texture": "#1"},
				"down": {"uv": [14.125, 1.25, 15, 4.25], "rotation": 90, "texture": "#1"}
			}
		},
		{
			"name": "body",
			"from": [5.03906, 26.96653, 9.62738],
			"to": [10.96094, 27.96653, 11.25704],
			"rotation": {"angle": -45, "axis": "x", "origin": [8, 26.43528, 13.25704]},
			"faces": {
				"north": {"uv": [14.125, 3, 14.625, 4], "texture": "#1"},
				"east": {"uv": [13.5, 1.25, 14, 1.625], "rotation": 180, "texture": "#1"},
				"south": {"uv": [14.125, 3, 14.625, 4], "texture": "#1"},
				"west": {"uv": [14.125, 3, 14.625, 4], "texture": "#1"},
				"up": {"uv": [14.125, 3, 14.625, 4], "texture": "#1"},
				"down": {"uv": [14.125, 3, 14.625, 4], "texture": "#1"}
			}
		},
		{
			"name": "body",
			"from": [4.31187, 27.13788, 9.25308],
			"to": [11.70375, 27.90788, 10.50792],
			"rotation": {"angle": -45, "axis": "x", "origin": [6.075, 26.72882, 12.04792]},
			"faces": {
				"north": {"uv": [14.125, 1.25, 15, 4.25], "rotation": 90, "texture": "#1"},
				"east": {"uv": [13.5, 1.25, 14, 1.625], "rotation": 180, "texture": "#1"},
				"south": {"uv": [14.125, 1.25, 15, 4.25], "rotation": 90, "texture": "#1"},
				"west": {"uv": [13.5, 1.25, 14, 1.625], "rotation": 180, "texture": "#1"},
				"up": {"uv": [14.125, 1.25, 15, 4.25], "rotation": 90, "texture": "#1"},
				"down": {"uv": [14.125, 1.25, 15, 4.25], "rotation": 90, "texture": "#1"}
			}
		},
		{
			"name": "body",
			"from": [5.03906, 29.749, 4.64771],
			"to": [10.96094, 30.749, 6.27738],
			"rotation": {"angle": -45, "axis": "x", "origin": [8, 30.249, 5.46255]},
			"faces": {
				"north": {"uv": [14.125, 1.25, 15, 4.25], "rotation": 90, "texture": "#1"},
				"east": {"uv": [14.25, 3, 14.75, 4], "rotation": 90, "texture": "#1"},
				"south": {"uv": [14.125, 1.25, 15, 4.25], "rotation": 90, "texture": "#1"},
				"west": {"uv": [14.125, 3, 14.625, 4], "rotation": 90, "texture": "#1"},
				"up": {"uv": [14.125, 1.25, 15, 4.25], "rotation": 90, "texture": "#1"},
				"down": {"uv": [14.125, 1.25, 15, 4.25], "rotation": 90, "texture": "#1"}
			}
		},
		{
			"name": "body",
			"from": [4.31187, 29.28039, 5.41874],
			"to": [11.70375, 30.05039, 6.67358],
			"rotation": {"angle": -45, "axis": "x", "origin": [6.075, 29.66539, 6.04616]},
			"faces": {
				"north": {"uv": [14.125, 1.25, 15, 4.25], "rotation": 90, "texture": "#1"},
				"east": {"uv": [14.25, 3, 14.75, 4], "rotation": 90, "texture": "#1"},
				"south": {"uv": [14.125, 1.25, 15, 4.25], "rotation": 90, "texture": "#1"},
				"west": {"uv": [14.125, 3, 14.625, 4], "rotation": 180, "texture": "#1"},
				"up": {"uv": [14.125, 1.25, 15, 4.25], "rotation": 90, "texture": "#1"},
				"down": {"uv": [14.125, 1.25, 15, 4.25], "rotation": 90, "texture": "#1"}
			}
		},
		{
			"name": "body",
			"from": [5.03906, 29.749, 9.72262],
			"to": [10.96094, 30.749, 11.35229],
			"rotation": {"angle": 45, "axis": "x", "origin": [8, 30.249, 10.53745]},
			"faces": {
				"north": {"uv": [14.125, 1.25, 15, 4.25], "rotation": 90, "texture": "#1"},
				"east": {"uv": [13.5, 1.25, 14, 1.625], "texture": "#1"},
				"south": {"uv": [14.125, 1.25, 15, 4.25], "rotation": 90, "texture": "#1"},
				"west": {"uv": [13.5, 1.25, 14, 1.625], "texture": "#1"},
				"up": {"uv": [14.125, 1.25, 15, 4.25], "rotation": 90, "texture": "#1"},
				"down": {"uv": [14.125, 1.25, 15, 4.25], "rotation": 90, "texture": "#1"}
			}
		},
		{
			"name": "body",
			"from": [4.31187, 29.28039, 9.32642],
			"to": [11.70375, 30.05039, 10.58126],
			"rotation": {"angle": 45, "axis": "x", "origin": [6.075, 29.66539, 9.95384]},
			"faces": {
				"north": {"uv": [14.125, 1.25, 15, 4.25], "rotation": 90, "texture": "#1"},
				"east": {"uv": [13.5, 1.25, 14, 1.625], "rotation": 180, "texture": "#1"},
				"south": {"uv": [14.125, 1.25, 15, 4.25], "rotation": 90, "texture": "#1"},
				"west": {"uv": [13.5, 1.25, 14, 1.625], "texture": "#1"},
				"up": {"uv": [14.125, 1.25, 15, 4.25], "rotation": 90, "texture": "#1"},
				"down": {"uv": [14.125, 1.25, 15, 4.25], "rotation": 90, "texture": "#1"}
			}
		},
		{
			"name": "body",
			"from": [5, 25.39672, 4.53282],
			"to": [11, 30.02638, 11.46718],
			"rotation": {"angle": 0, "axis": "x", "origin": [8, 29.02638, 4.00157]},
			"faces": {
				"north": {"uv": [10, 1.25, 12, 4.25], "rotation": 90, "texture": "#1"},
				"east": {"uv": [12, 4.25, 14, 7.25], "rotation": 270, "texture": "#1"},
				"south": {"uv": [14, 1.25, 16, 4.25], "rotation": 90, "texture": "#1"},
				"west": {"uv": [10, 4.25, 12, 7.25], "rotation": 90, "texture": "#1"},
				"up": {"uv": [9, 4, 7, 5], "texture": "#1"},
				"down": {"uv": [7, 5, 5, 4], "texture": "#1"}
			}
		},
		{
			"name": "body",
			"from": [4.265, 25.92913, 5.33027],
			"to": [11.735, 29.49397, 10.66973],
			"rotation": {"angle": 0, "axis": "x", "origin": [6.075, 28.72397, 4.92121]},
			"faces": {
				"north": {"uv": [14, 1.25, 16, 4.25], "rotation": 90, "texture": "#1"},
				"east": {"uv": [12, 1.25, 14, 4.25], "rotation": 270, "texture": "#1"},
				"south": {"uv": [14, 1.25, 16, 4.25], "rotation": 90, "texture": "#1"},
				"west": {"uv": [12, 1.25, 14, 4.25], "rotation": 90, "texture": "#1"},
				"up": {"uv": [14, 1.25, 16, 4.25], "rotation": 90, "texture": "#1"},
				"down": {"uv": [14, 1.25, 16, 4.25], "rotation": 90, "texture": "#1"}
			}
		},
		{
			"name": "body",
			"from": [3.5, 17.78661, 5],
			"to": [4.48483, 23.25, 6],
			"rotation": {"angle": 0, "axis": "z", "origin": [3.49242, 21.01831, 5.5]},
			"faces": {
				"north": {"uv": [3.5, 6, 4, 9], "rotation": 180, "texture": "#1"},
				"east": {"uv": [3.5, 6, 4, 9], "rotation": 180, "texture": "#1"},
				"south": {"uv": [3.5, 6, 4, 9], "rotation": 180, "texture": "#1"},
				"west": {"uv": [3.5, 6, 4, 9], "rotation": 180, "texture": "#1"},
				"up": {"uv": [3.5, 6, 4, 9], "rotation": 180, "texture": "#1"},
				"down": {"uv": [3.5, 6, 4, 9], "rotation": 180, "texture": "#1"}
			}
		},
		{
			"name": "body",
			"from": [11.51517, 17.78661, 5],
			"to": [12.5, 23.25, 6],
			"rotation": {"angle": 0, "axis": "z", "origin": [12.50758, 21.01831, 5.5]},
			"faces": {
				"north": {"uv": [4, 6, 3.5, 9], "rotation": 180, "texture": "#1"},
				"east": {"uv": [4, 6, 3.5, 9], "rotation": 180, "texture": "#1"},
				"south": {"uv": [4, 6, 3.5, 9], "rotation": 180, "texture": "#1"},
				"west": {"uv": [4, 6, 3.5, 9], "rotation": 180, "texture": "#1"},
				"up": {"uv": [4, 6, 3.5, 9], "rotation": 180, "texture": "#1"},
				"down": {"uv": [4, 6, 3.5, 9], "rotation": 180, "texture": "#1"}
			}
		},
		{
			"name": "body",
			"from": [11.51517, 17.78661, 6.5],
			"to": [12.5, 18.78661, 11.96339],
			"rotation": {"angle": 0, "axis": "x", "origin": [12.00758, 18.28661, 9.23169]},
			"faces": {
				"north": {"uv": [3.5, 9, 4, 6], "rotation": 90, "texture": "#1"},
				"east": {"uv": [3.5, 9, 4, 6], "rotation": 90, "texture": "#1"},
				"south": {"uv": [3.5, 9, 4, 6], "rotation": 90, "texture": "#1"},
				"west": {"uv": [3.5, 9, 4, 6], "rotation": 90, "texture": "#1"},
				"up": {"uv": [4, 6, 3.5, 9], "texture": "#1"},
				"down": {"uv": [4, 6, 3.5, 9], "rotation": 180, "texture": "#1"}
			}
		},
		{
			"name": "body",
			"from": [11.51517, 24.32805, 4.55346],
			"to": [12.48438, 25.32805, 6.51685],
			"rotation": {"angle": -45, "axis": "x", "origin": [12.00758, 24.82805, 7.28515]},
			"faces": {
				"north": {"uv": [3.5, 9, 4, 8.125], "rotation": 90, "texture": "#1"},
				"east": {"uv": [3.5, 9, 4, 8.125], "rotation": 90, "texture": "#1"},
				"south": {"uv": [3.5, 9, 4, 8.125], "rotation": 90, "texture": "#1"},
				"west": {"uv": [3.5, 9, 4, 8.125], "rotation": 90, "texture": "#1"},
				"up": {"uv": [4, 7.5, 3.5, 8.375], "rotation": 180, "texture": "#1"},
				"down": {"uv": [3.5, 9, 4, 8.125], "rotation": 90, "texture": "#1"}
			}
		},
		{
			"name": "body",
			"from": [11.51517, 23.63833, 6.38833],
			"to": [12.5, 24.63833, 11.85171],
			"rotation": {"angle": 0, "axis": "x", "origin": [12.00758, 24.13833, 9.12002]},
			"faces": {
				"north": {"uv": [3.5, 9, 4, 6], "rotation": 90, "texture": "#1"},
				"east": {"uv": [3.5, 9, 4, 6], "rotation": 90, "texture": "#1"},
				"south": {"uv": [3.5, 9, 4, 6], "rotation": 90, "texture": "#1"},
				"west": {"uv": [3.5, 9, 4, 6], "rotation": 90, "texture": "#1"},
				"up": {"uv": [4, 6, 3.5, 9], "texture": "#1"},
				"down": {"uv": [3.5, 9, 4, 6], "rotation": 90, "texture": "#1"}
			}
		},
		{
			"name": "body",
			"from": [3.51563, 24.32805, 4.55346],
			"to": [4.48483, 25.32805, 6.51685],
			"rotation": {"angle": -45, "axis": "x", "origin": [3.99242, 24.82805, 7.28515]},
			"faces": {
				"north": {"uv": [3.5, 8.125, 4, 9], "rotation": 90, "texture": "#1"},
				"east": {"uv": [3.5, 8.125, 4, 9], "rotation": 90, "texture": "#1"},
				"south": {"uv": [3.5, 8.125, 4, 9], "rotation": 90, "texture": "#1"},
				"west": {"uv": [3.5, 8.125, 4, 9], "rotation": 90, "texture": "#1"},
				"up": {"uv": [3.5, 7.5, 4, 8.375], "rotation": 180, "texture": "#1"},
				"down": {"uv": [3.5, 8.125, 4, 9], "rotation": 90, "texture": "#1"}
			}
		},
		{
			"name": "body",
			"from": [3.5, 23.63833, 6.38833],
			"to": [4.48483, 24.63833, 11.85171],
			"rotation": {"angle": 0, "axis": "x", "origin": [3.99242, 24.13833, 9.12002]},
			"faces": {
				"north": {"uv": [3.5, 6, 4, 9], "rotation": 90, "texture": "#1"},
				"east": {"uv": [3.5, 6, 4, 9], "rotation": 90, "texture": "#1"},
				"south": {"uv": [3.5, 6, 4, 9], "rotation": 90, "texture": "#1"},
				"west": {"uv": [3.5, 6, 4, 9], "rotation": 90, "texture": "#1"},
				"up": {"uv": [3.5, 6, 4, 9], "texture": "#1"},
				"down": {"uv": [3.5, 6, 4, 9], "rotation": 90, "texture": "#1"}
			}
		},
		{
			"name": "body",
			"from": [3.5, 17.78661, 6.5],
			"to": [4.48483, 18.78661, 11.96339],
			"rotation": {"angle": 0, "axis": "x", "origin": [3.99242, 18.28661, 9.23169]},
			"faces": {
				"north": {"uv": [3.5, 6, 4, 9], "rotation": 90, "texture": "#1"},
				"east": {"uv": [3.5, 6, 4, 9], "rotation": 90, "texture": "#1"},
				"south": {"uv": [3.5, 6, 4, 9], "rotation": 90, "texture": "#1"},
				"west": {"uv": [3.5, 6, 4, 9], "rotation": 90, "texture": "#1"},
				"up": {"uv": [3.5, 6, 4, 9], "texture": "#1"},
				"down": {"uv": [3.5, 6, 4, 9], "rotation": 180, "texture": "#1"}
			}
		},
		{
			"name": "body",
			"from": [5, 17.53661, 4.76563],
			"to": [10.98483, 20.5, 5.875],
			"rotation": {"angle": 0, "axis": "y", "origin": [8, 7, 7.875]},
			"faces": {
				"north": {"uv": [10, 0, 12, 1.25], "texture": "#1"},
				"east": {"uv": [11.875, 0.5, 12, 1.25], "rotation": 90, "texture": "#1"},
				"south": {"uv": [8, 5, 10, 8], "texture": "#missing"},
				"west": {"uv": [11.875, 0.5, 12, 1.25], "rotation": 90, "texture": "#1"},
				"up": {"uv": [11.875, 0.5, 12, 1.25], "rotation": 90, "texture": "#1"},
				"down": {"uv": [11.875, 0.5, 12, 1.25], "rotation": 90, "texture": "#1"}
			}
		},
		{
			"name": "body",
			"from": [3, 19.78661, 4.25],
			"to": [4.73483, 22.25, 5],
			"rotation": {"angle": 0, "axis": "y", "origin": [8, 7, 7.5]},
			"faces": {
				"north": {"uv": [8.5, 2.375, 9.25, 3.625], "texture": "#1"},
				"east": {"uv": [8.5, 2.375, 8.625, 3.625], "texture": "#1"},
				"south": {"uv": [8.5, 2.375, 9.25, 3.625], "texture": "#1"},
				"west": {"uv": [9.125, 2.375, 9.25, 3.625], "texture": "#1"},
				"up": {"uv": [8.5, 2.375, 9.25, 2.5], "texture": "#1"},
				"down": {"uv": [8.875, 3.5, 9.25, 3.625], "texture": "#1"}
			}
		},
		{
			"name": "body",
			"from": [6.63258, 17.53661, 4.125],
			"to": [9.36742, 20, 4.875],
			"rotation": {"angle": 0, "axis": "y", "origin": [8.38258, 7, 7.875]},
			"faces": {
				"north": {"uv": [8.5, 0, 10, 1.25], "texture": "#1"},
				"east": {"uv": [9.25, 0, 9.5, 1.25], "texture": "#1"},
				"south": {"uv": [8.5, 0, 10, 1.25], "texture": "#1"},
				"west": {"uv": [9.25, 0, 9.5, 1.25], "texture": "#1"},
				"up": {"uv": [8.5, 0, 10, 0.25], "texture": "#1"},
				"down": {"uv": [8.5, 0.875, 10, 1.125], "texture": "#1"}
			}
		},
		{
			"name": "body",
			"from": [5.88258, 19.28661, 4.375],
			"to": [6.61742, 19.75, 4.875],
			"rotation": {"angle": 0, "axis": "y", "origin": [5.63258, 8.75, 7.875]},
			"faces": {
				"north": {"uv": [7.875, 6.125, 8, 6.25], "texture": "#1"},
				"east": {"uv": [7.875, 6.125, 8, 6.25], "texture": "#1"},
				"south": {"uv": [7.875, 6.125, 8, 6.25], "texture": "#1"},
				"west": {"uv": [7.875, 6.125, 8, 6.25], "texture": "#1"},
				"up": {"uv": [7.875, 6.125, 8, 6.25], "texture": "#1"},
				"down": {"uv": [7.875, 6.125, 8, 6.25], "texture": "#1"}
			}
		},
		{
			"name": "body",
			"from": [5.88258, 18.53661, 4.375],
			"to": [6.61742, 19, 4.875],
			"rotation": {"angle": 0, "axis": "y", "origin": [5.63258, 8, 7.875]},
			"faces": {
				"north": {"uv": [7.875, 6.125, 8, 6.25], "texture": "#1"},
				"east": {"uv": [7.875, 6.125, 8, 6.25], "texture": "#1"},
				"south": {"uv": [7.875, 6.125, 8, 6.25], "texture": "#1"},
				"west": {"uv": [7.875, 6.125, 8, 6.25], "texture": "#1"},
				"up": {"uv": [7.875, 6.125, 8, 6.25], "texture": "#1"},
				"down": {"uv": [7.875, 6.125, 8, 6.25], "texture": "#1"}
			}
		},
		{
			"name": "body",
			"from": [5.88258, 17.78661, 4.375],
			"to": [6.61742, 18.25, 4.875],
			"rotation": {"angle": 0, "axis": "y", "origin": [5.63258, 7.25, 7.875]},
			"faces": {
				"north": {"uv": [7.875, 6.125, 8, 6.25], "texture": "#1"},
				"east": {"uv": [7.875, 6.125, 8, 6.25], "texture": "#1"},
				"south": {"uv": [7.875, 6.125, 8, 6.25], "texture": "#1"},
				"west": {"uv": [7.875, 6.125, 8, 6.25], "texture": "#1"},
				"up": {"uv": [7.875, 6.125, 8, 6.25], "texture": "#1"},
				"down": {"uv": [7.875, 6.125, 8, 6.25], "texture": "#1"}
			}
		},
		{
			"name": "body",
			"from": [4.1299, 17.87768, 4.46875],
			"to": [5.88258, 18.15625, 4.78125],
			"rotation": {"angle": 0, "axis": "y", "origin": [5.63258, 7.25, 7.875]},
			"faces": {
				"north": {"uv": [8, 3.875, 8.25, 6], "rotation": 270, "texture": "#1"},
				"east": {"uv": [8, 3.875, 8.25, 6], "rotation": 270, "texture": "#1"},
				"south": {"uv": [8, 3.875, 8.25, 6], "rotation": 270, "texture": "#1"},
				"west": {"uv": [8, 3.875, 8.25, 6], "rotation": 270, "texture": "#1"},
				"up": {"uv": [8, 3.875, 8.25, 6], "rotation": 270, "texture": "#1"},
				"down": {"uv": [8, 3.875, 8.25, 6], "rotation": 270, "texture": "#1"}
			}
		},
		{
			"name": "body",
			"from": [4.6299, 18.62768, 4.46875],
			"to": [6.38258, 18.90625, 4.78125],
			"rotation": {"angle": 0, "axis": "y", "origin": [6.38258, 8, 7.875]},
			"faces": {
				"north": {"uv": [8, 3.875, 8.25, 5.625], "rotation": 270, "texture": "#1"},
				"east": {"uv": [8, 3.875, 8.25, 5.625], "rotation": 270, "texture": "#1"},
				"south": {"uv": [8, 3.875, 8.25, 5.625], "rotation": 270, "texture": "#1"},
				"west": {"uv": [8, 3.875, 8.25, 5.625], "rotation": 270, "texture": "#1"},
				"up": {"uv": [8, 3.875, 8.25, 5.625], "rotation": 270, "texture": "#1"},
				"down": {"uv": [8, 3.875, 8.25, 5.625], "rotation": 270, "texture": "#1"}
			}
		},
		{
			"name": "body",
			"from": [3.38258, 18.625, 4.46875],
			"to": [3.65847, 19.90625, 4.78125],
			"rotation": {"angle": 0, "axis": "z", "origin": [4.27053, 18.03125, 4.625]},
			"faces": {
				"north": {"uv": [8, 3.875, 8.25, 5.25], "rotation": 180, "texture": "#1"},
				"east": {"uv": [8, 3.875, 8.25, 5.25], "rotation": 180, "texture": "#1"},
				"south": {"uv": [8, 3.875, 8.25, 5.25], "rotation": 180, "texture": "#1"},
				"west": {"uv": [8, 3.875, 8.25, 5.25], "rotation": 180, "texture": "#1"},
				"up": {"uv": [8, 3.875, 8.25, 5.25], "rotation": 180, "texture": "#1"},
				"down": {"uv": [8, 3.875, 8.25, 5.25], "rotation": 180, "texture": "#1"}
			}
		},
		{
			"name": "body",
			"from": [4.13258, 19.125, 4.46875],
			"to": [4.40847, 20.40625, 4.78125],
			"rotation": {"angle": 0, "axis": "z", "origin": [5.02053, 18.78125, 4.625]},
			"faces": {
				"north": {"uv": [8, 3.875, 8.25, 5.125], "rotation": 180, "texture": "#1"},
				"east": {"uv": [8, 3.875, 8.25, 5.125], "rotation": 180, "texture": "#1"},
				"south": {"uv": [8, 3.875, 8.25, 5.125], "rotation": 180, "texture": "#1"},
				"west": {"uv": [8, 3.875, 8.25, 5.125], "rotation": 180, "texture": "#1"},
				"up": {"uv": [8, 3.875, 8.25, 5.125], "rotation": 180, "texture": "#1"},
				"down": {"uv": [8, 3.875, 8.25, 5.125], "rotation": 180, "texture": "#1"}
			}
		},
		{
			"name": "body",
			"from": [5.38526, 19.78393, 4.5],
			"to": [5.66115, 22.81518, 4.8125],
			"rotation": {"angle": 0, "axis": "z", "origin": [6.27321, 19.44018, 4.65625]},
			"faces": {
				"north": {"uv": [8, 3.875, 8.25, 6.875], "rotation": 180, "texture": "#1"},
				"east": {"uv": [8, 3.875, 8.25, 6.875], "rotation": 180, "texture": "#1"},
				"south": {"uv": [8, 3.875, 8.25, 6.875], "rotation": 180, "texture": "#1"},
				"west": {"uv": [8, 3.875, 8.25, 6.875], "rotation": 180, "texture": "#1"},
				"up": {"uv": [8, 3.875, 8.25, 6.875], "rotation": 180, "texture": "#1"},
				"down": {"uv": [8, 3.875, 8.25, 6.875], "rotation": 180, "texture": "#1"}
			}
		},
		{
			"name": "body",
			"from": [3.82322, 17.86807, 4.47656],
			"to": [4.1029, 18.92494, 4.78906],
			"rotation": {"angle": 45, "axis": "z", "origin": [3.96496, 18.24307, 4.63281]},
			"faces": {
				"north": {"uv": [8, 3.875, 8.25, 5], "rotation": 180, "texture": "#1"},
				"east": {"uv": [8, 3.875, 8.25, 5], "rotation": 180, "texture": "#1"},
				"south": {"uv": [8, 3.875, 8.25, 5], "rotation": 180, "texture": "#1"},
				"west": {"uv": [8, 3.875, 8.25, 5], "rotation": 180, "texture": "#1"},
				"up": {"uv": [8, 3.875, 8.25, 5], "rotation": 180, "texture": "#1"},
				"down": {"uv": [8, 3.875, 8.25, 5], "rotation": 180, "texture": "#1"}
			}
		},
		{
			"name": "body",
			"from": [4.32322, 18.61807, 4.47656],
			"to": [4.6029, 19.32138, 4.78906],
			"rotation": {"angle": 45, "axis": "z", "origin": [4.46496, 18.99307, 4.63281]},
			"faces": {
				"north": {"uv": [8, 3.875, 8.25, 4.625], "rotation": 180, "texture": "#1"},
				"east": {"uv": [8, 3.875, 8.25, 4.625], "rotation": 180, "texture": "#1"},
				"south": {"uv": [8, 3.875, 8.25, 4.625], "rotation": 180, "texture": "#1"},
				"west": {"uv": [8, 3.875, 8.25, 4.625], "rotation": 180, "texture": "#1"},
				"up": {"uv": [8, 3.875, 8.25, 4.625], "rotation": 180, "texture": "#1"},
				"down": {"uv": [8, 3.875, 8.25, 4.625], "rotation": 180, "texture": "#1"}
			}
		},
		{
			"name": "body",
			"from": [5.5759, 19.277, 4.51563],
			"to": [5.85558, 19.98031, 4.82813],
			"rotation": {"angle": 45, "axis": "z", "origin": [5.71764, 19.652, 4.67188]},
			"faces": {
				"north": {"uv": [8, 3.875, 8.25, 4.625], "rotation": 180, "texture": "#1"},
				"east": {"uv": [8, 3.875, 8.25, 4.625], "rotation": 180, "texture": "#1"},
				"south": {"uv": [8, 3.875, 8.25, 4.625], "rotation": 180, "texture": "#1"},
				"west": {"uv": [8, 3.875, 8.25, 4.625], "rotation": 180, "texture": "#1"},
				"up": {"uv": [8, 3.875, 8.25, 4.625], "rotation": 180, "texture": "#1"},
				"down": {"uv": [8, 3.875, 8.25, 4.625], "rotation": 180, "texture": "#1"}
			}
		},
		{
			"name": "body",
			"from": [5.16665, 17.11362, 4.79688],
			"to": [7.285, 18.2257, 5.875],
			"rotation": {"angle": -22.5, "axis": "z", "origin": [6.05456, 17.7257, 5.375]},
			"faces": {
				"north": {"uv": [11.5, 0.5, 12, 1.25], "rotation": 90, "texture": "#1"},
				"east": {"uv": [11.5, 0.5, 12, 1.25], "rotation": 90, "texture": "#1"},
				"south": {"uv": [11.5, 0.5, 12, 1.25], "rotation": 90, "texture": "#1"},
				"west": {"uv": [11.5, 0.5, 12, 1.25], "rotation": 90, "texture": "#1"},
				"up": {"uv": [11.875, 0.5, 12, 1.25], "rotation": 90, "texture": "#1"},
				"down": {"uv": [11.875, 0.5, 12, 1.25], "rotation": 90, "texture": "#1"}
			}
		},
		{
			"name": "body",
			"from": [8.61009, 17.10682, 4.79688],
			"to": [10.82412, 18.2257, 5.875],
			"rotation": {"angle": 22.5, "axis": "z", "origin": [9.82412, 17.7257, 5.375]},
			"faces": {
				"north": {"uv": [11.5, 0.5, 12, 1.25], "rotation": 90, "texture": "#1"},
				"east": {"uv": [11.5, 0.5, 12, 1.25], "rotation": 90, "texture": "#1"},
				"south": {"uv": [11.5, 0.5, 12, 1.25], "rotation": 90, "texture": "#1"},
				"west": {"uv": [11.5, 0.5, 12, 1.25], "rotation": 90, "texture": "#1"},
				"up": {"uv": [11.875, 0.5, 12, 1.25], "rotation": 90, "texture": "#1"},
				"down": {"uv": [11.875, 0.5, 12, 1.25], "rotation": 90, "texture": "#1"}
			}
		},
		{
			"name": "body",
			"from": [6.95711, 16.68934, 4.78125],
			"to": [8.93934, 17.64645, 5.875],
			"rotation": {"angle": 0, "axis": "y", "origin": [7.93934, 7.14645, 7.875]},
			"faces": {
				"north": {"uv": [11.625, 0.5, 12, 1.25], "rotation": 90, "texture": "#1"},
				"east": {"uv": [11.625, 0.5, 12, 1.25], "rotation": 90, "texture": "#1"},
				"south": {"uv": [11.625, 0.5, 12, 1.25], "rotation": 90, "texture": "#1"},
				"west": {"uv": [11.625, 0.5, 12, 1.25], "rotation": 90, "texture": "#1"},
				"up": {"uv": [11.625, 0.5, 12, 1.25], "rotation": 90, "texture": "#1"},
				"down": {"uv": [11.625, 0.5, 12, 1.25], "rotation": 90, "texture": "#1"}
			}
		},
		{
			"name": "Right Arm",
			"from": [-1.95711, 14.04289, 6],
			"to": [2.04289, 22.04289, 9.92969],
			"rotation": {"angle": -22.5, "axis": "z", "origin": [-0.08211, 12.73039, 7.53125]},
			"faces": {
				"north": {"uv": [2.625, 6, 4, 9], "rotation": 180, "texture": "#1"},
				"east": {"uv": [3.5, 6, 4.25, 9], "rotation": 180, "texture": "#1"},
				"south": {"uv": [0, 6, 1.375, 9], "rotation": 180, "texture": "#1"},
				"west": {"uv": [5.375, 6, 6.75, 9], "texture": "#1"},
				"up": {"uv": [5.25, 6, 6.625, 7], "rotation": 90, "texture": "#1"},
				"down": {"uv": [2.625, 6, 4, 7], "texture": "#1"}
			}
		},
		{
			"name": "Right Arm",
			"from": [1.37588, 22.9532, 6.05469],
			"to": [4.37588, 26.4532, 9.89844],
			"rotation": {"angle": 45, "axis": "z", "origin": [6.87588, 24.7032, 8]},
			"faces": {
				"north": {"uv": [2.625, 6, 4, 7], "rotation": 90, "texture": "#1"},
				"east": {"uv": [9.75, 13, 9, 12], "rotation": 90, "texture": "#missing"},
				"south": {"uv": [2.625, 6, 4, 7], "rotation": 90, "texture": "#1"},
				"west": {"uv": [10.5, 12, 9.75, 13], "rotation": 90, "texture": "#missing"},
				"up": {"uv": [5.25, 6, 6.625, 7], "rotation": 90, "texture": "#1"},
				"down": {"uv": [5.25, 6, 6.625, 7], "rotation": 90, "texture": "#1"}
			}
		},
		{
			"name": "left_arm",
			"from": [-0.95711, 10.54289, 5.75],
			"to": [0.79289, 13.04289, 6.5],
			"rotation": {"angle": -22.5, "axis": "z", "origin": [-0.08211, 12.73039, 7.53125]},
			"faces": {
				"north": {"uv": [6, 9, 6.625, 10], "texture": "#1"},
				"east": {"uv": [6, 9, 6.25, 10], "rotation": 180, "texture": "#1"},
				"south": {"uv": [6, 9, 6.625, 10], "texture": "#1"},
				"west": {"uv": [6.375, 9, 6.625, 10], "rotation": 180, "texture": "#1"},
				"up": {"uv": [6, 9, 6.625, 9.25], "rotation": 180, "texture": "#1"},
				"down": {"uv": [6, 9, 6.625, 9.25], "rotation": 180, "texture": "#1"}
			}
		},
		{
			"name": "left_arm",
			"from": [15.20711, 10.54289, 5.75],
			"to": [16.95711, 13.04289, 6.5],
			"rotation": {"angle": 22.5, "axis": "z", "origin": [16.08211, 12.73039, 7.53125]},
			"faces": {
				"north": {"uv": [6.625, 9, 6, 10], "texture": "#1"},
				"east": {"uv": [6.625, 9, 6.375, 10], "rotation": 180, "texture": "#1"},
				"south": {"uv": [6.625, 9, 6, 10], "texture": "#1"},
				"west": {"uv": [6.25, 9, 6, 10], "rotation": 180, "texture": "#1"},
				"up": {"uv": [6.625, 9, 6, 9.25], "rotation": 180, "texture": "#1"},
				"down": {"uv": [6.625, 9, 6, 9.25], "rotation": 180, "texture": "#1"}
			}
		},
		{
			"name": "left_arm",
			"from": [-0.95711, 9.04289, 6.5],
			"to": [0.79289, 13.04289, 9.5],
			"rotation": {"angle": -22.5, "axis": "z", "origin": [-0.08211, 12.73039, 7.53125]},
			"faces": {
				"north": {"uv": [6, 9, 6.625, 10.375], "texture": "#1"},
				"east": {"uv": [6.625, 10.375, 7.625, 11.75], "rotation": 180, "texture": "#1"},
				"south": {"uv": [6, 9, 6.625, 10.375], "rotation": 180, "texture": "#1"},
				"west": {"uv": [6.625, 9, 7.625, 10.375], "texture": "#1"},
				"up": {"uv": [6, 9, 6.625, 10.125], "rotation": 180, "texture": "#1"},
				"down": {"uv": [6, 9, 6.625, 10.125], "rotation": 180, "texture": "#1"}
			}
		},
		{
			"name": "left_arm",
			"from": [15.20711, 9.04289, 6.5],
			"to": [16.95711, 13.04289, 9.5],
			"rotation": {"angle": 22.5, "axis": "z", "origin": [16.08211, 12.73039, 7.53125]},
			"faces": {
				"north": {"uv": [6.625, 9, 6, 10.375], "texture": "#1"},
				"east": {"uv": [7.625, 9, 6.625, 10.375], "texture": "#1"},
				"south": {"uv": [6.625, 9, 6, 10.375], "rotation": 180, "texture": "#1"},
				"west": {"uv": [7.625, 10.375, 6.625, 11.75], "rotation": 180, "texture": "#1"},
				"up": {"uv": [6.625, 9, 6, 10.125], "rotation": 180, "texture": "#1"},
				"down": {"uv": [6.625, 9, 6, 10.125], "rotation": 180, "texture": "#1"}
			}
		},
		{
			"name": "body",
			"from": [11.26517, 19.03661, 4.75],
			"to": [12.75, 20.5, 5],
			"rotation": {"angle": 0, "axis": "z", "origin": [12.50758, 21.01831, 5.5]},
			"faces": {
				"north": {"uv": [8.5, 1.25, 9.625, 2.375], "texture": "#1"},
				"east": {"uv": [8.5, 1.25, 8.625, 2.375], "texture": "#1"},
				"south": {"uv": [8.5, 1.25, 9.625, 2.375], "texture": "#1"},
				"west": {"uv": [8.5, 1.25, 8.625, 2.375], "texture": "#1"},
				"up": {"uv": [8.5, 1.25, 8.625, 2.375], "rotation": 90, "texture": "#1"},
				"down": {"uv": [8.5, 1.25, 8.625, 2.375], "rotation": 90, "texture": "#1"}
			}
		},
		{
			"name": "Right Arm",
			"from": [11.62412, 22.9532, 6.05469],
			"to": [14.62412, 26.4532, 9.89844],
			"rotation": {"angle": -45, "axis": "z", "origin": [9.12412, 24.7032, 8]},
			"faces": {
				"north": {"uv": [0, 6, 1.375, 7], "rotation": 270, "texture": "#1"},
				"east": {"uv": [10.5, 13, 9.75, 12], "rotation": 90, "texture": "#missing"},
				"south": {"uv": [2.625, 6, 4, 7], "rotation": 90, "texture": "#1"},
				"west": {"uv": [9.75, 12, 9, 13], "rotation": 90, "texture": "#missing"},
				"up": {"uv": [5.25, 6, 6.625, 7], "rotation": 90, "texture": "#1"},
				"down": {"uv": [5.25, 6, 6.625, 7], "rotation": 90, "texture": "#1"}
			}
		},
		{
			"name": "Right Arm",
			"from": [13.95711, 14.04289, 6],
			"to": [17.95711, 22.04289, 9.92969],
			"rotation": {"angle": 22.5, "axis": "z", "origin": [16.08211, 12.73039, 7.53125]},
			"faces": {
				"north": {"uv": [0, 6, 1.375, 9], "rotation": 180, "texture": "#1"},
				"east": {"uv": [5.375, 6, 6.75, 9], "texture": "#1"},
				"south": {"uv": [2.625, 6, 4, 9], "rotation": 180, "texture": "#1"},
				"west": {"uv": [3.5, 6, 4.25, 9], "rotation": 180, "texture": "#1"},
				"up": {"uv": [5.25, 6, 6.625, 7], "rotation": 90, "texture": "#1"},
				"down": {"uv": [2.625, 6, 4, 7], "rotation": 180, "texture": "#1"}
			}
		},
		{
			"name": "Wrist",
			"from": [-1.45711, 13.04289, 6.5],
			"to": [1.54289, 14.04289, 9.5],
			"rotation": {"angle": -22.5, "axis": "z", "origin": [-0.08211, 12.73039, 7.53125]},
			"faces": {
				"north": {"uv": [8, 1.5, 8.5, 2.875], "rotation": 90, "texture": "#1"},
				"east": {"uv": [8, 1.5, 8.5, 2.875], "rotation": 90, "texture": "#1"},
				"south": {"uv": [8, 1.5, 8.5, 2.875], "rotation": 90, "texture": "#1"},
				"west": {"uv": [8, 1.5, 8.5, 2.875], "rotation": 90, "texture": "#1"},
				"up": {"uv": [8, 1.5, 8.5, 2.875], "rotation": 90, "texture": "#1"},
				"down": {"uv": [8, 1.5, 8.5, 2.875], "rotation": 90, "texture": "#1"}
			}
		},
		{
			"name": "Wrist",
			"from": [14.45711, 13.04289, 6.5],
			"to": [17.45711, 14.04289, 9.5],
			"rotation": {"angle": 22.5, "axis": "z", "origin": [16.08211, 12.73039, 7.53125]},
			"faces": {
				"north": {"uv": [8, 2.875, 8.5, 1.5], "rotation": 90, "texture": "#1"},
				"east": {"uv": [8, 2.875, 8.5, 1.5], "rotation": 90, "texture": "#1"},
				"south": {"uv": [8, 2.875, 8.5, 1.5], "rotation": 90, "texture": "#1"},
				"west": {"uv": [8, 2.875, 8.5, 1.5], "rotation": 90, "texture": "#1"},
				"up": {"uv": [8, 2.875, 8.5, 1.5], "rotation": 90, "texture": "#1"},
				"down": {"uv": [8, 2.875, 8.5, 1.5], "rotation": 90, "texture": "#1"}
			}
		},
		{
			"name": "Groin",
			"from": [7, 8.5, 5.96875],
			"to": [9, 10.5, 10.0625],
			"rotation": {"angle": 0, "axis": "y", "origin": [8, 7, 8]},
			"faces": {
				"north": {"uv": [1.5, 8.25, 2.5, 9.25], "texture": "#1"},
				"east": {"uv": [1.5, 7.25, 2.5, 8.25], "texture": "#1"},
				"south": {"uv": [1.5, 7.25, 2.5, 8.25], "texture": "#1"},
				"west": {"uv": [1.5, 7.25, 2.5, 8.25], "texture": "#1"},
				"up": {"uv": [1.5, 7.25, 2.5, 8.25], "texture": "#1"},
				"down": {"uv": [1.5, 7.25, 2.5, 8.25], "texture": "#1"}
			}
		},
		{
			"name": "right_leg",
			"from": [7.38388, 8.19302, 5.44531],
			"to": [8.625, 9.4519, 10.44531],
			"rotation": {"angle": 0, "axis": "z", "origin": [8.38388, 10.4519, 7.98438]},
			"faces": {
				"north": {"uv": [8, 0, 8.5, 0.5], "texture": "#1"},
				"east": {"uv": [8, 0, 8.5, 0.5], "texture": "#1"},
				"south": {"uv": [8, 0, 8.5, 0.5], "texture": "#1"},
				"west": {"uv": [8, 0, 8.5, 0.5], "texture": "#1"},
				"up": {"uv": [8, 0, 8.5, 0.5], "texture": "#1"},
				"down": {"uv": [8, 0, 8.5, 0.5], "texture": "#1"}
			}
		},
		{
			"name": "right_leg",
			"from": [5.5, 8.25, 5.48438],
			"to": [6.5, 13.90685, 6],
			"rotation": {"angle": 45, "axis": "z", "origin": [6.5, 10.5, 8]},
			"faces": {
				"north": {"uv": [8, 0, 8.5, 2.25], "texture": "#1"},
				"east": {"uv": [8, 0, 8.5, 2.25], "texture": "#1"},
				"south": {"uv": [8, 0, 8.5, 2.25], "texture": "#1"},
				"west": {"uv": [8, 0, 8.5, 2.25], "texture": "#1"},
				"up": {"uv": [8, 0, 8.5, 2.25], "texture": "#1"},
				"down": {"uv": [8, 0, 8.5, 2.25], "texture": "#1"}
			}
		},
		{
			"name": "right_leg",
			"from": [5.5, 8.25, 9.89063],
			"to": [6.5, 13.90685, 10.40625],
			"rotation": {"angle": 45, "axis": "z", "origin": [6.5, 10.5, 12.40625]},
			"faces": {
				"north": {"uv": [8, 0, 8.5, 2.25], "texture": "#1"},
				"east": {"uv": [8, 0, 8.5, 2.25], "texture": "#1"},
				"south": {"uv": [8, 0, 8.5, 2.25], "texture": "#1"},
				"west": {"uv": [8, 0, 8.5, 2.25], "texture": "#1"},
				"up": {"uv": [8, 0, 8.5, 2.25], "texture": "#1"},
				"down": {"uv": [8, 0, 8.5, 2.25], "texture": "#1"}
			}
		},
		{
			"name": "right_leg",
			"from": [9.5, 8.25, 5.48438],
			"to": [10.51256, 13.91942, 6],
			"rotation": {"angle": -45, "axis": "z", "origin": [9.5, 10.5, 8]},
			"faces": {
				"north": {"uv": [8, 0, 8.5, 2.25], "texture": "#1"},
				"east": {"uv": [8, 0, 8.5, 2.25], "texture": "#1"},
				"south": {"uv": [8, 0, 8.5, 2.25], "texture": "#1"},
				"west": {"uv": [8, 0, 8.5, 2.25], "texture": "#1"},
				"up": {"uv": [8, 0, 8.5, 2.25], "texture": "#1"},
				"down": {"uv": [8, 0, 8.5, 2.25], "texture": "#1"}
			}
		},
		{
			"name": "right_leg",
			"from": [9.5, 8.25, 9.89063],
			"to": [10.51256, 13.91942, 10.40625],
			"rotation": {"angle": -45, "axis": "z", "origin": [9.5, 10.5, 12.40625]},
			"faces": {
				"north": {"uv": [8, 0, 8.5, 2.25], "texture": "#1"},
				"east": {"uv": [8, 0, 8.5, 2.25], "texture": "#1"},
				"south": {"uv": [8, 0, 8.5, 2.25], "texture": "#1"},
				"west": {"uv": [8, 0, 8.5, 2.25], "texture": "#1"},
				"up": {"uv": [8, 0, 8.5, 2.25], "texture": "#1"},
				"down": {"uv": [8, 0, 8.5, 2.25], "texture": "#1"}
			}
		},
		{
			"name": "right_leg",
			"from": [3.38388, 12.2019, 5.46094],
			"to": [12.63388, 13.4519, 10.46094],
			"rotation": {"angle": 0, "axis": "z", "origin": [8.38388, 14.4519, 7.96094]},
			"faces": {
				"north": {"uv": [8, 1.5, 8.5, 3.75], "rotation": 90, "texture": "#1"},
				"east": {"uv": [8, 2.25, 8.5, 3.75], "rotation": 90, "texture": "#1"},
				"south": {"uv": [8, 1.5, 8.5, 3.75], "rotation": 90, "texture": "#1"},
				"west": {"uv": [8, 2.25, 8.5, 3.75], "rotation": 90, "texture": "#1"},
				"up": {"uv": [8, 1.5, 8.5, 3.75], "rotation": 90, "texture": "#1"},
				"down": {"uv": [8, 1.5, 8.5, 3.75], "rotation": 90, "texture": "#1"}
			}
		},
		{
			"name": "Clasp",
			"from": [5.02237, 12.4519, 4.60938],
			"to": [5.70987, 13.2019, 4.98438],
			"rotation": {"angle": -22.5, "axis": "z", "origin": [5.36612, 12.66023, 5.02084]},
			"faces": {
				"north": {"uv": [4.25, 6, 4.5, 6.25], "texture": "#1"},
				"east": {"uv": [4.25, 6, 4.5, 6.25], "texture": "#1"},
				"south": {"uv": [4.25, 6, 4.5, 6.25], "texture": "#1"},
				"west": {"uv": [4.25, 6, 4.5, 6.25], "texture": "#1"},
				"up": {"uv": [4.25, 6, 4.5, 6.25], "texture": "#1"},
				"down": {"uv": [4.25, 6, 4.5, 6.25], "texture": "#1"}
			}
		},
		{
			"name": "Lid",
			"from": [4.27237, 12.7019, 4.73438],
			"to": [6.45987, 13.9519, 5.48438],
			"rotation": {"angle": -22.5, "axis": "z", "origin": [5.36612, 12.66023, 5.02084]},
			"faces": {
				"north": {"uv": [8, 2.625, 8.5, 3.875], "rotation": 90, "texture": "#1"},
				"east": {"uv": [8, 3.625, 8.5, 3.875], "rotation": 90, "texture": "#1"},
				"south": {"uv": [8, 2.625, 8.5, 3.875], "rotation": 90, "texture": "#1"},
				"west": {"uv": [8, 3.625, 8.5, 3.875], "rotation": 90, "texture": "#1"},
				"up": {"uv": [8, 2.625, 8.25, 3.875], "rotation": 90, "texture": "#1"},
				"down": {"uv": [8, 2.625, 8.25, 3.875], "rotation": 90, "texture": "#1"}
			}
		},
		{
			"name": "Bottom",
			"from": [4.36612, 10.9519, 4.82813],
			"to": [6.36612, 12.7019, 5.48438],
			"rotation": {"angle": -22.5, "axis": "z", "origin": [5.36612, 12.66023, 5.02084]},
			"faces": {
				"north": {"uv": [1.5, 8.125, 2.5, 9], "texture": "#1"},
				"east": {"uv": [1.5, 8.125, 1.75, 9], "texture": "#1"},
				"south": {"uv": [1.5, 8.125, 2.5, 9], "texture": "#1"},
				"west": {"uv": [1.5, 8.125, 1.75, 9], "texture": "#1"},
				"up": {"uv": [1.5, 8.75, 2.5, 9], "texture": "#1"},
				"down": {"uv": [1.5, 8.75, 2.5, 9], "texture": "#1"}
			}
		},
		{
			"name": "Clasp",
			"from": [5.76456, 20.7019, 16.01562],
			"to": [6.45206, 21.4519, 16.39062],
			"rotation": {"angle": 0, "axis": "z", "origin": [6.10831, 20.91023, 15.97916]},
			"faces": {
				"north": {"uv": [4.5, 6, 4.25, 6.25], "texture": "#1"},
				"east": {"uv": [4.5, 6, 4.25, 6.25], "texture": "#1"},
				"south": {"uv": [4.5, 6, 4.25, 6.25], "texture": "#1"},
				"west": {"uv": [4.5, 6, 4.25, 6.25], "texture": "#1"},
				"up": {"uv": [4.25, 6.25, 4.5, 6], "texture": "#1"},
				"down": {"uv": [4.25, 6.25, 4.5, 6], "texture": "#1"}
			}
		},
		{
			"name": "Clasp",
			"from": [5.76456, 16.9519, 16.01562],
			"to": [6.45206, 17.7019, 16.39062],
			"rotation": {"angle": 0, "axis": "z", "origin": [6.10831, 17.16023, 15.97916]},
			"faces": {
				"north": {"uv": [4.5, 6, 4.25, 6.25], "texture": "#1"},
				"east": {"uv": [4.5, 6, 4.25, 6.25], "texture": "#1"},
				"south": {"uv": [4.5, 6, 4.25, 6.25], "texture": "#1"},
				"west": {"uv": [4.5, 6, 4.25, 6.25], "texture": "#1"},
				"up": {"uv": [4.25, 6.25, 4.5, 6], "texture": "#1"},
				"down": {"uv": [4.25, 6.25, 4.5, 6], "texture": "#1"}
			}
		},
		{
			"name": "Clasp",
			"from": [5.76456, 13.2019, 16.01562],
			"to": [6.45206, 13.9519, 16.39062],
			"rotation": {"angle": 0, "axis": "z", "origin": [6.10831, 13.41023, 15.97916]},
			"faces": {
				"north": {"uv": [4.5, 6, 4.25, 6.25], "texture": "#1"},
				"east": {"uv": [4.5, 6, 4.25, 6.25], "texture": "#1"},
				"south": {"uv": [4.5, 6, 4.25, 6.25], "texture": "#1"},
				"west": {"uv": [4.5, 6, 4.25, 6.25], "texture": "#1"},
				"up": {"uv": [4.25, 6.25, 4.5, 6], "texture": "#1"},
				"down": {"uv": [4.25, 6.25, 4.5, 6], "texture": "#1"}
			}
		},
		{
			"name": "Lid",
			"from": [4.51456, 20.9519, 15.51562],
			"to": [7.70206, 22.2019, 16.26562],
			"rotation": {"angle": 0, "axis": "z", "origin": [6.10831, 20.91023, 15.97916]},
			"faces": {
				"north": {"uv": [5.25, 5.375, 5.625, 4.125], "rotation": 90, "texture": "#1"},
				"east": {"uv": [5.25, 5.375, 5.625, 4.125], "rotation": 90, "texture": "#1"},
				"south": {"uv": [5.25, 5.375, 5.625, 4.125], "rotation": 90, "texture": "#1"},
				"west": {"uv": [5.25, 5.375, 5.625, 4.125], "rotation": 90, "texture": "#1"},
				"up": {"uv": [5.25, 5.375, 5.625, 4.125], "rotation": 90, "texture": "#1"},
				"down": {"uv": [5.25, 5.375, 5.625, 4.125], "rotation": 90, "texture": "#1"}
			}
		},
		{
			"name": "Lid",
			"from": [4.51456, 17.2019, 15.51562],
			"to": [7.70206, 18.4519, 16.26562],
			"rotation": {"angle": 0, "axis": "z", "origin": [6.10831, 17.16023, 15.97916]},
			"faces": {
				"north": {"uv": [5.25, 5.375, 5.625, 4.125], "rotation": 90, "texture": "#1"},
				"east": {"uv": [5.25, 5.375, 5.625, 4.125], "rotation": 90, "texture": "#1"},
				"south": {"uv": [5.25, 5.375, 5.625, 4.125], "rotation": 90, "texture": "#1"},
				"west": {"uv": [5.25, 5.375, 5.625, 4.125], "rotation": 90, "texture": "#1"},
				"up": {"uv": [5.25, 5.375, 5.625, 4.125], "rotation": 90, "texture": "#1"},
				"down": {"uv": [5.25, 5.375, 5.625, 4.125], "rotation": 90, "texture": "#1"}
			}
		},
		{
			"name": "Lid",
			"from": [4.51456, 13.4519, 15.51562],
			"to": [7.70206, 14.7019, 16.26562],
			"rotation": {"angle": 0, "axis": "z", "origin": [6.10831, 13.41023, 15.97916]},
			"faces": {
				"north": {"uv": [5.25, 5.375, 5.625, 4.125], "rotation": 90, "texture": "#1"},
				"east": {"uv": [5.25, 5.375, 5.625, 4.125], "rotation": 90, "texture": "#1"},
				"south": {"uv": [5.25, 5.375, 5.625, 4.125], "rotation": 90, "texture": "#1"},
				"west": {"uv": [5.25, 5.375, 5.625, 4.125], "rotation": 90, "texture": "#1"},
				"up": {"uv": [5.25, 5.375, 5.625, 4.125], "rotation": 90, "texture": "#1"},
				"down": {"uv": [5.25, 5.375, 5.625, 4.125], "rotation": 90, "texture": "#1"}
			}
		},
		{
			"name": "Bottom",
			"from": [4.60831, 19.2019, 15.51562],
			"to": [7.60831, 20.9519, 16.17187],
			"rotation": {"angle": 0, "axis": "z", "origin": [6.10831, 20.91023, 15.97916]},
			"faces": {
				"north": {"uv": [2.5, 8.125, 1.5, 9], "texture": "#1"},
				"east": {"uv": [1.75, 8.125, 1.5, 9], "texture": "#1"},
				"south": {"uv": [2.5, 8.125, 1.5, 9], "texture": "#1"},
				"west": {"uv": [1.75, 8.125, 1.5, 9], "texture": "#1"},
				"up": {"uv": [1.5, 9, 2.5, 8.75], "texture": "#1"},
				"down": {"uv": [1.5, 9, 2.5, 8.75], "texture": "#1"}
			}
		},
		{
			"name": "Bottom",
			"from": [4.60831, 15.4519, 15.51562],
			"to": [7.60831, 17.2019, 16.17187],
			"rotation": {"angle": 0, "axis": "z", "origin": [6.10831, 17.16023, 15.97916]},
			"faces": {
				"north": {"uv": [2.5, 8.125, 1.5, 9], "texture": "#1"},
				"east": {"uv": [1.75, 8.125, 1.5, 9], "texture": "#1"},
				"south": {"uv": [2.5, 8.125, 1.5, 9], "texture": "#1"},
				"west": {"uv": [1.75, 8.125, 1.5, 9], "texture": "#1"},
				"up": {"uv": [1.5, 9, 2.5, 8.75], "texture": "#1"},
				"down": {"uv": [1.5, 9, 2.5, 8.75], "texture": "#1"}
			}
		},
		{
			"name": "Bottom",
			"from": [4.60831, 11.7019, 15.51562],
			"to": [7.60831, 13.4519, 16.17187],
			"rotation": {"angle": 0, "axis": "z", "origin": [6.10831, 13.41023, 15.97916]},
			"faces": {
				"north": {"uv": [2.5, 8.125, 1.5, 9], "texture": "#1"},
				"east": {"uv": [1.75, 8.125, 1.5, 9], "texture": "#1"},
				"south": {"uv": [2.5, 8.125, 1.5, 9], "texture": "#1"},
				"west": {"uv": [1.75, 8.125, 1.5, 9], "texture": "#1"},
				"up": {"uv": [1.5, 9, 2.5, 8.75], "texture": "#1"},
				"down": {"uv": [1.5, 9, 2.5, 8.75], "texture": "#1"}
			}
		},
		{
			"name": "Clasp",
			"from": [9.52237, 20.7019, 16.01562],
			"to": [10.20987, 21.4519, 16.39062],
			"rotation": {"angle": 0, "axis": "z", "origin": [9.86612, 20.91023, 15.97916]},
			"faces": {
				"north": {"uv": [4.5, 6, 4.25, 6.25], "texture": "#1"},
				"east": {"uv": [4.5, 6, 4.25, 6.25], "texture": "#1"},
				"south": {"uv": [4.5, 6, 4.25, 6.25], "texture": "#1"},
				"west": {"uv": [4.5, 6, 4.25, 6.25], "texture": "#1"},
				"up": {"uv": [4.25, 6.25, 4.5, 6], "texture": "#1"},
				"down": {"uv": [4.25, 6.25, 4.5, 6], "texture": "#1"}
			}
		},
		{
			"name": "Clasp",
			"from": [9.52237, 16.9519, 16.01562],
			"to": [10.20987, 17.7019, 16.39062],
			"rotation": {"angle": 0, "axis": "z", "origin": [9.86612, 17.16023, 15.97916]},
			"faces": {
				"north": {"uv": [4.5, 6, 4.25, 6.25], "texture": "#1"},
				"east": {"uv": [4.5, 6, 4.25, 6.25], "texture": "#1"},
				"south": {"uv": [4.5, 6, 4.25, 6.25], "texture": "#1"},
				"west": {"uv": [4.5, 6, 4.25, 6.25], "texture": "#1"},
				"up": {"uv": [4.25, 6.25, 4.5, 6], "texture": "#1"},
				"down": {"uv": [4.25, 6.25, 4.5, 6], "texture": "#1"}
			}
		},
		{
			"name": "Clasp",
			"from": [9.52237, 13.2019, 16.01562],
			"to": [10.20987, 13.9519, 16.39062],
			"rotation": {"angle": 0, "axis": "z", "origin": [9.86612, 13.41023, 15.97916]},
			"faces": {
				"north": {"uv": [4.5, 6, 4.25, 6.25], "texture": "#1"},
				"east": {"uv": [4.5, 6, 4.25, 6.25], "texture": "#1"},
				"south": {"uv": [4.5, 6, 4.25, 6.25], "texture": "#1"},
				"west": {"uv": [4.5, 6, 4.25, 6.25], "texture": "#1"},
				"up": {"uv": [4.25, 6.25, 4.5, 6], "texture": "#1"},
				"down": {"uv": [4.25, 6.25, 4.5, 6], "texture": "#1"}
			}
		},
		{
			"name": "Lid",
			"from": [8.27237, 20.9519, 15.51562],
			"to": [11.45987, 22.2019, 16.26562],
			"rotation": {"angle": 0, "axis": "z", "origin": [9.86612, 20.91023, 15.97916]},
			"faces": {
				"north": {"uv": [5.25, 5.375, 5.625, 4.125], "rotation": 90, "texture": "#1"},
				"east": {"uv": [5.25, 5.375, 5.625, 4.125], "rotation": 90, "texture": "#1"},
				"south": {"uv": [5.25, 5.375, 5.625, 4.125], "rotation": 90, "texture": "#1"},
				"west": {"uv": [5.25, 5.375, 5.625, 4.125], "rotation": 90, "texture": "#1"},
				"up": {"uv": [5.25, 5.375, 5.625, 4.125], "rotation": 90, "texture": "#1"},
				"down": {"uv": [5.25, 5.375, 5.625, 4.125], "rotation": 90, "texture": "#1"}
			}
		},
		{
			"name": "Lid",
			"from": [8.27237, 17.2019, 15.51562],
			"to": [11.45987, 18.4519, 16.26562],
			"rotation": {"angle": 0, "axis": "z", "origin": [9.86612, 17.16023, 15.97916]},
			"faces": {
				"north": {"uv": [5.25, 5.375, 5.625, 4.125], "rotation": 90, "texture": "#1"},
				"east": {"uv": [5.25, 5.375, 5.625, 4.125], "rotation": 90, "texture": "#1"},
				"south": {"uv": [5.25, 5.375, 5.625, 4.125], "rotation": 90, "texture": "#1"},
				"west": {"uv": [5.25, 5.375, 5.625, 4.125], "rotation": 90, "texture": "#1"},
				"up": {"uv": [5.25, 5.375, 5.625, 4.125], "rotation": 90, "texture": "#1"},
				"down": {"uv": [5.25, 5.375, 5.625, 4.125], "rotation": 90, "texture": "#1"}
			}
		},
		{
			"name": "Lid",
			"from": [8.27237, 13.4519, 15.51562],
			"to": [11.45987, 14.7019, 16.26562],
			"rotation": {"angle": 0, "axis": "z", "origin": [9.86612, 13.41023, 15.97916]},
			"faces": {
				"north": {"uv": [5.25, 5.375, 5.625, 4.125], "rotation": 90, "texture": "#1"},
				"east": {"uv": [5.25, 5.375, 5.625, 4.125], "rotation": 90, "texture": "#1"},
				"south": {"uv": [5.25, 5.375, 5.625, 4.125], "rotation": 90, "texture": "#1"},
				"west": {"uv": [5.25, 5.375, 5.625, 4.125], "rotation": 90, "texture": "#1"},
				"up": {"uv": [5.25, 5.375, 5.625, 4.125], "rotation": 90, "texture": "#1"},
				"down": {"uv": [5.25, 5.375, 5.625, 4.125], "rotation": 90, "texture": "#1"}
			}
		},
		{
			"name": "Bottom",
			"from": [8.36612, 19.2019, 15.51562],
			"to": [11.36612, 20.9519, 16.17187],
			"rotation": {"angle": 0, "axis": "z", "origin": [9.86612, 20.91023, 15.97916]},
			"faces": {
				"north": {"uv": [2.5, 8.125, 1.5, 9], "texture": "#1"},
				"east": {"uv": [1.75, 8.125, 1.5, 9], "texture": "#1"},
				"south": {"uv": [2.5, 8.125, 1.5, 9], "texture": "#1"},
				"west": {"uv": [1.75, 8.125, 1.5, 9], "texture": "#1"},
				"up": {"uv": [1.5, 9, 2.5, 8.75], "texture": "#1"},
				"down": {"uv": [1.5, 9, 2.5, 8.75], "texture": "#1"}
			}
		},
		{
			"name": "Bottom",
			"from": [8.36612, 15.4519, 15.51562],
			"to": [11.36612, 17.2019, 16.17187],
			"rotation": {"angle": 0, "axis": "z", "origin": [9.86612, 17.16023, 15.97916]},
			"faces": {
				"north": {"uv": [2.5, 8.125, 1.5, 9], "texture": "#1"},
				"east": {"uv": [1.75, 8.125, 1.5, 9], "texture": "#1"},
				"south": {"uv": [2.5, 8.125, 1.5, 9], "texture": "#1"},
				"west": {"uv": [1.75, 8.125, 1.5, 9], "texture": "#1"},
				"up": {"uv": [1.5, 9, 2.5, 8.75], "texture": "#1"},
				"down": {"uv": [1.5, 9, 2.5, 8.75], "texture": "#1"}
			}
		},
		{
			"name": "Bottom",
			"from": [8.36612, 11.7019, 15.51562],
			"to": [11.36612, 13.4519, 16.17187],
			"rotation": {"angle": 0, "axis": "z", "origin": [9.86612, 13.41023, 15.97916]},
			"faces": {
				"north": {"uv": [2.5, 8.125, 1.5, 9], "texture": "#1"},
				"east": {"uv": [1.75, 8.125, 1.5, 9], "texture": "#1"},
				"south": {"uv": [2.5, 8.125, 1.5, 9], "texture": "#1"},
				"west": {"uv": [1.75, 8.125, 1.5, 9], "texture": "#1"},
				"up": {"uv": [1.5, 9, 2.5, 8.75], "texture": "#1"},
				"down": {"uv": [1.5, 9, 2.5, 8.75], "texture": "#1"}
			}
		},
		{
			"name": "Clasp",
			"from": [10.29013, 12.4519, 4.60938],
			"to": [10.97763, 13.2019, 4.98438],
			"rotation": {"angle": 22.5, "axis": "z", "origin": [10.63388, 12.66023, 5.02084]},
			"faces": {
				"north": {"uv": [4.5, 6, 4.25, 6.25], "texture": "#1"},
				"east": {"uv": [4.5, 6, 4.25, 6.25], "texture": "#1"},
				"south": {"uv": [4.5, 6, 4.25, 6.25], "texture": "#1"},
				"west": {"uv": [4.5, 6, 4.25, 6.25], "texture": "#1"},
				"up": {"uv": [4.5, 6, 4.25, 6.25], "texture": "#1"},
				"down": {"uv": [4.5, 6, 4.25, 6.25], "texture": "#1"}
			}
		},
		{
			"name": "Lid",
			"from": [9.54013, 12.7019, 4.73438],
			"to": [11.72763, 13.9519, 5.48438],
			"rotation": {"angle": 22.5, "axis": "z", "origin": [10.63388, 12.66023, 5.02084]},
			"faces": {
				"north": {"uv": [8, 3.875, 8.5, 2.625], "rotation": 90, "texture": "#1"},
				"east": {"uv": [8, 3.875, 8.5, 3.625], "rotation": 90, "texture": "#1"},
				"south": {"uv": [8, 3.875, 8.5, 2.625], "rotation": 90, "texture": "#1"},
				"west": {"uv": [8, 3.875, 8.5, 3.625], "rotation": 90, "texture": "#1"},
				"up": {"uv": [8, 3.875, 8.25, 2.625], "rotation": 90, "texture": "#1"},
				"down": {"uv": [8, 3.875, 8.25, 2.625], "rotation": 90, "texture": "#1"}
			}
		},
		{
			"name": "Bottom",
			"from": [9.63388, 10.9519, 4.82813],
			"to": [11.63388, 12.7019, 5.48438],
			"rotation": {"angle": 22.5, "axis": "z", "origin": [10.63388, 12.66023, 5.02084]},
			"faces": {
				"north": {"uv": [2.5, 8.125, 1.5, 9], "texture": "#1"},
				"east": {"uv": [1.75, 8.125, 1.5, 9], "texture": "#1"},
				"south": {"uv": [2.5, 8.125, 1.5, 9], "texture": "#1"},
				"west": {"uv": [1.75, 8.125, 1.5, 9], "texture": "#1"},
				"up": {"uv": [2.5, 8.75, 1.5, 9], "texture": "#1"},
				"down": {"uv": [2.5, 8.75, 1.5, 9], "texture": "#1"}
			}
		},
		{
			"name": "right_leg",
			"from": [8.25781, 0.18821, 4.45984],
			"to": [11.98438, 2.18821, 6.87406],
			"rotation": {"angle": -22.5, "axis": "x", "origin": [10, 0.68821, 5.95984]},
			"faces": {
				"north": {"uv": [0, 5, 0.75, 5.25], "texture": "#1"},
				"east": {"uv": [5, 4.625, 7, 5.5], "rotation": 180, "texture": "#1"},
				"south": {"uv": [0, 5, 0.75, 5.25], "texture": "#1"},
				"west": {"uv": [1, 4.625, 3, 5.5], "rotation": 180, "texture": "#1"},
				"up": {"uv": [6, 4.625, 8, 5.5], "rotation": 180, "texture": "#1"},
				"down": {"uv": [0, 5, 0.75, 5.25], "texture": "#1"}
			}
		},
		{
			"name": "right_leg",
			"from": [8.27344, 1, 3.62132],
			"to": [11.97656, 2, 5.03553],
			"rotation": {"angle": -45, "axis": "x", "origin": [10, 0.5, 5.12132]},
			"faces": {
				"north": {"uv": [0, 5, 0.75, 5.25], "texture": "#1"},
				"east": {"uv": [2.125, 5.25, 2.875, 5.5], "rotation": 180, "texture": "#1"},
				"south": {"uv": [0, 5, 0.75, 5.25], "texture": "#1"},
				"west": {"uv": [2.125, 5.25, 2.875, 5.5], "rotation": 180, "texture": "#1"},
				"up": {"uv": [5.875, 5, 7.875, 5.375], "texture": "#1"},
				"down": {"uv": [0, 5, 0.75, 5.25], "texture": "#1"}
			}
		},
		{
			"name": "right_leg",
			"from": [8.25, -1.5, 3],
			"to": [12, 0.5, 6],
			"rotation": {"angle": 0, "axis": "y", "origin": [12, 7, 8]},
			"faces": {
				"north": {"uv": [6, 5, 8, 6], "texture": "#1"},
				"east": {"uv": [0.125, 5, 2.125, 6], "texture": "#1"},
				"south": {"uv": [0, 5, 2, 6], "texture": "#1"},
				"west": {"uv": [0, 5, 2, 6], "texture": "#1"},
				"up": {"uv": [0, 5, 2, 6], "texture": "#1"},
				"down": {"uv": [1.875, 6, 3.875, 5.625], "rotation": 90, "texture": "#1"}
			}
		},
		{
			"name": "left_leg",
			"from": [8.25, -1.5, 6],
			"to": [12, 10.5, 10],
			"rotation": {"angle": 0, "axis": "y", "origin": [8, 7, 8]},
			"faces": {
				"north": {"uv": [0, 0, 2, 6], "texture": "#1"},
				"east": {"uv": [4, 0, 6, 6], "texture": "#1"},
				"south": {"uv": [6, 0, 8, 6], "texture": "#1"},
				"west": {"uv": [2, 0, 4, 6], "texture": "#1"},
				"up": {"uv": [2, 5, 1, 4], "texture": "#1"},
				"down": {"uv": [1.875, 5.625, 3.875, 6], "rotation": 90, "texture": "#1"}
			}
		},
		{
			"name": "right_leg",
			"from": [4.01562, 0.18821, 4.45984],
			"to": [7.74219, 2.18821, 6.87406],
			"rotation": {"angle": -22.5, "axis": "x", "origin": [6, 0.68821, 5.95984]},
			"faces": {
				"north": {"uv": [0.75, 5, 0, 5.25], "texture": "#1"},
				"east": {"uv": [3, 4.625, 1, 5.5], "rotation": 180, "texture": "#1"},
				"south": {"uv": [0.75, 5, 0, 5.25], "texture": "#1"},
				"west": {"uv": [7, 4.625, 5, 5.5], "rotation": 180, "texture": "#1"},
				"up": {"uv": [8, 4.625, 6, 5.5], "rotation": 180, "texture": "#1"},
				"down": {"uv": [0.75, 5, 0, 5.25], "texture": "#1"}
			}
		},
		{
			"name": "right_leg",
			"from": [4.02344, 1, 3.62132],
			"to": [7.72656, 2, 5.03553],
			"rotation": {"angle": -45, "axis": "x", "origin": [6, 0.5, 5.12132]},
			"faces": {
				"north": {"uv": [0.75, 5, 0, 5.25], "texture": "#1"},
				"east": {"uv": [2.875, 5.25, 2.125, 5.5], "rotation": 180, "texture": "#1"},
				"south": {"uv": [0.75, 5, 0, 5.25], "texture": "#1"},
				"west": {"uv": [2.875, 5.25, 2.125, 5.5], "rotation": 180, "texture": "#1"},
				"up": {"uv": [7.875, 5, 5.875, 5.375], "texture": "#1"},
				"down": {"uv": [0.75, 5, 0, 5.25], "texture": "#1"}
			}
		},
		{
			"name": "right_leg",
			"from": [4, -1.5, 3],
			"to": [7.75, 0.5, 6],
			"rotation": {"angle": 0, "axis": "y", "origin": [4, 7, 8]},
			"faces": {
				"north": {"uv": [8, 5, 6, 6], "texture": "#1"},
				"east": {"uv": [2, 5, 0, 6], "texture": "#1"},
				"south": {"uv": [2, 5, 0, 6], "texture": "#1"},
				"west": {"uv": [2.125, 5, 0.125, 6], "texture": "#1"},
				"up": {"uv": [2, 5, 0, 6], "texture": "#1"},
				"down": {"uv": [1.875, 6, 3.875, 5.625], "rotation": 90, "texture": "#1"}
			}
		},
		{
			"name": "left_leg",
			"from": [4, -1.5, 6],
			"to": [7.75, 10.5, 10],
			"rotation": {"angle": 0, "axis": "y", "origin": [8, 7, 8]},
			"faces": {
				"north": {"uv": [2, 0, 0, 6], "texture": "#1"},
				"east": {"uv": [4, 0, 2, 6], "texture": "#1"},
				"south": {"uv": [8, 0, 6, 6], "texture": "#1"},
				"west": {"uv": [6, 0, 4, 6], "texture": "#1"},
				"up": {"uv": [1, 5, 2, 4], "texture": "#1"},
				"down": {"uv": [1.875, 6, 3.875, 5.625], "rotation": 90, "texture": "#1"}
			}
		}
	],
	"display": {
		"thirdperson_righthand": {
			"rotation": [75, 45, 0],
			"translation": [0, 2.5, -2.25],
			"scale": [0.375, 0.375, 0.375]
		},
		"thirdperson_lefthand": {
			"rotation": [75, 45, 0],
			"translation": [0, 2.5, -2.25],
			"scale": [0.375, 0.375, 0.375]
		},
		"firstperson_righthand": {
			"rotation": [0, 123.25, 0],
			"scale": [0.27305, 0.27305, 0.27305]
		},
		"firstperson_lefthand": {
			"rotation": [0, 123.25, 0],
			"scale": [0.27305, 0.27305, 0.27305]
		},
		"ground": {
			"translation": [0, 1, 0],
			"scale": [0.50195, 0.50195, 0.50195]
		},
		"gui": {
			"rotation": [30, 225, 0],
			"translation": [-0.25, -2, 0],
			"scale": [0.47852, 0.47852, 0.47852]
		},
		"head": {
			"translation": [0, -29, 0],
			"scale": [1.6, 1.6, 1.6]
		},
		"fixed": {
			"rotation": [-90, 0, 0],
			"translation": [0, 0, -18],
			"scale": [2, 2, 2]
		}
	},
	"groups": [
		{
			"name": "alex",
			"origin": [8, 8, 8],
			"children": [0, 1, 2, 3, 4, 5, 6, 7, 8, 9, 10, 11, 12, 13, 14, 15, 16, 17, 18, 19, 20, 21, 22, 23, 24, 25, 26, 27, 28, 29, 30, 31,
				{
					"name": "Chestplate",
					"origin": [7.93934, 8.14645, 8],
					"children": [32, 33, 34, 35, 36, 37, 38, 39, 40, 41, 42, 43, 44, 45, 46, 47, 48]
				},
				{
					"name": "Right Arm",
					"origin": [4, 23, 8],
					"children": [49, 50,
						{
							"name": "Right Hand",
							"origin": [3.75, 13, 8],
							"children": [51, 52, 53, 54,
								{
									"name": "Left Arm",
									"origin": [16.08211, 13.73039, 7.53125],
									"children": [55, 56, 57]
								}
							]
						}, 58, 59]
				}, 60,
				{
					"name": "Waist Harness",
					"origin": [9.5, 11, 12.42969],
					"children": [61, 62, 63, 64, 65, 66]
				},
				{
					"name": "Pouch",
					"origin": [8.38388, 13.7019, 7.98438],
					"children": [67, 68, 69]
				},
				{
					"name": "Pouch",
					"origin": [8.38388, 13.7019, 7.98438],
					"children": [70, 71, 72, 73, 74, 75, 76, 77, 78]
				},
				{
					"name": "Pouch",
					"origin": [8.38388, 13.7019, 7.98438],
					"children": [79, 80, 81, 82, 83, 84, 85, 86, 87]
				},
				{
					"name": "Pouch",
					"origin": [8.38388, 13.7019, 7.98438],
					"children": [88, 89, 90]
				},
				{
					"name": "Left Leg",
					"origin": [8, 8, 8],
					"children": [
						{
							"name": "Left Foot",
							"origin": [12, 8, 8],
							"children": [91, 92, 93]
						}, 94]
				},
				{
					"name": "Right Leg",
					"origin": [8, 8, 8],
					"children": [
						{
							"name": "Left Foot",
							"origin": [12, 8, 8],
							"children": [95, 96, 97]
						}, 98]
				},
				{
					"name": "Right Leg",
					"origin": [8, 8, 8],
					"children": [
						{
							"name": "Right Foot",
							"origin": [8, 8, 8],
							"children": []
						}
					]
				},
				{
					"name": "Left Leg",
					"origin": [8, 8, 8],
					"children": [
						{
							"name": "Left Foot",
							"origin": [12, 8, 8],
							"children": []
						}
					]
				}
			]
		}
	]
}