{
	"credit": "Made with Blockbench",
	"textures": {
		"0": "block/MizunoArchive/white_wool",
		"1": "block/MizunoArchive/rainbow_wool",
		"particle": "block/MizunoArchive/white_wool"
	},
	"elements": [
		{
			"from": [5.62924, 0, 4.03731],
			"to": [13.62924, 0.5, 10.03731],
			"rotation": {"angle": 0, "axis": "y", "origin": [9.63579, 0.25001, 7.03076]},
			"faces": {
				"north": {"uv": [0, 0, 16, 1], "texture": "#0"},
				"east": {"uv": [0, 0, 12, 1], "texture": "#0"},
				"south": {"uv": [0, 0, 16, 1], "texture": "#0"},
				"west": {"uv": [0, 0, 12, 1], "texture": "#0"},
				"up": {"uv": [0, 0, 16, 12], "texture": "#0"},
				"down": {"uv": [0, 0, 16, 12], "texture": "#0"}
			}
		},
		{
			"from": [6.64235, 0.025, 3.0373],
			"to": [12.64235, 0.5125, 11.0373],
			"rotation": {"angle": 0, "axis": "y", "origin": [9.63579, 0.25001, 7.03076]},
			"faces": {
				"north": {"uv": [0, 0, 12, 0.975], "texture": "#0"},
				"east": {"uv": [0, 0, 16, 0.975], "texture": "#0"},
				"south": {"uv": [0, 0, 12, 0.975], "texture": "#0"},
				"west": {"uv": [0, 0, 16, 0.975], "texture": "#0"},
				"up": {"uv": [0, 0, 16, 12], "rotation": 270, "texture": "#0"},
				"down": {"uv": [0, 0, 16, 12], "rotation": 90, "texture": "#0"}
			}
		},
		{
			"from": [8.92325, 0.025, 2.07179],
			"to": [10.33746, 0.5, 11.97128],
			"rotation": {"angle": 45, "axis": "y", "origin": [9.64885, 0.27503, 7.03076]},
			"faces": {
				"north": {"uv": [0, 0, 12, 1], "texture": "#0"},
				"east": {"uv": [0, 0, 16, 1], "texture": "#0"},
				"south": {"uv": [0, 0, 12, 1], "texture": "#0"},
				"west": {"uv": [0, 0, 16, 1], "texture": "#0"},
				"up": {"uv": [0, 0, 16, 12], "rotation": 270, "texture": "#0"},
				"down": {"uv": [0, 0, 16, 12], "rotation": 90, "texture": "#0"}
			}
		},
		{
			"from": [8.93789, 0.025, 2.08102],
			"to": [10.35211, 0.5, 11.98052],
			"rotation": {"angle": -45, "axis": "y", "origin": [9.63577, 0.26251, 7.03078]},
			"faces": {
				"north": {"uv": [0, 0, 2.82843, 0.95], "texture": "#0"},
				"east": {"uv": [0, 0, 16, 0.95], "texture": "#0"},
				"south": {"uv": [0, 0, 2.82843, 0.95], "texture": "#0"},
				"west": {"uv": [0, 0, 16, 0.95], "texture": "#0"},
				"up": {"uv": [0, 0, 16, 2.82843], "rotation": 90, "texture": "#0"},
				"down": {"uv": [0, 0, 16, 2.82843], "rotation": 270, "texture": "#0"}
			}
		},
		{
			"from": [8.37924, 0.5, 6.28731],
			"to": [10.87924, 5, 7.78731],
			"rotation": {"angle": 0, "axis": "y", "origin": [13.37924, 4, 10.78731]},
			"faces": {
				"north": {"uv": [0, 0, 5, 9], "texture": "#0"},
				"east": {"uv": [0, 0, 3, 9], "texture": "#0"},
				"south": {"uv": [0, 0, 5, 9], "texture": "#0"},
				"west": {"uv": [0, 0, 3, 9], "texture": "#0"},
				"up": {"uv": [0, 0, 5, 3], "texture": "#0"},
				"down": {"uv": [0, 0, 5, 3], "texture": "#0"}
			}
		},
		{
			"from": [8.77924, 5, 6.52731],
			"to": [10.47924, 9.5, 7.54731],
			"rotation": {"angle": 0, "axis": "y", "origin": [12.17924, 8.5, 9.58731]},
			"faces": {
				"north": {"uv": [0, 0, 3.4, 9], "texture": "#0"},
				"east": {"uv": [0, 0, 2.04, 9], "texture": "#0"},
				"south": {"uv": [0, 0, 3.4, 9], "texture": "#0"},
				"west": {"uv": [0, 0, 2.04, 9], "texture": "#0"},
				"up": {"uv": [0, 0, 3.4, 2.04], "texture": "#0"},
				"down": {"uv": [0, 0, 3.4, 2.04], "texture": "#0"}
			}
		},
		{
			"from": [8.88361, 0.5, 5.78731],
			"to": [10.38361, 5, 8.28731],
			"rotation": {"angle": 0, "axis": "y", "origin": [9.63143, 2.75, 7.03513]},
			"faces": {
				"north": {"uv": [0, 0, 3, 9], "texture": "#0"},
				"east": {"uv": [0, 0, 5, 9], "texture": "#0"},
				"south": {"uv": [0, 0, 3, 9], "texture": "#0"},
				"west": {"uv": [0, 0, 5, 9], "texture": "#0"},
				"up": {"uv": [0, 0, 5, 3], "rotation": 270, "texture": "#0"},
				"down": {"uv": [0, 0, 5, 3], "rotation": 90, "texture": "#0"}
			}
		},
		{
			"from": [9.12221, 5, 6.18731],
			"to": [10.14221, 9.5, 7.88731],
			"rotation": {"angle": 0, "axis": "y", "origin": [9.63073, 7.25, 7.03583]},
			"faces": {
				"north": {"uv": [0, 0, 2.04, 9], "texture": "#0"},
				"east": {"uv": [0, 0, 3.4, 9], "texture": "#0"},
				"south": {"uv": [0, 0, 2.04, 9], "texture": "#0"},
				"west": {"uv": [0, 0, 3.4, 9], "texture": "#0"},
				"up": {"uv": [0, 0, 3.4, 2.04], "rotation": 270, "texture": "#0"},
				"down": {"uv": [0, 0, 3.4, 2.04], "rotation": 90, "texture": "#0"}
			}
		},
		{
			"from": [9.27606, 0.5, 5.61782],
			"to": [9.98316, 5, 8.44625],
			"rotation": {"angle": 45, "axis": "y", "origin": [9.63579, 2.75001, 7.03512]},
			"faces": {
				"north": {"uv": [0, 0, 1.41421, 9], "texture": "#0"},
				"east": {"uv": [0, 0, 5.65685, 9], "texture": "#0"},
				"south": {"uv": [0, 0, 1.41421, 9], "texture": "#0"},
				"west": {"uv": [0, 0, 5.65685, 9], "texture": "#0"},
				"up": {"uv": [0, 0, 5.65685, 1.41421], "rotation": 270, "texture": "#0"},
				"down": {"uv": [0, 0, 5.65685, 1.41421], "rotation": 90, "texture": "#0"}
			}
		},
		{
			"from": [9.38908, 5, 6.07206],
			"to": [9.86991, 9.5, 7.99539],
			"rotation": {"angle": 45, "axis": "y", "origin": [9.6337, 7.25001, 7.03582]},
			"faces": {
				"north": {"uv": [0, 0, 0.96167, 9], "texture": "#0"},
				"east": {"uv": [0, 0, 3.84666, 9], "texture": "#0"},
				"south": {"uv": [0, 0, 0.96167, 9], "texture": "#0"},
				"west": {"uv": [0, 0, 3.84666, 9], "texture": "#0"},
				"up": {"uv": [0, 0, 3.84666, 0.96167], "rotation": 270, "texture": "#0"},
				"down": {"uv": [0, 0, 3.84666, 0.96167], "rotation": 90, "texture": "#0"}
			}
		},
		{
			"from": [8.21722, 0.5, 6.68466],
			"to": [11.04564, 5, 7.39177],
			"rotation": {"angle": 45, "axis": "y", "origin": [9.63143, 2.75, 7.03513]},
			"faces": {
				"north": {"uv": [0, 0, 5.65685, 9], "texture": "#0"},
				"east": {"uv": [0, 0, 1.41421, 9], "texture": "#0"},
				"south": {"uv": [0, 0, 5.65685, 9], "texture": "#0"},
				"west": {"uv": [0, 0, 1.41421, 9], "texture": "#0"},
				"up": {"uv": [0, 0, 5.65685, 1.41421], "rotation": 180, "texture": "#0"},
				"down": {"uv": [0, 0, 5.65685, 1.41421], "rotation": 180, "texture": "#0"}
			}
		},
		{
			"from": [8.66906, 5, 6.79751],
			"to": [10.5924, 9.5, 7.27834],
			"rotation": {"angle": 45, "axis": "y", "origin": [9.63073, 7.25, 7.03583]},
			"faces": {
				"north": {"uv": [0, 0, 3.84666, 9], "texture": "#0"},
				"east": {"uv": [0, 0, 0.96167, 9], "texture": "#0"},
				"south": {"uv": [0, 0, 3.84666, 9], "texture": "#0"},
				"west": {"uv": [0, 0, 0.96167, 9], "texture": "#0"},
				"up": {"uv": [0, 0, 3.84666, 0.96167], "rotation": 180, "texture": "#0"},
				"down": {"uv": [0, 0, 3.84666, 0.96167], "rotation": 180, "texture": "#0"}
			}
		},
		{
			"name": "octagon",
			"from": [2.43552, -0.07119, 5.36252],
			"to": [3.82296, 1.09185, 5.75796],
			"rotation": {"angle": 45, "axis": "y", "origin": [3.12924, 0.27772, 7.03731]},
			"faces": {
				"north": {"uv": [0, 0, 2, 16], "rotation": 90, "texture": "#1"},
				"east": {"uv": [0, 0, 2, 16], "rotation": 90, "texture": "#1"},
				"south": {"uv": [0, 0, 2, 16], "rotation": 90, "texture": "#1"},
				"west": {"uv": [0, 0, 2, 16], "rotation": 90, "texture": "#1"},
				"up": {"uv": [0, 0, 2, 16], "rotation": 90, "texture": "#1"},
				"down": {"uv": [0, 0, 2, 16], "rotation": 90, "texture": "#1"}
			}
		},
		{
			"name": "octagon",
			"from": [2.43552, -0.07119, 5.36252],
			"to": [3.82296, 1.09185, 5.75796],
			"rotation": {"angle": 0, "axis": "y", "origin": [3.12924, 0.27772, 7.03731]},
			"faces": {
				"north": {"uv": [0, 0, 2, 16], "rotation": 90, "texture": "#1"},
				"east": {"uv": [0, 0, 2, 16], "rotation": 90, "texture": "#1"},
				"south": {"uv": [0, 0, 2, 16], "rotation": 90, "texture": "#1"},
				"west": {"uv": [0, 0, 2, 16], "rotation": 90, "texture": "#1"},
				"up": {"uv": [0, 0, 2, 16], "rotation": 90, "texture": "#1"},
				"down": {"uv": [0, 0, 2, 16], "rotation": 90, "texture": "#1"}
			}
		},
		{
			"name": "octagon",
			"from": [2.43552, -0.07119, 8.31666],
			"to": [3.82296, 1.09185, 8.7121],
			"rotation": {"angle": 45, "axis": "y", "origin": [3.12924, 0.27772, 7.03731]},
			"faces": {
				"north": {"uv": [0, 0, 2, 16], "rotation": 90, "texture": "#1"},
				"east": {"uv": [0, 0, 2, 16], "rotation": 90, "texture": "#1"},
				"south": {"uv": [0, 0, 2, 16], "rotation": 90, "texture": "#1"},
				"west": {"uv": [0, 0, 2, 16], "rotation": 90, "texture": "#1"},
				"up": {"uv": [0, 0, 2, 16], "rotation": 90, "texture": "#1"},
				"down": {"uv": [0, 0, 2, 16], "rotation": 90, "texture": "#1"}
			}
		},
		{
			"name": "octagon",
			"from": [2.43552, -0.07119, 8.31666],
			"to": [3.82296, 1.09185, 8.7121],
			"rotation": {"angle": 0, "axis": "y", "origin": [3.12924, 0.27772, 7.03731]},
			"faces": {
				"north": {"uv": [0, 0, 2, 16], "rotation": 90, "texture": "#1"},
				"east": {"uv": [0, 0, 2, 16], "rotation": 90, "texture": "#1"},
				"south": {"uv": [0, 0, 2, 16], "rotation": 90, "texture": "#1"},
				"west": {"uv": [0, 0, 2, 16], "rotation": 90, "texture": "#1"},
				"up": {"uv": [0, 0, 2, 16], "rotation": 90, "texture": "#1"},
				"down": {"uv": [0, 0, 2, 16], "rotation": 90, "texture": "#1"}
			}
		},
		{
			"name": "octagon",
			"from": [1.45446, -0.07119, 6.34359],
			"to": [1.84989, 1.09185, 7.73103],
			"rotation": {"angle": 45, "axis": "y", "origin": [3.12924, 0.27772, 7.03731]},
			"faces": {
				"north": {"uv": [0, 0, 2, 16], "rotation": 90, "texture": "#1"},
				"east": {"uv": [0, 0, 2, 16], "rotation": 90, "texture": "#1"},
				"south": {"uv": [0, 0, 2, 16], "rotation": 90, "texture": "#1"},
				"west": {"uv": [0, 0, 2, 16], "rotation": 90, "texture": "#1"},
				"up": {"uv": [0, 0, 2, 16], "rotation": 90, "texture": "#1"},
				"down": {"uv": [0, 0, 2, 16], "rotation": 90, "texture": "#1"}
			}
		},
		{
			"name": "octagon",
			"from": [1.45446, -0.07119, 6.34359],
			"to": [1.84989, 1.09185, 7.73103],
			"rotation": {"angle": 0, "axis": "y", "origin": [3.12924, 0.27772, 7.03731]},
			"faces": {
				"north": {"uv": [0, 0, 2, 16], "rotation": 90, "texture": "#1"},
				"east": {"uv": [0, 0, 2, 16], "rotation": 90, "texture": "#1"},
				"south": {"uv": [0, 0, 2, 16], "rotation": 90, "texture": "#1"},
				"west": {"uv": [0, 0, 2, 16], "rotation": 90, "texture": "#1"},
				"up": {"uv": [0, 0, 2, 16], "rotation": 90, "texture": "#1"},
				"down": {"uv": [0, 0, 2, 16], "rotation": 90, "texture": "#1"}
			}
		},
		{
			"name": "octagon",
			"from": [4.4086, -0.07119, 6.34359],
			"to": [4.80403, 1.09185, 7.73103],
			"rotation": {"angle": 45, "axis": "y", "origin": [3.12924, 0.27772, 7.03731]},
			"faces": {
				"north": {"uv": [0, 0, 2, 16], "rotation": 90, "texture": "#1"},
				"east": {"uv": [0, 0, 2, 16], "rotation": 90, "texture": "#1"},
				"south": {"uv": [0, 0, 2, 16], "rotation": 90, "texture": "#1"},
				"west": {"uv": [0, 0, 2, 16], "rotation": 90, "texture": "#1"},
				"up": {"uv": [0, 0, 2, 16], "rotation": 90, "texture": "#1"},
				"down": {"uv": [0, 0, 2, 16], "rotation": 90, "texture": "#1"}
			}
		},
		{
			"name": "octagon",
			"from": [4.4086, -0.07119, 6.34359],
			"to": [4.80403, 1.09185, 7.73103],
			"rotation": {"angle": 0, "axis": "y", "origin": [3.12924, 0.27772, 7.03731]},
			"faces": {
				"north": {"uv": [0, 0, 2, 16], "rotation": 90, "texture": "#1"},
				"east": {"uv": [0, 0, 2, 16], "rotation": 90, "texture": "#1"},
				"south": {"uv": [0, 0, 2, 16], "rotation": 90, "texture": "#1"},
				"west": {"uv": [0, 0, 2, 16], "rotation": 90, "texture": "#1"},
				"up": {"uv": [0, 0, 2, 16], "rotation": 90, "texture": "#1"},
				"down": {"uv": [0, 0, 2, 16], "rotation": 90, "texture": "#1"}
			}
		},
		{
			"name": "octagon",
			"from": [2.35844, 0.16142, 5.17644],
			"to": [3.90004, 0.85924, 5.87426],
			"rotation": {"angle": 45, "axis": "y", "origin": [3.12924, 0.27772, 7.03731]},
			"faces": {
				"north": {"uv": [0, 0, 2, 16], "rotation": 90, "texture": "#1"},
				"east": {"uv": [0, 0, 2, 16], "rotation": 90, "texture": "#1"},
				"south": {"uv": [0, 0, 2, 16], "rotation": 90, "texture": "#1"},
				"west": {"uv": [0, 0, 2, 16], "rotation": 90, "texture": "#1"},
				"up": {"uv": [0, 0, 2, 16], "rotation": 90, "texture": "#1"},
				"down": {"uv": [0, 0, 2, 16], "rotation": 90, "texture": "#1"}
			}
		},
		{
			"name": "octagon",
			"from": [2.35844, 0.16142, 5.17644],
			"to": [3.90004, 0.85924, 5.87426],
			"rotation": {"angle": 0, "axis": "y", "origin": [3.12924, 0.27772, 7.03731]},
			"faces": {
				"north": {"uv": [0, 0, 2, 16], "rotation": 90, "texture": "#1"},
				"east": {"uv": [0, 0, 2, 16], "rotation": 90, "texture": "#1"},
				"south": {"uv": [0, 0, 2, 16], "rotation": 90, "texture": "#1"},
				"west": {"uv": [0, 0, 2, 16], "rotation": 90, "texture": "#1"},
				"up": {"uv": [0, 0, 2, 16], "rotation": 90, "texture": "#1"},
				"down": {"uv": [0, 0, 2, 16], "rotation": 90, "texture": "#1"}
			}
		},
		{
			"name": "octagon",
			"from": [2.35844, 0.16142, 8.20036],
			"to": [3.90004, 0.85924, 8.89819],
			"rotation": {"angle": 45, "axis": "y", "origin": [3.12924, 0.27772, 7.03731]},
			"faces": {
				"north": {"uv": [0, 0, 2, 16], "rotation": 90, "texture": "#1"},
				"east": {"uv": [0, 0, 2, 16], "rotation": 90, "texture": "#1"},
				"south": {"uv": [0, 0, 2, 16], "rotation": 90, "texture": "#1"},
				"west": {"uv": [0, 0, 2, 16], "rotation": 90, "texture": "#1"},
				"up": {"uv": [0, 0, 2, 16], "rotation": 90, "texture": "#1"},
				"down": {"uv": [0, 0, 2, 16], "rotation": 90, "texture": "#1"}
			}
		},
		{
			"name": "octagon",
			"from": [2.35844, 0.16142, 8.20036],
			"to": [3.90004, 0.85924, 8.89819],
			"rotation": {"angle": 0, "axis": "y", "origin": [3.12924, 0.27772, 7.03731]},
			"faces": {
				"north": {"uv": [0, 0, 2, 16], "rotation": 90, "texture": "#1"},
				"east": {"uv": [0, 0, 2, 16], "rotation": 90, "texture": "#1"},
				"south": {"uv": [0, 0, 2, 16], "rotation": 90, "texture": "#1"},
				"west": {"uv": [0, 0, 2, 16], "rotation": 90, "texture": "#1"},
				"up": {"uv": [0, 0, 2, 16], "rotation": 90, "texture": "#1"},
				"down": {"uv": [0, 0, 2, 16], "rotation": 90, "texture": "#1"}
			}
		},
		{
			"name": "octagon",
			"from": [1.26837, 0.16142, 6.26651],
			"to": [1.9662, 0.85924, 7.80811],
			"rotation": {"angle": 45, "axis": "y", "origin": [3.12924, 0.27772, 7.03731]},
			"faces": {
				"north": {"uv": [0, 0, 2, 16], "rotation": 90, "texture": "#1"},
				"east": {"uv": [0, 0, 2, 16], "rotation": 90, "texture": "#1"},
				"south": {"uv": [0, 0, 2, 16], "rotation": 90, "texture": "#1"},
				"west": {"uv": [0, 0, 2, 16], "rotation": 90, "texture": "#1"},
				"up": {"uv": [0, 0, 2, 16], "rotation": 90, "texture": "#1"},
				"down": {"uv": [0, 0, 2, 16], "rotation": 90, "texture": "#1"}
			}
		},
		{
			"name": "octagon",
			"from": [1.26837, 0.16142, 6.26651],
			"to": [1.9662, 0.85924, 7.80811],
			"rotation": {"angle": 0, "axis": "y", "origin": [3.12924, 0.27772, 7.03731]},
			"faces": {
				"north": {"uv": [0, 0, 2, 16], "rotation": 90, "texture": "#1"},
				"east": {"uv": [0, 0, 2, 16], "rotation": 90, "texture": "#1"},
				"south": {"uv": [0, 0, 2, 16], "rotation": 90, "texture": "#1"},
				"west": {"uv": [0, 0, 2, 16], "rotation": 90, "texture": "#1"},
				"up": {"uv": [0, 0, 2, 16], "rotation": 90, "texture": "#1"},
				"down": {"uv": [0, 0, 2, 16], "rotation": 90, "texture": "#1"}
			}
		},
		{
			"name": "octagon",
			"from": [4.29229, 0.16142, 6.26651],
			"to": [4.99012, 0.85924, 7.80811],
			"rotation": {"angle": 45, "axis": "y", "origin": [3.12924, 0.27772, 7.03731]},
			"faces": {
				"north": {"uv": [0, 0, 2, 16], "rotation": 90, "texture": "#1"},
				"east": {"uv": [0, 0, 2, 16], "rotation": 90, "texture": "#1"},
				"south": {"uv": [0, 0, 2, 16], "rotation": 90, "texture": "#1"},
				"west": {"uv": [0, 0, 2, 16], "rotation": 90, "texture": "#1"},
				"up": {"uv": [0, 0, 2, 16], "rotation": 90, "texture": "#1"},
				"down": {"uv": [0, 0, 2, 16], "rotation": 90, "texture": "#1"}
			}
		},
		{
			"name": "octagon",
			"from": [4.29229, 0.16142, 6.26651],
			"to": [4.99012, 0.85924, 7.80811],
			"rotation": {"angle": 0, "axis": "y", "origin": [3.12924, 0.27772, 7.03731]},
			"faces": {
				"north": {"uv": [0, 0, 2, 16], "rotation": 90, "texture": "#1"},
				"east": {"uv": [0, 0, 2, 16], "rotation": 90, "texture": "#1"},
				"south": {"uv": [0, 0, 2, 16], "rotation": 90, "texture": "#1"},
				"west": {"uv": [0, 0, 2, 16], "rotation": 90, "texture": "#1"},
				"up": {"uv": [0, 0, 2, 16], "rotation": 90, "texture": "#1"},
				"down": {"uv": [0, 0, 2, 16], "rotation": 90, "texture": "#1"}
			}
		},
		{
			"name": "octagon",
			"from": [4.34093, 0.00319, 11.63414],
			"to": [5.91756, 1.32483, 12.0835],
			"rotation": {"angle": 45, "axis": "y", "origin": [5.12924, 0.39968, 13.53731]},
			"faces": {
				"north": {"uv": [2, 0, 4, 16], "rotation": 90, "texture": "#1"},
				"east": {"uv": [2, 0, 4, 16], "rotation": 90, "texture": "#1"},
				"south": {"uv": [2, 0, 4, 16], "rotation": 90, "texture": "#1"},
				"west": {"uv": [2, 0, 4, 16], "rotation": 90, "texture": "#1"},
				"up": {"uv": [2, 0, 4, 16], "rotation": 90, "texture": "#1"},
				"down": {"uv": [2, 0, 4, 16], "rotation": 90, "texture": "#1"}
			}
		},
		{
			"name": "octagon",
			"from": [4.34093, 0.00319, 11.63414],
			"to": [5.91756, 1.32483, 12.0835],
			"rotation": {"angle": 0, "axis": "y", "origin": [5.12924, 0.39968, 13.53731]},
			"faces": {
				"north": {"uv": [2, 0, 4, 16], "rotation": 90, "texture": "#1"},
				"east": {"uv": [2, 0, 4, 16], "rotation": 90, "texture": "#1"},
				"south": {"uv": [2, 0, 4, 16], "rotation": 90, "texture": "#1"},
				"west": {"uv": [2, 0, 4, 16], "rotation": 90, "texture": "#1"},
				"up": {"uv": [2, 0, 4, 16], "rotation": 90, "texture": "#1"},
				"down": {"uv": [2, 0, 4, 16], "rotation": 90, "texture": "#1"}
			}
		},
		{
			"name": "octagon",
			"from": [4.34093, 0.00319, 14.99112],
			"to": [5.91756, 1.32483, 15.44048],
			"rotation": {"angle": 45, "axis": "y", "origin": [5.12924, 0.39968, 13.53731]},
			"faces": {
				"north": {"uv": [2, 0, 4, 16], "rotation": 90, "texture": "#1"},
				"east": {"uv": [2, 0, 4, 16], "rotation": 90, "texture": "#1"},
				"south": {"uv": [2, 0, 4, 16], "rotation": 90, "texture": "#1"},
				"west": {"uv": [2, 0, 4, 16], "rotation": 90, "texture": "#1"},
				"up": {"uv": [2, 0, 4, 16], "rotation": 90, "texture": "#1"},
				"down": {"uv": [2, 0, 4, 16], "rotation": 90, "texture": "#1"}
			}
		},
		{
			"name": "octagon",
			"from": [4.34093, 0.00319, 14.99112],
			"to": [5.91756, 1.32483, 15.44048],
			"rotation": {"angle": 0, "axis": "y", "origin": [5.12924, 0.39968, 13.53731]},
			"faces": {
				"north": {"uv": [2, 0, 4, 16], "rotation": 90, "texture": "#1"},
				"east": {"uv": [2, 0, 4, 16], "rotation": 90, "texture": "#1"},
				"south": {"uv": [2, 0, 4, 16], "rotation": 90, "texture": "#1"},
				"west": {"uv": [2, 0, 4, 16], "rotation": 90, "texture": "#1"},
				"up": {"uv": [2, 0, 4, 16], "rotation": 90, "texture": "#1"},
				"down": {"uv": [2, 0, 4, 16], "rotation": 90, "texture": "#1"}
			}
		},
		{
			"name": "octagon",
			"from": [3.22608, 0.00319, 12.74899],
			"to": [3.67543, 1.32483, 14.32563],
			"rotation": {"angle": 45, "axis": "y", "origin": [5.12924, 0.39968, 13.53731]},
			"faces": {
				"north": {"uv": [2, 0, 4, 16], "rotation": 90, "texture": "#1"},
				"east": {"uv": [2, 0, 4, 16], "rotation": 90, "texture": "#1"},
				"south": {"uv": [2, 0, 4, 16], "rotation": 90, "texture": "#1"},
				"west": {"uv": [2, 0, 4, 16], "rotation": 90, "texture": "#1"},
				"up": {"uv": [2, 0, 4, 16], "rotation": 90, "texture": "#1"},
				"down": {"uv": [2, 0, 4, 16], "rotation": 90, "texture": "#1"}
			}
		},
		{
			"name": "octagon",
			"from": [3.22608, 0.00319, 12.74899],
			"to": [3.67543, 1.32483, 14.32563],
			"rotation": {"angle": 0, "axis": "y", "origin": [5.12924, 0.39968, 13.53731]},
			"faces": {
				"north": {"uv": [2, 0, 4, 16], "rotation": 90, "texture": "#1"},
				"east": {"uv": [2, 0, 4, 16], "rotation": 90, "texture": "#1"},
				"south": {"uv": [2, 0, 4, 16], "rotation": 90, "texture": "#1"},
				"west": {"uv": [2, 0, 4, 16], "rotation": 90, "texture": "#1"},
				"up": {"uv": [2, 0, 4, 16], "rotation": 90, "texture": "#1"},
				"down": {"uv": [2, 0, 4, 16], "rotation": 90, "texture": "#1"}
			}
		},
		{
			"name": "octagon",
			"from": [6.58305, 0.00319, 12.74899],
			"to": [7.03241, 1.32483, 14.32563],
			"rotation": {"angle": 45, "axis": "y", "origin": [5.12924, 0.39968, 13.53731]},
			"faces": {
				"north": {"uv": [2, 0, 4, 16], "rotation": 90, "texture": "#1"},
				"east": {"uv": [2, 0, 4, 16], "rotation": 90, "texture": "#1"},
				"south": {"uv": [2, 0, 4, 16], "rotation": 90, "texture": "#1"},
				"west": {"uv": [2, 0, 4, 16], "rotation": 90, "texture": "#1"},
				"up": {"uv": [2, 0, 4, 16], "rotation": 90, "texture": "#1"},
				"down": {"uv": [2, 0, 4, 16], "rotation": 90, "texture": "#1"}
			}
		},
		{
			"name": "octagon",
			"from": [6.58305, 0.00319, 12.74899],
			"to": [7.03241, 1.32483, 14.32563],
			"rotation": {"angle": 0, "axis": "y", "origin": [5.12924, 0.39968, 13.53731]},
			"faces": {
				"north": {"uv": [2, 0, 4, 16], "rotation": 90, "texture": "#1"},
				"east": {"uv": [2, 0, 4, 16], "rotation": 90, "texture": "#1"},
				"south": {"uv": [2, 0, 4, 16], "rotation": 90, "texture": "#1"},
				"west": {"uv": [2, 0, 4, 16], "rotation": 90, "texture": "#1"},
				"up": {"uv": [2, 0, 4, 16], "rotation": 90, "texture": "#1"},
				"down": {"uv": [2, 0, 4, 16], "rotation": 90, "texture": "#1"}
			}
		},
		{
			"name": "octagon",
			"from": [4.25334, 0.26752, 11.42268],
			"to": [6.00515, 1.0605, 12.21567],
			"rotation": {"angle": 45, "axis": "y", "origin": [5.12924, 0.39968, 13.53731]},
			"faces": {
				"north": {"uv": [2, 0, 4, 16], "rotation": 90, "texture": "#1"},
				"east": {"uv": [2, 0, 4, 16], "rotation": 90, "texture": "#1"},
				"south": {"uv": [2, 0, 4, 16], "rotation": 90, "texture": "#1"},
				"west": {"uv": [2, 0, 4, 16], "rotation": 90, "texture": "#1"},
				"up": {"uv": [2, 0, 4, 16], "rotation": 90, "texture": "#1"},
				"down": {"uv": [2, 0, 4, 16], "rotation": 90, "texture": "#1"}
			}
		},
		{
			"name": "octagon",
			"from": [4.25334, 0.26752, 11.42268],
			"to": [6.00515, 1.0605, 12.21567],
			"rotation": {"angle": 0, "axis": "y", "origin": [5.12924, 0.39968, 13.53731]},
			"faces": {
				"north": {"uv": [2, 0, 4, 16], "rotation": 90, "texture": "#1"},
				"east": {"uv": [2, 0, 4, 16], "rotation": 90, "texture": "#1"},
				"south": {"uv": [2, 0, 4, 16], "rotation": 90, "texture": "#1"},
				"west": {"uv": [2, 0, 4, 16], "rotation": 90, "texture": "#1"},
				"up": {"uv": [2, 0, 4, 16], "rotation": 90, "texture": "#1"},
				"down": {"uv": [2, 0, 4, 16], "rotation": 90, "texture": "#1"}
			}
		},
		{
			"name": "octagon",
			"from": [4.25334, 0.26752, 14.85896],
			"to": [6.00515, 1.0605, 15.65194],
			"rotation": {"angle": 45, "axis": "y", "origin": [5.12924, 0.39968, 13.53731]},
			"faces": {
				"north": {"uv": [2, 0, 4, 16], "rotation": 90, "texture": "#1"},
				"east": {"uv": [2, 0, 4, 16], "rotation": 90, "texture": "#1"},
				"south": {"uv": [2, 0, 4, 16], "rotation": 90, "texture": "#1"},
				"west": {"uv": [2, 0, 4, 16], "rotation": 90, "texture": "#1"},
				"up": {"uv": [2, 0, 4, 16], "rotation": 90, "texture": "#1"},
				"down": {"uv": [2, 0, 4, 16], "rotation": 90, "texture": "#1"}
			}
		},
		{
			"name": "octagon",
			"from": [4.25334, 0.26752, 14.85896],
			"to": [6.00515, 1.0605, 15.65194],
			"rotation": {"angle": 0, "axis": "y", "origin": [5.12924, 0.39968, 13.53731]},
			"faces": {
				"north": {"uv": [2, 0, 4, 16], "rotation": 90, "texture": "#1"},
				"east": {"uv": [2, 0, 4, 16], "rotation": 90, "texture": "#1"},
				"south": {"uv": [2, 0, 4, 16], "rotation": 90, "texture": "#1"},
				"west": {"uv": [2, 0, 4, 16], "rotation": 90, "texture": "#1"},
				"up": {"uv": [2, 0, 4, 16], "rotation": 90, "texture": "#1"},
				"down": {"uv": [2, 0, 4, 16], "rotation": 90, "texture": "#1"}
			}
		},
		{
			"name": "octagon",
			"from": [3.01461, 0.26752, 12.6614],
			"to": [3.8076, 1.0605, 14.41322],
			"rotation": {"angle": 45, "axis": "y", "origin": [5.12924, 0.39968, 13.53731]},
			"faces": {
				"north": {"uv": [2, 0, 4, 16], "rotation": 90, "texture": "#1"},
				"east": {"uv": [2, 0, 4, 16], "rotation": 90, "texture": "#1"},
				"south": {"uv": [2, 0, 4, 16], "rotation": 90, "texture": "#1"},
				"west": {"uv": [2, 0, 4, 16], "rotation": 90, "texture": "#1"},
				"up": {"uv": [2, 0, 4, 16], "rotation": 90, "texture": "#1"},
				"down": {"uv": [2, 0, 4, 16], "rotation": 90, "texture": "#1"}
			}
		},
		{
			"name": "octagon",
			"from": [3.01461, 0.26752, 12.6614],
			"to": [3.8076, 1.0605, 14.41322],
			"rotation": {"angle": 0, "axis": "y", "origin": [5.12924, 0.39968, 13.53731]},
			"faces": {
				"north": {"uv": [2, 0, 4, 16], "rotation": 90, "texture": "#1"},
				"east": {"uv": [2, 0, 4, 16], "rotation": 90, "texture": "#1"},
				"south": {"uv": [2, 0, 4, 16], "rotation": 90, "texture": "#1"},
				"west": {"uv": [2, 0, 4, 16], "rotation": 90, "texture": "#1"},
				"up": {"uv": [2, 0, 4, 16], "rotation": 90, "texture": "#1"},
				"down": {"uv": [2, 0, 4, 16], "rotation": 90, "texture": "#1"}
			}
		},
		{
			"name": "octagon",
			"from": [6.45089, 0.26752, 12.6614],
			"to": [7.24388, 1.0605, 14.41322],
			"rotation": {"angle": 45, "axis": "y", "origin": [5.12924, 0.39968, 13.53731]},
			"faces": {
				"north": {"uv": [2, 0, 4, 16], "rotation": 90, "texture": "#1"},
				"east": {"uv": [2, 0, 4, 16], "rotation": 90, "texture": "#1"},
				"south": {"uv": [2, 0, 4, 16], "rotation": 90, "texture": "#1"},
				"west": {"uv": [2, 0, 4, 16], "rotation": 90, "texture": "#1"},
				"up": {"uv": [2, 0, 4, 16], "rotation": 90, "texture": "#1"},
				"down": {"uv": [2, 0, 4, 16], "rotation": 90, "texture": "#1"}
			}
		},
		{
			"name": "octagon",
			"from": [6.45089, 0.26752, 12.6614],
			"to": [7.24388, 1.0605, 14.41322],
			"rotation": {"angle": 0, "axis": "y", "origin": [5.12924, 0.39968, 13.53731]},
			"faces": {
				"north": {"uv": [2, 0, 4, 16], "rotation": 90, "texture": "#1"},
				"east": {"uv": [2, 0, 4, 16], "rotation": 90, "texture": "#1"},
				"south": {"uv": [2, 0, 4, 16], "rotation": 90, "texture": "#1"},
				"west": {"uv": [2, 0, 4, 16], "rotation": 90, "texture": "#1"},
				"up": {"uv": [2, 0, 4, 16], "rotation": 90, "texture": "#1"},
				"down": {"uv": [2, 0, 4, 16], "rotation": 90, "texture": "#1"}
			}
		},
		{
			"name": "octagon",
			"from": [8.73546, 6.42425, 4.87952],
			"to": [10.52303, 7.92271, 5.389],
			"rotation": {"angle": 45, "axis": "y", "origin": [9.62924, 6.87379, 7.03731]},
			"faces": {
				"north": {"uv": [4, 0, 6, 16], "rotation": 90, "texture": "#1"},
				"east": {"uv": [4, 0, 6, 16], "rotation": 90, "texture": "#1"},
				"south": {"uv": [4, 0, 6, 16], "rotation": 90, "texture": "#1"},
				"west": {"uv": [4, 0, 6, 16], "rotation": 90, "texture": "#1"},
				"up": {"uv": [4, 0, 6, 16], "rotation": 90, "texture": "#1"},
				"down": {"uv": [4, 0, 6, 16], "rotation": 90, "texture": "#1"}
			}
		},
		{
			"name": "octagon",
			"from": [8.73546, 6.42425, 4.87952],
			"to": [10.52303, 7.92271, 5.389],
			"rotation": {"angle": 0, "axis": "y", "origin": [9.62924, 6.87379, 7.03731]},
			"faces": {
				"north": {"uv": [4, 0, 6, 16], "rotation": 90, "texture": "#1"},
				"east": {"uv": [4, 0, 6, 16], "rotation": 90, "texture": "#1"},
				"south": {"uv": [4, 0, 6, 16], "rotation": 90, "texture": "#1"},
				"west": {"uv": [4, 0, 6, 16], "rotation": 90, "texture": "#1"},
				"up": {"uv": [4, 0, 6, 16], "rotation": 90, "texture": "#1"},
				"down": {"uv": [4, 0, 6, 16], "rotation": 90, "texture": "#1"}
			}
		},
		{
			"name": "octagon",
			"from": [8.73546, 6.42425, 8.68562],
			"to": [10.52303, 7.92271, 9.1951],
			"rotation": {"angle": 45, "axis": "y", "origin": [9.62924, 6.87379, 7.03731]},
			"faces": {
				"north": {"uv": [4, 0, 6, 16], "rotation": 90, "texture": "#1"},
				"east": {"uv": [4, 0, 6, 16], "rotation": 90, "texture": "#1"},
				"south": {"uv": [4, 0, 6, 16], "rotation": 90, "texture": "#1"},
				"west": {"uv": [4, 0, 6, 16], "rotation": 90, "texture": "#1"},
				"up": {"uv": [4, 0, 6, 16], "rotation": 90, "texture": "#1"},
				"down": {"uv": [4, 0, 6, 16], "rotation": 90, "texture": "#1"}
			}
		},
		{
			"name": "octagon",
			"from": [8.73546, 6.42425, 8.68562],
			"to": [10.52303, 7.92271, 9.1951],
			"rotation": {"angle": 0, "axis": "y", "origin": [9.62924, 6.87379, 7.03731]},
			"faces": {
				"north": {"uv": [4, 0, 6, 16], "rotation": 90, "texture": "#1"},
				"east": {"uv": [4, 0, 6, 16], "rotation": 90, "texture": "#1"},
				"south": {"uv": [4, 0, 6, 16], "rotation": 90, "texture": "#1"},
				"west": {"uv": [4, 0, 6, 16], "rotation": 90, "texture": "#1"},
				"up": {"uv": [4, 0, 6, 16], "rotation": 90, "texture": "#1"},
				"down": {"uv": [4, 0, 6, 16], "rotation": 90, "texture": "#1"}
			}
		},
		{
			"name": "octagon",
			"from": [7.47146, 6.42425, 6.14353],
			"to": [7.98093, 7.92271, 7.9311],
			"rotation": {"angle": 45, "axis": "y", "origin": [9.62924, 6.87379, 7.03731]},
			"faces": {
				"north": {"uv": [4, 0, 6, 16], "rotation": 90, "texture": "#1"},
				"east": {"uv": [4, 0, 6, 16], "rotation": 90, "texture": "#1"},
				"south": {"uv": [4, 0, 6, 16], "rotation": 90, "texture": "#1"},
				"west": {"uv": [4, 0, 6, 16], "rotation": 90, "texture": "#1"},
				"up": {"uv": [4, 0, 6, 16], "rotation": 90, "texture": "#1"},
				"down": {"uv": [4, 0, 6, 16], "rotation": 90, "texture": "#1"}
			}
		},
		{
			"name": "octagon",
			"from": [7.47146, 6.42425, 6.14353],
			"to": [7.98093, 7.92271, 7.9311],
			"rotation": {"angle": 0, "axis": "y", "origin": [9.62924, 6.87379, 7.03731]},
			"faces": {
				"north": {"uv": [4, 0, 6, 16], "rotation": 90, "texture": "#1"},
				"east": {"uv": [4, 0, 6, 16], "rotation": 90, "texture": "#1"},
				"south": {"uv": [4, 0, 6, 16], "rotation": 90, "texture": "#1"},
				"west": {"uv": [4, 0, 6, 16], "rotation": 90, "texture": "#1"},
				"up": {"uv": [4, 0, 6, 16], "rotation": 90, "texture": "#1"},
				"down": {"uv": [4, 0, 6, 16], "rotation": 90, "texture": "#1"}
			}
		},
		{
			"name": "octagon",
			"from": [11.27755, 6.42425, 6.14353],
			"to": [11.78703, 7.92271, 7.9311],
			"rotation": {"angle": 45, "axis": "y", "origin": [9.62924, 6.87379, 7.03731]},
			"faces": {
				"north": {"uv": [4, 0, 6, 16], "rotation": 90, "texture": "#1"},
				"east": {"uv": [4, 0, 6, 16], "rotation": 90, "texture": "#1"},
				"south": {"uv": [4, 0, 6, 16], "rotation": 90, "texture": "#1"},
				"west": {"uv": [4, 0, 6, 16], "rotation": 90, "texture": "#1"},
				"up": {"uv": [4, 0, 6, 16], "rotation": 90, "texture": "#1"},
				"down": {"uv": [4, 0, 6, 16], "rotation": 90, "texture": "#1"}
			}
		},
		{
			"name": "octagon",
			"from": [11.27755, 6.42425, 6.14353],
			"to": [11.78703, 7.92271, 7.9311],
			"rotation": {"angle": 0, "axis": "y", "origin": [9.62924, 6.87379, 7.03731]},
			"faces": {
				"north": {"uv": [4, 0, 6, 16], "rotation": 90, "texture": "#1"},
				"east": {"uv": [4, 0, 6, 16], "rotation": 90, "texture": "#1"},
				"south": {"uv": [4, 0, 6, 16], "rotation": 90, "texture": "#1"},
				"west": {"uv": [4, 0, 6, 16], "rotation": 90, "texture": "#1"},
				"up": {"uv": [4, 0, 6, 16], "rotation": 90, "texture": "#1"},
				"down": {"uv": [4, 0, 6, 16], "rotation": 90, "texture": "#1"}
			}
		},
		{
			"name": "octagon",
			"from": [8.63615, 6.72394, 4.63977],
			"to": [10.62234, 7.62302, 5.53885],
			"rotation": {"angle": 45, "axis": "y", "origin": [9.62924, 6.87379, 7.03731]},
			"faces": {
				"north": {"uv": [4, 0, 6, 16], "rotation": 90, "texture": "#1"},
				"east": {"uv": [4, 0, 6, 16], "rotation": 90, "texture": "#1"},
				"south": {"uv": [4, 0, 6, 16], "rotation": 90, "texture": "#1"},
				"west": {"uv": [4, 0, 6, 16], "rotation": 90, "texture": "#1"},
				"up": {"uv": [4, 0, 6, 16], "rotation": 90, "texture": "#1"},
				"down": {"uv": [4, 0, 6, 16], "rotation": 90, "texture": "#1"}
			}
		},
		{
			"name": "octagon",
			"from": [8.63615, 6.72394, 4.63977],
			"to": [10.62234, 7.62302, 5.53885],
			"rotation": {"angle": 0, "axis": "y", "origin": [9.62924, 6.87379, 7.03731]},
			"faces": {
				"north": {"uv": [4, 0, 6, 16], "rotation": 90, "texture": "#1"},
				"east": {"uv": [4, 0, 6, 16], "rotation": 90, "texture": "#1"},
				"south": {"uv": [4, 0, 6, 16], "rotation": 90, "texture": "#1"},
				"west": {"uv": [4, 0, 6, 16], "rotation": 90, "texture": "#1"},
				"up": {"uv": [4, 0, 6, 16], "rotation": 90, "texture": "#1"},
				"down": {"uv": [4, 0, 6, 16], "rotation": 90, "texture": "#1"}
			}
		},
		{
			"name": "octagon",
			"from": [8.63615, 6.72394, 8.53578],
			"to": [10.62234, 7.62302, 9.43485],
			"rotation": {"angle": 45, "axis": "y", "origin": [9.62924, 6.87379, 7.03731]},
			"faces": {
				"north": {"uv": [4, 0, 6, 16], "rotation": 90, "texture": "#1"},
				"east": {"uv": [4, 0, 6, 16], "rotation": 90, "texture": "#1"},
				"south": {"uv": [4, 0, 6, 16], "rotation": 90, "texture": "#1"},
				"west": {"uv": [4, 0, 6, 16], "rotation": 90, "texture": "#1"},
				"up": {"uv": [4, 0, 6, 16], "rotation": 90, "texture": "#1"},
				"down": {"uv": [4, 0, 6, 16], "rotation": 90, "texture": "#1"}
			}
		},
		{
			"name": "octagon",
			"from": [8.63615, 6.72394, 8.53578],
			"to": [10.62234, 7.62302, 9.43485],
			"rotation": {"angle": 0, "axis": "y", "origin": [9.62924, 6.87379, 7.03731]},
			"faces": {
				"north": {"uv": [4, 0, 6, 16], "rotation": 90, "texture": "#1"},
				"east": {"uv": [4, 0, 6, 16], "rotation": 90, "texture": "#1"},
				"south": {"uv": [4, 0, 6, 16], "rotation": 90, "texture": "#1"},
				"west": {"uv": [4, 0, 6, 16], "rotation": 90, "texture": "#1"},
				"up": {"uv": [4, 0, 6, 16], "rotation": 90, "texture": "#1"},
				"down": {"uv": [4, 0, 6, 16], "rotation": 90, "texture": "#1"}
			}
		},
		{
			"name": "octagon",
			"from": [7.2317, 6.72394, 6.04422],
			"to": [8.13078, 7.62302, 8.03041],
			"rotation": {"angle": 45, "axis": "y", "origin": [9.62924, 6.87379, 7.03731]},
			"faces": {
				"north": {"uv": [4, 0, 6, 16], "rotation": 90, "texture": "#1"},
				"east": {"uv": [4, 0, 6, 16], "rotation": 90, "texture": "#1"},
				"south": {"uv": [4, 0, 6, 16], "rotation": 90, "texture": "#1"},
				"west": {"uv": [4, 0, 6, 16], "rotation": 90, "texture": "#1"},
				"up": {"uv": [4, 0, 6, 16], "rotation": 90, "texture": "#1"},
				"down": {"uv": [4, 0, 6, 16], "rotation": 90, "texture": "#1"}
			}
		},
		{
			"name": "octagon",
			"from": [7.2317, 6.72394, 6.04422],
			"to": [8.13078, 7.62302, 8.03041],
			"rotation": {"angle": 0, "axis": "y", "origin": [9.62924, 6.87379, 7.03731]},
			"faces": {
				"north": {"uv": [4, 0, 6, 16], "rotation": 90, "texture": "#1"},
				"east": {"uv": [4, 0, 6, 16], "rotation": 90, "texture": "#1"},
				"south": {"uv": [4, 0, 6, 16], "rotation": 90, "texture": "#1"},
				"west": {"uv": [4, 0, 6, 16], "rotation": 90, "texture": "#1"},
				"up": {"uv": [4, 0, 6, 16], "rotation": 90, "texture": "#1"},
				"down": {"uv": [4, 0, 6, 16], "rotation": 90, "texture": "#1"}
			}
		},
		{
			"name": "octagon",
			"from": [11.12771, 6.72394, 6.04422],
			"to": [12.02679, 7.62302, 8.03041],
			"rotation": {"angle": 45, "axis": "y", "origin": [9.62924, 6.87379, 7.03731]},
			"faces": {
				"north": {"uv": [4, 0, 6, 16], "rotation": 90, "texture": "#1"},
				"east": {"uv": [4, 0, 6, 16], "rotation": 90, "texture": "#1"},
				"south": {"uv": [4, 0, 6, 16], "rotation": 90, "texture": "#1"},
				"west": {"uv": [4, 0, 6, 16], "rotation": 90, "texture": "#1"},
				"up": {"uv": [4, 0, 6, 16], "rotation": 90, "texture": "#1"},
				"down": {"uv": [4, 0, 6, 16], "rotation": 90, "texture": "#1"}
			}
		},
		{
			"name": "octagon",
			"from": [11.12771, 6.72394, 6.04422],
			"to": [12.02679, 7.62302, 8.03041],
			"rotation": {"angle": 0, "axis": "y", "origin": [9.62924, 6.87379, 7.03731]},
			"faces": {
				"north": {"uv": [4, 0, 6, 16], "rotation": 90, "texture": "#1"},
				"east": {"uv": [4, 0, 6, 16], "rotation": 90, "texture": "#1"},
				"south": {"uv": [4, 0, 6, 16], "rotation": 90, "texture": "#1"},
				"west": {"uv": [4, 0, 6, 16], "rotation": 90, "texture": "#1"},
				"up": {"uv": [4, 0, 6, 16], "rotation": 90, "texture": "#1"},
				"down": {"uv": [4, 0, 6, 16], "rotation": 90, "texture": "#1"}
			}
		},
		{
			"name": "octagon",
			"from": [8.61358, 4.71392, 4.58528],
			"to": [10.64491, 6.41672, 5.16423],
			"rotation": {"angle": 45, "axis": "y", "origin": [9.62924, 5.22476, 7.03731]},
			"faces": {
				"north": {"uv": [6, 0, 8, 16], "rotation": 90, "texture": "#1"},
				"east": {"uv": [6, 0, 8, 16], "rotation": 90, "texture": "#1"},
				"south": {"uv": [6, 0, 8, 16], "rotation": 90, "texture": "#1"},
				"west": {"uv": [6, 0, 8, 16], "rotation": 90, "texture": "#1"},
				"up": {"uv": [6, 0, 8, 16], "rotation": 90, "texture": "#1"},
				"down": {"uv": [6, 0, 8, 16], "rotation": 90, "texture": "#1"}
			}
		},
		{
			"name": "octagon",
			"from": [8.61358, 4.71392, 4.58528],
			"to": [10.64491, 6.41672, 5.16423],
			"rotation": {"angle": 0, "axis": "y", "origin": [9.62924, 5.22476, 7.03731]},
			"faces": {
				"north": {"uv": [6, 0, 8, 16], "rotation": 90, "texture": "#1"},
				"east": {"uv": [6, 0, 8, 16], "rotation": 90, "texture": "#1"},
				"south": {"uv": [6, 0, 8, 16], "rotation": 90, "texture": "#1"},
				"west": {"uv": [6, 0, 8, 16], "rotation": 90, "texture": "#1"},
				"up": {"uv": [6, 0, 8, 16], "rotation": 90, "texture": "#1"},
				"down": {"uv": [6, 0, 8, 16], "rotation": 90, "texture": "#1"}
			}
		},
		{
			"name": "octagon",
			"from": [8.61358, 4.71392, 8.91039],
			"to": [10.64491, 6.41672, 9.48934],
			"rotation": {"angle": 45, "axis": "y", "origin": [9.62924, 5.22476, 7.03731]},
			"faces": {
				"north": {"uv": [6, 0, 8, 16], "rotation": 90, "texture": "#1"},
				"east": {"uv": [6, 0, 8, 16], "rotation": 90, "texture": "#1"},
				"south": {"uv": [6, 0, 8, 16], "rotation": 90, "texture": "#1"},
				"west": {"uv": [6, 0, 8, 16], "rotation": 90, "texture": "#1"},
				"up": {"uv": [6, 0, 8, 16], "rotation": 90, "texture": "#1"},
				"down": {"uv": [6, 0, 8, 16], "rotation": 90, "texture": "#1"}
			}
		},
		{
			"name": "octagon",
			"from": [8.61358, 4.71392, 8.91039],
			"to": [10.64491, 6.41672, 9.48934],
			"rotation": {"angle": 0, "axis": "y", "origin": [9.62924, 5.22476, 7.03731]},
			"faces": {
				"north": {"uv": [6, 0, 8, 16], "rotation": 90, "texture": "#1"},
				"east": {"uv": [6, 0, 8, 16], "rotation": 90, "texture": "#1"},
				"south": {"uv": [6, 0, 8, 16], "rotation": 90, "texture": "#1"},
				"west": {"uv": [6, 0, 8, 16], "rotation": 90, "texture": "#1"},
				"up": {"uv": [6, 0, 8, 16], "rotation": 90, "texture": "#1"},
				"down": {"uv": [6, 0, 8, 16], "rotation": 90, "texture": "#1"}
			}
		},
		{
			"name": "octagon",
			"from": [7.17721, 4.71392, 6.02165],
			"to": [7.75616, 6.41672, 8.05298],
			"rotation": {"angle": 45, "axis": "y", "origin": [9.62924, 5.22476, 7.03731]},
			"faces": {
				"north": {"uv": [6, 0, 8, 16], "rotation": 90, "texture": "#1"},
				"east": {"uv": [6, 0, 8, 16], "rotation": 90, "texture": "#1"},
				"south": {"uv": [6, 0, 8, 16], "rotation": 90, "texture": "#1"},
				"west": {"uv": [6, 0, 8, 16], "rotation": 90, "texture": "#1"},
				"up": {"uv": [6, 0, 8, 16], "rotation": 90, "texture": "#1"},
				"down": {"uv": [6, 0, 8, 16], "rotation": 90, "texture": "#1"}
			}
		},
		{
			"name": "octagon",
			"from": [7.17721, 4.71392, 6.02165],
			"to": [7.75616, 6.41672, 8.05298],
			"rotation": {"angle": 0, "axis": "y", "origin": [9.62924, 5.22476, 7.03731]},
			"faces": {
				"north": {"uv": [6, 0, 8, 16], "rotation": 90, "texture": "#1"},
				"east": {"uv": [6, 0, 8, 16], "rotation": 90, "texture": "#1"},
				"south": {"uv": [6, 0, 8, 16], "rotation": 90, "texture": "#1"},
				"west": {"uv": [6, 0, 8, 16], "rotation": 90, "texture": "#1"},
				"up": {"uv": [6, 0, 8, 16], "rotation": 90, "texture": "#1"},
				"down": {"uv": [6, 0, 8, 16], "rotation": 90, "texture": "#1"}
			}
		},
		{
			"name": "octagon",
			"from": [11.50232, 4.71392, 6.02165],
			"to": [12.08128, 6.41672, 8.05298],
			"rotation": {"angle": 45, "axis": "y", "origin": [9.62924, 5.22476, 7.03731]},
			"faces": {
				"north": {"uv": [6, 0, 8, 16], "rotation": 90, "texture": "#1"},
				"east": {"uv": [6, 0, 8, 16], "rotation": 90, "texture": "#1"},
				"south": {"uv": [6, 0, 8, 16], "rotation": 90, "texture": "#1"},
				"west": {"uv": [6, 0, 8, 16], "rotation": 90, "texture": "#1"},
				"up": {"uv": [6, 0, 8, 16], "rotation": 90, "texture": "#1"},
				"down": {"uv": [6, 0, 8, 16], "rotation": 90, "texture": "#1"}
			}
		},
		{
			"name": "octagon",
			"from": [11.50232, 4.71392, 6.02165],
			"to": [12.08128, 6.41672, 8.05298],
			"rotation": {"angle": 0, "axis": "y", "origin": [9.62924, 5.22476, 7.03731]},
			"faces": {
				"north": {"uv": [6, 0, 8, 16], "rotation": 90, "texture": "#1"},
				"east": {"uv": [6, 0, 8, 16], "rotation": 90, "texture": "#1"},
				"south": {"uv": [6, 0, 8, 16], "rotation": 90, "texture": "#1"},
				"west": {"uv": [6, 0, 8, 16], "rotation": 90, "texture": "#1"},
				"up": {"uv": [6, 0, 8, 16], "rotation": 90, "texture": "#1"},
				"down": {"uv": [6, 0, 8, 16], "rotation": 90, "texture": "#1"}
			}
		},
		{
			"name": "octagon",
			"from": [8.50073, 5.05448, 4.31283],
			"to": [10.75776, 6.07616, 5.33451],
			"rotation": {"angle": 45, "axis": "y", "origin": [9.62924, 5.22476, 7.03731]},
			"faces": {
				"north": {"uv": [6, 0, 8, 16], "rotation": 90, "texture": "#1"},
				"east": {"uv": [6, 0, 8, 16], "rotation": 90, "texture": "#1"},
				"south": {"uv": [6, 0, 8, 16], "rotation": 90, "texture": "#1"},
				"west": {"uv": [6, 0, 8, 16], "rotation": 90, "texture": "#1"},
				"up": {"uv": [6, 0, 8, 16], "rotation": 90, "texture": "#1"},
				"down": {"uv": [6, 0, 8, 16], "rotation": 90, "texture": "#1"}
			}
		},
		{
			"name": "octagon",
			"from": [8.50073, 5.05448, 4.31283],
			"to": [10.75776, 6.07616, 5.33451],
			"rotation": {"angle": 0, "axis": "y", "origin": [9.62924, 5.22476, 7.03731]},
			"faces": {
				"north": {"uv": [6, 0, 8, 16], "rotation": 90, "texture": "#1"},
				"east": {"uv": [6, 0, 8, 16], "rotation": 90, "texture": "#1"},
				"south": {"uv": [6, 0, 8, 16], "rotation": 90, "texture": "#1"},
				"west": {"uv": [6, 0, 8, 16], "rotation": 90, "texture": "#1"},
				"up": {"uv": [6, 0, 8, 16], "rotation": 90, "texture": "#1"},
				"down": {"uv": [6, 0, 8, 16], "rotation": 90, "texture": "#1"}
			}
		},
		{
			"name": "octagon",
			"from": [8.50073, 5.05448, 8.74011],
			"to": [10.75776, 6.07616, 9.76179],
			"rotation": {"angle": 45, "axis": "y", "origin": [9.62924, 5.22476, 7.03731]},
			"faces": {
				"north": {"uv": [6, 0, 8, 16], "rotation": 90, "texture": "#1"},
				"east": {"uv": [6, 0, 8, 16], "rotation": 90, "texture": "#1"},
				"south": {"uv": [6, 0, 8, 16], "rotation": 90, "texture": "#1"},
				"west": {"uv": [6, 0, 8, 16], "rotation": 90, "texture": "#1"},
				"up": {"uv": [6, 0, 8, 16], "rotation": 90, "texture": "#1"},
				"down": {"uv": [6, 0, 8, 16], "rotation": 90, "texture": "#1"}
			}
		},
		{
			"name": "octagon",
			"from": [8.50073, 5.05448, 8.74011],
			"to": [10.75776, 6.07616, 9.76179],
			"rotation": {"angle": 0, "axis": "y", "origin": [9.62924, 5.22476, 7.03731]},
			"faces": {
				"north": {"uv": [6, 0, 8, 16], "rotation": 90, "texture": "#1"},
				"east": {"uv": [6, 0, 8, 16], "rotation": 90, "texture": "#1"},
				"south": {"uv": [6, 0, 8, 16], "rotation": 90, "texture": "#1"},
				"west": {"uv": [6, 0, 8, 16], "rotation": 90, "texture": "#1"},
				"up": {"uv": [6, 0, 8, 16], "rotation": 90, "texture": "#1"},
				"down": {"uv": [6, 0, 8, 16], "rotation": 90, "texture": "#1"}
			}
		},
		{
			"name": "octagon",
			"from": [6.90476, 5.05448, 5.9088],
			"to": [7.92644, 6.07616, 8.16583],
			"rotation": {"angle": 45, "axis": "y", "origin": [9.62924, 5.22476, 7.03731]},
			"faces": {
				"north": {"uv": [6, 0, 8, 16], "rotation": 90, "texture": "#1"},
				"east": {"uv": [6, 0, 8, 16], "rotation": 90, "texture": "#1"},
				"south": {"uv": [6, 0, 8, 16], "rotation": 90, "texture": "#1"},
				"west": {"uv": [6, 0, 8, 16], "rotation": 90, "texture": "#1"},
				"up": {"uv": [6, 0, 8, 16], "rotation": 90, "texture": "#1"},
				"down": {"uv": [6, 0, 8, 16], "rotation": 90, "texture": "#1"}
			}
		},
		{
			"name": "octagon",
			"from": [6.90476, 5.05448, 5.9088],
			"to": [7.92644, 6.07616, 8.16583],
			"rotation": {"angle": 0, "axis": "y", "origin": [9.62924, 5.22476, 7.03731]},
			"faces": {
				"north": {"uv": [6, 0, 8, 16], "rotation": 90, "texture": "#1"},
				"east": {"uv": [6, 0, 8, 16], "rotation": 90, "texture": "#1"},
				"south": {"uv": [6, 0, 8, 16], "rotation": 90, "texture": "#1"},
				"west": {"uv": [6, 0, 8, 16], "rotation": 90, "texture": "#1"},
				"up": {"uv": [6, 0, 8, 16], "rotation": 90, "texture": "#1"},
				"down": {"uv": [6, 0, 8, 16], "rotation": 90, "texture": "#1"}
			}
		},
		{
			"name": "octagon",
			"from": [11.33204, 5.05448, 5.9088],
			"to": [12.35372, 6.07616, 8.16583],
			"rotation": {"angle": 45, "axis": "y", "origin": [9.62924, 5.22476, 7.03731]},
			"faces": {
				"north": {"uv": [6, 0, 8, 16], "rotation": 90, "texture": "#1"},
				"east": {"uv": [6, 0, 8, 16], "rotation": 90, "texture": "#1"},
				"south": {"uv": [6, 0, 8, 16], "rotation": 90, "texture": "#1"},
				"west": {"uv": [6, 0, 8, 16], "rotation": 90, "texture": "#1"},
				"up": {"uv": [6, 0, 8, 16], "rotation": 90, "texture": "#1"},
				"down": {"uv": [6, 0, 8, 16], "rotation": 90, "texture": "#1"}
			}
		},
		{
			"name": "octagon",
			"from": [11.33204, 5.05448, 5.9088],
			"to": [12.35372, 6.07616, 8.16583],
			"rotation": {"angle": 0, "axis": "y", "origin": [9.62924, 5.22476, 7.03731]},
			"faces": {
				"north": {"uv": [6, 0, 8, 16], "rotation": 90, "texture": "#1"},
				"east": {"uv": [6, 0, 8, 16], "rotation": 90, "texture": "#1"},
				"south": {"uv": [6, 0, 8, 16], "rotation": 90, "texture": "#1"},
				"west": {"uv": [6, 0, 8, 16], "rotation": 90, "texture": "#1"},
				"up": {"uv": [6, 0, 8, 16], "rotation": 90, "texture": "#1"},
				"down": {"uv": [6, 0, 8, 16], "rotation": 90, "texture": "#1"}
			}
		},
		{
			"name": "octagon",
			"from": [8.44824, 2.772, 4.18611],
			"to": [10.81025, 4.752, 4.85931],
			"rotation": {"angle": 45, "axis": "y", "origin": [9.62924, 3.366, 7.03731]},
			"faces": {
				"north": {"uv": [10, 0, 12, 16], "rotation": 90, "texture": "#1"},
				"east": {"uv": [10, 0, 12, 16], "rotation": 90, "texture": "#1"},
				"south": {"uv": [10, 0, 12, 16], "rotation": 90, "texture": "#1"},
				"west": {"uv": [10, 0, 12, 16], "rotation": 90, "texture": "#1"},
				"up": {"uv": [10, 0, 12, 16], "rotation": 90, "texture": "#1"},
				"down": {"uv": [10, 0, 12, 16], "rotation": 90, "texture": "#1"}
			}
		},
		{
			"name": "octagon",
			"from": [8.44824, 2.772, 4.18611],
			"to": [10.81025, 4.752, 4.85931],
			"rotation": {"angle": 0, "axis": "y", "origin": [9.62924, 3.366, 7.03731]},
			"faces": {
				"north": {"uv": [10, 0, 12, 16], "rotation": 90, "texture": "#1"},
				"east": {"uv": [10, 0, 12, 16], "rotation": 90, "texture": "#1"},
				"south": {"uv": [10, 0, 12, 16], "rotation": 90, "texture": "#1"},
				"west": {"uv": [10, 0, 12, 16], "rotation": 90, "texture": "#1"},
				"up": {"uv": [10, 0, 12, 16], "rotation": 90, "texture": "#1"},
				"down": {"uv": [10, 0, 12, 16], "rotation": 90, "texture": "#1"}
			}
		},
		{
			"name": "octagon",
			"from": [8.44824, 2.772, 9.21531],
			"to": [10.81025, 4.752, 9.88851],
			"rotation": {"angle": 45, "axis": "y", "origin": [9.62924, 3.366, 7.03731]},
			"faces": {
				"north": {"uv": [10, 0, 12, 16], "rotation": 90, "texture": "#1"},
				"east": {"uv": [10, 0, 12, 16], "rotation": 90, "texture": "#1"},
				"south": {"uv": [10, 0, 12, 16], "rotation": 90, "texture": "#1"},
				"west": {"uv": [10, 0, 12, 16], "rotation": 90, "texture": "#1"},
				"up": {"uv": [10, 0, 12, 16], "rotation": 90, "texture": "#1"},
				"down": {"uv": [10, 0, 12, 16], "rotation": 90, "texture": "#1"}
			}
		},
		{
			"name": "octagon",
			"from": [8.44824, 2.772, 9.21531],
			"to": [10.81025, 4.752, 9.88851],
			"rotation": {"angle": 0, "axis": "y", "origin": [9.62924, 3.366, 7.03731]},
			"faces": {
				"north": {"uv": [10, 0, 12, 16], "rotation": 90, "texture": "#1"},
				"east": {"uv": [10, 0, 12, 16], "rotation": 90, "texture": "#1"},
				"south": {"uv": [10, 0, 12, 16], "rotation": 90, "texture": "#1"},
				"west": {"uv": [10, 0, 12, 16], "rotation": 90, "texture": "#1"},
				"up": {"uv": [10, 0, 12, 16], "rotation": 90, "texture": "#1"},
				"down": {"uv": [10, 0, 12, 16], "rotation": 90, "texture": "#1"}
			}
		},
		{
			"name": "octagon",
			"from": [6.77804, 2.772, 5.85631],
			"to": [7.45124, 4.752, 8.21832],
			"rotation": {"angle": 45, "axis": "y", "origin": [9.62924, 3.366, 7.03731]},
			"faces": {
				"north": {"uv": [10, 0, 12, 16], "rotation": 90, "texture": "#1"},
				"east": {"uv": [10, 0, 12, 16], "rotation": 90, "texture": "#1"},
				"south": {"uv": [10, 0, 12, 16], "rotation": 90, "texture": "#1"},
				"west": {"uv": [10, 0, 12, 16], "rotation": 90, "texture": "#1"},
				"up": {"uv": [10, 0, 12, 16], "rotation": 90, "texture": "#1"},
				"down": {"uv": [10, 0, 12, 16], "rotation": 90, "texture": "#1"}
			}
		},
		{
			"name": "octagon",
			"from": [6.77804, 2.772, 5.85631],
			"to": [7.45124, 4.752, 8.21832],
			"rotation": {"angle": 0, "axis": "y", "origin": [9.62924, 3.366, 7.03731]},
			"faces": {
				"north": {"uv": [10, 0, 12, 16], "rotation": 90, "texture": "#1"},
				"east": {"uv": [10, 0, 12, 16], "rotation": 90, "texture": "#1"},
				"south": {"uv": [10, 0, 12, 16], "rotation": 90, "texture": "#1"},
				"west": {"uv": [10, 0, 12, 16], "rotation": 90, "texture": "#1"},
				"up": {"uv": [10, 0, 12, 16], "rotation": 90, "texture": "#1"},
				"down": {"uv": [10, 0, 12, 16], "rotation": 90, "texture": "#1"}
			}
		},
		{
			"name": "octagon",
			"from": [11.80724, 2.772, 5.85631],
			"to": [12.48044, 4.752, 8.21832],
			"rotation": {"angle": 45, "axis": "y", "origin": [9.62924, 3.366, 7.03731]},
			"faces": {
				"north": {"uv": [10, 0, 12, 16], "rotation": 90, "texture": "#1"},
				"east": {"uv": [10, 0, 12, 16], "rotation": 90, "texture": "#1"},
				"south": {"uv": [10, 0, 12, 16], "rotation": 90, "texture": "#1"},
				"west": {"uv": [10, 0, 12, 16], "rotation": 90, "texture": "#1"},
				"up": {"uv": [10, 0, 12, 16], "rotation": 90, "texture": "#1"},
				"down": {"uv": [10, 0, 12, 16], "rotation": 90, "texture": "#1"}
			}
		},
		{
			"name": "octagon",
			"from": [11.80724, 2.772, 5.85631],
			"to": [12.48044, 4.752, 8.21832],
			"rotation": {"angle": 0, "axis": "y", "origin": [9.62924, 3.366, 7.03731]},
			"faces": {
				"north": {"uv": [10, 0, 12, 16], "rotation": 90, "texture": "#1"},
				"east": {"uv": [10, 0, 12, 16], "rotation": 90, "texture": "#1"},
				"south": {"uv": [10, 0, 12, 16], "rotation": 90, "texture": "#1"},
				"west": {"uv": [10, 0, 12, 16], "rotation": 90, "texture": "#1"},
				"up": {"uv": [10, 0, 12, 16], "rotation": 90, "texture": "#1"},
				"down": {"uv": [10, 0, 12, 16], "rotation": 90, "texture": "#1"}
			}
		},
		{
			"name": "octagon",
			"from": [8.31702, 3.168, 3.86931],
			"to": [10.94147, 4.356, 5.05731],
			"rotation": {"angle": 45, "axis": "y", "origin": [9.62924, 3.366, 7.03731]},
			"faces": {
				"north": {"uv": [10, 0, 12, 16], "rotation": 90, "texture": "#1"},
				"east": {"uv": [10, 0, 12, 16], "rotation": 90, "texture": "#1"},
				"south": {"uv": [10, 0, 12, 16], "rotation": 90, "texture": "#1"},
				"west": {"uv": [10, 0, 12, 16], "rotation": 90, "texture": "#1"},
				"up": {"uv": [10, 0, 12, 16], "rotation": 90, "texture": "#1"},
				"down": {"uv": [10, 0, 12, 16], "rotation": 90, "texture": "#1"}
			}
		},
		{
			"name": "octagon",
			"from": [8.31702, 3.168, 3.86931],
			"to": [10.94147, 4.356, 5.05731],
			"rotation": {"angle": 0, "axis": "y", "origin": [9.62924, 3.366, 7.03731]},
			"faces": {
				"north": {"uv": [10, 0, 12, 16], "rotation": 90, "texture": "#1"},
				"east": {"uv": [10, 0, 12, 16], "rotation": 90, "texture": "#1"},
				"south": {"uv": [10, 0, 12, 16], "rotation": 90, "texture": "#1"},
				"west": {"uv": [10, 0, 12, 16], "rotation": 90, "texture": "#1"},
				"up": {"uv": [10, 0, 12, 16], "rotation": 90, "texture": "#1"},
				"down": {"uv": [10, 0, 12, 16], "rotation": 90, "texture": "#1"}
			}
		},
		{
			"name": "octagon",
			"from": [8.31702, 3.168, 9.01731],
			"to": [10.94147, 4.356, 10.20531],
			"rotation": {"angle": 45, "axis": "y", "origin": [9.62924, 3.366, 7.03731]},
			"faces": {
				"north": {"uv": [10, 0, 12, 16], "rotation": 90, "texture": "#1"},
				"east": {"uv": [10, 0, 12, 16], "rotation": 90, "texture": "#1"},
				"south": {"uv": [10, 0, 12, 16], "rotation": 90, "texture": "#1"},
				"west": {"uv": [10, 0, 12, 16], "rotation": 90, "texture": "#1"},
				"up": {"uv": [10, 0, 12, 16], "rotation": 90, "texture": "#1"},
				"down": {"uv": [10, 0, 12, 16], "rotation": 90, "texture": "#1"}
			}
		},
		{
			"name": "octagon",
			"from": [8.31702, 3.168, 9.01731],
			"to": [10.94147, 4.356, 10.20531],
			"rotation": {"angle": 0, "axis": "y", "origin": [9.62924, 3.366, 7.03731]},
			"faces": {
				"north": {"uv": [10, 0, 12, 16], "rotation": 90, "texture": "#1"},
				"east": {"uv": [10, 0, 12, 16], "rotation": 90, "texture": "#1"},
				"south": {"uv": [10, 0, 12, 16], "rotation": 90, "texture": "#1"},
				"west": {"uv": [10, 0, 12, 16], "rotation": 90, "texture": "#1"},
				"up": {"uv": [10, 0, 12, 16], "rotation": 90, "texture": "#1"},
				"down": {"uv": [10, 0, 12, 16], "rotation": 90, "texture": "#1"}
			}
		},
		{
			"name": "octagon",
			"from": [6.46124, 3.168, 5.72508],
			"to": [7.64924, 4.356, 8.34954],
			"rotation": {"angle": 45, "axis": "y", "origin": [9.62924, 3.366, 7.03731]},
			"faces": {
				"north": {"uv": [10, 0, 12, 16], "rotation": 90, "texture": "#1"},
				"east": {"uv": [10, 0, 12, 16], "rotation": 90, "texture": "#1"},
				"south": {"uv": [10, 0, 12, 16], "rotation": 90, "texture": "#1"},
				"west": {"uv": [10, 0, 12, 16], "rotation": 90, "texture": "#1"},
				"up": {"uv": [10, 0, 12, 16], "rotation": 90, "texture": "#1"},
				"down": {"uv": [10, 0, 12, 16], "rotation": 90, "texture": "#1"}
			}
		},
		{
			"name": "octagon",
			"from": [6.46124, 3.168, 5.72508],
			"to": [7.64924, 4.356, 8.34954],
			"rotation": {"angle": 0, "axis": "y", "origin": [9.62924, 3.366, 7.03731]},
			"faces": {
				"north": {"uv": [10, 0, 12, 16], "rotation": 90, "texture": "#1"},
				"east": {"uv": [10, 0, 12, 16], "rotation": 90, "texture": "#1"},
				"south": {"uv": [10, 0, 12, 16], "rotation": 90, "texture": "#1"},
				"west": {"uv": [10, 0, 12, 16], "rotation": 90, "texture": "#1"},
				"up": {"uv": [10, 0, 12, 16], "rotation": 90, "texture": "#1"},
				"down": {"uv": [10, 0, 12, 16], "rotation": 90, "texture": "#1"}
			}
		},
		{
			"name": "octagon",
			"from": [11.60924, 3.168, 5.72508],
			"to": [12.79724, 4.356, 8.34954],
			"rotation": {"angle": 45, "axis": "y", "origin": [9.62924, 3.366, 7.03731]},
			"faces": {
				"north": {"uv": [10, 0, 12, 16], "rotation": 90, "texture": "#1"},
				"east": {"uv": [10, 0, 12, 16], "rotation": 90, "texture": "#1"},
				"south": {"uv": [10, 0, 12, 16], "rotation": 90, "texture": "#1"},
				"west": {"uv": [10, 0, 12, 16], "rotation": 90, "texture": "#1"},
				"up": {"uv": [10, 0, 12, 16], "rotation": 90, "texture": "#1"},
				"down": {"uv": [10, 0, 12, 16], "rotation": 90, "texture": "#1"}
			}
		},
		{
			"name": "octagon",
			"from": [11.60924, 3.168, 5.72508],
			"to": [12.79724, 4.356, 8.34954],
			"rotation": {"angle": 0, "axis": "y", "origin": [9.62924, 3.366, 7.03731]},
			"faces": {
				"north": {"uv": [10, 0, 12, 16], "rotation": 90, "texture": "#1"},
				"east": {"uv": [10, 0, 12, 16], "rotation": 90, "texture": "#1"},
				"south": {"uv": [10, 0, 12, 16], "rotation": 90, "texture": "#1"},
				"west": {"uv": [10, 0, 12, 16], "rotation": 90, "texture": "#1"},
				"up": {"uv": [10, 0, 12, 16], "rotation": 90, "texture": "#1"},
				"down": {"uv": [10, 0, 12, 16], "rotation": 90, "texture": "#1"}
			}
		},
		{
			"name": "octagon",
			"from": [8.28719, 0.525, 3.79731],
			"to": [10.9713, 2.775, 4.56231],
			"rotation": {"angle": 45, "axis": "y", "origin": [9.62924, 1.2, 7.03731]},
			"faces": {
				"north": {"uv": [12, 0, 14, 16], "rotation": 90, "texture": "#1"},
				"east": {"uv": [12, 0, 14, 16], "rotation": 90, "texture": "#1"},
				"south": {"uv": [12, 0, 14, 16], "rotation": 90, "texture": "#1"},
				"west": {"uv": [12, 0, 14, 16], "rotation": 90, "texture": "#1"},
				"up": {"uv": [12, 0, 14, 16], "rotation": 90, "texture": "#1"},
				"down": {"uv": [12, 0, 14, 16], "rotation": 90, "texture": "#1"}
			}
		},
		{
			"name": "octagon",
			"from": [8.28719, 0.525, 3.79731],
			"to": [10.9713, 2.775, 4.56231],
			"rotation": {"angle": 0, "axis": "y", "origin": [9.62924, 1.2, 7.03731]},
			"faces": {
				"north": {"uv": [12, 0, 14, 16], "rotation": 90, "texture": "#1"},
				"east": {"uv": [12, 0, 14, 16], "rotation": 90, "texture": "#1"},
				"south": {"uv": [12, 0, 14, 16], "rotation": 90, "texture": "#1"},
				"west": {"uv": [12, 0, 14, 16], "rotation": 90, "texture": "#1"},
				"up": {"uv": [12, 0, 14, 16], "rotation": 90, "texture": "#1"},
				"down": {"uv": [12, 0, 14, 16], "rotation": 90, "texture": "#1"}
			}
		},
		{
			"name": "octagon",
			"from": [8.28719, 0.525, 9.51231],
			"to": [10.9713, 2.775, 10.27731],
			"rotation": {"angle": 45, "axis": "y", "origin": [9.62924, 1.2, 7.03731]},
			"faces": {
				"north": {"uv": [12, 0, 14, 16], "rotation": 90, "texture": "#1"},
				"east": {"uv": [12, 0, 14, 16], "rotation": 90, "texture": "#1"},
				"south": {"uv": [12, 0, 14, 16], "rotation": 90, "texture": "#1"},
				"west": {"uv": [12, 0, 14, 16], "rotation": 90, "texture": "#1"},
				"up": {"uv": [12, 0, 14, 16], "rotation": 90, "texture": "#1"},
				"down": {"uv": [12, 0, 14, 16], "rotation": 90, "texture": "#1"}
			}
		},
		{
			"name": "octagon",
			"from": [8.28719, 0.525, 9.51231],
			"to": [10.9713, 2.775, 10.27731],
			"rotation": {"angle": 0, "axis": "y", "origin": [9.62924, 1.2, 7.03731]},
			"faces": {
				"north": {"uv": [12, 0, 14, 16], "rotation": 90, "texture": "#1"},
				"east": {"uv": [12, 0, 14, 16], "rotation": 90, "texture": "#1"},
				"south": {"uv": [12, 0, 14, 16], "rotation": 90, "texture": "#1"},
				"west": {"uv": [12, 0, 14, 16], "rotation": 90, "texture": "#1"},
				"up": {"uv": [12, 0, 14, 16], "rotation": 90, "texture": "#1"},
				"down": {"uv": [12, 0, 14, 16], "rotation": 90, "texture": "#1"}
			}
		},
		{
			"name": "octagon",
			"from": [6.38924, 0.525, 5.69526],
			"to": [7.15424, 2.775, 8.37936],
			"rotation": {"angle": 45, "axis": "y", "origin": [9.62924, 1.2, 7.03731]},
			"faces": {
				"north": {"uv": [12, 0, 14, 16], "rotation": 90, "texture": "#1"},
				"east": {"uv": [12, 0, 14, 16], "rotation": 90, "texture": "#1"},
				"south": {"uv": [12, 0, 14, 16], "rotation": 90, "texture": "#1"},
				"west": {"uv": [12, 0, 14, 16], "rotation": 90, "texture": "#1"},
				"up": {"uv": [12, 0, 14, 16], "rotation": 90, "texture": "#1"},
				"down": {"uv": [12, 0, 14, 16], "rotation": 90, "texture": "#1"}
			}
		},
		{
			"name": "octagon",
			"from": [6.38924, 0.525, 5.69526],
			"to": [7.15424, 2.775, 8.37936],
			"rotation": {"angle": 0, "axis": "y", "origin": [9.62924, 1.2, 7.03731]},
			"faces": {
				"north": {"uv": [12, 0, 14, 16], "rotation": 90, "texture": "#1"},
				"east": {"uv": [12, 0, 14, 16], "rotation": 90, "texture": "#1"},
				"south": {"uv": [12, 0, 14, 16], "rotation": 90, "texture": "#1"},
				"west": {"uv": [12, 0, 14, 16], "rotation": 90, "texture": "#1"},
				"up": {"uv": [12, 0, 14, 16], "rotation": 90, "texture": "#1"},
				"down": {"uv": [12, 0, 14, 16], "rotation": 90, "texture": "#1"}
			}
		},
		{
			"name": "octagon",
			"from": [12.10424, 0.525, 5.69526],
			"to": [12.86924, 2.775, 8.37936],
			"rotation": {"angle": 45, "axis": "y", "origin": [9.62924, 1.2, 7.03731]},
			"faces": {
				"north": {"uv": [12, 0, 14, 16], "rotation": 90, "texture": "#1"},
				"east": {"uv": [12, 0, 14, 16], "rotation": 90, "texture": "#1"},
				"south": {"uv": [12, 0, 14, 16], "rotation": 90, "texture": "#1"},
				"west": {"uv": [12, 0, 14, 16], "rotation": 90, "texture": "#1"},
				"up": {"uv": [12, 0, 14, 16], "rotation": 90, "texture": "#1"},
				"down": {"uv": [12, 0, 14, 16], "rotation": 90, "texture": "#1"}
			}
		},
		{
			"name": "octagon",
			"from": [12.10424, 0.525, 5.69526],
			"to": [12.86924, 2.775, 8.37936],
			"rotation": {"angle": 0, "axis": "y", "origin": [9.62924, 1.2, 7.03731]},
			"faces": {
				"north": {"uv": [12, 0, 14, 16], "rotation": 90, "texture": "#1"},
				"east": {"uv": [12, 0, 14, 16], "rotation": 90, "texture": "#1"},
				"south": {"uv": [12, 0, 14, 16], "rotation": 90, "texture": "#1"},
				"west": {"uv": [12, 0, 14, 16], "rotation": 90, "texture": "#1"},
				"up": {"uv": [12, 0, 14, 16], "rotation": 90, "texture": "#1"},
				"down": {"uv": [12, 0, 14, 16], "rotation": 90, "texture": "#1"}
			}
		},
		{
			"name": "octagon",
			"from": [8.13808, 0.975, 3.43731],
			"to": [11.12041, 2.325, 4.78731],
			"rotation": {"angle": 45, "axis": "y", "origin": [9.62924, 1.2, 7.03731]},
			"faces": {
				"north": {"uv": [12, 0, 14, 16], "rotation": 90, "texture": "#1"},
				"east": {"uv": [12, 0, 14, 16], "rotation": 90, "texture": "#1"},
				"south": {"uv": [12, 0, 14, 16], "rotation": 90, "texture": "#1"},
				"west": {"uv": [12, 0, 14, 16], "rotation": 90, "texture": "#1"},
				"up": {"uv": [12, 0, 14, 16], "rotation": 90, "texture": "#1"},
				"down": {"uv": [12, 0, 14, 16], "rotation": 90, "texture": "#1"}
			}
		},
		{
			"name": "octagon",
			"from": [8.13808, 0.975, 3.43731],
			"to": [11.12041, 2.325, 4.78731],
			"rotation": {"angle": 0, "axis": "y", "origin": [9.62924, 1.2, 7.03731]},
			"faces": {
				"north": {"uv": [12, 0, 14, 16], "rotation": 90, "texture": "#1"},
				"east": {"uv": [12, 0, 14, 16], "rotation": 90, "texture": "#1"},
				"south": {"uv": [12, 0, 14, 16], "rotation": 90, "texture": "#1"},
				"west": {"uv": [12, 0, 14, 16], "rotation": 90, "texture": "#1"},
				"up": {"uv": [12, 0, 14, 16], "rotation": 90, "texture": "#1"},
				"down": {"uv": [12, 0, 14, 16], "rotation": 90, "texture": "#1"}
			}
		},
		{
			"name": "octagon",
			"from": [8.13808, 0.975, 9.28731],
			"to": [11.12041, 2.325, 10.63731],
			"rotation": {"angle": 45, "axis": "y", "origin": [9.62924, 1.2, 7.03731]},
			"faces": {
				"north": {"uv": [12, 0, 14, 16], "rotation": 90, "texture": "#1"},
				"east": {"uv": [12, 0, 14, 16], "rotation": 90, "texture": "#1"},
				"south": {"uv": [12, 0, 14, 16], "rotation": 90, "texture": "#1"},
				"west": {"uv": [12, 0, 14, 16], "rotation": 90, "texture": "#1"},
				"up": {"uv": [12, 0, 14, 16], "rotation": 90, "texture": "#1"},
				"down": {"uv": [12, 0, 14, 16], "rotation": 90, "texture": "#1"}
			}
		},
		{
			"name": "octagon",
			"from": [8.13808, 0.975, 9.28731],
			"to": [11.12041, 2.325, 10.63731],
			"rotation": {"angle": 0, "axis": "y", "origin": [9.62924, 1.2, 7.03731]},
			"faces": {
				"north": {"uv": [12, 0, 14, 16], "rotation": 90, "texture": "#1"},
				"east": {"uv": [12, 0, 14, 16], "rotation": 90, "texture": "#1"},
				"south": {"uv": [12, 0, 14, 16], "rotation": 90, "texture": "#1"},
				"west": {"uv": [12, 0, 14, 16], "rotation": 90, "texture": "#1"},
				"up": {"uv": [12, 0, 14, 16], "rotation": 90, "texture": "#1"},
				"down": {"uv": [12, 0, 14, 16], "rotation": 90, "texture": "#1"}
			}
		},
		{
			"name": "octagon",
			"from": [6.02924, 0.975, 5.54614],
			"to": [7.37924, 2.325, 8.52848],
			"rotation": {"angle": 45, "axis": "y", "origin": [9.62924, 1.2, 7.03731]},
			"faces": {
				"north": {"uv": [12, 0, 14, 16], "rotation": 90, "texture": "#1"},
				"east": {"uv": [12, 0, 14, 16], "rotation": 90, "texture": "#1"},
				"south": {"uv": [12, 0, 14, 16], "rotation": 90, "texture": "#1"},
				"west": {"uv": [12, 0, 14, 16], "rotation": 90, "texture": "#1"},
				"up": {"uv": [12, 0, 14, 16], "rotation": 90, "texture": "#1"},
				"down": {"uv": [12, 0, 14, 16], "rotation": 90, "texture": "#1"}
			}
		},
		{
			"name": "octagon",
			"from": [6.02924, 0.975, 5.54614],
			"to": [7.37924, 2.325, 8.52848],
			"rotation": {"angle": 0, "axis": "y", "origin": [9.62924, 1.2, 7.03731]},
			"faces": {
				"north": {"uv": [12, 0, 14, 16], "rotation": 90, "texture": "#1"},
				"east": {"uv": [12, 0, 14, 16], "rotation": 90, "texture": "#1"},
				"south": {"uv": [12, 0, 14, 16], "rotation": 90, "texture": "#1"},
				"west": {"uv": [12, 0, 14, 16], "rotation": 90, "texture": "#1"},
				"up": {"uv": [12, 0, 14, 16], "rotation": 90, "texture": "#1"},
				"down": {"uv": [12, 0, 14, 16], "rotation": 90, "texture": "#1"}
			}
		},
		{
			"name": "octagon",
			"from": [11.87924, 0.975, 5.54614],
			"to": [13.22924, 2.325, 8.52848],
			"rotation": {"angle": 45, "axis": "y", "origin": [9.62924, 1.2, 7.03731]},
			"faces": {
				"north": {"uv": [12, 0, 14, 16], "rotation": 90, "texture": "#1"},
				"east": {"uv": [12, 0, 14, 16], "rotation": 90, "texture": "#1"},
				"south": {"uv": [12, 0, 14, 16], "rotation": 90, "texture": "#1"},
				"west": {"uv": [12, 0, 14, 16], "rotation": 90, "texture": "#1"},
				"up": {"uv": [12, 0, 14, 16], "rotation": 90, "texture": "#1"},
				"down": {"uv": [12, 0, 14, 16], "rotation": 90, "texture": "#1"}
			}
		},
		{
			"name": "octagon",
			"from": [11.87924, 0.975, 5.54614],
			"to": [13.22924, 2.325, 8.52848],
			"rotation": {"angle": 0, "axis": "y", "origin": [9.62924, 1.2, 7.03731]},
			"faces": {
				"north": {"uv": [12, 0, 14, 16], "rotation": 90, "texture": "#1"},
				"east": {"uv": [12, 0, 14, 16], "rotation": 90, "texture": "#1"},
				"south": {"uv": [12, 0, 14, 16], "rotation": 90, "texture": "#1"},
				"west": {"uv": [12, 0, 14, 16], "rotation": 90, "texture": "#1"},
				"up": {"uv": [12, 0, 14, 16], "rotation": 90, "texture": "#1"},
				"down": {"uv": [12, 0, 14, 16], "rotation": 90, "texture": "#1"}
			}
		}
	],
	"display": {
		"thirdperson_righthand": {
			"rotation": [75, -67.75, 0],
			"translation": [0, 1.75, 2.5],
			"scale": [0.375, 0.375, 0.375]
		},
		"thirdperson_lefthand": {
			"rotation": [75, 496.5, 0],
			"translation": [0, 1.75, 2.5],
			"scale": [0.375, 0.375, 0.375]
		},
		"firstperson_righthand": {
			"rotation": [0, -44.75, 0],
			"translation": [1.75, 3.75, 0],
			"scale": [0.4, 0.4, 0.4]
		},
		"firstperson_lefthand": {
			"rotation": [0, -222.25, 0],
			"translation": [1.75, 3.75, 0],
			"scale": [0.4, 0.4, 0.4]
		},
		"ground": {
			"translation": [0, 2.75, 0],
			"scale": [0.73438, 0.73438, 0.73438]
		},
		"gui": {
			"rotation": [30, 21, 0],
			"translation": [0, 1.5, 0],
			"scale": [0.90313, 0.90313, 0.90313]
		},
		"head": {
			"translation": [0, 13.75, 0],
			"scale": [0.8, 0.8, 0.8]
		},
		"fixed": {
			"rotation": [-90, 0, 0],
			"translation": [0, 0, -15],
			"scale": [2, 2, 2]
		}
	},
	"groups": [
		{
			"name": "Base",
			"origin": [8.01305, 0.52502, 7.98693],
			"children": [0, 1, 2, 3, 4, 5, 6, 7, 8, 9, 10, 11]
		},
		{
			"name": "Rings",
			"origin": [8, 8, 8],
			"children": [
				{
					"name": "Red Ring",
					"origin": [8, 8, 8],
					"children": [
						{
							"name": "octagon",
							"origin": [8, 8, 8],
							"children": [12, 13, 14, 15, 16, 17, 18, 19]
						},
						{
							"name": "octagon",
							"origin": [8, 8, 8],
							"children": [20, 21, 22, 23, 24, 25, 26, 27]
						}
					]
				},
				{
					"name": "Orange Ring",
					"origin": [8, 8, 8],
					"children": [
						{
							"name": "octagon",
							"origin": [8, 8, 8],
							"children": [28, 29, 30, 31, 32, 33, 34, 35]
						},
						{
							"name": "octagon",
							"origin": [8, 8, 8],
							"children": [36, 37, 38, 39, 40, 41, 42, 43]
						}
					]
				},
				{
					"name": "Yellow Ring",
					"origin": [8, 8, 8],
					"children": [
						{
							"name": "octagon",
							"origin": [8, 8, 8],
							"children": [44, 45, 46, 47, 48, 49, 50, 51]
						},
						{
							"name": "octagon",
							"origin": [8, 8, 8],
							"children": [52, 53, 54, 55, 56, 57, 58, 59]
						}
					]
				},
				{
					"name": "Green Ring",
					"origin": [8, 8, 8],
					"children": [
						{
							"name": "octagon",
							"origin": [8, 8, 8],
							"children": [60, 61, 62, 63, 64, 65, 66, 67]
						},
						{
							"name": "octagon",
							"origin": [8, 8, 8],
							"children": [68, 69, 70, 71, 72, 73, 74, 75]
						}
					]
				},
				{
					"name": "Blue Ring",
					"origin": [8, 8, 8],
					"children": [
						{
							"name": "octagon",
							"origin": [8, 8, 8],
							"children": [76, 77, 78, 79, 80, 81, 82, 83]
						},
						{
							"name": "octagon",
							"origin": [8, 8, 8],
							"children": [84, 85, 86, 87, 88, 89, 90, 91]
						}
					]
				},
				{
					"name": "Purple Ring",
					"origin": [8, 8, 8],
					"children": [
						{
							"name": "octagon",
							"origin": [8, 8, 8],
							"children": [92, 93, 94, 95, 96, 97, 98, 99]
						},
						{
							"name": "octagon",
							"origin": [8, 8, 8],
							"children": [100, 101, 102, 103, 104, 105, 106, 107]
						}
					]
				}
			]
		}
	]
}