{
	"credit": "Made with Blockbench",
	"textures": {
		"0": "block/MizunoArchive/green_wool",
		"1": "block/MizunoArchive/green_concrete_powder",
		"2": "block/MizunoArchive/iron_ingot_0",
		"particle": "block/MizunoArchive/green_wool"
	},
	"elements": [
		{
			"from": [3.51249, 12.86008, 10.02005],
			"to": [4.61249, 13.46008, 14.77005],
			"rotation": {"angle": 0, "axis": "x", "origin": [7.47429, 14.62739, 7.52974]},
			"faces": {
				"north": {"uv": [4, 0, 5, 1], "rotation": 180, "texture": "#1"},
				"east": {"uv": [4, 0, 5, 1], "rotation": 180, "texture": "#1"},
				"south": {"uv": [4, 0, 5, 1], "rotation": 180, "texture": "#1"},
				"west": {"uv": [4, 0, 5, 1], "rotation": 180, "texture": "#1"},
				"up": {"uv": [4, 0, 5, 1], "rotation": 180, "texture": "#1"},
				"down": {"uv": [4, 0, 5, 1], "rotation": 180, "texture": "#1"}
			}
		},
		{
			"from": [3.51161, 11.26238, 13.84841],
			"to": [4.61161, 11.86238, 15.09841],
			"rotation": {"angle": 45, "axis": "x", "origin": [4.0594, 11.54909, 16.23887]},
			"faces": {
				"north": {"uv": [4, 0, 5, 1], "rotation": 180, "texture": "#1"},
				"east": {"uv": [4, 0, 5, 1], "rotation": 180, "texture": "#1"},
				"south": {"uv": [4, 0, 5, 1], "rotation": 180, "texture": "#1"},
				"west": {"uv": [4, 0, 5, 1], "rotation": 180, "texture": "#1"},
				"up": {"uv": [4, 0, 5, 1], "rotation": 180, "texture": "#1"},
				"down": {"uv": [4, 0, 5, 1], "rotation": 180, "texture": "#1"}
			}
		},
		{
			"from": [3.51242, 8.32862, 15.05159],
			"to": [4.61242, 12.57862, 15.65159],
			"rotation": {"angle": 0, "axis": "x", "origin": [4.06021, 10.18815, 15.3383]},
			"faces": {
				"north": {"uv": [4, 0, 5, 1], "rotation": 180, "texture": "#1"},
				"east": {"uv": [4, 0, 5, 1], "rotation": 180, "texture": "#1"},
				"south": {"uv": [4, 0, 5, 1], "rotation": 180, "texture": "#1"},
				"west": {"uv": [4, 0, 5, 1], "rotation": 180, "texture": "#1"},
				"up": {"uv": [4, 0, 5, 1], "rotation": 180, "texture": "#1"},
				"down": {"uv": [4, 0, 5, 1], "rotation": 180, "texture": "#1"}
			}
		},
		{
			"from": [3.51307, 6.23806, 14.83091],
			"to": [4.61307, 8.48806, 15.43091],
			"rotation": {"angle": 22.5, "axis": "x", "origin": [8.01271, 7.85453, 15.13965]},
			"faces": {
				"north": {"uv": [4, 0, 5, 1], "rotation": 180, "texture": "#1"},
				"east": {"uv": [4, 0, 5, 1], "rotation": 180, "texture": "#1"},
				"south": {"uv": [4, 0, 5, 1], "rotation": 180, "texture": "#1"},
				"west": {"uv": [4, 0, 5, 1], "rotation": 180, "texture": "#1"},
				"up": {"uv": [4, 0, 5, 1], "rotation": 180, "texture": "#1"},
				"down": {"uv": [4, 0, 5, 1], "rotation": 180, "texture": "#1"}
			}
		},
		{
			"from": [11.38693, 6.23806, 14.83091],
			"to": [12.48693, 8.48806, 15.43091],
			"rotation": {"angle": 22.5, "axis": "x", "origin": [7.98729, 7.85453, 15.13965]},
			"faces": {
				"north": {"uv": [4, 0, 5, 1], "rotation": 180, "texture": "#1"},
				"east": {"uv": [4, 0, 5, 1], "rotation": 180, "texture": "#1"},
				"south": {"uv": [4, 0, 5, 1], "rotation": 180, "texture": "#1"},
				"west": {"uv": [4, 0, 5, 1], "rotation": 180, "texture": "#1"},
				"up": {"uv": [4, 0, 5, 1], "rotation": 180, "texture": "#1"},
				"down": {"uv": [4, 0, 5, 1], "rotation": 180, "texture": "#1"}
			}
		},
		{
			"from": [3.51407, 4.53889, 13.46494],
			"to": [4.61407, 6.78889, 14.06494],
			"rotation": {"angle": 45, "axis": "x", "origin": [4.07724, 5.64855, 13.77756]},
			"faces": {
				"north": {"uv": [4, 0, 5, 1], "rotation": 180, "texture": "#1"},
				"east": {"uv": [4, 0, 5, 1], "rotation": 180, "texture": "#1"},
				"south": {"uv": [4, 0, 5, 1], "rotation": 180, "texture": "#1"},
				"west": {"uv": [4, 0, 5, 1], "rotation": 180, "texture": "#1"},
				"up": {"uv": [4, 0, 5, 1], "rotation": 180, "texture": "#1"},
				"down": {"uv": [4, 0, 5, 1], "rotation": 180, "texture": "#1"}
			}
		},
		{
			"from": [11.38593, 4.53889, 13.46494],
			"to": [12.48593, 6.78889, 14.06494],
			"rotation": {"angle": 45, "axis": "x", "origin": [11.92276, 5.64855, 13.77756]},
			"faces": {
				"north": {"uv": [4, 0, 5, 1], "rotation": 180, "texture": "#1"},
				"east": {"uv": [4, 0, 5, 1], "rotation": 180, "texture": "#1"},
				"south": {"uv": [4, 0, 5, 1], "rotation": 180, "texture": "#1"},
				"west": {"uv": [4, 0, 5, 1], "rotation": 180, "texture": "#1"},
				"up": {"uv": [4, 0, 5, 1], "rotation": 180, "texture": "#1"},
				"down": {"uv": [4, 0, 5, 1], "rotation": 180, "texture": "#1"}
			}
		},
		{
			"from": [3.51287, 4.65995, 9.94649],
			"to": [4.61287, 5.25995, 13.19649],
			"rotation": {"angle": 0, "axis": "x", "origin": [7.47467, 3.49263, 7.95618]},
			"faces": {
				"north": {"uv": [4, 0, 5, 1], "rotation": 180, "texture": "#1"},
				"east": {"uv": [4, 0, 5, 1], "rotation": 180, "texture": "#1"},
				"south": {"uv": [4, 0, 5, 1], "rotation": 180, "texture": "#1"},
				"west": {"uv": [4, 0, 5, 1], "rotation": 180, "texture": "#1"},
				"up": {"uv": [4, 0, 5, 1], "rotation": 180, "texture": "#1"},
				"down": {"uv": [4, 0, 5, 1], "rotation": 180, "texture": "#1"}
			}
		},
		{
			"from": [11.38751, 12.86008, 10.02005],
			"to": [12.48751, 13.46008, 14.77005],
			"rotation": {"angle": 0, "axis": "x", "origin": [8.52571, 14.62739, 7.52974]},
			"faces": {
				"north": {"uv": [4, 0, 5, 1], "rotation": 180, "texture": "#1"},
				"east": {"uv": [4, 0, 5, 1], "rotation": 180, "texture": "#1"},
				"south": {"uv": [4, 0, 5, 1], "rotation": 180, "texture": "#1"},
				"west": {"uv": [4, 0, 5, 1], "rotation": 180, "texture": "#1"},
				"up": {"uv": [4, 0, 5, 1], "rotation": 180, "texture": "#1"},
				"down": {"uv": [4, 0, 5, 1], "rotation": 180, "texture": "#1"}
			}
		},
		{
			"from": [11.38839, 11.26238, 13.84841],
			"to": [12.48839, 11.86238, 15.09841],
			"rotation": {"angle": 45, "axis": "x", "origin": [11.9406, 11.54909, 16.23887]},
			"faces": {
				"north": {"uv": [4, 0, 5, 1], "rotation": 180, "texture": "#1"},
				"east": {"uv": [4, 0, 5, 1], "rotation": 180, "texture": "#1"},
				"south": {"uv": [4, 0, 5, 1], "rotation": 180, "texture": "#1"},
				"west": {"uv": [4, 0, 5, 1], "rotation": 180, "texture": "#1"},
				"up": {"uv": [4, 0, 5, 1], "rotation": 180, "texture": "#1"},
				"down": {"uv": [4, 0, 5, 1], "rotation": 180, "texture": "#1"}
			}
		},
		{
			"from": [11.38758, 8.32862, 15.05159],
			"to": [12.48758, 12.57862, 15.65159],
			"rotation": {"angle": 0, "axis": "x", "origin": [11.93979, 10.18815, 15.3383]},
			"faces": {
				"north": {"uv": [4, 0, 5, 1], "rotation": 180, "texture": "#1"},
				"east": {"uv": [4, 0, 5, 1], "rotation": 180, "texture": "#1"},
				"south": {"uv": [4, 0, 5, 1], "rotation": 180, "texture": "#1"},
				"west": {"uv": [4, 0, 5, 1], "rotation": 180, "texture": "#1"},
				"up": {"uv": [4, 0, 5, 1], "rotation": 180, "texture": "#1"},
				"down": {"uv": [4, 0, 5, 1], "rotation": 180, "texture": "#1"}
			}
		},
		{
			"from": [11.38631, 4.65995, 9.94649],
			"to": [12.48631, 5.25995, 13.19649],
			"rotation": {"angle": 0, "axis": "x", "origin": [8.52451, 3.49263, 7.95618]},
			"faces": {
				"north": {"uv": [4, 0, 5, 1], "rotation": 180, "texture": "#1"},
				"east": {"uv": [4, 0, 5, 1], "rotation": 180, "texture": "#1"},
				"south": {"uv": [4, 0, 5, 1], "rotation": 180, "texture": "#1"},
				"west": {"uv": [4, 0, 5, 1], "rotation": 180, "texture": "#1"},
				"up": {"uv": [4, 0, 5, 1], "rotation": 180, "texture": "#1"},
				"down": {"uv": [4, 0, 5, 1], "rotation": 180, "texture": "#1"}
			}
		},
		{
			"from": [3.00197, 9.30807, 5.31691],
			"to": [4.78579, 10.23573, 6.19543],
			"rotation": {"angle": -22.5, "axis": "z", "origin": [4.06311, 9.82736, 8.1954]},
			"faces": {
				"north": {"uv": [4, 0, 5, 1], "texture": "#1"},
				"east": {"uv": [4, 0, 5, 1], "texture": "#1"},
				"south": {"uv": [4, 0, 5, 1], "texture": "#1"},
				"west": {"uv": [4, 0, 5, 1], "texture": "#1"},
				"up": {"uv": [4, 0, 5, 1], "texture": "#1"},
				"down": {"uv": [4, 0, 5, 1], "texture": "#1"}
			}
		},
		{
			"from": [4.53323, 9.07104, 5.31691],
			"to": [11.46795, 9.91916, 6.19564],
			"rotation": {"angle": 0, "axis": "y", "origin": [9.4506, 15.51916, 11.79564]},
			"faces": {
				"north": {"uv": [4, 0, 5, 1], "texture": "#1"},
				"east": {"uv": [4, 0, 5, 1], "texture": "#1"},
				"south": {"uv": [4, 0, 5, 1], "texture": "#1"},
				"west": {"uv": [4, 0, 5, 1], "texture": "#1"},
				"up": {"uv": [4, 0, 5, 1], "texture": "#1"},
				"down": {"uv": [4, 0, 5, 1], "texture": "#1"}
			}
		},
		{
			"from": [9.73323, 8.87104, 5.11691],
			"to": [10.66795, 10.91916, 5.39564],
			"rotation": {"angle": 0, "axis": "y", "origin": [9.4506, 15.71916, 11.79564]},
			"faces": {
				"north": {"uv": [4, 0, 5, 1], "texture": "#1"},
				"east": {"uv": [4, 0, 5, 1], "texture": "#1"},
				"south": {"uv": [4, 0, 5, 1], "texture": "#1"},
				"west": {"uv": [4, 0, 5, 1], "texture": "#1"},
				"up": {"uv": [4, 0, 5, 1], "texture": "#1"},
				"down": {"uv": [4, 0, 5, 1], "texture": "#1"}
			}
		},
		{
			"from": [5.33205, 8.87104, 5.11691],
			"to": [6.26677, 10.91916, 5.39564],
			"rotation": {"angle": 0, "axis": "y", "origin": [6.5494, 15.71916, 11.79564]},
			"faces": {
				"north": {"uv": [4, 0, 5, 1], "texture": "#1"},
				"east": {"uv": [4, 0, 5, 1], "texture": "#1"},
				"south": {"uv": [4, 0, 5, 1], "texture": "#1"},
				"west": {"uv": [4, 0, 5, 1], "texture": "#1"},
				"up": {"uv": [4, 0, 5, 1], "texture": "#1"},
				"down": {"uv": [4, 0, 5, 1], "texture": "#1"}
			}
		},
		{
			"from": [9.73885, 7.78113, 5.64295],
			"to": [10.67357, 9.02926, 5.92168],
			"rotation": {"angle": -22.5, "axis": "x", "origin": [10.20055, 7.61558, 5.77761]},
			"faces": {
				"north": {"uv": [4, 0, 5, 1], "texture": "#1"},
				"east": {"uv": [4, 0, 5, 1], "texture": "#1"},
				"south": {"uv": [4, 0, 5, 1], "texture": "#1"},
				"west": {"uv": [4, 0, 5, 1], "texture": "#1"},
				"up": {"uv": [4, 0, 5, 1], "texture": "#1"},
				"down": {"uv": [4, 0, 5, 1], "texture": "#1"}
			}
		},
		{
			"from": [5.32643, 7.78113, 5.64295],
			"to": [6.26115, 9.02926, 5.92168],
			"rotation": {"angle": -22.5, "axis": "x", "origin": [5.79945, 7.61558, 5.77761]},
			"faces": {
				"north": {"uv": [4, 0, 5, 1], "texture": "#1"},
				"east": {"uv": [4, 0, 5, 1], "texture": "#1"},
				"south": {"uv": [4, 0, 5, 1], "texture": "#1"},
				"west": {"uv": [4, 0, 5, 1], "texture": "#1"},
				"up": {"uv": [4, 0, 5, 1], "texture": "#1"},
				"down": {"uv": [4, 0, 5, 1], "texture": "#1"}
			}
		},
		{
			"from": [9.73863, 6.77557, 5.56882],
			"to": [10.67335, 7.82369, 5.84755],
			"rotation": {"angle": 0, "axis": "x", "origin": [10.20238, 7.21131, 5.70613]},
			"faces": {
				"north": {"uv": [4, 0, 5, 1], "texture": "#1"},
				"east": {"uv": [4, 0, 5, 1], "texture": "#1"},
				"south": {"uv": [4, 0, 5, 1], "texture": "#1"},
				"west": {"uv": [4, 0, 5, 1], "texture": "#1"},
				"up": {"uv": [4, 0, 5, 1], "texture": "#1"},
				"down": {"uv": [4, 0, 5, 1], "texture": "#1"}
			}
		},
		{
			"from": [5.32665, 6.77557, 5.56882],
			"to": [6.26137, 7.82369, 5.84755],
			"rotation": {"angle": 0, "axis": "x", "origin": [5.79762, 7.21131, 5.70613]},
			"faces": {
				"north": {"uv": [4, 0, 5, 1], "texture": "#1"},
				"east": {"uv": [4, 0, 5, 1], "texture": "#1"},
				"south": {"uv": [4, 0, 5, 1], "texture": "#1"},
				"west": {"uv": [4, 0, 5, 1], "texture": "#1"},
				"up": {"uv": [4, 0, 5, 1], "texture": "#1"},
				"down": {"uv": [4, 0, 5, 1], "texture": "#1"}
			}
		},
		{
			"from": [9.53863, 7.49557, 5.36882],
			"to": [10.87335, 7.82369, 5.84755],
			"rotation": {"angle": 0, "axis": "x", "origin": [10.20238, 7.21131, 5.70613]},
			"faces": {
				"north": {"uv": [3, 1, 7, 5], "rotation": 90, "texture": "#2"},
				"east": {"uv": [3, 1, 7, 5], "rotation": 90, "texture": "#2"},
				"south": {"uv": [3, 1, 7, 5], "rotation": 90, "texture": "#2"},
				"west": {"uv": [3, 1, 7, 5], "rotation": 90, "texture": "#2"},
				"up": {"uv": [3, 1, 7, 5], "rotation": 90, "texture": "#2"},
				"down": {"uv": [3, 1, 7, 5], "rotation": 90, "texture": "#2"}
			}
		},
		{
			"from": [5.12665, 7.49557, 5.36882],
			"to": [6.46137, 7.82369, 5.84755],
			"rotation": {"angle": 0, "axis": "x", "origin": [5.79762, 7.21131, 5.70613]},
			"faces": {
				"north": {"uv": [3, 1, 7, 5], "rotation": 90, "texture": "#2"},
				"east": {"uv": [3, 1, 7, 5], "rotation": 90, "texture": "#2"},
				"south": {"uv": [3, 1, 7, 5], "rotation": 90, "texture": "#2"},
				"west": {"uv": [3, 1, 7, 5], "rotation": 90, "texture": "#2"},
				"up": {"uv": [3, 1, 7, 5], "rotation": 90, "texture": "#2"},
				"down": {"uv": [3, 1, 7, 5], "rotation": 90, "texture": "#2"}
			}
		},
		{
			"from": [11.21421, 9.30807, 5.31691],
			"to": [12.99803, 10.23573, 6.19543],
			"rotation": {"angle": 22.5, "axis": "z", "origin": [11.93689, 9.82736, 8.1954]},
			"faces": {
				"north": {"uv": [4, 0, 5, 1], "texture": "#1"},
				"east": {"uv": [4, 0, 5, 1], "texture": "#1"},
				"south": {"uv": [4, 0, 5, 1], "texture": "#1"},
				"west": {"uv": [4, 0, 5, 1], "texture": "#1"},
				"up": {"uv": [4, 0, 5, 1], "texture": "#1"},
				"down": {"uv": [4, 0, 5, 1], "texture": "#1"}
			}
		},
		{
			"from": [12.50669, 9.89449, 5.32],
			"to": [13.43306, 11.67906, 5.79869],
			"rotation": {"angle": -22.5, "axis": "z", "origin": [12.91507, 10.61716, 8.19866]},
			"faces": {
				"north": {"uv": [4, 0, 5, 1], "rotation": 90, "texture": "#1"},
				"east": {"uv": [4, 0, 5, 1], "rotation": 90, "texture": "#1"},
				"south": {"uv": [4, 0, 5, 1], "rotation": 90, "texture": "#1"},
				"west": {"uv": [4, 0, 5, 1], "rotation": 90, "texture": "#1"},
				"up": {"uv": [4, 0, 5, 1], "rotation": 90, "texture": "#1"},
				"down": {"uv": [4, 0, 5, 1], "rotation": 90, "texture": "#1"}
			}
		},
		{
			"from": [12.91994, 11.4, 5.32002],
			"to": [13.8, 13.08004, 5.8],
			"rotation": {"angle": 0, "axis": "y", "origin": [6.6, 17, 11.8]},
			"faces": {
				"north": {"uv": [4, 0, 5, 1], "texture": "#1"},
				"east": {"uv": [4, 0, 5, 1], "texture": "#1"},
				"south": {"uv": [4, 0, 5, 1], "texture": "#1"},
				"west": {"uv": [4, 0, 5, 1], "texture": "#1"},
				"up": {"uv": [4, 0, 5, 1], "texture": "#1"},
				"down": {"uv": [4, 0, 5, 1], "texture": "#1"}
			}
		},
		{
			"from": [12.91994, 14.34035, 1.31132],
			"to": [13.79994, 16.74035, 1.79132],
			"rotation": {"angle": 45, "axis": "x", "origin": [8.19129, 8.87125, 1.79434]},
			"faces": {
				"north": {"uv": [4, 0, 5, 1], "texture": "#1"},
				"east": {"uv": [4, 0, 5, 1], "texture": "#1"},
				"south": {"uv": [4, 0, 5, 1], "texture": "#1"},
				"west": {"uv": [4, 0, 5, 1], "texture": "#1"},
				"up": {"uv": [4, 0, 5, 1], "texture": "#1"},
				"down": {"uv": [4, 0, 5, 1], "texture": "#1"}
			}
		},
		{
			"from": [12.92171, 14.29409, 7.01831],
			"to": [13.80171, 14.77409, 10.01831],
			"rotation": {"angle": 0, "axis": "x", "origin": [8.17115, 14.30794, 8.22606]},
			"faces": {
				"north": {"uv": [4, 0, 5, 1], "rotation": 180, "texture": "#1"},
				"east": {"uv": [4, 0, 5, 1], "rotation": 180, "texture": "#1"},
				"south": {"uv": [4, 0, 5, 1], "rotation": 180, "texture": "#1"},
				"west": {"uv": [4, 0, 5, 1], "rotation": 180, "texture": "#1"},
				"up": {"uv": [4, 0, 5, 1], "rotation": 180, "texture": "#1"},
				"down": {"uv": [4, 0, 5, 1], "rotation": 180, "texture": "#1"}
			}
		},
		{
			"from": [2.20171, 14.29409, 7.01831],
			"to": [3.08171, 14.77409, 10.01831],
			"rotation": {"angle": 0, "axis": "x", "origin": [7.77115, 14.30794, 8.22606]},
			"faces": {
				"north": {"uv": [4, 0, 5, 1], "rotation": 180, "texture": "#1"},
				"east": {"uv": [4, 0, 5, 1], "rotation": 180, "texture": "#1"},
				"south": {"uv": [4, 0, 5, 1], "rotation": 180, "texture": "#1"},
				"west": {"uv": [4, 0, 5, 1], "rotation": 180, "texture": "#1"},
				"up": {"uv": [4, 0, 5, 1], "rotation": 180, "texture": "#1"},
				"down": {"uv": [4, 0, 5, 1], "rotation": 180, "texture": "#1"}
			}
		},
		{
			"from": [2.19994, 14.34035, 1.31132],
			"to": [3.07994, 16.74035, 1.79132],
			"rotation": {"angle": 45, "axis": "x", "origin": [7.79129, 8.87125, 1.79434]},
			"faces": {
				"north": {"uv": [4, 0, 5, 1], "texture": "#1"},
				"east": {"uv": [4, 0, 5, 1], "texture": "#1"},
				"south": {"uv": [4, 0, 5, 1], "texture": "#1"},
				"west": {"uv": [4, 0, 5, 1], "texture": "#1"},
				"up": {"uv": [4, 0, 5, 1], "texture": "#1"},
				"down": {"uv": [4, 0, 5, 1], "texture": "#1"}
			}
		},
		{
			"from": [2.19994, 11.4, 5.32002],
			"to": [3.08, 13.08004, 5.8],
			"rotation": {"angle": 0, "axis": "y", "origin": [9.4, 17, 11.8]},
			"faces": {
				"north": {"uv": [4, 0, 5, 1], "texture": "#1"},
				"east": {"uv": [4, 0, 5, 1], "texture": "#1"},
				"south": {"uv": [4, 0, 5, 1], "texture": "#1"},
				"west": {"uv": [4, 0, 5, 1], "texture": "#1"},
				"up": {"uv": [4, 0, 5, 1], "texture": "#1"},
				"down": {"uv": [4, 0, 5, 1], "texture": "#1"}
			}
		},
		{
			"from": [2.56655, 9.89568, 5.32],
			"to": [3.49422, 11.6795, 5.79852],
			"rotation": {"angle": 22.5, "axis": "z", "origin": [3.08584, 10.61836, 8.19848]},
			"faces": {
				"north": {"uv": [4, 0, 5, 1], "rotation": 270, "texture": "#1"},
				"east": {"uv": [4, 0, 5, 1], "rotation": 270, "texture": "#1"},
				"south": {"uv": [4, 0, 5, 1], "rotation": 270, "texture": "#1"},
				"west": {"uv": [4, 0, 5, 1], "rotation": 270, "texture": "#1"},
				"up": {"uv": [4, 0, 5, 1], "rotation": 270, "texture": "#1"},
				"down": {"uv": [4, 0, 5, 1], "rotation": 270, "texture": "#1"}
			}
		},
		{
			"from": [2.20171, 13.29375, 9.39808],
			"to": [3.08171, 13.77375, 10.39808],
			"rotation": {"angle": 45, "axis": "x", "origin": [2.63262, 13.52521, 10.9157]},
			"faces": {
				"north": {"uv": [4, 0, 5, 1], "rotation": 180, "texture": "#1"},
				"east": {"uv": [4, 0, 5, 1], "rotation": 180, "texture": "#1"},
				"south": {"uv": [4, 0, 5, 1], "rotation": 180, "texture": "#1"},
				"west": {"uv": [4, 0, 5, 1], "rotation": 180, "texture": "#1"},
				"up": {"uv": [4, 0, 5, 1], "rotation": 180, "texture": "#1"},
				"down": {"uv": [4, 0, 5, 1], "rotation": 180, "texture": "#1"}
			}
		},
		{
			"from": [2.20339, 12.6665, 10.24422],
			"to": [3.08339, 14.0665, 10.72422],
			"rotation": {"angle": 0, "axis": "x", "origin": [2.63773, 13.54628, 10.48821]},
			"faces": {
				"north": {"uv": [4, 0, 5, 1], "rotation": 180, "texture": "#1"},
				"east": {"uv": [4, 0, 5, 1], "rotation": 180, "texture": "#1"},
				"south": {"uv": [4, 0, 5, 1], "rotation": 180, "texture": "#1"},
				"west": {"uv": [4, 0, 5, 1], "rotation": 180, "texture": "#1"},
				"up": {"uv": [4, 0, 5, 1], "rotation": 180, "texture": "#1"},
				"down": {"uv": [4, 0, 5, 1], "rotation": 180, "texture": "#1"}
			}
		},
		{
			"from": [3.08338, 12.6665, 10.24269],
			"to": [12.91661, 13.46804, 10.72422],
			"rotation": {"angle": 0, "axis": "x", "origin": [3.51773, 13.54782, 10.48667]},
			"faces": {
				"north": {"uv": [4, 0, 5, 1], "rotation": 180, "texture": "#1"},
				"east": {"uv": [4, 0, 5, 1], "rotation": 180, "texture": "#1"},
				"south": {"uv": [4, 0, 5, 1], "rotation": 180, "texture": "#1"},
				"west": {"uv": [4, 0, 5, 1], "rotation": 180, "texture": "#1"},
				"up": {"uv": [4, 0, 5, 1], "rotation": 180, "texture": "#1"},
				"down": {"uv": [4, 0, 5, 1], "rotation": 180, "texture": "#1"}
			}
		},
		{
			"from": [12.91661, 12.6665, 10.24422],
			"to": [13.79661, 14.0665, 10.72422],
			"rotation": {"angle": 0, "axis": "x", "origin": [13.36227, 13.54628, 10.48821]},
			"faces": {
				"north": {"uv": [4, 0, 5, 1], "rotation": 180, "texture": "#1"},
				"east": {"uv": [4, 0, 5, 1], "rotation": 180, "texture": "#1"},
				"south": {"uv": [4, 0, 5, 1], "rotation": 180, "texture": "#1"},
				"west": {"uv": [4, 0, 5, 1], "rotation": 180, "texture": "#1"},
				"up": {"uv": [4, 0, 5, 1], "rotation": 180, "texture": "#1"},
				"down": {"uv": [4, 0, 5, 1], "rotation": 180, "texture": "#1"}
			}
		},
		{
			"from": [12.91829, 13.29375, 9.39808],
			"to": [13.79829, 13.77375, 10.39808],
			"rotation": {"angle": 45, "axis": "x", "origin": [13.36738, 13.52521, 10.9157]},
			"faces": {
				"north": {"uv": [4, 0, 5, 1], "rotation": 180, "texture": "#1"},
				"east": {"uv": [4, 0, 5, 1], "rotation": 180, "texture": "#1"},
				"south": {"uv": [4, 0, 5, 1], "rotation": 180, "texture": "#1"},
				"west": {"uv": [4, 0, 5, 1], "rotation": 180, "texture": "#1"},
				"up": {"uv": [4, 0, 5, 1], "rotation": 180, "texture": "#1"},
				"down": {"uv": [4, 0, 5, 1], "rotation": 180, "texture": "#1"}
			}
		},
		{
			"from": [3.08264, 9.75197, 5.4],
			"to": [12.91707, 13, 6.2],
			"rotation": {"angle": 0, "axis": "y", "origin": [9.6, 15.4, 11.8]},
			"faces": {
				"north": {"uv": [5, 0, 11, 4], "texture": "#0"},
				"east": {"uv": [0, 0, 1, 4.06004], "texture": "#missing"},
				"south": {"uv": [0, 0, 12.29305, 4.06004], "texture": "#missing"},
				"west": {"uv": [0, 0, 1, 4.06004], "texture": "#missing"},
				"up": {"uv": [0, 0, 12.29305, 1], "texture": "#missing"},
				"down": {"uv": [0, 0, 12.29305, 1], "texture": "#missing"}
			}
		},
		{
			"from": [2.40272, 14.31669, 1.4146],
			"to": [13.59707, 16.71663, 3.01489],
			"rotation": {"angle": 45, "axis": "x", "origin": [7.87408, 8.84754, 1.81791]},
			"faces": {
				"north": {"uv": [5, 0, 11, 4], "texture": "#0"},
				"east": {"uv": [0, 0, 2.229, 5.998], "texture": "#0"},
				"south": {"uv": [0, 0, 13.99294, 2.99993], "texture": "#missing"},
				"west": {"uv": [0, 0, 2.229, 5.998], "texture": "#0"},
				"up": {"uv": [0, 0, 13.99294, 2.00036], "texture": "#missing"},
				"down": {"uv": [0, 0, 13.99294, 2.00036], "texture": "#missing"}
			}
		},
		{
			"from": [2.40276, 12.87222, 7.09698],
			"to": [13.59711, 14.69702, 10.00079],
			"rotation": {"angle": 0, "axis": "x", "origin": [7.96949, 14.32184, 8.30506]},
			"faces": {
				"north": {"uv": [0, 0, 13.99294, 2.28099], "rotation": 180, "texture": "#missing"},
				"east": {"uv": [0, 0, 2.629, 2.281], "texture": "#0"},
				"south": {"uv": [0, 0, 13.99294, 2.28099], "texture": "#missing"},
				"west": {"uv": [0, 0, 2.629, 2.281], "texture": "#0"},
				"up": {"uv": [5, 0, 11, 4], "texture": "#0"},
				"down": {"uv": [0, 0, 13.99294, 3.62977], "texture": "#missing"}
			}
		},
		{
			"from": [3.20197, 2.90807, 5.79691],
			"to": [4.98579, 3.83573, 10.59543],
			"rotation": {"angle": -22.5, "axis": "z", "origin": [4.26311, 3.42736, 8.5954]},
			"faces": {
				"north": {"uv": [0, 0, 2.229, 5.998], "texture": "#0"},
				"east": {"uv": [0, 0, 2.229, 5.998], "texture": "#0"},
				"south": {"uv": [0, 0, 2.229, 5.998], "texture": "#0"},
				"west": {"uv": [0, 0, 2.229, 5.998], "texture": "#0"},
				"up": {"uv": [0, 0, 2.229, 5.998], "texture": "#0"},
				"down": {"uv": [0, 0, 2.229, 5.998], "texture": "#0"}
			}
		},
		{
			"from": [2.76655, 3.49568, 5.8],
			"to": [3.69422, 5.2795, 10.59852],
			"rotation": {"angle": 22.5, "axis": "z", "origin": [3.28584, 4.21836, 8.59848]},
			"faces": {
				"north": {"uv": [0, 0, 2.229, 5.998], "rotation": 90, "texture": "#0"},
				"east": {"uv": [0, 0, 2.229, 5.998], "rotation": 90, "texture": "#0"},
				"south": {"uv": [0, 0, 2.229, 5.998], "rotation": 90, "texture": "#0"},
				"west": {"uv": [0, 0, 2.229, 5.998], "rotation": 90, "texture": "#0"},
				"up": {"uv": [0, 0, 2.229, 5.998], "rotation": 90, "texture": "#0"},
				"down": {"uv": [0, 0, 2.229, 5.998], "rotation": 90, "texture": "#0"}
			}
		},
		{
			"from": [2.4, 5, 5.8],
			"to": [3.2, 13, 10.6],
			"rotation": {"angle": 0, "axis": "y", "origin": [9.6, 10.6, 12.2]},
			"faces": {
				"north": {"uv": [0, 0, 2.229, 5.998], "texture": "#0"},
				"east": {"uv": [0, 0, 2.229, 5.998], "texture": "#0"},
				"south": {"uv": [0, 0, 2.229, 5.998], "texture": "#0"},
				"west": {"uv": [0, 0, 2.229, 5.998], "texture": "#0"},
				"up": {"uv": [0, 0, 2.229, 5.998], "texture": "#0"},
				"down": {"uv": [0, 0, 2.229, 5.998], "texture": "#0"}
			}
		},
		{
			"from": [4.73323, 2.67104, 5.79691],
			"to": [11.26795, 3.51916, 10.59564],
			"rotation": {"angle": 0, "axis": "y", "origin": [9.6506, 9.11916, 12.19564]},
			"faces": {
				"north": {"uv": [0, 0, 2.229, 5.998], "texture": "#0"},
				"east": {"uv": [0, 0, 2.229, 5.998], "texture": "#0"},
				"south": {"uv": [0, 0, 2.229, 5.998], "texture": "#0"},
				"west": {"uv": [0, 0, 2.229, 5.998], "texture": "#0"},
				"up": {"uv": [0, 0, 2.229, 5.998], "texture": "#0"},
				"down": {"uv": [0, 0, 2.229, 5.998], "texture": "#0"}
			}
		},
		{
			"from": [11.01421, 2.90807, 5.79691],
			"to": [12.79803, 3.83573, 10.59543],
			"rotation": {"angle": 22.5, "axis": "z", "origin": [11.73689, 3.42736, 8.5954]},
			"faces": {
				"north": {"uv": [0, 0, 2.229, 5.998], "texture": "#0"},
				"east": {"uv": [0, 0, 2.229, 5.998], "texture": "#0"},
				"south": {"uv": [0, 0, 2.229, 5.998], "texture": "#0"},
				"west": {"uv": [0, 0, 2.229, 5.998], "texture": "#0"},
				"up": {"uv": [0, 0, 2.229, 5.998], "texture": "#0"},
				"down": {"uv": [0, 0, 2.229, 5.998], "texture": "#0"}
			}
		},
		{
			"from": [12.8, 5, 5.8],
			"to": [13.6, 13, 10.6],
			"rotation": {"angle": 0, "axis": "y", "origin": [6.4, 10.6, 12.2]},
			"faces": {
				"north": {"uv": [0, 0, 2.229, 5.998], "texture": "#0"},
				"east": {"uv": [0, 0, 2.229, 5.998], "texture": "#0"},
				"south": {"uv": [0, 0, 2.229, 5.998], "texture": "#0"},
				"west": {"uv": [0, 0, 2.229, 5.998], "texture": "#0"},
				"up": {"uv": [0, 0, 2.229, 5.998], "texture": "#0"},
				"down": {"uv": [0, 0, 2.229, 5.998], "texture": "#0"}
			}
		},
		{
			"from": [12.30669, 3.49449, 5.8],
			"to": [13.23306, 5.27906, 10.59869],
			"rotation": {"angle": -22.5, "axis": "z", "origin": [12.71507, 4.21716, 8.59866]},
			"faces": {
				"north": {"uv": [0, 0, 2.229, 5.998], "rotation": 270, "texture": "#0"},
				"east": {"uv": [0, 0, 2.229, 5.998], "rotation": 270, "texture": "#0"},
				"south": {"uv": [0, 0, 2.229, 5.998], "rotation": 270, "texture": "#0"},
				"west": {"uv": [0, 0, 2.229, 5.998], "rotation": 270, "texture": "#0"},
				"up": {"uv": [0, 0, 2.229, 5.998], "rotation": 270, "texture": "#0"},
				"down": {"uv": [0, 0, 2.229, 5.998], "rotation": 270, "texture": "#0"}
			}
		},
		{
			"from": [3.08264, 3.35197, 5.8],
			"to": [12.91707, 13, 10.6],
			"rotation": {"angle": 0, "axis": "y", "origin": [9.6, 9.8, 12.2]},
			"faces": {
				"north": {"uv": [0, 0, 2.229, 5.998], "texture": "#0"},
				"east": {"uv": [0, 0, 2.229, 5.998], "texture": "#0"},
				"south": {"uv": [0, 0, 2.229, 5.998], "texture": "#0"},
				"west": {"uv": [0, 0, 2.229, 5.998], "texture": "#0"},
				"up": {"uv": [0, 0, 2.229, 5.998], "texture": "#0"},
				"down": {"uv": [0, 0, 2.229, 5.998], "texture": "#0"}
			}
		},
		{
			"from": [2.40284, 12.92985, 9.79984],
			"to": [13.59727, 14.09789, 10.59984],
			"rotation": {"angle": 0, "axis": "y", "origin": [9.6002, 9.77789, 12.19984]},
			"faces": {
				"north": {"uv": [0, 0, 13.99305, 1.46004], "texture": "#missing"},
				"east": {"uv": [0, 0, 1, 1.46004], "texture": "#0"},
				"south": {"uv": [5, 0, 11, 4], "texture": "#0"},
				"west": {"uv": [0, 0, 1, 1.46004], "texture": "#0"},
				"up": {"uv": [0, 0, 13.99305, 1], "texture": "#missing"},
				"down": {"uv": [0, 0, 13.99305, 1], "texture": "#missing"}
			}
		},
		{
			"from": [2.4028, 13.69562, 9.61691],
			"to": [13.59626, 14.54291, 10.4176],
			"rotation": {"angle": -45, "axis": "x", "origin": [7.31587, 14.11679, 10.02316]},
			"faces": {
				"north": {"uv": [0, 0, 13.99183, 1.05912], "texture": "#missing"},
				"east": {"uv": [0, 0, 1.00086, 1.05912], "texture": "#0"},
				"south": {"uv": [5, 0, 11, 4], "texture": "#0"},
				"west": {"uv": [0, 0, 1.00086, 1.05912], "texture": "#0"},
				"up": {"uv": [0, 0, 13.99183, 1.00086], "texture": "#missing"},
				"down": {"uv": [0, 0, 13.99183, 1.00086], "texture": "#missing"}
			}
		},
		{
			"name": "Strap",
			"from": [5.0862, 4.76488, 4.79726],
			"to": [5.57743, 5.44522, 5.79932],
			"rotation": {"angle": 0, "axis": "x", "origin": [6.70779, 5.05257, 5.3041]},
			"faces": {
				"north": {"uv": [3, 1, 7, 5], "rotation": 90, "texture": "#2"},
				"east": {"uv": [3, 1, 7, 5], "rotation": 90, "texture": "#2"},
				"south": {"uv": [3, 1, 7, 5], "rotation": 90, "texture": "#2"},
				"west": {"uv": [3, 1, 7, 5], "rotation": 90, "texture": "#2"},
				"up": {"uv": [3, 1, 7, 5], "rotation": 90, "texture": "#2"},
				"down": {"uv": [3, 1, 7, 5], "rotation": 90, "texture": "#2"}
			}
		},
		{
			"from": [3.73189, 4.4, 4.99631],
			"to": [6.93189, 6, 5.79631],
			"rotation": {"angle": 0, "axis": "y", "origin": [9.33189, 9.2, 12.99631]},
			"faces": {
				"north": {"uv": [10, 7, 11, 8], "texture": "#0"},
				"east": {"uv": [10, 7, 11, 8], "texture": "#0"},
				"south": {"uv": [10, 7, 11, 8], "texture": "#0"},
				"west": {"uv": [10, 7, 11, 8], "texture": "#0"},
				"up": {"uv": [10, 7, 11, 8], "texture": "#0"},
				"down": {"uv": [10, 7, 11, 8], "texture": "#0"}
			}
		},
		{
			"from": [4.53189, 3.6, 4.99631],
			"to": [6.13189, 4.4, 5.79631],
			"rotation": {"angle": 0, "axis": "y", "origin": [9.33189, 9.2, 12.99631]},
			"faces": {
				"north": {"uv": [10, 7, 11, 8], "texture": "#0"},
				"east": {"uv": [10, 7, 11, 8], "texture": "#0"},
				"south": {"uv": [10, 7, 11, 8], "texture": "#0"},
				"west": {"uv": [10, 7, 11, 8], "texture": "#0"},
				"up": {"uv": [10, 7, 11, 8], "texture": "#0"},
				"down": {"uv": [10, 7, 11, 8], "texture": "#0"}
			}
		},
		{
			"from": [5.68356, 3.79017, 4.99891],
			"to": [6.48464, 4.92233, 5.79738],
			"rotation": {"angle": -45, "axis": "z", "origin": [6.07556, 4.11957, 5.40368]},
			"faces": {
				"north": {"uv": [10, 7, 11, 8], "texture": "#0"},
				"east": {"uv": [10, 7, 11, 8], "texture": "#0"},
				"south": {"uv": [10, 7, 11, 8], "texture": "#0"},
				"west": {"uv": [10, 7, 11, 8], "texture": "#0"},
				"up": {"uv": [10, 7, 11, 8], "texture": "#0"},
				"down": {"uv": [10, 7, 11, 8], "texture": "#0"}
			}
		},
		{
			"from": [3.7734, 3.7181, 4.99631],
			"to": [4.90556, 4.51919, 5.79478],
			"rotation": {"angle": -45, "axis": "z", "origin": [4.57616, 4.11011, 5.40108]},
			"faces": {
				"north": {"uv": [10, 7, 11, 8], "texture": "#0"},
				"east": {"uv": [10, 7, 11, 8], "texture": "#0"},
				"south": {"uv": [10, 7, 11, 8], "texture": "#0"},
				"west": {"uv": [10, 7, 11, 8], "texture": "#0"},
				"up": {"uv": [10, 7, 11, 8], "texture": "#0"},
				"down": {"uv": [10, 7, 11, 8], "texture": "#0"}
			}
		},
		{
			"from": [4.20066, 5.64522, 4.87631],
			"to": [6.46302, 6.46849, 5.79714],
			"rotation": {"angle": 0, "axis": "x", "origin": [6.14344, 5.73309, 5.30193]},
			"faces": {
				"north": {"uv": [4, 0, 5, 1], "rotation": 180, "texture": "#1"},
				"east": {"uv": [4, 0, 5, 1], "rotation": 180, "texture": "#1"},
				"south": {"uv": [4, 0, 5, 1], "rotation": 180, "texture": "#1"},
				"west": {"uv": [4, 0, 5, 1], "rotation": 180, "texture": "#1"},
				"up": {"uv": [4, 0, 5, 1], "rotation": 180, "texture": "#1"},
				"down": {"uv": [4, 0, 5, 1], "rotation": 180, "texture": "#1"}
			}
		},
		{
			"from": [3.53812, 4.75003, 4.87631],
			"to": [5.00066, 5.41277, 5.79632],
			"rotation": {"angle": -45, "axis": "z", "origin": [5.14375, 5.14087, 5.35982]},
			"faces": {
				"north": {"uv": [4, 0, 5, 1], "rotation": 180, "texture": "#1"},
				"east": {"uv": [4, 0, 5, 1], "rotation": 180, "texture": "#1"},
				"south": {"uv": [4, 0, 5, 1], "rotation": 180, "texture": "#1"},
				"west": {"uv": [4, 0, 5, 1], "rotation": 180, "texture": "#1"},
				"up": {"uv": [4, 0, 5, 1], "rotation": 180, "texture": "#1"},
				"down": {"uv": [4, 0, 5, 1], "rotation": 180, "texture": "#1"}
			}
		},
		{
			"from": [4.7662, 4.96488, 4.87726],
			"to": [5.89743, 5.64522, 5.79932],
			"rotation": {"angle": 0, "axis": "x", "origin": [6.70779, 5.05257, 5.3041]},
			"faces": {
				"north": {"uv": [4, 0, 5, 1], "rotation": 180, "texture": "#1"},
				"east": {"uv": [4, 0, 5, 1], "rotation": 180, "texture": "#1"},
				"south": {"uv": [4, 0, 5, 1], "rotation": 180, "texture": "#1"},
				"west": {"uv": [4, 0, 5, 1], "rotation": 180, "texture": "#1"},
				"up": {"uv": [4, 0, 5, 1], "rotation": 180, "texture": "#1"},
				"down": {"uv": [4, 0, 5, 1], "rotation": 180, "texture": "#1"}
			}
		},
		{
			"from": [5.21314, 5.19905, 4.87726],
			"to": [5.87589, 6.66159, 5.79727],
			"rotation": {"angle": -45, "axis": "z", "origin": [5.60399, 5.05596, 5.36077]},
			"faces": {
				"north": {"uv": [4, 0, 5, 1], "rotation": 180, "texture": "#1"},
				"east": {"uv": [4, 0, 5, 1], "rotation": 180, "texture": "#1"},
				"south": {"uv": [4, 0, 5, 1], "rotation": 180, "texture": "#1"},
				"west": {"uv": [4, 0, 5, 1], "rotation": 180, "texture": "#1"},
				"up": {"uv": [4, 0, 5, 1], "rotation": 180, "texture": "#1"},
				"down": {"uv": [4, 0, 5, 1], "rotation": 180, "texture": "#1"}
			}
		},
		{
			"name": "Strap",
			"from": [10.42257, 4.76488, 4.79726],
			"to": [10.9138, 5.44522, 5.79932],
			"rotation": {"angle": 0, "axis": "x", "origin": [9.29221, 5.05257, 5.3041]},
			"faces": {
				"north": {"uv": [3, 1, 7, 5], "rotation": 90, "texture": "#2"},
				"east": {"uv": [3, 1, 7, 5], "rotation": 90, "texture": "#2"},
				"south": {"uv": [3, 1, 7, 5], "rotation": 90, "texture": "#2"},
				"west": {"uv": [3, 1, 7, 5], "rotation": 90, "texture": "#2"},
				"up": {"uv": [3, 1, 7, 5], "rotation": 90, "texture": "#2"},
				"down": {"uv": [3, 1, 7, 5], "rotation": 90, "texture": "#2"}
			}
		},
		{
			"from": [9.06811, 4.4, 4.99631],
			"to": [12.26811, 6, 5.79631],
			"rotation": {"angle": 0, "axis": "y", "origin": [6.66811, 9.2, 12.99631]},
			"faces": {
				"north": {"uv": [10, 7, 11, 8], "texture": "#0"},
				"east": {"uv": [10, 7, 11, 8], "texture": "#0"},
				"south": {"uv": [10, 7, 11, 8], "texture": "#0"},
				"west": {"uv": [10, 7, 11, 8], "texture": "#0"},
				"up": {"uv": [10, 7, 11, 8], "texture": "#0"},
				"down": {"uv": [10, 7, 11, 8], "texture": "#0"}
			}
		},
		{
			"from": [9.86811, 3.6, 4.99631],
			"to": [11.46811, 4.4, 5.79631],
			"rotation": {"angle": 0, "axis": "y", "origin": [6.66811, 9.2, 12.99631]},
			"faces": {
				"north": {"uv": [10, 7, 11, 8], "texture": "#0"},
				"east": {"uv": [10, 7, 11, 8], "texture": "#0"},
				"south": {"uv": [10, 7, 11, 8], "texture": "#0"},
				"west": {"uv": [10, 7, 11, 8], "texture": "#0"},
				"up": {"uv": [10, 7, 11, 8], "texture": "#0"},
				"down": {"uv": [10, 7, 11, 8], "texture": "#0"}
			}
		},
		{
			"from": [9.51536, 3.79017, 4.99891],
			"to": [10.31644, 4.92233, 5.79738],
			"rotation": {"angle": 45, "axis": "z", "origin": [9.92444, 4.11957, 5.40368]},
			"faces": {
				"north": {"uv": [10, 7, 11, 8], "texture": "#0"},
				"east": {"uv": [10, 7, 11, 8], "texture": "#0"},
				"south": {"uv": [10, 7, 11, 8], "texture": "#0"},
				"west": {"uv": [10, 7, 11, 8], "texture": "#0"},
				"up": {"uv": [10, 7, 11, 8], "texture": "#0"},
				"down": {"uv": [10, 7, 11, 8], "texture": "#0"}
			}
		},
		{
			"from": [11.09444, 3.7181, 4.99631],
			"to": [12.2266, 4.51919, 5.79478],
			"rotation": {"angle": 45, "axis": "z", "origin": [11.42384, 4.11011, 5.40108]},
			"faces": {
				"north": {"uv": [10, 7, 11, 8], "texture": "#0"},
				"east": {"uv": [10, 7, 11, 8], "texture": "#0"},
				"south": {"uv": [10, 7, 11, 8], "texture": "#0"},
				"west": {"uv": [10, 7, 11, 8], "texture": "#0"},
				"up": {"uv": [10, 7, 11, 8], "texture": "#0"},
				"down": {"uv": [10, 7, 11, 8], "texture": "#0"}
			}
		},
		{
			"from": [9.53698, 5.64522, 4.87631],
			"to": [11.79934, 6.46849, 5.79714],
			"rotation": {"angle": 0, "axis": "x", "origin": [9.85656, 5.73309, 5.30193]},
			"faces": {
				"north": {"uv": [4, 0, 5, 1], "rotation": 180, "texture": "#1"},
				"east": {"uv": [4, 0, 5, 1], "rotation": 180, "texture": "#1"},
				"south": {"uv": [4, 0, 5, 1], "rotation": 180, "texture": "#1"},
				"west": {"uv": [4, 0, 5, 1], "rotation": 180, "texture": "#1"},
				"up": {"uv": [4, 0, 5, 1], "rotation": 180, "texture": "#1"},
				"down": {"uv": [4, 0, 5, 1], "rotation": 180, "texture": "#1"}
			}
		},
		{
			"from": [10.99934, 4.75003, 4.87631],
			"to": [12.46188, 5.41277, 5.79632],
			"rotation": {"angle": 45, "axis": "z", "origin": [10.85625, 5.14087, 5.35982]},
			"faces": {
				"north": {"uv": [4, 0, 5, 1], "rotation": 180, "texture": "#1"},
				"east": {"uv": [4, 0, 5, 1], "rotation": 180, "texture": "#1"},
				"south": {"uv": [4, 0, 5, 1], "rotation": 180, "texture": "#1"},
				"west": {"uv": [4, 0, 5, 1], "rotation": 180, "texture": "#1"},
				"up": {"uv": [4, 0, 5, 1], "rotation": 180, "texture": "#1"},
				"down": {"uv": [4, 0, 5, 1], "rotation": 180, "texture": "#1"}
			}
		},
		{
			"from": [10.10257, 4.96488, 4.87726],
			"to": [11.2338, 5.64522, 5.79932],
			"rotation": {"angle": 0, "axis": "x", "origin": [9.29221, 5.05257, 5.3041]},
			"faces": {
				"north": {"uv": [4, 0, 5, 1], "rotation": 180, "texture": "#1"},
				"east": {"uv": [4, 0, 5, 1], "rotation": 180, "texture": "#1"},
				"south": {"uv": [4, 0, 5, 1], "rotation": 180, "texture": "#1"},
				"west": {"uv": [4, 0, 5, 1], "rotation": 180, "texture": "#1"},
				"up": {"uv": [4, 0, 5, 1], "rotation": 180, "texture": "#1"},
				"down": {"uv": [4, 0, 5, 1], "rotation": 180, "texture": "#1"}
			}
		},
		{
			"from": [10.12411, 5.19905, 4.87726],
			"to": [10.78686, 6.66159, 5.79727],
			"rotation": {"angle": 45, "axis": "z", "origin": [10.39601, 5.05596, 5.36077]},
			"faces": {
				"north": {"uv": [4, 0, 5, 1], "rotation": 180, "texture": "#1"},
				"east": {"uv": [4, 0, 5, 1], "rotation": 180, "texture": "#1"},
				"south": {"uv": [4, 0, 5, 1], "rotation": 180, "texture": "#1"},
				"west": {"uv": [4, 0, 5, 1], "rotation": 180, "texture": "#1"},
				"up": {"uv": [4, 0, 5, 1], "rotation": 180, "texture": "#1"},
				"down": {"uv": [4, 0, 5, 1], "rotation": 180, "texture": "#1"}
			}
		},
		{
			"name": "Strap",
			"from": [13.597, 9.96488, 7.95431],
			"to": [14.59905, 10.64522, 8.44554],
			"rotation": {"angle": 0, "axis": "x", "origin": [14.09221, 10.25257, 9.5759]},
			"faces": {
				"north": {"uv": [3, 1, 7, 5], "rotation": 90, "texture": "#2"},
				"east": {"uv": [3, 1, 7, 5], "rotation": 90, "texture": "#2"},
				"south": {"uv": [3, 1, 7, 5], "rotation": 90, "texture": "#2"},
				"west": {"uv": [3, 1, 7, 5], "rotation": 90, "texture": "#2"},
				"up": {"uv": [3, 1, 7, 5], "rotation": 90, "texture": "#2"},
				"down": {"uv": [3, 1, 7, 5], "rotation": 90, "texture": "#2"}
			}
		},
		{
			"from": [13.6, 9.6, 6.6],
			"to": [14.4, 11.2, 9.8],
			"rotation": {"angle": 0, "axis": "y", "origin": [6.4, 14.4, 12.2]},
			"faces": {
				"north": {"uv": [10, 7, 11, 8], "texture": "#0"},
				"east": {"uv": [10, 7, 11, 8], "texture": "#0"},
				"south": {"uv": [10, 7, 11, 8], "texture": "#0"},
				"west": {"uv": [10, 7, 11, 8], "texture": "#0"},
				"up": {"uv": [10, 7, 11, 8], "texture": "#0"},
				"down": {"uv": [10, 7, 11, 8], "texture": "#0"}
			}
		},
		{
			"from": [13.6, 8.8, 7.4],
			"to": [14.4, 9.6, 9],
			"rotation": {"angle": 0, "axis": "y", "origin": [6.4, 14.4, 12.2]},
			"faces": {
				"north": {"uv": [10, 7, 11, 8], "texture": "#0"},
				"east": {"uv": [10, 7, 11, 8], "texture": "#0"},
				"south": {"uv": [10, 7, 11, 8], "texture": "#0"},
				"west": {"uv": [10, 7, 11, 8], "texture": "#0"},
				"up": {"uv": [10, 7, 11, 8], "texture": "#0"},
				"down": {"uv": [10, 7, 11, 8], "texture": "#0"}
			}
		},
		{
			"from": [13.59893, 8.99017, 8.55167],
			"to": [14.3974, 10.12233, 9.35275],
			"rotation": {"angle": 45, "axis": "x", "origin": [13.99263, 9.31957, 8.94367]},
			"faces": {
				"north": {"uv": [10, 7, 11, 8], "texture": "#0"},
				"east": {"uv": [10, 7, 11, 8], "texture": "#0"},
				"south": {"uv": [10, 7, 11, 8], "texture": "#0"},
				"west": {"uv": [10, 7, 11, 8], "texture": "#0"},
				"up": {"uv": [10, 7, 11, 8], "texture": "#0"},
				"down": {"uv": [10, 7, 11, 8], "texture": "#0"}
			}
		},
		{
			"from": [13.60153, 8.9181, 6.64151],
			"to": [14.4, 9.71919, 7.77367],
			"rotation": {"angle": 45, "axis": "x", "origin": [13.99523, 9.31011, 7.44427]},
			"faces": {
				"north": {"uv": [10, 7, 11, 8], "texture": "#0"},
				"east": {"uv": [10, 7, 11, 8], "texture": "#0"},
				"south": {"uv": [10, 7, 11, 8], "texture": "#0"},
				"west": {"uv": [10, 7, 11, 8], "texture": "#0"},
				"up": {"uv": [10, 7, 11, 8], "texture": "#0"},
				"down": {"uv": [10, 7, 11, 8], "texture": "#0"}
			}
		},
		{
			"from": [13.59917, 10.84522, 7.06877],
			"to": [14.52, 11.66849, 9.33113],
			"rotation": {"angle": 0, "axis": "x", "origin": [14.09438, 10.93309, 9.01154]},
			"faces": {
				"north": {"uv": [4, 0, 5, 1], "rotation": 180, "texture": "#1"},
				"east": {"uv": [4, 0, 5, 1], "rotation": 180, "texture": "#1"},
				"south": {"uv": [4, 0, 5, 1], "rotation": 180, "texture": "#1"},
				"west": {"uv": [4, 0, 5, 1], "rotation": 180, "texture": "#1"},
				"up": {"uv": [4, 0, 5, 1], "rotation": 180, "texture": "#1"},
				"down": {"uv": [4, 0, 5, 1], "rotation": 180, "texture": "#1"}
			}
		},
		{
			"from": [13.6, 9.95003, 6.40623],
			"to": [14.52, 10.61277, 7.86877],
			"rotation": {"angle": 45, "axis": "x", "origin": [14.03649, 10.34087, 8.01186]},
			"faces": {
				"north": {"uv": [4, 0, 5, 1], "rotation": 180, "texture": "#1"},
				"east": {"uv": [4, 0, 5, 1], "rotation": 180, "texture": "#1"},
				"south": {"uv": [4, 0, 5, 1], "rotation": 180, "texture": "#1"},
				"west": {"uv": [4, 0, 5, 1], "rotation": 180, "texture": "#1"},
				"up": {"uv": [4, 0, 5, 1], "rotation": 180, "texture": "#1"},
				"down": {"uv": [4, 0, 5, 1], "rotation": 180, "texture": "#1"}
			}
		},
		{
			"from": [13.597, 10.16488, 7.63431],
			"to": [14.51905, 10.84522, 8.76554],
			"rotation": {"angle": 0, "axis": "x", "origin": [14.09221, 10.25257, 9.5759]},
			"faces": {
				"north": {"uv": [4, 0, 5, 1], "rotation": 180, "texture": "#1"},
				"east": {"uv": [4, 0, 5, 1], "rotation": 180, "texture": "#1"},
				"south": {"uv": [4, 0, 5, 1], "rotation": 180, "texture": "#1"},
				"west": {"uv": [4, 0, 5, 1], "rotation": 180, "texture": "#1"},
				"up": {"uv": [4, 0, 5, 1], "rotation": 180, "texture": "#1"},
				"down": {"uv": [4, 0, 5, 1], "rotation": 180, "texture": "#1"}
			}
		},
		{
			"from": [13.59905, 10.39905, 8.08125],
			"to": [14.51905, 11.86159, 8.74399],
			"rotation": {"angle": 45, "axis": "x", "origin": [14.03554, 10.25596, 8.4721]},
			"faces": {
				"north": {"uv": [4, 0, 5, 1], "rotation": 180, "texture": "#1"},
				"east": {"uv": [4, 0, 5, 1], "rotation": 180, "texture": "#1"},
				"south": {"uv": [4, 0, 5, 1], "rotation": 180, "texture": "#1"},
				"west": {"uv": [4, 0, 5, 1], "rotation": 180, "texture": "#1"},
				"up": {"uv": [4, 0, 5, 1], "rotation": 180, "texture": "#1"},
				"down": {"uv": [4, 0, 5, 1], "rotation": 180, "texture": "#1"}
			}
		},
		{
			"name": "Strap",
			"from": [13.597, 6.16488, 7.95431],
			"to": [14.59905, 6.84522, 8.44554],
			"rotation": {"angle": 0, "axis": "x", "origin": [14.09221, 6.45257, 9.5759]},
			"faces": {
				"north": {"uv": [3, 1, 7, 5], "rotation": 90, "texture": "#2"},
				"east": {"uv": [3, 1, 7, 5], "rotation": 90, "texture": "#2"},
				"south": {"uv": [3, 1, 7, 5], "rotation": 90, "texture": "#2"},
				"west": {"uv": [3, 1, 7, 5], "rotation": 90, "texture": "#2"},
				"up": {"uv": [3, 1, 7, 5], "rotation": 90, "texture": "#2"},
				"down": {"uv": [3, 1, 7, 5], "rotation": 90, "texture": "#2"}
			}
		},
		{
			"from": [13.6, 5.8, 6.6],
			"to": [14.4, 7.4, 9.8],
			"rotation": {"angle": 0, "axis": "y", "origin": [6.4, 10.6, 12.2]},
			"faces": {
				"north": {"uv": [10, 7, 11, 8], "texture": "#0"},
				"east": {"uv": [10, 7, 11, 8], "texture": "#0"},
				"south": {"uv": [10, 7, 11, 8], "texture": "#0"},
				"west": {"uv": [10, 7, 11, 8], "texture": "#0"},
				"up": {"uv": [10, 7, 11, 8], "texture": "#0"},
				"down": {"uv": [10, 7, 11, 8], "texture": "#0"}
			}
		},
		{
			"from": [13.6, 5, 7.4],
			"to": [14.4, 5.8, 9],
			"rotation": {"angle": 0, "axis": "y", "origin": [6.4, 10.6, 12.2]},
			"faces": {
				"north": {"uv": [10, 7, 11, 8], "texture": "#0"},
				"east": {"uv": [10, 7, 11, 8], "texture": "#0"},
				"south": {"uv": [10, 7, 11, 8], "texture": "#0"},
				"west": {"uv": [10, 7, 11, 8], "texture": "#0"},
				"up": {"uv": [10, 7, 11, 8], "texture": "#0"},
				"down": {"uv": [10, 7, 11, 8], "texture": "#0"}
			}
		},
		{
			"from": [13.59893, 5.19017, 8.55167],
			"to": [14.3974, 6.32233, 9.35275],
			"rotation": {"angle": 45, "axis": "x", "origin": [13.99263, 5.51957, 8.94367]},
			"faces": {
				"north": {"uv": [10, 7, 11, 8], "texture": "#0"},
				"east": {"uv": [10, 7, 11, 8], "texture": "#0"},
				"south": {"uv": [10, 7, 11, 8], "texture": "#0"},
				"west": {"uv": [10, 7, 11, 8], "texture": "#0"},
				"up": {"uv": [10, 7, 11, 8], "texture": "#0"},
				"down": {"uv": [10, 7, 11, 8], "texture": "#0"}
			}
		},
		{
			"from": [13.60153, 5.1181, 6.64151],
			"to": [14.4, 5.91919, 7.77367],
			"rotation": {"angle": 45, "axis": "x", "origin": [13.99523, 5.51011, 7.44427]},
			"faces": {
				"north": {"uv": [10, 7, 11, 8], "texture": "#0"},
				"east": {"uv": [10, 7, 11, 8], "texture": "#0"},
				"south": {"uv": [10, 7, 11, 8], "texture": "#0"},
				"west": {"uv": [10, 7, 11, 8], "texture": "#0"},
				"up": {"uv": [10, 7, 11, 8], "texture": "#0"},
				"down": {"uv": [10, 7, 11, 8], "texture": "#0"}
			}
		},
		{
			"from": [13.59917, 7.04522, 7.06877],
			"to": [14.52, 7.86849, 9.33113],
			"rotation": {"angle": 0, "axis": "x", "origin": [14.09438, 7.13309, 9.01154]},
			"faces": {
				"north": {"uv": [4, 0, 5, 1], "rotation": 180, "texture": "#1"},
				"east": {"uv": [4, 0, 5, 1], "rotation": 180, "texture": "#1"},
				"south": {"uv": [4, 0, 5, 1], "rotation": 180, "texture": "#1"},
				"west": {"uv": [4, 0, 5, 1], "rotation": 180, "texture": "#1"},
				"up": {"uv": [4, 0, 5, 1], "rotation": 180, "texture": "#1"},
				"down": {"uv": [4, 0, 5, 1], "rotation": 180, "texture": "#1"}
			}
		},
		{
			"from": [13.6, 6.15003, 6.40623],
			"to": [14.52, 6.81277, 7.86877],
			"rotation": {"angle": 45, "axis": "x", "origin": [14.03649, 6.54087, 8.01186]},
			"faces": {
				"north": {"uv": [4, 0, 5, 1], "rotation": 180, "texture": "#1"},
				"east": {"uv": [4, 0, 5, 1], "rotation": 180, "texture": "#1"},
				"south": {"uv": [4, 0, 5, 1], "rotation": 180, "texture": "#1"},
				"west": {"uv": [4, 0, 5, 1], "rotation": 180, "texture": "#1"},
				"up": {"uv": [4, 0, 5, 1], "rotation": 180, "texture": "#1"},
				"down": {"uv": [4, 0, 5, 1], "rotation": 180, "texture": "#1"}
			}
		},
		{
			"from": [13.597, 6.36488, 7.63431],
			"to": [14.51905, 7.04522, 8.76554],
			"rotation": {"angle": 0, "axis": "x", "origin": [14.09221, 6.45257, 9.5759]},
			"faces": {
				"north": {"uv": [4, 0, 5, 1], "rotation": 180, "texture": "#1"},
				"east": {"uv": [4, 0, 5, 1], "rotation": 180, "texture": "#1"},
				"south": {"uv": [4, 0, 5, 1], "rotation": 180, "texture": "#1"},
				"west": {"uv": [4, 0, 5, 1], "rotation": 180, "texture": "#1"},
				"up": {"uv": [4, 0, 5, 1], "rotation": 180, "texture": "#1"},
				"down": {"uv": [4, 0, 5, 1], "rotation": 180, "texture": "#1"}
			}
		},
		{
			"from": [13.59905, 6.59905, 8.08125],
			"to": [14.51905, 8.06159, 8.74399],
			"rotation": {"angle": 45, "axis": "x", "origin": [14.03554, 6.45596, 8.4721]},
			"faces": {
				"north": {"uv": [4, 0, 5, 1], "rotation": 180, "texture": "#1"},
				"east": {"uv": [4, 0, 5, 1], "rotation": 180, "texture": "#1"},
				"south": {"uv": [4, 0, 5, 1], "rotation": 180, "texture": "#1"},
				"west": {"uv": [4, 0, 5, 1], "rotation": 180, "texture": "#1"},
				"up": {"uv": [4, 0, 5, 1], "rotation": 180, "texture": "#1"},
				"down": {"uv": [4, 0, 5, 1], "rotation": 180, "texture": "#1"}
			}
		},
		{
			"name": "Strap",
			"from": [1.40095, 9.96488, 7.95431],
			"to": [2.403, 10.64522, 8.44554],
			"rotation": {"angle": 0, "axis": "x", "origin": [1.90779, 10.25257, 9.5759]},
			"faces": {
				"north": {"uv": [3, 1, 7, 5], "rotation": 90, "texture": "#2"},
				"east": {"uv": [3, 1, 7, 5], "rotation": 90, "texture": "#2"},
				"south": {"uv": [3, 1, 7, 5], "rotation": 90, "texture": "#2"},
				"west": {"uv": [3, 1, 7, 5], "rotation": 90, "texture": "#2"},
				"up": {"uv": [3, 1, 7, 5], "rotation": 90, "texture": "#2"},
				"down": {"uv": [3, 1, 7, 5], "rotation": 90, "texture": "#2"}
			}
		},
		{
			"from": [1.6, 9.6, 6.6],
			"to": [2.4, 11.2, 9.8],
			"rotation": {"angle": 0, "axis": "y", "origin": [9.6, 14.4, 12.2]},
			"faces": {
				"north": {"uv": [10, 7, 11, 8], "texture": "#0"},
				"east": {"uv": [10, 7, 11, 8], "texture": "#0"},
				"south": {"uv": [10, 7, 11, 8], "texture": "#0"},
				"west": {"uv": [10, 7, 11, 8], "texture": "#0"},
				"up": {"uv": [10, 7, 11, 8], "texture": "#0"},
				"down": {"uv": [10, 7, 11, 8], "texture": "#0"}
			}
		},
		{
			"from": [1.6, 8.8, 7.4],
			"to": [2.4, 9.6, 9],
			"rotation": {"angle": 0, "axis": "y", "origin": [9.6, 14.4, 12.2]},
			"faces": {
				"north": {"uv": [10, 7, 11, 8], "texture": "#0"},
				"east": {"uv": [10, 7, 11, 8], "texture": "#0"},
				"south": {"uv": [10, 7, 11, 8], "texture": "#0"},
				"west": {"uv": [10, 7, 11, 8], "texture": "#0"},
				"up": {"uv": [10, 7, 11, 8], "texture": "#0"},
				"down": {"uv": [10, 7, 11, 8], "texture": "#0"}
			}
		},
		{
			"from": [1.6026, 8.99017, 8.55167],
			"to": [2.40107, 10.12233, 9.35275],
			"rotation": {"angle": 45, "axis": "x", "origin": [2.00737, 9.31957, 8.94367]},
			"faces": {
				"north": {"uv": [10, 7, 11, 8], "texture": "#0"},
				"east": {"uv": [10, 7, 11, 8], "texture": "#0"},
				"south": {"uv": [10, 7, 11, 8], "texture": "#0"},
				"west": {"uv": [10, 7, 11, 8], "texture": "#0"},
				"up": {"uv": [10, 7, 11, 8], "texture": "#0"},
				"down": {"uv": [10, 7, 11, 8], "texture": "#0"}
			}
		},
		{
			"from": [1.6, 8.9181, 6.64151],
			"to": [2.39847, 9.71919, 7.77367],
			"rotation": {"angle": 45, "axis": "x", "origin": [2.00477, 9.31011, 7.44427]},
			"faces": {
				"north": {"uv": [10, 7, 11, 8], "texture": "#0"},
				"east": {"uv": [10, 7, 11, 8], "texture": "#0"},
				"south": {"uv": [10, 7, 11, 8], "texture": "#0"},
				"west": {"uv": [10, 7, 11, 8], "texture": "#0"},
				"up": {"uv": [10, 7, 11, 8], "texture": "#0"},
				"down": {"uv": [10, 7, 11, 8], "texture": "#0"}
			}
		},
		{
			"from": [1.48, 10.84522, 7.06877],
			"to": [2.40083, 11.66849, 9.33113],
			"rotation": {"angle": 0, "axis": "x", "origin": [1.90562, 10.93309, 9.01154]},
			"faces": {
				"north": {"uv": [4, 0, 5, 1], "rotation": 180, "texture": "#1"},
				"east": {"uv": [4, 0, 5, 1], "rotation": 180, "texture": "#1"},
				"south": {"uv": [4, 0, 5, 1], "rotation": 180, "texture": "#1"},
				"west": {"uv": [4, 0, 5, 1], "rotation": 180, "texture": "#1"},
				"up": {"uv": [4, 0, 5, 1], "rotation": 180, "texture": "#1"},
				"down": {"uv": [4, 0, 5, 1], "rotation": 180, "texture": "#1"}
			}
		},
		{
			"from": [1.48, 9.95003, 6.40623],
			"to": [2.4, 10.61277, 7.86877],
			"rotation": {"angle": 45, "axis": "x", "origin": [1.96351, 10.34087, 8.01186]},
			"faces": {
				"north": {"uv": [4, 0, 5, 1], "rotation": 180, "texture": "#1"},
				"east": {"uv": [4, 0, 5, 1], "rotation": 180, "texture": "#1"},
				"south": {"uv": [4, 0, 5, 1], "rotation": 180, "texture": "#1"},
				"west": {"uv": [4, 0, 5, 1], "rotation": 180, "texture": "#1"},
				"up": {"uv": [4, 0, 5, 1], "rotation": 180, "texture": "#1"},
				"down": {"uv": [4, 0, 5, 1], "rotation": 180, "texture": "#1"}
			}
		},
		{
			"from": [1.48095, 10.16488, 7.63431],
			"to": [2.403, 10.84522, 8.76554],
			"rotation": {"angle": 0, "axis": "x", "origin": [1.90779, 10.25257, 9.5759]},
			"faces": {
				"north": {"uv": [4, 0, 5, 1], "rotation": 180, "texture": "#1"},
				"east": {"uv": [4, 0, 5, 1], "rotation": 180, "texture": "#1"},
				"south": {"uv": [4, 0, 5, 1], "rotation": 180, "texture": "#1"},
				"west": {"uv": [4, 0, 5, 1], "rotation": 180, "texture": "#1"},
				"up": {"uv": [4, 0, 5, 1], "rotation": 180, "texture": "#1"},
				"down": {"uv": [4, 0, 5, 1], "rotation": 180, "texture": "#1"}
			}
		},
		{
			"from": [1.48095, 10.39905, 8.08125],
			"to": [2.40095, 11.86159, 8.74399],
			"rotation": {"angle": 45, "axis": "x", "origin": [1.96446, 10.25596, 8.4721]},
			"faces": {
				"north": {"uv": [4, 0, 5, 1], "rotation": 180, "texture": "#1"},
				"east": {"uv": [4, 0, 5, 1], "rotation": 180, "texture": "#1"},
				"south": {"uv": [4, 0, 5, 1], "rotation": 180, "texture": "#1"},
				"west": {"uv": [4, 0, 5, 1], "rotation": 180, "texture": "#1"},
				"up": {"uv": [4, 0, 5, 1], "rotation": 180, "texture": "#1"},
				"down": {"uv": [4, 0, 5, 1], "rotation": 180, "texture": "#1"}
			}
		},
		{
			"name": "Strap",
			"from": [1.40095, 6.16488, 7.95431],
			"to": [2.403, 6.84522, 8.44554],
			"rotation": {"angle": 0, "axis": "x", "origin": [1.90779, 6.45257, 9.5759]},
			"faces": {
				"north": {"uv": [3, 1, 7, 5], "rotation": 90, "texture": "#2"},
				"east": {"uv": [3, 1, 7, 5], "rotation": 90, "texture": "#2"},
				"south": {"uv": [3, 1, 7, 5], "rotation": 90, "texture": "#2"},
				"west": {"uv": [3, 1, 7, 5], "rotation": 90, "texture": "#2"},
				"up": {"uv": [3, 1, 7, 5], "rotation": 90, "texture": "#2"},
				"down": {"uv": [3, 1, 7, 5], "rotation": 90, "texture": "#2"}
			}
		},
		{
			"from": [1.6, 5.8, 6.6],
			"to": [2.4, 7.4, 9.8],
			"rotation": {"angle": 0, "axis": "y", "origin": [9.6, 10.6, 12.2]},
			"faces": {
				"north": {"uv": [10, 7, 11, 8], "texture": "#0"},
				"east": {"uv": [10, 7, 11, 8], "texture": "#0"},
				"south": {"uv": [10, 7, 11, 8], "texture": "#0"},
				"west": {"uv": [10, 7, 11, 8], "texture": "#0"},
				"up": {"uv": [10, 7, 11, 8], "texture": "#0"},
				"down": {"uv": [10, 7, 11, 8], "texture": "#0"}
			}
		},
		{
			"from": [1.6, 5, 7.4],
			"to": [2.4, 5.8, 9],
			"rotation": {"angle": 0, "axis": "y", "origin": [9.6, 10.6, 12.2]},
			"faces": {
				"north": {"uv": [10, 7, 11, 8], "texture": "#0"},
				"east": {"uv": [10, 7, 11, 8], "texture": "#0"},
				"south": {"uv": [10, 7, 11, 8], "texture": "#0"},
				"west": {"uv": [10, 7, 11, 8], "texture": "#0"},
				"up": {"uv": [10, 7, 11, 8], "texture": "#0"},
				"down": {"uv": [10, 7, 11, 8], "texture": "#0"}
			}
		},
		{
			"from": [1.6026, 5.19017, 8.55167],
			"to": [2.40107, 6.32233, 9.35275],
			"rotation": {"angle": 45, "axis": "x", "origin": [2.00737, 5.51957, 8.94367]},
			"faces": {
				"north": {"uv": [10, 7, 11, 8], "texture": "#0"},
				"east": {"uv": [10, 7, 11, 8], "texture": "#0"},
				"south": {"uv": [10, 7, 11, 8], "texture": "#0"},
				"west": {"uv": [10, 7, 11, 8], "texture": "#0"},
				"up": {"uv": [10, 7, 11, 8], "texture": "#0"},
				"down": {"uv": [10, 7, 11, 8], "texture": "#0"}
			}
		},
		{
			"from": [1.6, 5.1181, 6.64151],
			"to": [2.39847, 5.91919, 7.77367],
			"rotation": {"angle": 45, "axis": "x", "origin": [2.00477, 5.51011, 7.44427]},
			"faces": {
				"north": {"uv": [10, 7, 11, 8], "texture": "#0"},
				"east": {"uv": [10, 7, 11, 8], "texture": "#0"},
				"south": {"uv": [10, 7, 11, 8], "texture": "#0"},
				"west": {"uv": [10, 7, 11, 8], "texture": "#0"},
				"up": {"uv": [10, 7, 11, 8], "texture": "#0"},
				"down": {"uv": [10, 7, 11, 8], "texture": "#0"}
			}
		},
		{
			"from": [1.48, 7.04522, 7.06877],
			"to": [2.40083, 7.86849, 9.33113],
			"rotation": {"angle": 0, "axis": "x", "origin": [1.90562, 7.13309, 9.01154]},
			"faces": {
				"north": {"uv": [4, 0, 5, 1], "rotation": 180, "texture": "#1"},
				"east": {"uv": [4, 0, 5, 1], "rotation": 180, "texture": "#1"},
				"south": {"uv": [4, 0, 5, 1], "rotation": 180, "texture": "#1"},
				"west": {"uv": [4, 0, 5, 1], "rotation": 180, "texture": "#1"},
				"up": {"uv": [4, 0, 5, 1], "rotation": 180, "texture": "#1"},
				"down": {"uv": [4, 0, 5, 1], "rotation": 180, "texture": "#1"}
			}
		},
		{
			"from": [1.48, 6.15003, 6.40623],
			"to": [2.4, 6.81277, 7.86877],
			"rotation": {"angle": 45, "axis": "x", "origin": [1.96351, 6.54087, 8.01186]},
			"faces": {
				"north": {"uv": [4, 0, 5, 1], "rotation": 180, "texture": "#1"},
				"east": {"uv": [4, 0, 5, 1], "rotation": 180, "texture": "#1"},
				"south": {"uv": [4, 0, 5, 1], "rotation": 180, "texture": "#1"},
				"west": {"uv": [4, 0, 5, 1], "rotation": 180, "texture": "#1"},
				"up": {"uv": [4, 0, 5, 1], "rotation": 180, "texture": "#1"},
				"down": {"uv": [4, 0, 5, 1], "rotation": 180, "texture": "#1"}
			}
		},
		{
			"from": [1.48095, 6.36488, 7.63431],
			"to": [2.403, 7.04522, 8.76554],
			"rotation": {"angle": 0, "axis": "x", "origin": [1.90779, 6.45257, 9.5759]},
			"faces": {
				"north": {"uv": [4, 0, 5, 1], "rotation": 180, "texture": "#1"},
				"east": {"uv": [4, 0, 5, 1], "rotation": 180, "texture": "#1"},
				"south": {"uv": [4, 0, 5, 1], "rotation": 180, "texture": "#1"},
				"west": {"uv": [4, 0, 5, 1], "rotation": 180, "texture": "#1"},
				"up": {"uv": [4, 0, 5, 1], "rotation": 180, "texture": "#1"},
				"down": {"uv": [4, 0, 5, 1], "rotation": 180, "texture": "#1"}
			}
		},
		{
			"from": [1.48095, 6.59905, 8.08125],
			"to": [2.40095, 8.06159, 8.74399],
			"rotation": {"angle": 45, "axis": "x", "origin": [1.96446, 6.45596, 8.4721]},
			"faces": {
				"north": {"uv": [4, 0, 5, 1], "rotation": 180, "texture": "#1"},
				"east": {"uv": [4, 0, 5, 1], "rotation": 180, "texture": "#1"},
				"south": {"uv": [4, 0, 5, 1], "rotation": 180, "texture": "#1"},
				"west": {"uv": [4, 0, 5, 1], "rotation": 180, "texture": "#1"},
				"up": {"uv": [4, 0, 5, 1], "rotation": 180, "texture": "#1"},
				"down": {"uv": [4, 0, 5, 1], "rotation": 180, "texture": "#1"}
			}
		}
	],
	"display": {
		"thirdperson_righthand": {
			"rotation": [61.25, -9, 0],
			"translation": [-1.75, 0.5, -3],
			"scale": [0.62305, 0.62305, 0.62305]
		},
		"thirdperson_lefthand": {
			"rotation": [68.75, -180, 0],
			"translation": [-5.5, -7.75, 8.5]
		},
		"firstperson_righthand": {
			"rotation": [0, 121.75, 0],
			"translation": [3, 1, -2.5],
			"scale": [0.55664, 0.55664, 0.55664]
		},
		"firstperson_lefthand": {
			"rotation": [0, 121.75, 0],
			"translation": [3, 1, -2.5],
			"scale": [0.001, 0.001, 0.001]
		},
		"ground": {
			"translation": [0, 1, 0]
		},
		"gui": {
			"rotation": [19, -145, -4],
			"translation": [0.75, -0.5, 0],
			"scale": [0.93555, 0.93555, 0.93555]
		},
		"head": {
			"rotation": [0, 180, 0],
			"translation": [0, -14.75, 7.5],
			"scale": [1.6, 1.6, 1.6]
		},
		"fixed": {
			"rotation": [-74.25, 0, 0],
			"translation": [0, 0, -10],
			"scale": [2, 2, 2]
		}
	},
	"groups": [
		{
			"name": "Strap (Left)",
			"origin": [7.47508, 6.2783, 7.52735],
			"children": [0, 1, 2, 3, 4, 5, 6, 7]
		},
		{
			"name": "Strap (Left)",
			"origin": [7.47508, 6.2783, 7.52735],
			"children": [8, 9, 10, 11]
		},
		{
			"name": "Bag",
			"origin": [8, 8, 8],
			"children": [
				{
					"name": "Flap",
					"origin": [10, 8, 12],
					"children": [
						{
							"name": "Trim",
							"origin": [14.70923, 12.65652, 10.39462],
							"children": [12, 13, 14, 15, 16, 17, 18, 19, 20, 21, 22, 23, 24, 25, 26, 27, 28, 29, 30, 31, 32, 33, 34, 35]
						}, 36, 37, 38]
				},
				{
					"name": "Bag Body",
					"origin": [10, 8, 12],
					"children": [39, 40, 41, 42, 43, 44, 45, 46, 47, 48]
				},
				{
					"name": "Front Pouches",
					"origin": [8, 8, 8],
					"children": [
						{
							"name": "Pouch",
							"origin": [8, 8, 8],
							"children": [49,
								{
									"name": "Bottom Pouch",
									"origin": [0.50596, 2.63763, 6.05534],
									"children": [50, 51, 52, 53]
								},
								{
									"name": "Top Flap",
									"origin": [0.45558, 3.81996, 7.34012],
									"children": [54, 55, 56, 57]
								}
							]
						},
						{
							"name": "Pouch",
							"origin": [8, 8, 8],
							"children": [58,
								{
									"name": "Bottom Pouch",
									"origin": [0.50596, 2.63763, 6.05534],
									"children": [59, 60, 61, 62]
								},
								{
									"name": "Top Flap",
									"origin": [0.45558, 3.81996, 7.34012],
									"children": [63, 64, 65, 66]
								}
							]
						}
					]
				},
				{
					"name": "Left Side Pouches",
					"origin": [8, 8, 8],
					"children": [
						{
							"name": "Pouch",
							"origin": [8, 8, 8],
							"children": [67,
								{
									"name": "Bottom Pouch",
									"origin": [0.50596, 2.63763, 6.05534],
									"children": [68, 69, 70, 71]
								},
								{
									"name": "Top Flap",
									"origin": [0.45558, 3.81996, 7.34012],
									"children": [72, 73, 74, 75]
								}
							]
						},
						{
							"name": "Pouch",
							"origin": [8, 8, 8],
							"children": [76,
								{
									"name": "Bottom Pouch",
									"origin": [0.50596, 2.63763, 6.05534],
									"children": [77, 78, 79, 80]
								},
								{
									"name": "Top Flap",
									"origin": [0.45558, 3.81996, 7.34012],
									"children": [81, 82, 83, 84]
								}
							]
						}
					]
				},
				{
					"name": "Right Side Pouches",
					"origin": [8, 8, 8],
					"children": [
						{
							"name": "Pouch",
							"origin": [8, 8, 8],
							"children": [85,
								{
									"name": "Bottom Pouch",
									"origin": [0.50596, 2.63763, 6.05534],
									"children": [86, 87, 88, 89]
								},
								{
									"name": "Top Flap",
									"origin": [0.45558, 3.81996, 7.34012],
									"children": [90, 91, 92, 93]
								}
							]
						},
						{
							"name": "Pouch",
							"origin": [8, 8, 8],
							"children": [94,
								{
									"name": "Bottom Pouch",
									"origin": [0.50596, 2.63763, 6.05534],
									"children": [95, 96, 97, 98]
								},
								{
									"name": "Top Flap",
									"origin": [0.45558, 3.81996, 7.34012],
									"children": [99, 100, 101, 102]
								}
							]
						}
					]
				}
			]
		}
	]
}