{
	"credit": "Made with Blockbench",
	"textures": {
		"0": "block/MizunoArchive/jack_o_lantern_1e",
		"1": "block/MizunoArchive/pumpkin_side",
		"2": "block/MizunoArchive/black_wool",
		"1_1": "block/candybars"
	},
	"elements": [
		{
			"name": "Face",
			"from": [3, 2, 3.875],
			"to": [13, 12, 3.875],
			"rotation": {"angle": 0, "axis": "y", "origin": [8, 8, 7.875]},
			"faces": {
				"north": {"uv": [2, 4, 14, 14], "texture": "#0"}
			}
		},
		{
			"from": [2, 0, 4],
			"to": [14, 13, 12],
			"faces": {
				"north": {"uv": [0, 0, 12, 13], "texture": "#1"},
				"east": {"uv": [1, 0, 10, 13], "texture": "#1"},
				"south": {"uv": [0, 0, 12, 13], "texture": "#1"},
				"west": {"uv": [1, 0, 10, 13], "texture": "#1"},
				"up": {"uv": [0, 0, 12, 8], "texture": "#2"},
				"down": {"uv": [0, 2, 5, 10], "texture": "#1"}
			}
		},
		{
			"from": [2, 13, 4],
			"to": [14, 15, 5],
			"faces": {
				"north": {"uv": [0, 0, 12, 2], "texture": "#1"},
				"east": {"uv": [0, 0, 1, 2], "texture": "#1"},
				"south": {"uv": [0, 0, 12, 2], "texture": "#1"},
				"west": {"uv": [0, 0, 1, 2], "texture": "#1"},
				"up": {"uv": [0, 0, 12, 1], "texture": "#1"},
				"down": {"uv": [0, 0, 12, 1], "texture": "#1"}
			}
		},
		{
			"from": [2.75349, 14.0152, 4.02229],
			"to": [4.75349, 16.0152, 5.02229],
			"rotation": {"angle": -45, "axis": "z", "origin": [3.73692, 15.01255, 4.5415]},
			"faces": {
				"north": {"uv": [0, 0, 2, 2], "texture": "#1"},
				"east": {"uv": [0, 0, 1, 2], "texture": "#1"},
				"south": {"uv": [0, 0, 2, 2], "texture": "#1"},
				"west": {"uv": [0, 0, 1, 2], "texture": "#1"},
				"up": {"uv": [0, 0, 2, 1], "texture": "#1"},
				"down": {"uv": [0, 0, 2, 1], "texture": "#1"}
			}
		},
		{
			"from": [5.58191, 14.00906, 4.02843],
			"to": [7.58191, 16.00906, 5.02843],
			"rotation": {"angle": -45, "axis": "z", "origin": [6.56534, 15.00641, 4.54764]},
			"faces": {
				"north": {"uv": [0, 0, 2, 2], "texture": "#1"},
				"east": {"uv": [0, 0, 1, 2], "texture": "#1"},
				"south": {"uv": [0, 0, 2, 2], "texture": "#1"},
				"west": {"uv": [0, 0, 1, 2], "texture": "#1"},
				"up": {"uv": [0, 0, 2, 1], "texture": "#1"},
				"down": {"uv": [0, 0, 2, 1], "texture": "#1"}
			}
		},
		{
			"from": [8.41034, 14.00785, 4.02962],
			"to": [10.41034, 16.00785, 5.02962],
			"rotation": {"angle": -45, "axis": "z", "origin": [9.39378, 15.0052, 4.54884]},
			"faces": {
				"north": {"uv": [0, 0, 2, 2], "texture": "#1"},
				"east": {"uv": [0, 0, 1, 2], "texture": "#1"},
				"south": {"uv": [0, 0, 2, 2], "texture": "#1"},
				"west": {"uv": [0, 0, 1, 2], "texture": "#1"},
				"up": {"uv": [0, 0, 2, 1], "texture": "#1"},
				"down": {"uv": [0, 0, 2, 1], "texture": "#1"}
			}
		},
		{
			"from": [11.23876, 14.01279, 4.0247],
			"to": [13.23876, 16.01279, 5.0247],
			"rotation": {"angle": -45, "axis": "z", "origin": [12.2222, 15.01014, 4.54391]},
			"faces": {
				"north": {"uv": [0, 0, 2, 2], "texture": "#1"},
				"east": {"uv": [0, 0, 1, 2], "texture": "#1"},
				"south": {"uv": [0, 0, 2, 2], "texture": "#1"},
				"west": {"uv": [0, 0, 1, 2], "texture": "#1"},
				"up": {"uv": [0, 0, 2, 1], "texture": "#1"},
				"down": {"uv": [0, 0, 2, 1], "texture": "#1"}
			}
		},
		{
			"from": [12.98828, 11.99158, 5.67673],
			"to": [13.97297, 13.66589, 7.34449],
			"rotation": {"angle": 45, "axis": "x", "origin": [13.50747, 14.97799, 8.68169]},
			"faces": {
				"north": {"uv": [0.9847, 0, 1.96939, 1.67432], "texture": "#1"},
				"east": {"uv": [1.66776, 0, 3.33551, 1.67432], "texture": "#1"},
				"south": {"uv": [0.9847, 0, 1.96939, 1.67432], "texture": "#1"},
				"west": {"uv": [1.66776, 0, 3.33551, 1.67432], "texture": "#1"},
				"up": {"uv": [0, 0.9847, 1.66776, 1.96939], "rotation": 90, "texture": "#1"},
				"down": {"uv": [0, 0.9847, 1.66776, 1.96939], "rotation": 270, "texture": "#1"}
			}
		},
		{
			"from": [12.98911, 13.99883, 7.21586],
			"to": [13.9738, 15.67315, 8.88362],
			"rotation": {"angle": 45, "axis": "x", "origin": [13.50216, 14.98959, 8.21648]},
			"faces": {
				"north": {"uv": [1, 0, 1.9847, 1.67432], "texture": "#1"},
				"east": {"uv": [2, 0, 3.66776, 1.67432], "texture": "#1"},
				"south": {"uv": [1, 0, 1.9847, 1.67432], "texture": "#1"},
				"west": {"uv": [2, 0, 3.66776, 1.67432], "texture": "#1"},
				"up": {"uv": [0, 1, 1.66776, 1.9847], "rotation": 90, "texture": "#1"},
				"down": {"uv": [0, 1, 1.66776, 1.9847], "rotation": 270, "texture": "#1"}
			}
		},
		{
			"from": [12.98993, 16.00465, 8.7515],
			"to": [13.97462, 17.67897, 10.41925],
			"rotation": {"angle": 45, "axis": "x", "origin": [13.50179, 14.99626, 7.75126]},
			"faces": {
				"north": {"uv": [0.9847, 0, 1.96939, 1.67432], "texture": "#1"},
				"east": {"uv": [1.66776, 0, 3.33551, 1.67432], "texture": "#1"},
				"south": {"uv": [0.9847, 0, 1.96939, 1.67432], "texture": "#1"},
				"west": {"uv": [1.66776, 0, 3.33551, 1.67432], "texture": "#1"},
				"up": {"uv": [0, 0.9847, 1.66776, 1.96939], "rotation": 90, "texture": "#1"},
				"down": {"uv": [0, 0.9847, 1.66776, 1.96939], "rotation": 270, "texture": "#1"}
			}
		},
		{
			"from": [11.23876, 14.01279, 10.9747],
			"to": [13.23876, 16.01279, 11.9747],
			"rotation": {"angle": -45, "axis": "z", "origin": [12.2222, 15.01014, 11.49391]},
			"faces": {
				"north": {"uv": [0, 0, 2, 2], "texture": "#1"},
				"east": {"uv": [0, 0, 1, 2], "texture": "#1"},
				"south": {"uv": [0, 0, 2, 2], "texture": "#1"},
				"west": {"uv": [0, 0, 1, 2], "texture": "#1"},
				"up": {"uv": [0, 0, 2, 1], "texture": "#1"},
				"down": {"uv": [0, 0, 2, 1], "texture": "#1"}
			}
		},
		{
			"from": [8.41034, 14.00785, 10.97962],
			"to": [10.41034, 16.00785, 11.97962],
			"rotation": {"angle": -45, "axis": "z", "origin": [9.39378, 15.0052, 11.49884]},
			"faces": {
				"north": {"uv": [0, 0, 2, 2], "texture": "#1"},
				"east": {"uv": [0, 0, 1, 2], "texture": "#1"},
				"south": {"uv": [0, 0, 2, 2], "texture": "#1"},
				"west": {"uv": [0, 0, 1, 2], "texture": "#1"},
				"up": {"uv": [0, 0, 2, 1], "texture": "#1"},
				"down": {"uv": [0, 0, 2, 1], "texture": "#1"}
			}
		},
		{
			"from": [5.58191, 14.00906, 10.97843],
			"to": [7.58191, 16.00906, 11.97843],
			"rotation": {"angle": -45, "axis": "z", "origin": [6.56534, 15.00641, 11.49764]},
			"faces": {
				"north": {"uv": [0, 0, 2, 2], "texture": "#1"},
				"east": {"uv": [0, 0, 1, 2], "texture": "#1"},
				"south": {"uv": [0, 0, 2, 2], "texture": "#1"},
				"west": {"uv": [0, 0, 1, 2], "texture": "#1"},
				"up": {"uv": [0, 0, 2, 1], "texture": "#1"},
				"down": {"uv": [0, 0, 2, 1], "texture": "#1"}
			}
		},
		{
			"from": [2.75349, 14.0152, 10.97229],
			"to": [4.75349, 16.0152, 11.97229],
			"rotation": {"angle": -45, "axis": "z", "origin": [3.73692, 15.01255, 11.4915]},
			"faces": {
				"north": {"uv": [0, 0, 2, 2], "texture": "#1"},
				"east": {"uv": [0, 0, 1, 2], "texture": "#1"},
				"south": {"uv": [0, 0, 2, 2], "texture": "#1"},
				"west": {"uv": [0, 0, 1, 2], "texture": "#1"},
				"up": {"uv": [0, 0, 2, 1], "texture": "#1"},
				"down": {"uv": [0, 0, 2, 1], "texture": "#1"}
			}
		},
		{
			"from": [2.0762, 13.99883, 7.21586],
			"to": [3.06089, 15.67315, 8.88362],
			"rotation": {"angle": 45, "axis": "x", "origin": [2.54784, 14.98959, 8.21648]},
			"faces": {
				"north": {"uv": [0, 0, 0.9847, 1.67432], "texture": "#1"},
				"east": {"uv": [0, 0, 1.66776, 1.67432], "texture": "#1"},
				"south": {"uv": [0, 0, 0.9847, 1.67432], "texture": "#1"},
				"west": {"uv": [0, 0, 1.66776, 1.67432], "texture": "#1"},
				"up": {"uv": [0, 0, 1.66776, 0.9847], "rotation": 90, "texture": "#1"},
				"down": {"uv": [0, 0, 1.66776, 0.9847], "rotation": 270, "texture": "#1"}
			}
		},
		{
			"from": [2.07703, 11.99158, 5.67673],
			"to": [3.06172, 13.66589, 7.34449],
			"rotation": {"angle": 45, "axis": "x", "origin": [2.54253, 14.97799, 8.68169]},
			"faces": {
				"north": {"uv": [0, 0, 0.9847, 1.67432], "texture": "#1"},
				"east": {"uv": [0, 0, 1.66776, 1.67432], "texture": "#1"},
				"south": {"uv": [0, 0, 0.9847, 1.67432], "texture": "#1"},
				"west": {"uv": [0, 0, 1.66776, 1.67432], "texture": "#1"},
				"up": {"uv": [0, 0, 1.66776, 0.9847], "rotation": 90, "texture": "#1"},
				"down": {"uv": [0, 0, 1.66776, 0.9847], "rotation": 270, "texture": "#1"}
			}
		},
		{
			"from": [2.07538, 16.00465, 8.7515],
			"to": [3.06007, 17.67897, 10.41925],
			"rotation": {"angle": 45, "axis": "x", "origin": [2.54821, 14.99626, 7.75126]},
			"faces": {
				"north": {"uv": [0, 0, 0.9847, 1.67432], "texture": "#1"},
				"east": {"uv": [0, 0, 1.66776, 1.67432], "texture": "#1"},
				"south": {"uv": [0, 0, 0.9847, 1.67432], "texture": "#1"},
				"west": {"uv": [0, 0, 1.66776, 1.67432], "texture": "#1"},
				"up": {"uv": [0, 0, 1.66776, 0.9847], "rotation": 90, "texture": "#1"},
				"down": {"uv": [0, 0, 1.66776, 0.9847], "rotation": 270, "texture": "#1"}
			}
		},
		{
			"from": [2, 13, 11],
			"to": [14, 15, 12],
			"faces": {
				"north": {"uv": [0, 0, 12, 2], "texture": "#1"},
				"east": {"uv": [0, 0, 1, 2], "texture": "#1"},
				"south": {"uv": [0, 0, 12, 2], "texture": "#1"},
				"west": {"uv": [0, 0, 1, 2], "texture": "#1"},
				"up": {"uv": [0, 0, 12, 1], "texture": "#1"},
				"down": {"uv": [0, 0, 12, 1], "texture": "#1"}
			}
		},
		{
			"from": [13.00612, 13, 5.01484],
			"to": [14.00612, 15, 11.01484],
			"rotation": {"angle": 0, "axis": "y", "origin": [7.99564, 13.99387, 11.51048]},
			"faces": {
				"north": {"uv": [0, 0, 1, 2], "texture": "#1"},
				"east": {"uv": [0, 0, 6, 2], "texture": "#1"},
				"south": {"uv": [0, 0, 1, 2], "texture": "#1"},
				"west": {"uv": [0, 0, 6, 2], "texture": "#1"},
				"up": {"uv": [0, 0, 6, 1], "rotation": 90, "texture": "#1"},
				"down": {"uv": [0, 0, 6, 1], "rotation": 270, "texture": "#1"}
			}
		},
		{
			"from": [2.00612, 13, 5.01484],
			"to": [3.00612, 15, 11.01484],
			"rotation": {"angle": 0, "axis": "y", "origin": [7.99564, 13.99387, 11.51048]},
			"faces": {
				"north": {"uv": [0, 0, 1, 2], "texture": "#1"},
				"east": {"uv": [0, 0, 6, 2], "texture": "#1"},
				"south": {"uv": [0, 0, 1, 2], "texture": "#1"},
				"west": {"uv": [0, 0, 6, 2], "texture": "#1"},
				"up": {"uv": [0, 0, 6, 1], "rotation": 90, "texture": "#1"},
				"down": {"uv": [0, 0, 6, 1], "rotation": 270, "texture": "#1"}
			}
		},
		{
			"from": [1.5, 12.5, 7.5],
			"to": [2, 13.5, 8.5],
			"rotation": {"angle": 0, "axis": "y", "origin": [9, 20.5, 15.5]},
			"faces": {
				"north": {"uv": [0, 0, 0.5, 1], "texture": "#2"},
				"east": {"uv": [0, 0, 1, 1], "texture": "#2"},
				"south": {"uv": [0, 0, 0.5, 1], "texture": "#2"},
				"west": {"uv": [0, 0, 1, 1], "texture": "#2"},
				"up": {"uv": [0, 0, 0.5, 1], "texture": "#2"},
				"down": {"uv": [0, 0, 0.5, 1], "texture": "#2"}
			}
		},
		{
			"from": [14, 12.5, 7.5],
			"to": [14.5, 13.5, 8.5],
			"rotation": {"angle": 0, "axis": "y", "origin": [7, 20.5, 15.5]},
			"faces": {
				"north": {"uv": [0.5, 0, 0, 1], "texture": "#2"},
				"east": {"uv": [1, 0, 0, 1], "texture": "#2"},
				"south": {"uv": [0.5, 0, 0, 1], "texture": "#2"},
				"west": {"uv": [1, 0, 0, 1], "texture": "#2"},
				"up": {"uv": [0.5, 0, 0, 1], "texture": "#2"},
				"down": {"uv": [0.5, 0, 0, 1], "texture": "#2"}
			}
		},
		{
			"from": [1.75, 13.5, 7.75],
			"to": [2, 19.5, 8.25],
			"rotation": {"angle": 0, "axis": "y", "origin": [9, 20.5, 15.5]},
			"faces": {
				"north": {"uv": [0, 0, 0.25, 6], "texture": "#2"},
				"east": {"uv": [0, 0, 0.5, 6], "texture": "#2"},
				"south": {"uv": [0, 0, 0.25, 6], "texture": "#2"},
				"west": {"uv": [0, 0, 0.5, 6], "texture": "#2"},
				"up": {"uv": [0, 0, 0.25, 0.5], "texture": "#2"},
				"down": {"uv": [0, 0, 0.25, 0.5], "texture": "#2"}
			}
		},
		{
			"from": [14, 13.5, 7.75],
			"to": [14.25, 19.5, 8.25],
			"rotation": {"angle": 0, "axis": "y", "origin": [7, 20.5, 15.5]},
			"faces": {
				"north": {"uv": [0.25, 0, 0, 6], "texture": "#2"},
				"east": {"uv": [0.5, 0, 0, 6], "texture": "#2"},
				"south": {"uv": [0.25, 0, 0, 6], "texture": "#2"},
				"west": {"uv": [0.5, 0, 0, 6], "texture": "#2"},
				"up": {"uv": [0.25, 0, 0, 0.5], "texture": "#2"},
				"down": {"uv": [0.25, 0, 0, 0.5], "texture": "#2"}
			}
		},
		{
			"from": [1.92757, 19.42257, 7.7513],
			"to": [2.17757, 21.42257, 8.2513],
			"rotation": {"angle": -22.5, "axis": "z", "origin": [2.03339, 19.91183, 8.0312]},
			"faces": {
				"north": {"uv": [0, 0, 0.25, 2], "texture": "#2"},
				"east": {"uv": [0, 0, 0.5, 2], "texture": "#2"},
				"south": {"uv": [0, 0, 0.25, 2], "texture": "#2"},
				"west": {"uv": [0, 0, 0.5, 2], "texture": "#2"},
				"up": {"uv": [0, 0, 0.25, 0.5], "texture": "#2"},
				"down": {"uv": [0, 0, 0.25, 0.5], "texture": "#2"}
			}
		},
		{
			"from": [13.82243, 19.42257, 7.7513],
			"to": [14.07243, 21.42257, 8.2513],
			"rotation": {"angle": 22.5, "axis": "z", "origin": [13.96661, 19.91183, 8.0312]},
			"faces": {
				"north": {"uv": [0.25, 0, 0, 2], "texture": "#2"},
				"east": {"uv": [0.5, 0, 0, 2], "texture": "#2"},
				"south": {"uv": [0.25, 0, 0, 2], "texture": "#2"},
				"west": {"uv": [0.5, 0, 0, 2], "texture": "#2"},
				"up": {"uv": [0.25, 0, 0, 0.5], "texture": "#2"},
				"down": {"uv": [0.25, 0, 0, 0.5], "texture": "#2"}
			}
		},
		{
			"from": [3.17373, 20.98515, 7.75225],
			"to": [3.42373, 22.98515, 8.25225],
			"rotation": {"angle": -45, "axis": "z", "origin": [3.28265, 21.96757, 8.03391]},
			"faces": {
				"north": {"uv": [0, 0, 0.25, 2], "texture": "#2"},
				"east": {"uv": [0, 0, 0.5, 2], "texture": "#2"},
				"south": {"uv": [0, 0, 0.25, 2], "texture": "#2"},
				"west": {"uv": [0, 0, 0.5, 2], "texture": "#2"},
				"up": {"uv": [0, 0, 0.25, 0.5], "texture": "#2"},
				"down": {"uv": [0, 0, 0.25, 0.5], "texture": "#2"}
			}
		},
		{
			"from": [12.57627, 20.98515, 7.75225],
			"to": [12.82627, 22.98515, 8.25225],
			"rotation": {"angle": 45, "axis": "z", "origin": [12.71735, 21.96757, 8.03391]},
			"faces": {
				"north": {"uv": [0.25, 0, 0, 2], "texture": "#2"},
				"east": {"uv": [0.5, 0, 0, 2], "texture": "#2"},
				"south": {"uv": [0.25, 0, 0, 2], "texture": "#2"},
				"west": {"uv": [0.5, 0, 0, 2], "texture": "#2"},
				"up": {"uv": [0.25, 0, 0, 0.5], "texture": "#2"},
				"down": {"uv": [0.25, 0, 0, 0.5], "texture": "#2"}
			}
		},
		{
			"from": [3.8902, 22.90116, 7.75135],
			"to": [5.8902, 23.15116, 8.25135],
			"rotation": {"angle": 22.5, "axis": "z", "origin": [4.87261, 23.04223, 8.03301]},
			"faces": {
				"north": {"uv": [0, 0, 0.25, 2], "rotation": 270, "texture": "#2"},
				"east": {"uv": [0, 0, 0.25, 0.5], "rotation": 90, "texture": "#2"},
				"south": {"uv": [0, 0, 0.25, 2], "rotation": 90, "texture": "#2"},
				"west": {"uv": [0, 0, 0.25, 0.5], "rotation": 90, "texture": "#2"},
				"up": {"uv": [0, 0, 0.5, 2], "rotation": 90, "texture": "#2"},
				"down": {"uv": [0, 0, 0.5, 2], "rotation": 90, "texture": "#2"}
			}
		},
		{
			"from": [10.1098, 22.90116, 7.75135],
			"to": [12.1098, 23.15116, 8.25135],
			"rotation": {"angle": -22.5, "axis": "z", "origin": [11.12739, 23.04223, 8.03301]},
			"faces": {
				"north": {"uv": [0, 2, 0.25, 0], "rotation": 270, "texture": "#2"},
				"east": {"uv": [0, 0.5, 0.25, 0], "rotation": 90, "texture": "#2"},
				"south": {"uv": [0, 2, 0.25, 0], "rotation": 90, "texture": "#2"},
				"west": {"uv": [0, 0.5, 0.25, 0], "rotation": 90, "texture": "#2"},
				"up": {"uv": [0, 2, 0.5, 0], "rotation": 90, "texture": "#2"},
				"down": {"uv": [0, 2, 0.5, 0], "rotation": 90, "texture": "#2"}
			}
		},
		{
			"from": [5.77039, 23.28557, 7.75135],
			"to": [10.22894, 23.53228, 8.24874],
			"rotation": {"angle": 0, "axis": "z", "origin": [6.7528, 23.42664, 8.0304]},
			"faces": {
				"north": {"uv": [0, 0, 0.25, 2], "rotation": 270, "texture": "#2"},
				"east": {"uv": [0, 0, 0.25, 0.5], "rotation": 90, "texture": "#2"},
				"south": {"uv": [0, 0, 0.25, 2], "rotation": 90, "texture": "#2"},
				"west": {"uv": [0, 0, 0.25, 0.5], "rotation": 90, "texture": "#2"},
				"up": {"uv": [0, 0, 0.5, 2], "rotation": 90, "texture": "#2"},
				"down": {"uv": [0, 0, 0.5, 2], "rotation": 90, "texture": "#2"}
			}
		},
		{
			"from": [9.45732, 14, 10.15603],
			"to": [12.45732, 14.5, 12.15603],
			"rotation": {"angle": 22.5, "axis": "y", "origin": [7.70821, 14.25013, 8.88085]},
			"faces": {
				"north": {"uv": [14.667, 0, 15.664, 3.2], "texture": "#1_1"},
				"east": {"uv": [14.667, 0, 15.664, 3.2], "texture": "#1_1"},
				"south": {"uv": [14.667, 0, 15.664, 3.2], "texture": "#1_1"},
				"west": {"uv": [14.667, 0, 15.664, 3.2], "texture": "#1_1"},
				"up": {"uv": [8, 0, 14.734, 3.199], "texture": "#1_1"},
				"down": {"uv": [8, 3.2, 14.734, 6.399], "texture": "#1_1"}
			}
		},
		{
			"from": [6.48259, 14.6, 9.17806],
			"to": [9.48259, 15.1, 11.17806],
			"rotation": {"angle": 0, "axis": "y", "origin": [9.4555, 14.85301, 9.67721]},
			"faces": {
				"north": {"uv": [14.667, 0, 15.664, 3.2], "texture": "#1_1"},
				"east": {"uv": [14.667, 0, 15.664, 3.2], "texture": "#1_1"},
				"south": {"uv": [14.667, 0, 15.664, 3.2], "texture": "#1_1"},
				"west": {"uv": [14.667, 0, 15.664, 3.2], "texture": "#1_1"},
				"up": {"uv": [8, 0, 14.734, 3.199], "rotation": 180, "texture": "#1_1"},
				"down": {"uv": [8, 3.2, 14.734, 6.399], "rotation": 180, "texture": "#1_1"}
			}
		},
		{
			"from": [3.40897, 14, 6.62416],
			"to": [6.40897, 14.5, 8.62416],
			"rotation": {"angle": 45, "axis": "y", "origin": [8.10821, 14.25013, 8.08085]},
			"faces": {
				"north": {"uv": [6.8, 0, 7.799, 3.2], "texture": "#1_1"},
				"east": {"uv": [6.8, 0, 7.799, 3.2], "texture": "#1_1"},
				"south": {"uv": [6.8, 0, 7.799, 3.2], "texture": "#1_1"},
				"west": {"uv": [6.8, 0, 7.799, 3.2], "texture": "#1_1"},
				"up": {"uv": [0, 0, 6.867, 3.067], "rotation": 180, "texture": "#1_1"},
				"down": {"uv": [0, 3.2, 6.867, 6.267], "rotation": 180, "texture": "#1_1"}
			}
		},
		{
			"from": [2.70897, 14.6, 2.82416],
			"to": [5.70897, 15.1, 4.82416],
			"rotation": {"angle": 45, "axis": "y", "origin": [7.40821, 14.85013, 4.28085]},
			"faces": {
				"north": {"uv": [6.8, 0, 7.799, 3.2], "texture": "#1_1"},
				"east": {"uv": [6.8, 0, 7.799, 3.2], "texture": "#1_1"},
				"south": {"uv": [6.8, 0, 7.799, 3.2], "texture": "#1_1"},
				"west": {"uv": [6.8, 0, 7.799, 3.2], "texture": "#1_1"},
				"up": {"uv": [0, 0, 6.867, 3.067], "rotation": 180, "texture": "#1_1"},
				"down": {"uv": [0, 3.2, 6.867, 6.267], "rotation": 180, "texture": "#1_1"}
			}
		},
		{
			"from": [5.95152, 16.1, 5.6801],
			"to": [7.95152, 16.6, 8.6801],
			"rotation": {"angle": 22.5, "axis": "x", "origin": [7.40821, 16.35013, 3.98085]},
			"faces": {
				"north": {"uv": [14.667, 0, 15.664, 3.2], "texture": "#1_1"},
				"east": {"uv": [14.667, 0, 15.664, 3.2], "texture": "#1_1"},
				"south": {"uv": [14.667, 0, 15.664, 3.2], "texture": "#1_1"},
				"west": {"uv": [14.667, 0, 15.664, 3.2], "texture": "#1_1"},
				"up": {"uv": [7.867, 0, 14.733, 3.067], "rotation": 90, "texture": "#1_1"},
				"down": {"uv": [7.867, 3.333, 14.732, 6.4], "rotation": 90, "texture": "#1_1"}
			}
		},
		{
			"from": [10.00371, 14.6, 7.26534],
			"to": [12.00371, 15.1, 10.26534],
			"rotation": {"angle": 22.5, "axis": "y", "origin": [9.4555, 14.85301, 8.67721]},
			"faces": {
				"north": {"uv": [6.8, 0, 7.799, 3.2], "texture": "#1_1"},
				"east": {"uv": [6.8, 0, 7.799, 3.2], "texture": "#1_1"},
				"south": {"uv": [6.8, 0, 7.799, 3.2], "texture": "#1_1"},
				"west": {"uv": [6.8, 0, 7.799, 3.2], "texture": "#1_1"},
				"up": {"uv": [0, 0, 6.867, 3.067], "rotation": 270, "texture": "#1_1"},
				"down": {"uv": [0, 3.2, 6.867, 6.267], "rotation": 90, "texture": "#1_1"}
			}
		},
		{
			"from": [9.90474, 14, 6.02132],
			"to": [12.90474, 14.5, 8.02132],
			"rotation": {"angle": 0, "axis": "y", "origin": [7.70821, 14.25013, 8.88085]},
			"faces": {
				"north": {"uv": [6.8, 6.534, 7.799, 10.4], "texture": "#1_1"},
				"east": {"uv": [6.8, 6.534, 7.799, 10.4], "texture": "#1_1"},
				"south": {"uv": [6.8, 6.534, 7.799, 10.4], "texture": "#1_1"},
				"west": {"uv": [6.8, 6.534, 7.799, 10.4], "texture": "#1_1"},
				"up": {"uv": [0, 6.534, 6.867, 10.4], "texture": "#1_1"},
				"down": {"uv": [0, 10.667, 6.867, 14.533], "texture": "#1_1"}
			}
		},
		{
			"from": [8.90474, 14.75, 4.77132],
			"to": [11.90474, 15.25, 6.77132],
			"rotation": {"angle": -22.5, "axis": "x", "origin": [10.40608, 15.00985, 5.76015]},
			"faces": {
				"north": {"uv": [6.8, 6.534, 7.799, 10.4], "texture": "#1_1"},
				"east": {"uv": [6.8, 6.534, 7.799, 10.4], "texture": "#1_1"},
				"south": {"uv": [6.8, 6.534, 7.799, 10.4], "texture": "#1_1"},
				"west": {"uv": [6.8, 6.534, 7.799, 10.4], "texture": "#1_1"},
				"up": {"uv": [0, 6.534, 6.867, 10.4], "texture": "#1_1"},
				"down": {"uv": [0, 10.667, 6.867, 14.533], "texture": "#1_1"}
			}
		},
		{
			"from": [6.22477, 14, 5.02408],
			"to": [9.22477, 14.5, 7.02408],
			"rotation": {"angle": 0, "axis": "y", "origin": [9.60821, 14.25013, 7.08085]},
			"faces": {
				"north": {"uv": [6.8, 6.534, 7.799, 10.4], "texture": "#1_1"},
				"east": {"uv": [6.8, 6.534, 7.799, 10.4], "texture": "#1_1"},
				"south": {"uv": [6.8, 6.534, 7.799, 10.4], "texture": "#1_1"},
				"west": {"uv": [6.8, 6.534, 7.799, 10.4], "texture": "#1_1"},
				"up": {"uv": [0, 6.534, 6.867, 10.4], "rotation": 180, "texture": "#1_1"},
				"down": {"uv": [0, 10.667, 6.867, 14.533], "rotation": 180, "texture": "#1_1"}
			}
		},
		{
			"from": [3.79466, 14, 5.22637],
			"to": [5.79466, 14.5, 8.22637],
			"rotation": {"angle": 22.5, "axis": "y", "origin": [4.81086, 14.2477, 6.74028]},
			"faces": {
				"north": {"uv": [6.8, 6.534, 7.799, 10.4], "texture": "#1_1"},
				"east": {"uv": [6.8, 6.534, 7.799, 10.4], "texture": "#1_1"},
				"south": {"uv": [6.8, 6.534, 7.799, 10.4], "texture": "#1_1"},
				"west": {"uv": [6.8, 6.534, 7.799, 10.4], "texture": "#1_1"},
				"up": {"uv": [0, 6.534, 6.867, 10.4], "rotation": 90, "texture": "#1_1"},
				"down": {"uv": [0, 10.667, 6.867, 14.533], "rotation": 270, "texture": "#1_1"}
			}
		},
		{
			"from": [7.56647, 14, 7.28967],
			"to": [9.56647, 14.5, 10.28967],
			"rotation": {"angle": 0, "axis": "y", "origin": [7.70821, 14.25013, 8.88085]},
			"faces": {
				"north": {"uv": [14.667, 6.4, 15.665, 9.6], "texture": "#1_1"},
				"east": {"uv": [14.667, 6.4, 15.665, 9.6], "texture": "#1_1"},
				"south": {"uv": [14.667, 6.4, 15.665, 9.6], "texture": "#1_1"},
				"west": {"uv": [14.667, 6.4, 15.665, 9.6], "texture": "#1_1"},
				"up": {"uv": [7.866, 6.4, 14.6, 9.599], "rotation": 270, "texture": "#1_1"},
				"down": {"uv": [8, 9.6, 14.734, 12.799], "rotation": 90, "texture": "#1_1"}
			}
		},
		{
			"from": [2.00619, 14, 7.38417],
			"to": [4.00619, 14.5, 10.38417],
			"rotation": {"angle": 0, "axis": "y", "origin": [7.70821, 14.25013, 8.88085]},
			"faces": {
				"north": {"uv": [14.667, 6.4, 15.665, 9.6], "texture": "#1_1"},
				"east": {"uv": [14.667, 6.4, 15.665, 9.6], "texture": "#1_1"},
				"south": {"uv": [14.667, 6.4, 15.665, 9.6], "texture": "#1_1"},
				"west": {"uv": [14.667, 6.4, 15.665, 9.6], "texture": "#1_1"},
				"up": {"uv": [7.866, 6.4, 14.6, 9.599], "rotation": 90, "texture": "#1_1"},
				"down": {"uv": [8, 9.6, 14.734, 12.799], "rotation": 270, "texture": "#1_1"}
			}
		}
	],
	"display": {
		"thirdperson_righthand": {
			"rotation": [75, -61.25, 0],
			"translation": [0, -3.75, -6],
			"scale": [0.53515, 0.53515, 0.53515]
		},
		"thirdperson_lefthand": {
			"rotation": [75, -61.25, 0],
			"translation": [0, -3.75, -6],
			"scale": [0.53515, 0.53515, 0.53515]
		},
		"firstperson_righthand": {
			"rotation": [8.75, 117, -4.5],
			"translation": [3.75, 2, -2.75],
			"scale": [0.40039, 0.40039, 0.40039]
		},
		"firstperson_lefthand": {
			"rotation": [8.75, 117, -4.5],
			"translation": [3.75, 2, -2.75],
			"scale": [0.40039, 0.40039, 0.40039]
		},
		"ground": {
			"translation": [0, 1.5, 0],
			"scale": [0.66211, 0.66211, 0.66211]
		},
		"gui": {
			"rotation": [30, 225, 0],
			"translation": [0, -0.75, 0],
			"scale": [0.64258, 0.64258, 0.64258]
		},
		"head": {
			"translation": [0, 14.5, 0],
			"scale": [0.89843, 0.89843, 0.89843]
		},
		"fixed": {
			"rotation": [-90, 0, 0],
			"translation": [0, 0, -15],
			"scale": [2, 2, 2]
		}
	},
	"groups": [0,
		{
			"name": "Bag",
			"origin": [7.99564, 13.99387, 11.51048],
			"children": [1, 2, 3, 4, 5, 6, 7, 8, 9, 10, 11, 12, 13, 14, 15, 16, 17, 18, 19]
		},
		{
			"name": "Handle",
			"origin": [6.7528, 23.42664, 8.0304],
			"children": [20, 21, 22, 23, 24, 25, 26, 27, 28, 29, 30]
		},
		{
			"name": "candybowl",
			"origin": [8, 8, 8],
			"children": [
				{
					"name": "Candy",
					"origin": [7.90975, 5.89489, 10.48571],
					"children": [31, 32, 33, 34, 35, 36, 37, 38, 39, 40, 41, 42]
				}
			]
		}
	]
}