{
	"credit": "Made with Blockbench",
	"textures": {
		"0": "block/MizunoArchive/iron_ingot_0",
		"particle": "block/MizunoArchive/iron_ingot_0"
	},
	"elements": [
		{
			"from": [8.84, 1.45, 0.86],
			"to": [9.47, 2.08, 1.28],
			"rotation": {"angle": 0, "axis": "y", "origin": [8, 6.7, 8]},
			"faces": {
				"north": {"uv": [0, 10, 0.63, 10.63], "texture": "#0"},
				"east": {"uv": [0, 10, 0.42, 10.63], "texture": "#0"},
				"south": {"uv": [0, 10, 0.63, 10.63], "texture": "#0"},
				"west": {"uv": [0, 10, 0.42, 10.63], "texture": "#0"},
				"up": {"uv": [0, 10, 0.63, 10.42], "texture": "#0"},
				"down": {"uv": [0, 10, 0.63, 10.42], "texture": "#0"}
			}
		},
		{
			"from": [6.53, 1.45, 0.86],
			"to": [7.16, 2.08, 1.28],
			"rotation": {"angle": 0, "axis": "y", "origin": [8, 6.7, 8]},
			"faces": {
				"north": {"uv": [0, 10, 0.63, 10.63], "texture": "#0"},
				"east": {"uv": [0, 10, 0.42, 10.63], "texture": "#0"},
				"south": {"uv": [0, 10, 0.63, 10.63], "texture": "#0"},
				"west": {"uv": [0, 10, 0.42, 10.63], "texture": "#0"},
				"up": {"uv": [0, 10, 0.63, 10.42], "texture": "#0"},
				"down": {"uv": [0, 10, 0.63, 10.42], "texture": "#0"}
			}
		},
		{
			"from": [6.614, 1.534, 0.23],
			"to": [7.076, 1.996, 0.86],
			"rotation": {"angle": 0, "axis": "y", "origin": [8, 6.7, 7.79]},
			"faces": {
				"north": {"uv": [0, 10, 0.462, 10.462], "texture": "#0"},
				"east": {"uv": [0, 10, 0.63, 10.462], "texture": "#0"},
				"south": {"uv": [0, 10, 0.462, 10.462], "texture": "#0"},
				"west": {"uv": [0, 10, 0.63, 10.462], "texture": "#0"},
				"up": {"uv": [0, 10, 0.462, 10.63], "texture": "#0"},
				"down": {"uv": [0, 10, 0.462, 10.63], "texture": "#0"}
			}
		},
		{
			"from": [8.924, 1.534, 0.23],
			"to": [9.386, 1.996, 0.86],
			"rotation": {"angle": 0, "axis": "y", "origin": [8, 6.7, 7.79]},
			"faces": {
				"north": {"uv": [0, 10, 0.462, 10.462], "texture": "#0"},
				"east": {"uv": [0, 10, 0.63, 10.462], "texture": "#0"},
				"south": {"uv": [0, 10, 0.462, 10.462], "texture": "#0"},
				"west": {"uv": [0, 10, 0.63, 10.462], "texture": "#0"},
				"up": {"uv": [0, 10, 0.462, 10.63], "texture": "#0"},
				"down": {"uv": [0, 10, 0.462, 10.63], "texture": "#0"}
			}
		},
		{
			"from": [8.83656, 1.53418, 0.04109],
			"to": [9.29856, 1.99618, 0.46109],
			"rotation": {"angle": 45, "axis": "y", "origin": [9.06335, 1.78004, 0.24048]},
			"faces": {
				"north": {"uv": [0, 10, 0.462, 10.462], "texture": "#0"},
				"east": {"uv": [0, 10, 0.42, 10.462], "texture": "#0"},
				"south": {"uv": [0, 10, 0.462, 10.462], "texture": "#0"},
				"west": {"uv": [0, 10, 0.42, 10.462], "texture": "#0"},
				"up": {"uv": [0, 10, 0.462, 10.42], "texture": "#0"},
				"down": {"uv": [0, 10, 0.462, 10.42], "texture": "#0"}
			}
		},
		{
			"from": [6.70144, 1.53418, 0.04109],
			"to": [7.16344, 1.99618, 0.46109],
			"rotation": {"angle": -45, "axis": "y", "origin": [6.93665, 1.78004, 0.24048]},
			"faces": {
				"north": {"uv": [0, 10, 0.462, 10.462], "texture": "#0"},
				"east": {"uv": [0, 10, 0.42, 10.462], "texture": "#0"},
				"south": {"uv": [0, 10, 0.462, 10.462], "texture": "#0"},
				"west": {"uv": [0, 10, 0.42, 10.462], "texture": "#0"},
				"up": {"uv": [0, 10, 0.462, 10.42], "texture": "#0"},
				"down": {"uv": [0, 10, 0.462, 10.42], "texture": "#0"}
			}
		},
		{
			"from": [6.91117, 1.53467, -0.06683],
			"to": [9.08869, 1.99618, 0.39482],
			"rotation": {"angle": 0, "axis": "y", "origin": [7.12271, 1.77698, 0.15584]},
			"faces": {
				"north": {"uv": [0, 10, 2.17751, 10.4615], "texture": "#0"},
				"east": {"uv": [0, 10, 0.46165, 10.4615], "texture": "#0"},
				"south": {"uv": [0, 10, 2.17751, 10.4615], "texture": "#0"},
				"west": {"uv": [0, 10, 0.46165, 10.4615], "texture": "#0"},
				"up": {"uv": [0, 10, 2.17751, 10.46165], "texture": "#0"},
				"down": {"uv": [0, 10, 0.46165, 12.17751], "rotation": 270, "texture": "#0"}
			}
		},
		{
			"from": [8.84, 1.45, 14.72],
			"to": [9.47, 2.08, 15.14],
			"rotation": {"angle": 0, "axis": "y", "origin": [8, 6.7, 8]},
			"faces": {
				"north": {"uv": [0, 10, 0.63, 10.63], "texture": "#0"},
				"east": {"uv": [0, 10, 0.42, 10.63], "texture": "#0"},
				"south": {"uv": [0, 10, 0.63, 10.63], "texture": "#0"},
				"west": {"uv": [0, 10, 0.42, 10.63], "texture": "#0"},
				"up": {"uv": [0, 10, 0.63, 10.42], "texture": "#0"},
				"down": {"uv": [0, 10, 0.63, 10.42], "texture": "#0"}
			}
		},
		{
			"from": [6.53, 1.45, 14.72],
			"to": [7.16, 2.08, 15.14],
			"rotation": {"angle": 0, "axis": "y", "origin": [8, 6.7, 8]},
			"faces": {
				"north": {"uv": [0, 10, 0.63, 10.63], "texture": "#0"},
				"east": {"uv": [0, 10, 0.42, 10.63], "texture": "#0"},
				"south": {"uv": [0, 10, 0.63, 10.63], "texture": "#0"},
				"west": {"uv": [0, 10, 0.42, 10.63], "texture": "#0"},
				"up": {"uv": [0, 10, 0.63, 10.42], "texture": "#0"},
				"down": {"uv": [0, 10, 0.63, 10.42], "texture": "#0"}
			}
		},
		{
			"from": [6.614, 1.534, 15.14],
			"to": [7.076, 1.996, 15.77],
			"rotation": {"angle": 0, "axis": "y", "origin": [8, 6.7, 8.21]},
			"faces": {
				"north": {"uv": [0, 10, 0.462, 10.462], "texture": "#0"},
				"east": {"uv": [0, 10, 0.63, 10.462], "texture": "#0"},
				"south": {"uv": [0, 10, 0.462, 10.462], "texture": "#0"},
				"west": {"uv": [0, 10, 0.63, 10.462], "texture": "#0"},
				"up": {"uv": [0, 10, 0.462, 10.63], "texture": "#0"},
				"down": {"uv": [0, 10, 0.462, 10.63], "texture": "#0"}
			}
		},
		{
			"from": [8.924, 1.534, 15.14],
			"to": [9.386, 1.996, 15.77],
			"rotation": {"angle": 0, "axis": "y", "origin": [8, 6.7, 8.21]},
			"faces": {
				"north": {"uv": [0, 10, 0.462, 10.462], "texture": "#0"},
				"east": {"uv": [0, 10, 0.63, 10.462], "texture": "#0"},
				"south": {"uv": [0, 10, 0.462, 10.462], "texture": "#0"},
				"west": {"uv": [0, 10, 0.63, 10.462], "texture": "#0"},
				"up": {"uv": [0, 10, 0.462, 10.63], "texture": "#0"},
				"down": {"uv": [0, 10, 0.462, 10.63], "texture": "#0"}
			}
		},
		{
			"from": [8.83656, 1.53418, 15.53891],
			"to": [9.29856, 1.99618, 15.95891],
			"rotation": {"angle": -45, "axis": "y", "origin": [9.06335, 1.78004, 15.75952]},
			"faces": {
				"north": {"uv": [0, 10, 0.462, 10.462], "texture": "#0"},
				"east": {"uv": [0, 10, 0.42, 10.462], "texture": "#0"},
				"south": {"uv": [0, 10, 0.462, 10.462], "texture": "#0"},
				"west": {"uv": [0, 10, 0.42, 10.462], "texture": "#0"},
				"up": {"uv": [0, 10, 0.462, 10.42], "texture": "#0"},
				"down": {"uv": [0, 10, 0.462, 10.42], "texture": "#0"}
			}
		},
		{
			"from": [6.70144, 1.53418, 15.53891],
			"to": [7.16344, 1.99618, 15.95891],
			"rotation": {"angle": 45, "axis": "y", "origin": [6.93665, 1.78004, 15.75952]},
			"faces": {
				"north": {"uv": [0, 10, 0.462, 10.462], "texture": "#0"},
				"east": {"uv": [0, 10, 0.42, 10.462], "texture": "#0"},
				"south": {"uv": [0, 10, 0.462, 10.462], "texture": "#0"},
				"west": {"uv": [0, 10, 0.42, 10.462], "texture": "#0"},
				"up": {"uv": [0, 10, 0.462, 10.42], "texture": "#0"},
				"down": {"uv": [0, 10, 0.462, 10.42], "texture": "#0"}
			}
		},
		{
			"from": [6.91117, 1.53467, 15.60518],
			"to": [9.08869, 1.99618, 16.06683],
			"rotation": {"angle": 0, "axis": "y", "origin": [7.12271, 1.77698, 15.84416]},
			"faces": {
				"north": {"uv": [0, 10, 2.17751, 10.4615], "texture": "#0"},
				"east": {"uv": [0, 10, 0.46165, 10.4615], "texture": "#0"},
				"south": {"uv": [0, 10, 2.17751, 10.4615], "texture": "#0"},
				"west": {"uv": [0, 10, 0.46165, 10.4615], "texture": "#0"},
				"up": {"uv": [0, 10, 2.17751, 10.46165], "texture": "#0"},
				"down": {"uv": [0, 10, 0.46165, 12.17751], "rotation": 270, "texture": "#0"}
			}
		},
		{
			"from": [2.96, -0.02, 2.96],
			"to": [3.8, 2.5, 13.04],
			"rotation": {"angle": 0, "axis": "y", "origin": [8, 6.7, 8]},
			"faces": {
				"north": {"uv": [0, 0, 1, 3], "texture": "#0"},
				"east": {"uv": [1, 1, 10, 5], "rotation": 90, "texture": "#0"},
				"south": {"uv": [0, 0, 1, 3], "texture": "#0"},
				"west": {"uv": [1, 1, 10, 5], "rotation": 90, "texture": "#0"},
				"up": {"uv": [1, 1, 2, 5], "texture": "#0"},
				"down": {"uv": [9, 1, 10, 5], "texture": "#0"}
			}
		},
		{
			"from": [12.2, -0.02, 2.96],
			"to": [13.04, 2.5, 13.04],
			"rotation": {"angle": 0, "axis": "y", "origin": [8, 6.7, 8]},
			"faces": {
				"north": {"uv": [0, 0, 1, 3], "texture": "#0"},
				"east": {"uv": [1, 1, 10, 5], "rotation": 90, "texture": "#0"},
				"south": {"uv": [0, 0, 1, 3], "texture": "#0"},
				"west": {"uv": [1, 1, 10, 5], "rotation": 90, "texture": "#0"},
				"up": {"uv": [1, 1, 2, 5], "texture": "#0"},
				"down": {"uv": [9, 1, 10, 5], "texture": "#0"}
			}
		},
		{
			"from": [4.64, -0.02, 1.28],
			"to": [11.36, 2.5, 2.12],
			"rotation": {"angle": 0, "axis": "y", "origin": [8, 6.7, 8]},
			"faces": {
				"north": {"uv": [1, 1, 10, 5], "rotation": 90, "texture": "#0"},
				"east": {"uv": [0, 0, 1, 3], "texture": "#0"},
				"south": {"uv": [1, 1, 10, 5], "rotation": 90, "texture": "#0"},
				"west": {"uv": [0, 0, 1, 3], "texture": "#0"},
				"up": {"uv": [1, 1, 2, 5], "texture": "#0"},
				"down": {"uv": [9, 1, 10, 5], "texture": "#0"}
			}
		},
		{
			"from": [2.26367, -0.02273, 0.46654],
			"to": [4.64348, 2.5, 1.30847],
			"rotation": {"angle": 45, "axis": "y", "origin": [5.62367, 0.40829, 0.87747]},
			"faces": {
				"north": {"uv": [1, 1, 10, 5], "rotation": 90, "texture": "#0"},
				"east": {"uv": [0, 0, 1.00229, 3.00325], "texture": "#0"},
				"south": {"uv": [1, 1, 10, 5], "rotation": 90, "texture": "#0"},
				"west": {"uv": [0, 0, 1.00229, 3.00325], "texture": "#0"},
				"up": {"uv": [1, 1, 2, 5], "texture": "#0"},
				"down": {"uv": [9, 1, 10, 5], "texture": "#0"}
			}
		},
		{
			"from": [2.26367, -0.02273, 14.69153],
			"to": [4.64348, 2.5, 15.53346],
			"rotation": {"angle": -45, "axis": "y", "origin": [5.62367, 0.40829, 15.12253]},
			"faces": {
				"north": {"uv": [1, 1, 10, 5], "rotation": 90, "texture": "#0"},
				"east": {"uv": [1, 0, 2.00229, 3.00325], "texture": "#0"},
				"south": {"uv": [1, 1, 10, 5], "rotation": 90, "texture": "#0"},
				"west": {"uv": [1, 0, 2.00229, 3.00325], "texture": "#0"},
				"up": {"uv": [1, 1, 2, 5], "texture": "#0"},
				"down": {"uv": [9, 1, 10, 5], "texture": "#0"}
			}
		},
		{
			"from": [11.35652, -0.02273, 0.46654],
			"to": [13.73633, 2.5, 1.30847],
			"rotation": {"angle": -45, "axis": "y", "origin": [10.37633, 0.40829, 0.87747]},
			"faces": {
				"north": {"uv": [1, 1, 10, 5], "rotation": 90, "texture": "#0"},
				"east": {"uv": [1, 0, 2.00229, 3.00325], "texture": "#0"},
				"south": {"uv": [1, 1, 10, 5], "rotation": 90, "texture": "#0"},
				"west": {"uv": [1, 0, 2.00229, 3.00325], "texture": "#0"},
				"up": {"uv": [1, 1, 2, 5], "texture": "#0"},
				"down": {"uv": [9, 1, 10, 5], "texture": "#0"}
			}
		},
		{
			"from": [11.35652, -0.02273, 14.69153],
			"to": [13.73633, 2.5, 15.53346],
			"rotation": {"angle": 45, "axis": "y", "origin": [10.37633, 0.40829, 15.12253]},
			"faces": {
				"north": {"uv": [1, 1, 10, 5], "rotation": 90, "texture": "#0"},
				"east": {"uv": [0, 0, 1.00229, 3.00325], "texture": "#0"},
				"south": {"uv": [1, 1, 10, 5], "rotation": 90, "texture": "#0"},
				"west": {"uv": [0, 0, 1.00229, 3.00325], "texture": "#0"},
				"up": {"uv": [1, 1, 2, 5], "texture": "#0"},
				"down": {"uv": [9, 1, 10, 5], "texture": "#0"}
			}
		},
		{
			"from": [4.64, -0.02, 13.88],
			"to": [11.36, 2.5, 14.72],
			"rotation": {"angle": 0, "axis": "y", "origin": [8, 6.7, 8]},
			"faces": {
				"north": {"uv": [1, 1, 10, 5], "rotation": 90, "texture": "#0"},
				"east": {"uv": [0, 0, 1, 3], "texture": "#0"},
				"south": {"uv": [1, 1, 10, 5], "rotation": 90, "texture": "#0"},
				"west": {"uv": [0, 0, 1, 3], "texture": "#0"},
				"up": {"uv": [1, 1, 2, 5], "texture": "#0"},
				"down": {"uv": [9, 1, 10, 5], "texture": "#0"}
			}
		},
		{
			"from": [3.8, -0.02, 2.12],
			"to": [12.2, 0.48, 13.88],
			"rotation": {"angle": 0, "axis": "y", "origin": [8, 6.7, 8]},
			"faces": {
				"north": {"uv": [6, 10, 11, 16], "rotation": 90, "texture": "#0"},
				"east": {"uv": [6, 10, 11, 16], "rotation": 90, "texture": "#0"},
				"south": {"uv": [6, 10, 11, 16], "rotation": 90, "texture": "#0"},
				"west": {"uv": [6, 10, 11, 16], "rotation": 90, "texture": "#0"},
				"up": {"uv": [6, 10, 11, 16], "rotation": 90, "texture": "#0"},
				"down": {"uv": [6, 10, 11, 16], "rotation": 90, "texture": "#0"}
			}
		}
	],
	"display": {
		"thirdperson_righthand": {
			"rotation": [75, 90, 0],
			"translation": [-5.5, 2, 4.5],
			"scale": [0.72266, 0.72266, 0.72266]
		},
		"thirdperson_lefthand": {
			"rotation": [75, 90, 0],
			"translation": [-5.5, 2, 4.5],
			"scale": [0.72266, 0.72266, 0.72266]
		},
		"firstperson_righthand": {
			"rotation": [0, 31.75, 6.5],
			"translation": [0, 4.5, 0],
			"scale": [0.45859, 0.45859, 0.45859]
		},
		"firstperson_lefthand": {
			"rotation": [0, 31.75, 6.5],
			"translation": [0, 4.5, 0],
			"scale": [0.45859, 0.45859, 0.45859]
		},
		"ground": {
			"translation": [0, 3.5, 0],
			"scale": [0.89258, 0.89258, 0.89258]
		},
		"gui": {
			"rotation": [30, -70, 0],
			"translation": [0, 4.5, 0],
			"scale": [0.9832, 0.9832, 0.9832]
		},
		"head": {
			"rotation": [0, 90, 0],
			"translation": [0, 15.25, 0],
			"scale": [0.99531, 0.99531, 0.99531]
		},
		"fixed": {
			"rotation": [-90, 0, 0],
			"translation": [0, 0, -15],
			"scale": [2, 2, 2]
		}
	},
	"groups": [
		{
			"name": "group",
			"origin": [8, 8, 8],
			"children": [
				{
					"name": "Handle",
					"origin": [6.95561, 2.13926, -1.33829],
					"children": [
						{
							"name": "group",
							"origin": [6.95561, 2.13926, -1.33829],
							"children": [0, 1, 2, 3, 4, 5, 6]
						},
						{
							"name": "group",
							"origin": [6.95561, 2.13926, -1.33829],
							"children": [7, 8, 9, 10, 11, 12, 13]
						}
					]
				},
				{
					"name": "Pan",
					"origin": [8, 8, 8],
					"children": [14, 15, 16, 17, 18, 19, 20, 21, 22]
				}
			]
		}
	]
}