{
	"credit": "Made with Blockbench",
	"textures": {
		"0": "block/HBFlags",
		"particle": "block/HBFlags"
	},
	"elements": [
		{
			"from": [-0.4, 9.468, 14.3],
			"to": [16.064, 9.972, 14.72],
			"faces": {
				"north": {"uv": [10.88, 9.387, 15.689, 9.602], "texture": "#0"},
				"east": {"uv": [10.88, 9.387, 15.689, 9.602], "texture": "#0"},
				"south": {"uv": [10.88, 9.387, 15.689, 9.602], "texture": "#0"},
				"west": {"uv": [10.88, 9.387, 15.689, 9.602], "texture": "#0"},
				"up": {"uv": [10.88, 9.387, 15.689, 9.602], "texture": "#0"},
				"down": {"uv": [10.88, 9.387, 15.689, 9.602], "texture": "#0"}
			}
		},
		{
			"from": [15.644, 7.588, 14.3],
			"to": [26.816, 8.092, 14.72],
			"rotation": {"angle": 22.5, "axis": "z", "origin": [11.36, 9.132, 14.3]},
			"faces": {
				"north": {"uv": [10.88, 9.387, 15.689, 9.602], "texture": "#0"},
				"east": {"uv": [10.88, 9.387, 15.689, 9.602], "texture": "#0"},
				"south": {"uv": [10.88, 9.387, 15.689, 9.602], "texture": "#0"},
				"west": {"uv": [10.88, 9.387, 15.689, 9.602], "texture": "#0"},
				"up": {"uv": [10.88, 9.387, 15.689, 9.602], "texture": "#0"},
				"down": {"uv": [10.88, 9.387, 15.689, 9.602], "texture": "#0"}
			}
		},
		{
			"from": [-10.816, 7.452, 14.3],
			"to": [-0.064, 7.956, 14.72],
			"rotation": {"angle": -22.5, "axis": "z", "origin": [4.64, 9.132, 14.3]},
			"faces": {
				"north": {"uv": [10.88, 9.387, 15.689, 9.602], "texture": "#0"},
				"east": {"uv": [10.88, 9.387, 15.689, 9.602], "texture": "#0"},
				"south": {"uv": [10.88, 9.387, 15.689, 9.602], "texture": "#0"},
				"west": {"uv": [10.88, 9.387, 15.689, 9.602], "texture": "#0"},
				"up": {"uv": [10.88, 9.387, 15.689, 9.602], "texture": "#0"},
				"down": {"uv": [10.88, 9.387, 15.689, 9.602], "texture": "#0"}
			}
		},
		{
			"from": [20.008, 5.32, 14.2],
			"to": [24.208, 10.36, 14.62],
			"rotation": {"angle": 22.5, "axis": "z", "origin": [20.18, 1.74, 14.3]},
			"faces": {
				"north": {"uv": [8.178, 0.925, 9.204, 2.674], "texture": "#0"},
				"east": {"uv": [11.164, 2.916, 14.751, 3.975], "texture": "#0"},
				"south": {"uv": [11.52, 10.027, 15.106, 11.349], "texture": "#0"},
				"west": {"uv": [11.449, 3.058, 15.035, 4.115], "texture": "#0"},
				"up": {"uv": [11.306, 2.987, 14.893, 4.046], "texture": "#0"},
				"down": {"uv": [11.022, 10.382, 14.609, 11.205], "texture": "#0"}
			}
		},
		{
			"from": [12.884, 4.512, 14.3],
			"to": [16.884, 9.552, 14.72],
			"faces": {
				"north": {"uv": [9.387, 0.925, 10.461, 2.674], "texture": "#0"},
				"east": {"uv": [11.164, 2.916, 14.751, 3.975], "texture": "#0"},
				"south": {"uv": [11.52, 10.027, 15.106, 11.349], "texture": "#0"},
				"west": {"uv": [11.449, 3.058, 15.035, 4.115], "texture": "#0"},
				"up": {"uv": [11.306, 2.987, 14.893, 4.046], "texture": "#0"},
				"down": {"uv": [11.022, 10.382, 14.609, 11.205], "texture": "#0"}
			}
		},
		{
			"from": [8.3, 4.428, 14.3],
			"to": [12.5, 9.468, 14.72],
			"faces": {
				"north": {"uv": [10.596, 0.925, 11.644, 2.602], "texture": "#0"},
				"east": {"uv": [11.164, 2.916, 14.751, 3.975], "texture": "#0"},
				"south": {"uv": [11.52, 10.027, 15.106, 11.349], "texture": "#0"},
				"west": {"uv": [11.449, 3.058, 15.035, 4.115], "texture": "#0"},
				"up": {"uv": [11.306, 2.987, 14.893, 4.046], "texture": "#0"},
				"down": {"uv": [11.022, 10.382, 14.609, 11.205], "texture": "#0"}
			}
		},
		{
			"from": [24.76, 5.32, 14.3],
			"to": [28.96, 10.36, 14.72],
			"rotation": {"angle": 22.5, "axis": "z", "origin": [20.18, 1.74, 14.3]},
			"faces": {
				"north": {"uv": [6.969, 0.925, 7.993, 2.674], "texture": "#0"},
				"east": {"uv": [11.164, 2.916, 14.751, 3.975], "texture": "#0"},
				"south": {"uv": [11.52, 10.027, 15.106, 11.349], "texture": "#0"},
				"west": {"uv": [11.449, 3.058, 15.035, 4.115], "texture": "#0"},
				"up": {"uv": [11.306, 2.987, 14.893, 4.046], "texture": "#0"},
				"down": {"uv": [11.022, 10.382, 14.609, 11.205], "texture": "#0"}
			}
		},
		{
			"from": [-0.9, 4.428, 14.3],
			"to": [3.3, 9.468, 14.72],
			"faces": {
				"north": {"uv": [13.085, 0.925, 14.017, 2.602], "texture": "#0"},
				"east": {"uv": [11.164, 2.916, 14.751, 3.975], "texture": "#0"},
				"south": {"uv": [11.52, 10.027, 15.106, 11.349], "texture": "#0"},
				"west": {"uv": [11.449, 3.058, 15.035, 4.115], "texture": "#0"},
				"up": {"uv": [11.306, 2.987, 14.893, 4.046], "texture": "#0"},
				"down": {"uv": [11.022, 10.382, 14.609, 11.205], "texture": "#0"}
			}
		},
		{
			"from": [3.784, 4.512, 14.3],
			"to": [7.984, 9.552, 14.72],
			"faces": {
				"north": {"uv": [11.804, 0.925, 12.878, 2.602], "texture": "#0"},
				"east": {"uv": [11.164, 2.916, 14.751, 3.975], "texture": "#0"},
				"south": {"uv": [11.52, 10.027, 15.106, 11.349], "texture": "#0"},
				"west": {"uv": [11.449, 3.058, 15.035, 4.115], "texture": "#0"},
				"up": {"uv": [11.306, 2.987, 14.893, 4.046], "texture": "#0"},
				"down": {"uv": [11.022, 10.382, 14.609, 11.205], "texture": "#0"}
			}
		},
		{
			"from": [-11.196, -4.056, 14.3],
			"to": [-6.996, 0.984, 14.72],
			"rotation": {"angle": -22.5, "axis": "z", "origin": [20.18, 1.74, 14.3]},
			"faces": {
				"north": {"uv": [8.178, 4.622, 9.201, 6.299], "texture": "#0"},
				"east": {"uv": [11.164, 2.916, 14.751, 3.975], "texture": "#0"},
				"south": {"uv": [11.52, 10.027, 15.106, 11.349], "texture": "#0"},
				"west": {"uv": [11.449, 3.058, 15.035, 4.115], "texture": "#0"},
				"up": {"uv": [11.306, 2.987, 14.893, 4.046], "texture": "#0"},
				"down": {"uv": [11.022, 10.382, 14.609, 11.205], "texture": "#0"}
			}
		},
		{
			"from": [-6.428, -4.056, 14.3],
			"to": [-2.228, 0.984, 14.72],
			"rotation": {"angle": -22.5, "axis": "z", "origin": [20.18, 1.74, 14.3]},
			"faces": {
				"north": {"uv": [7.04, 4.622, 7.994, 6.298], "texture": "#0"},
				"east": {"uv": [11.164, 2.916, 14.751, 3.975], "texture": "#0"},
				"south": {"uv": [11.52, 10.027, 15.106, 11.349], "texture": "#0"},
				"west": {"uv": [11.449, 3.058, 15.035, 4.115], "texture": "#0"},
				"up": {"uv": [11.306, 2.987, 14.893, 4.046], "texture": "#0"},
				"down": {"uv": [11.022, 10.382, 14.609, 11.205], "texture": "#0"}
			}
		}
	],
	"display": {
		"thirdperson_righthand": {
			"rotation": [75, 45, 0],
			"translation": [0, 2.5, 0],
			"scale": [0.375, 0.375, 0.375]
		},
		"thirdperson_lefthand": {
			"rotation": [75, 45, 0],
			"translation": [0, 2.5, 0],
			"scale": [0.375, 0.375, 0.375]
		},
		"firstperson_righthand": {
			"rotation": [0, 45, 0],
			"translation": [0, 3.5, 0],
			"scale": [0.4, 0.4, 0.4]
		},
		"firstperson_lefthand": {
			"rotation": [0, 45, 0],
			"translation": [0, 3.5, 0],
			"scale": [0.4, 0.4, 0.4]
		},
		"ground": {
			"scale": [0.61719, 0.67773, 1]
		},
		"gui": {
			"rotation": [30, 225, 0],
			"translation": [2.75, -2.75, 0],
			"scale": [0.625, 0.625, 0.625]
		},
		"head": {
			"translation": [0, 11, 0]
		},
		"fixed": {
			"translation": [0, 0, -16.5],
			"scale": [2, 2, 2]
		}
	},
	"groups": [
		{
			"name": "Reference",
			"children": []
		},
		{
			"name": "Rope",
			"children": []
		},
		{
			"name": "Flags",
			"children": []
		},
		{
			"name": "banner_hb2",
			"children": [
				{
					"name": "Reference",
					"children": []
				},
				{
					"name": "Rope",
					"children": [0, 1, 2]
				}, 3, 4, 5, 6, 7, 8, 9, 10]
		}
	]
}