{
	"credit": "Made with Blockbench",
	"textures": {
		"0": "block/banshee",
		"particle": "block/banshee"
	},
	"elements": [
		{
			"name": "head",
			"from": [3.92, 23.42, 3.92],
			"to": [12.08, 31.58, 12.08],
			"rotation": {"angle": 0, "axis": "x", "origin": [8, 22.91, 8]},
			"faces": {
				"north": {"uv": [2, 2, 4, 4], "texture": "#0"},
				"east": {"uv": [0, 2, 2, 4], "texture": "#0"},
				"south": {"uv": [6, 2, 8, 4], "texture": "#0"},
				"west": {"uv": [4, 2, 6, 4], "texture": "#0"},
				"up": {"uv": [4, 2, 2, 0], "texture": "#0"},
				"down": {"uv": [6, 0, 4, 2], "texture": "#0"}
			}
		},
		{
			"name": "body",
			"from": [4, 11.5, 6],
			"to": [12, 23.5, 10],
			"rotation": {"angle": -22.5, "axis": "x", "origin": [8, 23, 8]},
			"faces": {
				"north": {"uv": [5, 5, 7, 8], "texture": "#0"},
				"east": {"uv": [4, 5, 5, 8], "texture": "#0"},
				"south": {"uv": [8, 5, 10, 8], "texture": "#0"},
				"west": {"uv": [7, 5, 8, 8], "texture": "#0"},
				"up": {"uv": [7, 5, 5, 4], "texture": "#0"},
				"down": {"uv": [9, 4, 7, 5], "texture": "#0"}
			}
		},
		{
			"name": "right_arm",
			"from": [12, 21, -3.5],
			"to": [15, 25, 8.5],
			"rotation": {"angle": -22.5, "axis": "x", "origin": [8, 23, 8]},
			"faces": {
				"north": {"uv": [12.5, 4, 11.75, 5], "rotation": 180, "texture": "#0"},
				"east": {"uv": [10, 5, 11, 8], "rotation": 270, "texture": "#0"},
				"south": {"uv": [11.75, 5, 11, 4], "texture": "#0"},
				"west": {"uv": [11.75, 5, 12.75, 8], "rotation": 90, "texture": "#0"},
				"up": {"uv": [11, 5, 11.75, 8], "rotation": 180, "texture": "#0"},
				"down": {"uv": [12.75, 5, 13.5, 8], "texture": "#0"}
			}
		},
		{
			"name": "right_arm",
			"from": [1, 21, -3.5],
			"to": [4, 25, 8.5],
			"rotation": {"angle": -22.5, "axis": "x", "origin": [8, 23, 8]},
			"faces": {
				"north": {"uv": [11.75, 4, 12.5, 5], "rotation": 180, "texture": "#0"},
				"east": {"uv": [11.75, 8, 12.75, 5], "rotation": 90, "texture": "#0"},
				"south": {"uv": [11, 5, 11.75, 4], "texture": "#0"},
				"west": {"uv": [10, 8, 11, 5], "rotation": 270, "texture": "#0"},
				"up": {"uv": [11.75, 5, 11, 8], "rotation": 180, "texture": "#0"},
				"down": {"uv": [13.5, 5, 12.75, 8], "texture": "#0"}
			}
		},
		{
			"name": "left_leg",
			"from": [8, 1.0319, 9.84256],
			"to": [11.96875, 13.0319, 13.84256],
			"rotation": {"angle": -45, "axis": "x", "origin": [8, 13.17866, 11.91419]},
			"faces": {
				"north": {"uv": [2.75, 5, 3.75, 8], "texture": "#0"},
				"east": {"uv": [2.75, 5, 3.75, 8], "texture": "#0"},
				"south": {"uv": [2.75, 5, 3.75, 8], "texture": "#0"},
				"down": {"uv": [3, 4, 2, 5], "texture": "#0"}
			}
		},
		{
			"name": "left_leg",
			"from": [4.03125, 1.0319, 9.84256],
			"to": [8, 13.0319, 13.84256],
			"rotation": {"angle": -45, "axis": "x", "origin": [8, 13.17866, 11.91419]},
			"faces": {
				"north": {"uv": [3.75, 5, 2.75, 8], "texture": "#0"},
				"south": {"uv": [3.75, 5, 2.75, 8], "texture": "#0"},
				"west": {"uv": [2.75, 5, 3.75, 8], "texture": "#0"},
				"down": {"uv": [2, 4, 3, 5], "texture": "#0"}
			}
		},
		{
			"name": "head_2nd_layer",
			"from": [3.5, 23, 3.5],
			"to": [12.5, 32, 12.5],
			"rotation": {"angle": 0, "axis": "y", "origin": [8, 23, 8]},
			"faces": {
				"north": {"uv": [10, 2, 12, 4], "texture": "#0"},
				"east": {"uv": [8, 2, 10, 4], "texture": "#0"},
				"south": {"uv": [14, 2, 16, 4], "texture": "#0"},
				"west": {"uv": [12, 2, 14, 4], "texture": "#0"},
				"up": {"uv": [12, 2, 10, 0], "texture": "#0"},
				"down": {"uv": [14, 0, 12, 2], "texture": "#0"}
			}
		},
		{
			"name": "head_2nd_layer",
			"from": [3.5, 14, 3.5],
			"to": [12.5, 23, 12.5],
			"rotation": {"angle": 0, "axis": "x", "origin": [8, 18.5, 8]},
			"faces": {
				"north": {"uv": [10, 8, 12, 10], "texture": "#0"},
				"east": {"uv": [7.75, 8, 9.75, 10], "texture": "#0"},
				"south": {"uv": [5.75, 8, 7.75, 10], "texture": "#0"},
				"west": {"uv": [12, 8, 14, 10], "texture": "#0"}
			}
		},
		{
			"name": "head_2nd_layer",
			"from": [3.5, 11, 14.21875],
			"to": [12.5, 20, 14.21875],
			"rotation": {"angle": -22.5, "axis": "x", "origin": [8, 15.5, 14.21875]},
			"faces": {
				"north": {"uv": [10, 8, 12, 10], "texture": "#0"},
				"east": {"uv": [7.75, 8, 9.75, 10], "texture": "#0"},
				"south": {"uv": [5.75, 9.75, 7.75, 11.75], "texture": "#0"},
				"west": {"uv": [12, 8, 14, 10], "texture": "#0"},
				"up": {"uv": [12, 2, 10, 0], "texture": "#0"},
				"down": {"uv": [14, 0, 12, 2], "texture": "#0"}
			}
		}
	],
	"display": {
		"thirdperson_righthand": {
			"rotation": [75, 45, 0],
			"translation": [0, 2.5, -4.75],
			"scale": [0.49023, 0.49023, 0.49023]
		},
		"thirdperson_lefthand": {
			"rotation": [75, 45, 0],
			"translation": [0, 2.5, -4.75],
			"scale": [0.49023, 0.49023, 0.49023]
		},
		"firstperson_righthand": {
			"rotation": [0, 113.25, 0],
			"translation": [1, 0, 0],
			"scale": [0.31211, 0.31211, 0.31211]
		},
		"firstperson_lefthand": {
			"rotation": [0, 113.25, 0],
			"translation": [1, 0, 0],
			"scale": [0.31211, 0.31211, 0.31211]
		},
		"ground": {
			"translation": [0, 0.5, 0],
			"scale": [0.51953, 0.51953, 0.51953]
		},
		"gui": {
			"rotation": [8, -145, 0],
			"translation": [0, -5.5, 0],
			"scale": [0.55859, 0.55859, 0.55859]
		},
		"head": {
			"translation": [0, -29, 0],
			"scale": [1.6, 1.6, 1.6]
		},
		"fixed": {
			"rotation": [-90, 0, 0],
			"translation": [0, -5.25, -16.25],
			"scale": [2, 2, 2]
		}
	},
	"groups": [
		{
			"name": "alex",
			"origin": [8, 8, 8],
			"children": [0, 1, 2, 3, 4, 5,
				{
					"name": "2nd layer",
					"origin": [8, 8, 8],
					"children": [6, 7, 8]
				}
			]
		}
	]
}