{
	"credit": "Made with Blockbench",
	"parent": "./cit_item",
	"textures": {
		"0": "block/MizunoArchive/birch_planks"
	},
	"elements": [
		{
			"from": [1, 0, 1],
			"to": [4, 15.5, 4],
			"faces": {
				"north": {"uv": [0.5, 12, 16, 15], "rotation": 90, "texture": "#0"},
				"east": {"uv": [0.5, 12, 16, 15], "rotation": 90, "texture": "#0"},
				"south": {"uv": [0.5, 12, 16, 15], "rotation": 90, "texture": "#0"},
				"west": {"uv": [0.5, 12, 16, 15], "rotation": 90, "texture": "#0"},
				"up": {"uv": [12, 0, 15, 3], "texture": "#0"},
				"down": {"uv": [12, 0, 15, 3], "texture": "#0"}
			}
		},
		{
			"from": [1, 0, 12],
			"to": [4, 15.5, 15],
			"faces": {
				"north": {"uv": [0.5, 12, 16, 15], "rotation": 90, "texture": "#0"},
				"east": {"uv": [0.5, 12, 16, 15], "rotation": 90, "texture": "#0"},
				"south": {"uv": [0.5, 12, 16, 15], "rotation": 90, "texture": "#0"},
				"west": {"uv": [0.5, 12, 16, 15], "rotation": 90, "texture": "#0"},
				"up": {"uv": [8, 0, 11, 3], "texture": "#0"},
				"down": {"uv": [8, 0, 11, 3], "texture": "#0"}
			}
		},
		{
			"from": [1.75, 3.5, 4],
			"to": [3.75, 19.5, 6],
			"rotation": {"angle": 45, "axis": "x", "origin": [0, 5.5, 1]},
			"faces": {
				"north": {"uv": [0, 12, 16, 14], "rotation": 90, "texture": "#0"},
				"east": {"uv": [0, 12, 16, 14], "rotation": 90, "texture": "#0"},
				"south": {"uv": [0, 12, 16, 14], "rotation": 90, "texture": "#0"},
				"west": {"uv": [0, 12, 16, 14], "rotation": 90, "texture": "#0"}
			}
		},
		{
			"from": [1.25, 3.5, 10],
			"to": [3.25, 19.5, 12],
			"rotation": {"angle": -45, "axis": "x", "origin": [0, 5.5, 15]},
			"faces": {
				"north": {"uv": [0, 12, 16, 14], "rotation": 90, "texture": "#0"},
				"east": {"uv": [0, 12, 16, 14], "rotation": 90, "texture": "#0"},
				"south": {"uv": [0, 12, 16, 14], "rotation": 90, "texture": "#0"},
				"west": {"uv": [0, 12, 16, 14], "rotation": 90, "texture": "#0"}
			}
		}
	]
}