{
	"credit": "Made with Blockbench",
	"textures": {
		"1": "block/MizunoArchive/light_gray_concrete",
		"2": "block/MizunoArchive/gray_concrete"
	},
	"elements": [
		{
			"name": "hexadecagon",
			"from": [7.83521, 0.22758, 7.32473],
			"to": [8.09597, 21.157, 8.63564],
			"rotation": {"angle": -45, "axis": "y", "origin": [7.96559, 4.16386, 7.98018]},
			"faces": {
				"north": {"uv": [0, 0, 16, 16], "texture": "#2"},
				"east": {"uv": [0, 0, 16, 16], "texture": "#2"},
				"south": {"uv": [0, 0, 16, 16], "texture": "#2"},
				"west": {"uv": [0, 0, 16, 16], "texture": "#2"},
				"up": {"uv": [0, 0, 16, 16], "texture": "#2"},
				"down": {"uv": [0, 0, 16, 16], "texture": "#2"}
			}
		},
		{
			"name": "hexadecagon",
			"from": [7.83521, 0.22758, 7.32473],
			"to": [8.09597, 21.157, 8.63564],
			"rotation": {"angle": -22.5, "axis": "y", "origin": [7.96559, 4.16386, 7.98018]},
			"faces": {
				"north": {"uv": [0, 0, 16, 16], "texture": "#2"},
				"east": {"uv": [0, 0, 16, 16], "texture": "#2"},
				"south": {"uv": [0, 0, 16, 16], "texture": "#2"},
				"west": {"uv": [0, 0, 16, 16], "texture": "#2"},
				"up": {"uv": [0, 0, 16, 16], "texture": "#2"},
				"down": {"uv": [0, 0, 16, 16], "texture": "#2"}
			}
		},
		{
			"name": "hexadecagon",
			"from": [7.83521, 0.22758, 7.32473],
			"to": [8.09597, 21.157, 8.63564],
			"rotation": {"angle": 0, "axis": "y", "origin": [7.96559, 4.16386, 7.98018]},
			"faces": {
				"north": {"uv": [0, 0, 16, 16], "texture": "#2"},
				"east": {"uv": [0, 0, 16, 16], "texture": "#2"},
				"south": {"uv": [0, 0, 16, 16], "texture": "#2"},
				"west": {"uv": [0, 0, 16, 16], "texture": "#2"},
				"up": {"uv": [0, 0, 16, 16], "texture": "#2"},
				"down": {"uv": [0, 0, 16, 16], "texture": "#2"}
			}
		},
		{
			"name": "hexadecagon",
			"from": [7.83521, 0.22758, 7.32473],
			"to": [8.09597, 21.157, 8.63564],
			"rotation": {"angle": 22.5, "axis": "y", "origin": [7.96559, 4.16386, 7.98018]},
			"faces": {
				"north": {"uv": [0, 0, 16, 16], "texture": "#2"},
				"east": {"uv": [0, 0, 16, 16], "texture": "#2"},
				"south": {"uv": [0, 0, 16, 16], "texture": "#2"},
				"west": {"uv": [0, 0, 16, 16], "texture": "#2"},
				"up": {"uv": [0, 0, 16, 16], "texture": "#2"},
				"down": {"uv": [0, 0, 16, 16], "texture": "#2"}
			}
		},
		{
			"name": "hexadecagon",
			"from": [7.83521, 0.22758, 7.32473],
			"to": [8.09597, 21.157, 8.63564],
			"rotation": {"angle": 45, "axis": "y", "origin": [7.96559, 4.16386, 7.98018]},
			"faces": {
				"north": {"uv": [0, 0, 16, 16], "texture": "#2"},
				"east": {"uv": [0, 0, 16, 16], "texture": "#2"},
				"south": {"uv": [0, 0, 16, 16], "texture": "#2"},
				"west": {"uv": [0, 0, 16, 16], "texture": "#2"},
				"up": {"uv": [0, 0, 16, 16], "texture": "#2"},
				"down": {"uv": [0, 0, 16, 16], "texture": "#2"}
			}
		},
		{
			"name": "hexadecagon",
			"from": [7.31013, 0.22758, 7.84981],
			"to": [8.62105, 21.157, 8.11056],
			"rotation": {"angle": -22.5, "axis": "y", "origin": [7.96559, 4.16386, 7.98018]},
			"faces": {
				"north": {"uv": [0, 0, 16, 16], "texture": "#2"},
				"east": {"uv": [0, 0, 16, 16], "texture": "#2"},
				"south": {"uv": [0, 0, 16, 16], "texture": "#2"},
				"west": {"uv": [0, 0, 16, 16], "texture": "#2"},
				"up": {"uv": [0, 0, 16, 16], "texture": "#2"},
				"down": {"uv": [0, 0, 16, 16], "texture": "#2"}
			}
		},
		{
			"name": "hexadecagon",
			"from": [7.31013, 0.22758, 7.84981],
			"to": [8.62105, 21.157, 8.11056],
			"rotation": {"angle": 0, "axis": "y", "origin": [7.96559, 4.16386, 7.98018]},
			"faces": {
				"north": {"uv": [0, 0, 16, 16], "texture": "#2"},
				"east": {"uv": [0, 0, 16, 16], "texture": "#2"},
				"south": {"uv": [0, 0, 16, 16], "texture": "#2"},
				"west": {"uv": [0, 0, 16, 16], "texture": "#2"},
				"up": {"uv": [0, 0, 16, 16], "texture": "#2"},
				"down": {"uv": [0, 0, 16, 16], "texture": "#2"}
			}
		},
		{
			"name": "hexadecagon",
			"from": [7.31013, 0.22758, 7.84981],
			"to": [8.62105, 21.157, 8.11056],
			"rotation": {"angle": 22.5, "axis": "y", "origin": [7.96559, 4.16386, 7.98018]},
			"faces": {
				"north": {"uv": [0, 0, 16, 16], "texture": "#2"},
				"east": {"uv": [0, 0, 16, 16], "texture": "#2"},
				"south": {"uv": [0, 0, 16, 16], "texture": "#2"},
				"west": {"uv": [0, 0, 16, 16], "texture": "#2"},
				"up": {"uv": [0, 0, 16, 16], "texture": "#2"},
				"down": {"uv": [0, 0, 16, 16], "texture": "#2"}
			}
		},
		{
			"name": "Middle plate",
			"from": [6.8526, 17.42392, 7.28121],
			"to": [9.08672, 19.36941, 8.78841],
			"rotation": {"angle": 0, "axis": "y", "origin": [6.7132, 18.39667, 8.32742]},
			"faces": {
				"north": {"uv": [0, 10, 16, 16], "texture": "#1"},
				"east": {"uv": [0, 0, 1, 1], "texture": "#1"},
				"south": {"uv": [0, 0, 1, 1], "texture": "#1"},
				"west": {"uv": [0, 0, 1, 1], "texture": "#1"},
				"up": {"uv": [0, 0, 1, 1], "texture": "#1"},
				"down": {"uv": [0, 0, 1, 1], "texture": "#1"}
			}
		},
		{
			"name": "hexadecagon",
			"from": [7.89818, 12.8718, 7.25799],
			"to": [8.0433, 13.6014, 8.73771],
			"rotation": {"angle": 45, "axis": "z", "origin": [7.97074, 13.2366, 6.94791]},
			"faces": {
				"north": {"uv": [0, 0, 1, 1], "rotation": 180, "texture": "#1"},
				"east": {"uv": [0, 0, 1, 1], "rotation": 180, "texture": "#1"},
				"south": {"uv": [0, 0, 1, 1], "rotation": 180, "texture": "#1"},
				"west": {"uv": [0, 0, 1, 1], "rotation": 180, "texture": "#1"},
				"up": {"uv": [0, 0, 1, 1], "rotation": 180, "texture": "#1"},
				"down": {"uv": [0, 0, 1, 1], "rotation": 180, "texture": "#1"}
			}
		},
		{
			"name": "hexadecagon",
			"from": [7.89818, 12.8718, 7.25799],
			"to": [8.0433, 13.6014, 8.73771],
			"rotation": {"angle": 22.5, "axis": "z", "origin": [7.97074, 13.2366, 6.94791]},
			"faces": {
				"north": {"uv": [0, 0, 1, 1], "rotation": 180, "texture": "#1"},
				"east": {"uv": [0, 0, 1, 1], "rotation": 180, "texture": "#1"},
				"south": {"uv": [0, 0, 1, 1], "rotation": 180, "texture": "#1"},
				"west": {"uv": [0, 0, 1, 1], "rotation": 180, "texture": "#1"},
				"up": {"uv": [0, 0, 1, 1], "rotation": 180, "texture": "#1"},
				"down": {"uv": [0, 0, 1, 1], "rotation": 180, "texture": "#1"}
			}
		},
		{
			"name": "hexadecagon",
			"from": [7.89818, 12.8718, 7.25799],
			"to": [8.0433, 13.6014, 8.73771],
			"rotation": {"angle": 0, "axis": "y", "origin": [7.97074, 13.2366, 6.94791]},
			"faces": {
				"north": {"uv": [0, 0, 1, 1], "rotation": 180, "texture": "#1"},
				"east": {"uv": [0, 0, 1, 1], "rotation": 180, "texture": "#1"},
				"south": {"uv": [0, 0, 1, 1], "rotation": 180, "texture": "#1"},
				"west": {"uv": [0, 0, 1, 1], "rotation": 180, "texture": "#1"},
				"up": {"uv": [0, 0, 1, 1], "rotation": 180, "texture": "#1"},
				"down": {"uv": [0, 0, 1, 1], "rotation": 180, "texture": "#1"}
			}
		},
		{
			"name": "hexadecagon",
			"from": [7.89818, 12.8718, 7.25799],
			"to": [8.0433, 13.6014, 8.73771],
			"rotation": {"angle": -22.5, "axis": "z", "origin": [7.97074, 13.2366, 6.94791]},
			"faces": {
				"north": {"uv": [0, 0, 1, 1], "rotation": 180, "texture": "#1"},
				"east": {"uv": [0, 0, 1, 1], "rotation": 180, "texture": "#1"},
				"south": {"uv": [0, 0, 1, 1], "rotation": 180, "texture": "#1"},
				"west": {"uv": [0, 0, 1, 1], "rotation": 180, "texture": "#1"},
				"up": {"uv": [0, 0, 1, 1], "rotation": 180, "texture": "#1"},
				"down": {"uv": [0, 0, 1, 1], "rotation": 180, "texture": "#1"}
			}
		},
		{
			"name": "hexadecagon",
			"from": [7.89818, 12.8718, 7.25799],
			"to": [8.0433, 13.6014, 8.73771],
			"rotation": {"angle": -45, "axis": "z", "origin": [7.97074, 13.2366, 6.94791]},
			"faces": {
				"north": {"uv": [0, 0, 1, 1], "rotation": 180, "texture": "#1"},
				"east": {"uv": [0, 0, 1, 1], "rotation": 180, "texture": "#1"},
				"south": {"uv": [0, 0, 1, 1], "rotation": 180, "texture": "#1"},
				"west": {"uv": [0, 0, 1, 1], "rotation": 180, "texture": "#1"},
				"up": {"uv": [0, 0, 1, 1], "rotation": 180, "texture": "#1"},
				"down": {"uv": [0, 0, 1, 1], "rotation": 180, "texture": "#1"}
			}
		},
		{
			"name": "hexadecagon",
			"from": [7.60594, 13.16404, 7.25799],
			"to": [8.33554, 13.30916, 8.73771],
			"rotation": {"angle": 22.5, "axis": "z", "origin": [7.97074, 13.2366, 6.94791]},
			"faces": {
				"north": {"uv": [0, 0, 1, 1], "rotation": 180, "texture": "#1"},
				"east": {"uv": [0, 0, 1, 1], "rotation": 180, "texture": "#1"},
				"south": {"uv": [0, 0, 1, 1], "rotation": 180, "texture": "#1"},
				"west": {"uv": [0, 0, 1, 1], "rotation": 180, "texture": "#1"},
				"up": {"uv": [0, 0, 1, 1], "rotation": 180, "texture": "#1"},
				"down": {"uv": [0, 0, 1, 1], "rotation": 180, "texture": "#1"}
			}
		},
		{
			"name": "hexadecagon",
			"from": [7.60594, 13.16404, 7.25799],
			"to": [8.33554, 13.30916, 8.73771],
			"rotation": {"angle": 0, "axis": "y", "origin": [7.97074, 13.2366, 6.94791]},
			"faces": {
				"north": {"uv": [0, 0, 1, 1], "rotation": 180, "texture": "#1"},
				"east": {"uv": [0, 0, 1, 1], "rotation": 180, "texture": "#1"},
				"south": {"uv": [0, 0, 1, 1], "rotation": 180, "texture": "#1"},
				"west": {"uv": [0, 0, 1, 1], "rotation": 180, "texture": "#1"},
				"up": {"uv": [0, 0, 1, 1], "rotation": 180, "texture": "#1"},
				"down": {"uv": [0, 0, 1, 1], "rotation": 180, "texture": "#1"}
			}
		},
		{
			"name": "hexadecagon",
			"from": [7.60594, 13.16404, 7.25799],
			"to": [8.33554, 13.30916, 8.73771],
			"rotation": {"angle": -22.5, "axis": "z", "origin": [7.97074, 13.2366, 6.94791]},
			"faces": {
				"north": {"uv": [0, 0, 1, 1], "rotation": 180, "texture": "#1"},
				"east": {"uv": [0, 0, 1, 1], "rotation": 180, "texture": "#1"},
				"south": {"uv": [0, 0, 1, 1], "rotation": 180, "texture": "#1"},
				"west": {"uv": [0, 0, 1, 1], "rotation": 180, "texture": "#1"},
				"up": {"uv": [0, 0, 1, 1], "rotation": 180, "texture": "#1"},
				"down": {"uv": [0, 0, 1, 1], "rotation": 180, "texture": "#1"}
			}
		},
		{
			"name": "hexadecagon",
			"from": [7.89818, 8.9968, 7.20799],
			"to": [8.0433, 9.7264, 8.68771],
			"rotation": {"angle": 45, "axis": "z", "origin": [7.97074, 9.3616, 6.89791]},
			"faces": {
				"north": {"uv": [0, 0, 1, 1], "rotation": 180, "texture": "#1"},
				"east": {"uv": [0, 0, 1, 1], "rotation": 180, "texture": "#1"},
				"south": {"uv": [0, 0, 1, 1], "rotation": 180, "texture": "#1"},
				"west": {"uv": [0, 0, 1, 1], "rotation": 180, "texture": "#1"},
				"up": {"uv": [0, 0, 1, 1], "rotation": 180, "texture": "#1"},
				"down": {"uv": [0, 0, 1, 1], "rotation": 180, "texture": "#1"}
			}
		},
		{
			"name": "hexadecagon",
			"from": [7.89818, 8.9968, 7.20799],
			"to": [8.0433, 9.7264, 8.68771],
			"rotation": {"angle": 22.5, "axis": "z", "origin": [7.97074, 9.3616, 6.89791]},
			"faces": {
				"north": {"uv": [0, 0, 1, 1], "rotation": 180, "texture": "#1"},
				"east": {"uv": [0, 0, 1, 1], "rotation": 180, "texture": "#1"},
				"south": {"uv": [0, 0, 1, 1], "rotation": 180, "texture": "#1"},
				"west": {"uv": [0, 0, 1, 1], "rotation": 180, "texture": "#1"},
				"up": {"uv": [0, 0, 1, 1], "rotation": 180, "texture": "#1"},
				"down": {"uv": [0, 0, 1, 1], "rotation": 180, "texture": "#1"}
			}
		},
		{
			"name": "hexadecagon",
			"from": [7.89818, 8.9968, 7.20799],
			"to": [8.0433, 9.7264, 8.68771],
			"rotation": {"angle": 0, "axis": "y", "origin": [7.97074, 9.3616, 6.89791]},
			"faces": {
				"north": {"uv": [0, 0, 1, 1], "rotation": 180, "texture": "#1"},
				"east": {"uv": [0, 0, 1, 1], "rotation": 180, "texture": "#1"},
				"south": {"uv": [0, 0, 1, 1], "rotation": 180, "texture": "#1"},
				"west": {"uv": [0, 0, 1, 1], "rotation": 180, "texture": "#1"},
				"up": {"uv": [0, 0, 1, 1], "rotation": 180, "texture": "#1"},
				"down": {"uv": [0, 0, 1, 1], "rotation": 180, "texture": "#1"}
			}
		},
		{
			"name": "hexadecagon",
			"from": [7.89818, 8.9968, 7.20799],
			"to": [8.0433, 9.7264, 8.68771],
			"rotation": {"angle": -22.5, "axis": "z", "origin": [7.97074, 9.3616, 6.89791]},
			"faces": {
				"north": {"uv": [0, 0, 1, 1], "rotation": 180, "texture": "#1"},
				"east": {"uv": [0, 0, 1, 1], "rotation": 180, "texture": "#1"},
				"south": {"uv": [0, 0, 1, 1], "rotation": 180, "texture": "#1"},
				"west": {"uv": [0, 0, 1, 1], "rotation": 180, "texture": "#1"},
				"up": {"uv": [0, 0, 1, 1], "rotation": 180, "texture": "#1"},
				"down": {"uv": [0, 0, 1, 1], "rotation": 180, "texture": "#1"}
			}
		},
		{
			"name": "hexadecagon",
			"from": [7.89818, 8.9968, 7.20799],
			"to": [8.0433, 9.7264, 8.68771],
			"rotation": {"angle": -45, "axis": "z", "origin": [7.97074, 9.3616, 6.89791]},
			"faces": {
				"north": {"uv": [0, 0, 1, 1], "rotation": 180, "texture": "#1"},
				"east": {"uv": [0, 0, 1, 1], "rotation": 180, "texture": "#1"},
				"south": {"uv": [0, 0, 1, 1], "rotation": 180, "texture": "#1"},
				"west": {"uv": [0, 0, 1, 1], "rotation": 180, "texture": "#1"},
				"up": {"uv": [0, 0, 1, 1], "rotation": 180, "texture": "#1"},
				"down": {"uv": [0, 0, 1, 1], "rotation": 180, "texture": "#1"}
			}
		},
		{
			"name": "hexadecagon",
			"from": [7.60594, 9.28904, 7.20799],
			"to": [8.33554, 9.43416, 8.68771],
			"rotation": {"angle": 22.5, "axis": "z", "origin": [7.97074, 9.3616, 6.89791]},
			"faces": {
				"north": {"uv": [0, 0, 1, 1], "rotation": 180, "texture": "#1"},
				"east": {"uv": [0, 0, 1, 1], "rotation": 180, "texture": "#1"},
				"south": {"uv": [0, 0, 1, 1], "rotation": 180, "texture": "#1"},
				"west": {"uv": [0, 0, 1, 1], "rotation": 180, "texture": "#1"},
				"up": {"uv": [0, 0, 1, 1], "rotation": 180, "texture": "#1"},
				"down": {"uv": [0, 0, 1, 1], "rotation": 180, "texture": "#1"}
			}
		},
		{
			"name": "hexadecagon",
			"from": [7.60594, 9.28904, 7.20799],
			"to": [8.33554, 9.43416, 8.68771],
			"rotation": {"angle": 0, "axis": "y", "origin": [7.97074, 9.3616, 6.89791]},
			"faces": {
				"north": {"uv": [0, 0, 1, 1], "rotation": 180, "texture": "#1"},
				"east": {"uv": [0, 0, 1, 1], "rotation": 180, "texture": "#1"},
				"south": {"uv": [0, 0, 1, 1], "rotation": 180, "texture": "#1"},
				"west": {"uv": [0, 0, 1, 1], "rotation": 180, "texture": "#1"},
				"up": {"uv": [0, 0, 1, 1], "rotation": 180, "texture": "#1"},
				"down": {"uv": [0, 0, 1, 1], "rotation": 180, "texture": "#1"}
			}
		},
		{
			"name": "hexadecagon",
			"from": [7.60594, 9.28904, 7.20799],
			"to": [8.33554, 9.43416, 8.68771],
			"rotation": {"angle": -22.5, "axis": "z", "origin": [7.97074, 9.3616, 6.89791]},
			"faces": {
				"north": {"uv": [0, 0, 1, 1], "rotation": 180, "texture": "#1"},
				"east": {"uv": [0, 0, 1, 1], "rotation": 180, "texture": "#1"},
				"south": {"uv": [0, 0, 1, 1], "rotation": 180, "texture": "#1"},
				"west": {"uv": [0, 0, 1, 1], "rotation": 180, "texture": "#1"},
				"up": {"uv": [0, 0, 1, 1], "rotation": 180, "texture": "#1"},
				"down": {"uv": [0, 0, 1, 1], "rotation": 180, "texture": "#1"}
			}
		},
		{
			"name": "hexadecagon",
			"from": [7.8783, 0.725, 7.2253],
			"to": [8.17975, 2.07681, 8.7408],
			"rotation": {"angle": -45, "axis": "y", "origin": [8.02903, 4.3289, 7.98305]},
			"faces": {
				"north": {"uv": [0, 0, 1, 1], "texture": "#1"},
				"east": {"uv": [0, 0, 1, 1], "rotation": 90, "texture": "#1"},
				"south": {"uv": [0, 0, 1, 1], "rotation": 180, "texture": "#1"},
				"west": {"uv": [0, 0, 1, 1], "rotation": 270, "texture": "#1"},
				"up": {"uv": [0, 0, 1, 1], "texture": "#1"},
				"down": {"uv": [0, 0, 1, 1], "rotation": 180, "texture": "#1"}
			}
		},
		{
			"name": "hexadecagon",
			"from": [7.8783, 0.725, 7.2253],
			"to": [8.17975, 2.07681, 8.7408],
			"rotation": {"angle": -22.5, "axis": "y", "origin": [8.02903, 4.3289, 7.98305]},
			"faces": {
				"north": {"uv": [0, 0, 1, 1], "texture": "#1"},
				"east": {"uv": [0, 0, 1, 1], "rotation": 90, "texture": "#1"},
				"south": {"uv": [0, 0, 1, 1], "rotation": 180, "texture": "#1"},
				"west": {"uv": [0, 0, 1, 1], "rotation": 270, "texture": "#1"},
				"up": {"uv": [0, 0, 1, 1], "texture": "#1"},
				"down": {"uv": [0, 0, 1, 1], "rotation": 180, "texture": "#1"}
			}
		},
		{
			"name": "hexadecagon",
			"from": [7.8783, 0.725, 7.2253],
			"to": [8.17975, 2.07681, 8.7408],
			"rotation": {"angle": 0, "axis": "y", "origin": [8.02903, 4.3289, 7.98305]},
			"faces": {
				"north": {"uv": [0, 0, 1, 1], "texture": "#1"},
				"east": {"uv": [0, 0, 1, 1], "rotation": 90, "texture": "#1"},
				"south": {"uv": [0, 0, 1, 1], "rotation": 180, "texture": "#1"},
				"west": {"uv": [0, 0, 1, 1], "rotation": 270, "texture": "#1"},
				"up": {"uv": [0, 0, 1, 1], "texture": "#1"},
				"down": {"uv": [0, 0, 1, 1], "rotation": 180, "texture": "#1"}
			}
		},
		{
			"name": "hexadecagon",
			"from": [7.8783, 0.725, 7.2253],
			"to": [8.17975, 2.07681, 8.7408],
			"rotation": {"angle": 22.5, "axis": "y", "origin": [8.02903, 4.3289, 7.98305]},
			"faces": {
				"north": {"uv": [0, 0, 1, 1], "texture": "#1"},
				"east": {"uv": [0, 0, 1, 1], "rotation": 90, "texture": "#1"},
				"south": {"uv": [0, 0, 1, 1], "rotation": 180, "texture": "#1"},
				"west": {"uv": [0, 0, 1, 1], "rotation": 270, "texture": "#1"},
				"up": {"uv": [0, 0, 1, 1], "texture": "#1"},
				"down": {"uv": [0, 0, 1, 1], "rotation": 180, "texture": "#1"}
			}
		},
		{
			"name": "hexadecagon",
			"from": [7.8783, 0.725, 7.2253],
			"to": [8.17975, 2.07681, 8.7408],
			"rotation": {"angle": 45, "axis": "y", "origin": [8.02903, 4.3289, 7.98305]},
			"faces": {
				"north": {"uv": [0, 0, 1, 1], "texture": "#1"},
				"east": {"uv": [0, 0, 1, 1], "rotation": 90, "texture": "#1"},
				"south": {"uv": [0, 0, 1, 1], "rotation": 180, "texture": "#1"},
				"west": {"uv": [0, 0, 1, 1], "rotation": 270, "texture": "#1"},
				"up": {"uv": [0, 0, 1, 1], "texture": "#1"},
				"down": {"uv": [0, 0, 1, 1], "rotation": 180, "texture": "#1"}
			}
		},
		{
			"name": "hexadecagon",
			"from": [7.27127, 0.725, 7.83233],
			"to": [8.78678, 2.07681, 8.13378],
			"rotation": {"angle": -22.5, "axis": "y", "origin": [8.02903, 4.3289, 7.98305]},
			"faces": {
				"north": {"uv": [0, 0, 1, 1], "texture": "#1"},
				"east": {"uv": [0, 0, 1, 1], "rotation": 90, "texture": "#1"},
				"south": {"uv": [0, 0, 1, 1], "rotation": 180, "texture": "#1"},
				"west": {"uv": [0, 0, 1, 1], "rotation": 270, "texture": "#1"},
				"up": {"uv": [0, 0, 1, 1], "texture": "#1"},
				"down": {"uv": [0, 0, 1, 1], "rotation": 180, "texture": "#1"}
			}
		},
		{
			"name": "hexadecagon",
			"from": [7.27127, 0.725, 7.83233],
			"to": [8.78678, 2.07681, 8.13378],
			"rotation": {"angle": 0, "axis": "y", "origin": [8.02903, 4.3289, 7.98305]},
			"faces": {
				"north": {"uv": [0, 0, 1, 1], "texture": "#1"},
				"east": {"uv": [0, 0, 1, 1], "rotation": 90, "texture": "#1"},
				"south": {"uv": [0, 0, 1, 1], "rotation": 180, "texture": "#1"},
				"west": {"uv": [0, 0, 1, 1], "rotation": 270, "texture": "#1"},
				"up": {"uv": [0, 0, 1, 1], "texture": "#1"},
				"down": {"uv": [0, 0, 1, 1], "rotation": 180, "texture": "#1"}
			}
		},
		{
			"name": "hexadecagon",
			"from": [7.27127, 0.725, 7.83233],
			"to": [8.78678, 2.07681, 8.13378],
			"rotation": {"angle": 22.5, "axis": "y", "origin": [8.02903, 4.3289, 7.98305]},
			"faces": {
				"north": {"uv": [0, 0, 1, 1], "texture": "#1"},
				"east": {"uv": [0, 0, 1, 1], "rotation": 90, "texture": "#1"},
				"south": {"uv": [0, 0, 1, 1], "rotation": 180, "texture": "#1"},
				"west": {"uv": [0, 0, 1, 1], "rotation": 270, "texture": "#1"},
				"up": {"uv": [0, 0, 1, 1], "texture": "#1"},
				"down": {"uv": [0, 0, 1, 1], "rotation": 180, "texture": "#1"}
			}
		},
		{
			"name": "hexadecagon",
			"from": [7.78392, 0.1, 7.02134],
			"to": [8.16098, 0.9607, 8.91692],
			"rotation": {"angle": -45, "axis": "y", "origin": [7.97245, 4.12809, 7.96914]},
			"faces": {
				"north": {"uv": [0, 0, 1, 1], "texture": "#1"},
				"east": {"uv": [0, 0, 1, 1], "rotation": 90, "texture": "#1"},
				"south": {"uv": [0, 0, 1, 1], "rotation": 180, "texture": "#1"},
				"west": {"uv": [0, 0, 1, 1], "rotation": 270, "texture": "#1"},
				"up": {"uv": [0, 0, 1, 1], "texture": "#1"},
				"down": {"uv": [0, 0, 1, 1], "rotation": 180, "texture": "#1"}
			}
		},
		{
			"name": "hexadecagon",
			"from": [7.78392, 0.1, 7.02134],
			"to": [8.16098, 0.9607, 8.91692],
			"rotation": {"angle": -22.5, "axis": "y", "origin": [7.97245, 4.12809, 7.96914]},
			"faces": {
				"north": {"uv": [0, 0, 1, 1], "texture": "#1"},
				"east": {"uv": [0, 0, 1, 1], "rotation": 90, "texture": "#1"},
				"south": {"uv": [0, 0, 1, 1], "rotation": 180, "texture": "#1"},
				"west": {"uv": [0, 0, 1, 1], "rotation": 270, "texture": "#1"},
				"up": {"uv": [0, 0, 1, 1], "texture": "#1"},
				"down": {"uv": [0, 0, 1, 1], "rotation": 180, "texture": "#1"}
			}
		},
		{
			"name": "hexadecagon",
			"from": [7.78392, 0.1, 7.02134],
			"to": [8.16098, 0.9607, 8.91692],
			"rotation": {"angle": 0, "axis": "y", "origin": [7.97245, 4.12809, 7.96914]},
			"faces": {
				"north": {"uv": [0, 0, 1, 1], "texture": "#1"},
				"east": {"uv": [0, 0, 1, 1], "rotation": 90, "texture": "#1"},
				"south": {"uv": [0, 0, 1, 1], "rotation": 180, "texture": "#1"},
				"west": {"uv": [0, 0, 1, 1], "rotation": 270, "texture": "#1"},
				"up": {"uv": [0, 0, 1, 1], "texture": "#1"},
				"down": {"uv": [0, 0, 1, 1], "rotation": 180, "texture": "#1"}
			}
		},
		{
			"name": "hexadecagon",
			"from": [7.78392, 0.1, 7.02134],
			"to": [8.16098, 0.9607, 8.91692],
			"rotation": {"angle": 22.5, "axis": "y", "origin": [7.97245, 4.12809, 7.96914]},
			"faces": {
				"north": {"uv": [0, 0, 1, 1], "texture": "#1"},
				"east": {"uv": [0, 0, 1, 1], "rotation": 90, "texture": "#1"},
				"south": {"uv": [0, 0, 1, 1], "rotation": 180, "texture": "#1"},
				"west": {"uv": [0, 0, 1, 1], "rotation": 270, "texture": "#1"},
				"up": {"uv": [0, 0, 1, 1], "texture": "#1"},
				"down": {"uv": [0, 0, 1, 1], "rotation": 180, "texture": "#1"}
			}
		},
		{
			"name": "hexadecagon",
			"from": [7.78392, 0.1, 7.02134],
			"to": [8.16098, 0.9607, 8.91692],
			"rotation": {"angle": 45, "axis": "y", "origin": [7.97245, 4.12809, 7.96914]},
			"faces": {
				"north": {"uv": [0, 0, 1, 1], "texture": "#1"},
				"east": {"uv": [0, 0, 1, 1], "rotation": 90, "texture": "#1"},
				"south": {"uv": [0, 0, 1, 1], "rotation": 180, "texture": "#1"},
				"west": {"uv": [0, 0, 1, 1], "rotation": 270, "texture": "#1"},
				"up": {"uv": [0, 0, 1, 1], "texture": "#1"},
				"down": {"uv": [0, 0, 1, 1], "rotation": 180, "texture": "#1"}
			}
		},
		{
			"name": "hexadecagon",
			"from": [7.02465, 0.1, 7.78061],
			"to": [8.92025, 0.9607, 8.15766],
			"rotation": {"angle": -22.5, "axis": "y", "origin": [7.97245, 4.12809, 7.96914]},
			"faces": {
				"north": {"uv": [0, 0, 1, 1], "texture": "#1"},
				"east": {"uv": [0, 0, 1, 1], "rotation": 90, "texture": "#1"},
				"south": {"uv": [0, 0, 1, 1], "rotation": 180, "texture": "#1"},
				"west": {"uv": [0, 0, 1, 1], "rotation": 270, "texture": "#1"},
				"up": {"uv": [0, 0, 1, 1], "texture": "#1"},
				"down": {"uv": [0, 0, 1, 1], "rotation": 180, "texture": "#1"}
			}
		},
		{
			"name": "hexadecagon",
			"from": [7.02465, 0.1, 7.78061],
			"to": [8.92025, 0.9607, 8.15766],
			"rotation": {"angle": 0, "axis": "y", "origin": [7.97245, 4.12809, 7.96914]},
			"faces": {
				"north": {"uv": [0, 0, 1, 1], "texture": "#1"},
				"east": {"uv": [0, 0, 1, 1], "rotation": 90, "texture": "#1"},
				"south": {"uv": [0, 0, 1, 1], "rotation": 180, "texture": "#1"},
				"west": {"uv": [0, 0, 1, 1], "rotation": 270, "texture": "#1"},
				"up": {"uv": [0, 0, 1, 1], "texture": "#1"},
				"down": {"uv": [0, 0, 1, 1], "rotation": 180, "texture": "#1"}
			}
		},
		{
			"name": "hexadecagon",
			"from": [7.02465, 0.1, 7.78061],
			"to": [8.92025, 0.9607, 8.15766],
			"rotation": {"angle": 22.5, "axis": "y", "origin": [7.97245, 4.12809, 7.96914]},
			"faces": {
				"north": {"uv": [0, 0, 1, 1], "texture": "#1"},
				"east": {"uv": [0, 0, 1, 1], "rotation": 90, "texture": "#1"},
				"south": {"uv": [0, 0, 1, 1], "rotation": 180, "texture": "#1"},
				"west": {"uv": [0, 0, 1, 1], "rotation": 270, "texture": "#1"},
				"up": {"uv": [0, 0, 1, 1], "texture": "#1"},
				"down": {"uv": [0, 0, 1, 1], "rotation": 180, "texture": "#1"}
			}
		},
		{
			"name": "hexadecagon",
			"from": [7.78392, 1.35, 7.02134],
			"to": [8.16098, 2.2107, 8.91692],
			"rotation": {"angle": -45, "axis": "y", "origin": [7.97245, 5.37809, 7.96914]},
			"faces": {
				"north": {"uv": [0, 0, 1, 1], "texture": "#1"},
				"east": {"uv": [0, 0, 1, 1], "rotation": 90, "texture": "#1"},
				"south": {"uv": [0, 0, 1, 1], "rotation": 180, "texture": "#1"},
				"west": {"uv": [0, 0, 1, 1], "rotation": 270, "texture": "#1"},
				"up": {"uv": [0, 0, 1, 1], "texture": "#1"},
				"down": {"uv": [0, 0, 1, 1], "rotation": 180, "texture": "#1"}
			}
		},
		{
			"name": "hexadecagon",
			"from": [7.78392, 1.35, 7.02134],
			"to": [8.16098, 2.2107, 8.91692],
			"rotation": {"angle": -22.5, "axis": "y", "origin": [7.97245, 5.37809, 7.96914]},
			"faces": {
				"north": {"uv": [0, 0, 1, 1], "texture": "#1"},
				"east": {"uv": [0, 0, 1, 1], "rotation": 90, "texture": "#1"},
				"south": {"uv": [0, 0, 1, 1], "rotation": 180, "texture": "#1"},
				"west": {"uv": [0, 0, 1, 1], "rotation": 270, "texture": "#1"},
				"up": {"uv": [0, 0, 1, 1], "texture": "#1"},
				"down": {"uv": [0, 0, 1, 1], "rotation": 180, "texture": "#1"}
			}
		},
		{
			"name": "hexadecagon",
			"from": [7.78392, 1.35, 7.02134],
			"to": [8.16098, 2.2107, 8.91692],
			"rotation": {"angle": 0, "axis": "y", "origin": [7.97245, 5.37809, 7.96914]},
			"faces": {
				"north": {"uv": [0, 0, 1, 1], "texture": "#1"},
				"east": {"uv": [0, 0, 1, 1], "rotation": 90, "texture": "#1"},
				"south": {"uv": [0, 0, 1, 1], "rotation": 180, "texture": "#1"},
				"west": {"uv": [0, 0, 1, 1], "rotation": 270, "texture": "#1"},
				"up": {"uv": [0, 0, 1, 1], "texture": "#1"},
				"down": {"uv": [0, 0, 1, 1], "rotation": 180, "texture": "#1"}
			}
		},
		{
			"name": "hexadecagon",
			"from": [7.78392, 1.35, 7.02134],
			"to": [8.16098, 2.2107, 8.91692],
			"rotation": {"angle": 22.5, "axis": "y", "origin": [7.97245, 5.37809, 7.96914]},
			"faces": {
				"north": {"uv": [0, 0, 1, 1], "texture": "#1"},
				"east": {"uv": [0, 0, 1, 1], "rotation": 90, "texture": "#1"},
				"south": {"uv": [0, 0, 1, 1], "rotation": 180, "texture": "#1"},
				"west": {"uv": [0, 0, 1, 1], "rotation": 270, "texture": "#1"},
				"up": {"uv": [0, 0, 1, 1], "texture": "#1"},
				"down": {"uv": [0, 0, 1, 1], "rotation": 180, "texture": "#1"}
			}
		},
		{
			"name": "hexadecagon",
			"from": [7.78392, 1.35, 7.02134],
			"to": [8.16098, 2.2107, 8.91692],
			"rotation": {"angle": 45, "axis": "y", "origin": [7.97245, 5.37809, 7.96914]},
			"faces": {
				"north": {"uv": [0, 0, 1, 1], "texture": "#1"},
				"east": {"uv": [0, 0, 1, 1], "rotation": 90, "texture": "#1"},
				"south": {"uv": [0, 0, 1, 1], "rotation": 180, "texture": "#1"},
				"west": {"uv": [0, 0, 1, 1], "rotation": 270, "texture": "#1"},
				"up": {"uv": [0, 0, 1, 1], "texture": "#1"},
				"down": {"uv": [0, 0, 1, 1], "rotation": 180, "texture": "#1"}
			}
		},
		{
			"name": "hexadecagon",
			"from": [7.02465, 1.35, 7.78061],
			"to": [8.92025, 2.2107, 8.15766],
			"rotation": {"angle": -22.5, "axis": "y", "origin": [7.97245, 5.37809, 7.96914]},
			"faces": {
				"north": {"uv": [0, 0, 1, 1], "texture": "#1"},
				"east": {"uv": [0, 0, 1, 1], "rotation": 90, "texture": "#1"},
				"south": {"uv": [0, 0, 1, 1], "rotation": 180, "texture": "#1"},
				"west": {"uv": [0, 0, 1, 1], "rotation": 270, "texture": "#1"},
				"up": {"uv": [0, 0, 1, 1], "texture": "#1"},
				"down": {"uv": [0, 0, 1, 1], "rotation": 180, "texture": "#1"}
			}
		},
		{
			"name": "hexadecagon",
			"from": [7.02465, 1.35, 7.78061],
			"to": [8.92025, 2.2107, 8.15766],
			"rotation": {"angle": 0, "axis": "y", "origin": [7.97245, 5.37809, 7.96914]},
			"faces": {
				"north": {"uv": [0, 0, 1, 1], "texture": "#1"},
				"east": {"uv": [0, 0, 1, 1], "rotation": 90, "texture": "#1"},
				"south": {"uv": [0, 0, 1, 1], "rotation": 180, "texture": "#1"},
				"west": {"uv": [0, 0, 1, 1], "rotation": 270, "texture": "#1"},
				"up": {"uv": [0, 0, 1, 1], "texture": "#1"},
				"down": {"uv": [0, 0, 1, 1], "rotation": 180, "texture": "#1"}
			}
		},
		{
			"name": "hexadecagon",
			"from": [7.02465, 1.35, 7.78061],
			"to": [8.92025, 2.2107, 8.15766],
			"rotation": {"angle": 22.5, "axis": "y", "origin": [7.97245, 5.37809, 7.96914]},
			"faces": {
				"north": {"uv": [0, 0, 1, 1], "texture": "#1"},
				"east": {"uv": [0, 0, 1, 1], "rotation": 90, "texture": "#1"},
				"south": {"uv": [0, 0, 1, 1], "rotation": 180, "texture": "#1"},
				"west": {"uv": [0, 0, 1, 1], "rotation": 270, "texture": "#1"},
				"up": {"uv": [0, 0, 1, 1], "texture": "#1"},
				"down": {"uv": [0, 0, 1, 1], "rotation": 180, "texture": "#1"}
			}
		},
		{
			"name": "hexadecagon",
			"from": [7.78392, 4.225, 7.02134],
			"to": [8.16098, 5.0857, 8.91692],
			"rotation": {"angle": -45, "axis": "y", "origin": [7.97245, 8.25309, 7.96914]},
			"faces": {
				"north": {"uv": [0, 0, 1, 1], "texture": "#1"},
				"east": {"uv": [0, 0, 1, 1], "rotation": 90, "texture": "#1"},
				"south": {"uv": [0, 0, 1, 1], "rotation": 180, "texture": "#1"},
				"west": {"uv": [0, 0, 1, 1], "rotation": 270, "texture": "#1"},
				"up": {"uv": [0, 0, 1, 1], "texture": "#1"},
				"down": {"uv": [0, 0, 1, 1], "rotation": 180, "texture": "#1"}
			}
		},
		{
			"name": "hexadecagon",
			"from": [7.78392, 4.225, 7.02134],
			"to": [8.16098, 5.0857, 8.91692],
			"rotation": {"angle": -22.5, "axis": "y", "origin": [7.97245, 8.25309, 7.96914]},
			"faces": {
				"north": {"uv": [0, 0, 1, 1], "texture": "#1"},
				"east": {"uv": [0, 0, 1, 1], "rotation": 90, "texture": "#1"},
				"south": {"uv": [0, 0, 1, 1], "rotation": 180, "texture": "#1"},
				"west": {"uv": [0, 0, 1, 1], "rotation": 270, "texture": "#1"},
				"up": {"uv": [0, 0, 1, 1], "texture": "#1"},
				"down": {"uv": [0, 0, 1, 1], "rotation": 180, "texture": "#1"}
			}
		},
		{
			"name": "hexadecagon",
			"from": [7.78392, 4.225, 7.02134],
			"to": [8.16098, 5.0857, 8.91692],
			"rotation": {"angle": 0, "axis": "y", "origin": [7.97245, 8.25309, 7.96914]},
			"faces": {
				"north": {"uv": [0, 0, 1, 1], "texture": "#1"},
				"east": {"uv": [0, 0, 1, 1], "rotation": 90, "texture": "#1"},
				"south": {"uv": [0, 0, 1, 1], "rotation": 180, "texture": "#1"},
				"west": {"uv": [0, 0, 1, 1], "rotation": 270, "texture": "#1"},
				"up": {"uv": [0, 0, 1, 1], "texture": "#1"},
				"down": {"uv": [0, 0, 1, 1], "rotation": 180, "texture": "#1"}
			}
		},
		{
			"name": "hexadecagon",
			"from": [7.78392, 4.225, 7.02134],
			"to": [8.16098, 5.0857, 8.91692],
			"rotation": {"angle": 22.5, "axis": "y", "origin": [7.97245, 8.25309, 7.96914]},
			"faces": {
				"north": {"uv": [0, 0, 1, 1], "texture": "#1"},
				"east": {"uv": [0, 0, 1, 1], "rotation": 90, "texture": "#1"},
				"south": {"uv": [0, 0, 1, 1], "rotation": 180, "texture": "#1"},
				"west": {"uv": [0, 0, 1, 1], "rotation": 270, "texture": "#1"},
				"up": {"uv": [0, 0, 1, 1], "texture": "#1"},
				"down": {"uv": [0, 0, 1, 1], "rotation": 180, "texture": "#1"}
			}
		},
		{
			"name": "hexadecagon",
			"from": [7.78392, 4.225, 7.02134],
			"to": [8.16098, 5.0857, 8.91692],
			"rotation": {"angle": 45, "axis": "y", "origin": [7.97245, 8.25309, 7.96914]},
			"faces": {
				"north": {"uv": [0, 0, 1, 1], "texture": "#1"},
				"east": {"uv": [0, 0, 1, 1], "rotation": 90, "texture": "#1"},
				"south": {"uv": [0, 0, 1, 1], "rotation": 180, "texture": "#1"},
				"west": {"uv": [0, 0, 1, 1], "rotation": 270, "texture": "#1"},
				"up": {"uv": [0, 0, 1, 1], "texture": "#1"},
				"down": {"uv": [0, 0, 1, 1], "rotation": 180, "texture": "#1"}
			}
		},
		{
			"name": "hexadecagon",
			"from": [7.02465, 4.225, 7.78061],
			"to": [8.92025, 5.0857, 8.15766],
			"rotation": {"angle": -22.5, "axis": "y", "origin": [7.97245, 8.25309, 7.96914]},
			"faces": {
				"north": {"uv": [0, 0, 1, 1], "texture": "#1"},
				"east": {"uv": [0, 0, 1, 1], "rotation": 90, "texture": "#1"},
				"south": {"uv": [0, 0, 1, 1], "rotation": 180, "texture": "#1"},
				"west": {"uv": [0, 0, 1, 1], "rotation": 270, "texture": "#1"},
				"up": {"uv": [0, 0, 1, 1], "texture": "#1"},
				"down": {"uv": [0, 0, 1, 1], "rotation": 180, "texture": "#1"}
			}
		},
		{
			"name": "hexadecagon",
			"from": [7.02465, 4.225, 7.78061],
			"to": [8.92025, 5.0857, 8.15766],
			"rotation": {"angle": 0, "axis": "y", "origin": [7.97245, 8.25309, 7.96914]},
			"faces": {
				"north": {"uv": [0, 0, 1, 1], "texture": "#1"},
				"east": {"uv": [0, 0, 1, 1], "rotation": 90, "texture": "#1"},
				"south": {"uv": [0, 0, 1, 1], "rotation": 180, "texture": "#1"},
				"west": {"uv": [0, 0, 1, 1], "rotation": 270, "texture": "#1"},
				"up": {"uv": [0, 0, 1, 1], "texture": "#1"},
				"down": {"uv": [0, 0, 1, 1], "rotation": 180, "texture": "#1"}
			}
		},
		{
			"name": "hexadecagon",
			"from": [7.02465, 4.225, 7.78061],
			"to": [8.92025, 5.0857, 8.15766],
			"rotation": {"angle": 22.5, "axis": "y", "origin": [7.97245, 8.25309, 7.96914]},
			"faces": {
				"north": {"uv": [0, 0, 1, 1], "texture": "#1"},
				"east": {"uv": [0, 0, 1, 1], "rotation": 90, "texture": "#1"},
				"south": {"uv": [0, 0, 1, 1], "rotation": 180, "texture": "#1"},
				"west": {"uv": [0, 0, 1, 1], "rotation": 270, "texture": "#1"},
				"up": {"uv": [0, 0, 1, 1], "texture": "#1"},
				"down": {"uv": [0, 0, 1, 1], "rotation": 180, "texture": "#1"}
			}
		},
		{
			"name": "hexadecagon",
			"from": [7.78392, 20.525, 7.02134],
			"to": [8.16098, 21.2857, 8.91692],
			"rotation": {"angle": -45, "axis": "y", "origin": [7.97245, 24.15309, 7.96914]},
			"faces": {
				"north": {"uv": [0, 0, 1, 1], "texture": "#1"},
				"east": {"uv": [0, 0, 1, 1], "rotation": 90, "texture": "#1"},
				"south": {"uv": [0, 0, 1, 1], "rotation": 180, "texture": "#1"},
				"west": {"uv": [0, 0, 1, 1], "rotation": 270, "texture": "#1"},
				"up": {"uv": [0, 0, 1, 1], "texture": "#1"},
				"down": {"uv": [0, 0, 1, 1], "rotation": 180, "texture": "#1"}
			}
		},
		{
			"name": "hexadecagon",
			"from": [7.78392, 20.525, 7.02134],
			"to": [8.16098, 21.2857, 8.91692],
			"rotation": {"angle": -22.5, "axis": "y", "origin": [7.97245, 24.15309, 7.96914]},
			"faces": {
				"north": {"uv": [0, 0, 1, 1], "texture": "#1"},
				"east": {"uv": [0, 0, 1, 1], "rotation": 90, "texture": "#1"},
				"south": {"uv": [0, 0, 1, 1], "rotation": 180, "texture": "#1"},
				"west": {"uv": [0, 0, 1, 1], "rotation": 270, "texture": "#1"},
				"up": {"uv": [0, 0, 1, 1], "texture": "#1"},
				"down": {"uv": [0, 0, 1, 1], "rotation": 180, "texture": "#1"}
			}
		},
		{
			"name": "hexadecagon",
			"from": [7.78392, 20.525, 7.02134],
			"to": [8.16098, 21.2857, 8.91692],
			"rotation": {"angle": 0, "axis": "y", "origin": [7.97245, 24.15309, 7.96914]},
			"faces": {
				"north": {"uv": [0, 0, 1, 1], "texture": "#1"},
				"east": {"uv": [0, 0, 1, 1], "rotation": 90, "texture": "#1"},
				"south": {"uv": [0, 0, 1, 1], "rotation": 180, "texture": "#1"},
				"west": {"uv": [0, 0, 1, 1], "rotation": 270, "texture": "#1"},
				"up": {"uv": [0, 0, 1, 1], "texture": "#1"},
				"down": {"uv": [0, 0, 1, 1], "rotation": 180, "texture": "#1"}
			}
		},
		{
			"name": "hexadecagon",
			"from": [7.78392, 20.525, 7.02134],
			"to": [8.16098, 21.2857, 8.91692],
			"rotation": {"angle": 22.5, "axis": "y", "origin": [7.97245, 24.15309, 7.96914]},
			"faces": {
				"north": {"uv": [0, 0, 1, 1], "texture": "#1"},
				"east": {"uv": [0, 0, 1, 1], "rotation": 90, "texture": "#1"},
				"south": {"uv": [0, 0, 1, 1], "rotation": 180, "texture": "#1"},
				"west": {"uv": [0, 0, 1, 1], "rotation": 270, "texture": "#1"},
				"up": {"uv": [0, 0, 1, 1], "texture": "#1"},
				"down": {"uv": [0, 0, 1, 1], "rotation": 180, "texture": "#1"}
			}
		},
		{
			"name": "hexadecagon",
			"from": [7.78392, 20.525, 7.02134],
			"to": [8.16098, 21.2857, 8.91692],
			"rotation": {"angle": 45, "axis": "y", "origin": [7.97245, 24.15309, 7.96914]},
			"faces": {
				"north": {"uv": [0, 0, 1, 1], "texture": "#1"},
				"east": {"uv": [0, 0, 1, 1], "rotation": 90, "texture": "#1"},
				"south": {"uv": [0, 0, 1, 1], "rotation": 180, "texture": "#1"},
				"west": {"uv": [0, 0, 1, 1], "rotation": 270, "texture": "#1"},
				"up": {"uv": [0, 0, 1, 1], "texture": "#1"},
				"down": {"uv": [0, 0, 1, 1], "rotation": 180, "texture": "#1"}
			}
		},
		{
			"name": "hexadecagon",
			"from": [7.02465, 20.525, 7.78061],
			"to": [8.92025, 21.2857, 8.15766],
			"rotation": {"angle": -22.5, "axis": "y", "origin": [7.97245, 24.15309, 7.96914]},
			"faces": {
				"north": {"uv": [0, 0, 1, 1], "texture": "#1"},
				"east": {"uv": [0, 0, 1, 1], "rotation": 90, "texture": "#1"},
				"south": {"uv": [0, 0, 1, 1], "rotation": 180, "texture": "#1"},
				"west": {"uv": [0, 0, 1, 1], "rotation": 270, "texture": "#1"},
				"up": {"uv": [0, 0, 1, 1], "texture": "#1"},
				"down": {"uv": [0, 0, 1, 1], "rotation": 180, "texture": "#1"}
			}
		},
		{
			"name": "hexadecagon",
			"from": [7.02465, 20.525, 7.78061],
			"to": [8.92025, 21.2857, 8.15766],
			"rotation": {"angle": 0, "axis": "y", "origin": [7.97245, 24.15309, 7.96914]},
			"faces": {
				"north": {"uv": [0, 0, 1, 1], "texture": "#1"},
				"east": {"uv": [0, 0, 1, 1], "rotation": 90, "texture": "#1"},
				"south": {"uv": [0, 0, 1, 1], "rotation": 180, "texture": "#1"},
				"west": {"uv": [0, 0, 1, 1], "rotation": 270, "texture": "#1"},
				"up": {"uv": [0, 0, 1, 1], "texture": "#1"},
				"down": {"uv": [0, 0, 1, 1], "rotation": 180, "texture": "#1"}
			}
		},
		{
			"name": "hexadecagon",
			"from": [7.02465, 20.525, 7.78061],
			"to": [8.92025, 21.2857, 8.15766],
			"rotation": {"angle": 22.5, "axis": "y", "origin": [7.97245, 24.15309, 7.96914]},
			"faces": {
				"north": {"uv": [0, 0, 1, 1], "texture": "#1"},
				"east": {"uv": [0, 0, 1, 1], "rotation": 90, "texture": "#1"},
				"south": {"uv": [0, 0, 1, 1], "rotation": 180, "texture": "#1"},
				"west": {"uv": [0, 0, 1, 1], "rotation": 270, "texture": "#1"},
				"up": {"uv": [0, 0, 1, 1], "texture": "#1"},
				"down": {"uv": [0, 0, 1, 1], "rotation": 180, "texture": "#1"}
			}
		},
		{
			"name": "hexadecagon",
			"from": [7.78392, 16.6, 7.02134],
			"to": [8.16098, 17.0857, 8.91692],
			"rotation": {"angle": -45, "axis": "y", "origin": [7.97245, 20.25309, 7.96914]},
			"faces": {
				"north": {"uv": [0, 0, 1, 1], "texture": "#1"},
				"east": {"uv": [0, 0, 1, 1], "rotation": 90, "texture": "#1"},
				"south": {"uv": [0, 0, 1, 1], "rotation": 180, "texture": "#1"},
				"west": {"uv": [0, 0, 1, 1], "rotation": 270, "texture": "#1"},
				"up": {"uv": [0, 0, 1, 1], "texture": "#1"},
				"down": {"uv": [0, 0, 1, 1], "rotation": 180, "texture": "#1"}
			}
		},
		{
			"name": "hexadecagon",
			"from": [7.78392, 16.6, 7.02134],
			"to": [8.16098, 17.0857, 8.91692],
			"rotation": {"angle": -22.5, "axis": "y", "origin": [7.97245, 20.25309, 7.96914]},
			"faces": {
				"north": {"uv": [0, 0, 1, 1], "texture": "#1"},
				"east": {"uv": [0, 0, 1, 1], "rotation": 90, "texture": "#1"},
				"south": {"uv": [0, 0, 1, 1], "rotation": 180, "texture": "#1"},
				"west": {"uv": [0, 0, 1, 1], "rotation": 270, "texture": "#1"},
				"up": {"uv": [0, 0, 1, 1], "texture": "#1"},
				"down": {"uv": [0, 0, 1, 1], "rotation": 180, "texture": "#1"}
			}
		},
		{
			"name": "hexadecagon",
			"from": [7.78392, 16.6, 7.02134],
			"to": [8.16098, 17.0857, 8.91692],
			"rotation": {"angle": 0, "axis": "y", "origin": [7.97245, 20.25309, 7.96914]},
			"faces": {
				"north": {"uv": [0, 0, 1, 1], "texture": "#1"},
				"east": {"uv": [0, 0, 1, 1], "rotation": 90, "texture": "#1"},
				"south": {"uv": [0, 0, 1, 1], "rotation": 180, "texture": "#1"},
				"west": {"uv": [0, 0, 1, 1], "rotation": 270, "texture": "#1"},
				"up": {"uv": [0, 0, 1, 1], "texture": "#1"},
				"down": {"uv": [0, 0, 1, 1], "rotation": 180, "texture": "#1"}
			}
		},
		{
			"name": "hexadecagon",
			"from": [7.78392, 16.6, 7.02134],
			"to": [8.16098, 17.0857, 8.91692],
			"rotation": {"angle": 22.5, "axis": "y", "origin": [7.97245, 20.25309, 7.96914]},
			"faces": {
				"north": {"uv": [0, 0, 1, 1], "texture": "#1"},
				"east": {"uv": [0, 0, 1, 1], "rotation": 90, "texture": "#1"},
				"south": {"uv": [0, 0, 1, 1], "rotation": 180, "texture": "#1"},
				"west": {"uv": [0, 0, 1, 1], "rotation": 270, "texture": "#1"},
				"up": {"uv": [0, 0, 1, 1], "texture": "#1"},
				"down": {"uv": [0, 0, 1, 1], "rotation": 180, "texture": "#1"}
			}
		},
		{
			"name": "hexadecagon",
			"from": [7.78392, 16.6, 7.02134],
			"to": [8.16098, 17.0857, 8.91692],
			"rotation": {"angle": 45, "axis": "y", "origin": [7.97245, 20.25309, 7.96914]},
			"faces": {
				"north": {"uv": [0, 0, 1, 1], "texture": "#1"},
				"east": {"uv": [0, 0, 1, 1], "rotation": 90, "texture": "#1"},
				"south": {"uv": [0, 0, 1, 1], "rotation": 180, "texture": "#1"},
				"west": {"uv": [0, 0, 1, 1], "rotation": 270, "texture": "#1"},
				"up": {"uv": [0, 0, 1, 1], "texture": "#1"},
				"down": {"uv": [0, 0, 1, 1], "rotation": 180, "texture": "#1"}
			}
		},
		{
			"name": "hexadecagon",
			"from": [7.02465, 16.6, 7.78061],
			"to": [8.92025, 17.0857, 8.15766],
			"rotation": {"angle": -22.5, "axis": "y", "origin": [7.97245, 20.25309, 7.96914]},
			"faces": {
				"north": {"uv": [0, 0, 1, 1], "texture": "#1"},
				"east": {"uv": [0, 0, 1, 1], "rotation": 90, "texture": "#1"},
				"south": {"uv": [0, 0, 1, 1], "rotation": 180, "texture": "#1"},
				"west": {"uv": [0, 0, 1, 1], "rotation": 270, "texture": "#1"},
				"up": {"uv": [0, 0, 1, 1], "texture": "#1"},
				"down": {"uv": [0, 0, 1, 1], "rotation": 180, "texture": "#1"}
			}
		},
		{
			"name": "hexadecagon",
			"from": [7.02465, 16.6, 7.78061],
			"to": [8.92025, 17.0857, 8.15766],
			"rotation": {"angle": 0, "axis": "y", "origin": [7.97245, 20.25309, 7.96914]},
			"faces": {
				"north": {"uv": [0, 0, 1, 1], "texture": "#1"},
				"east": {"uv": [0, 0, 1, 1], "rotation": 90, "texture": "#1"},
				"south": {"uv": [0, 0, 1, 1], "rotation": 180, "texture": "#1"},
				"west": {"uv": [0, 0, 1, 1], "rotation": 270, "texture": "#1"},
				"up": {"uv": [0, 0, 1, 1], "texture": "#1"},
				"down": {"uv": [0, 0, 1, 1], "rotation": 180, "texture": "#1"}
			}
		},
		{
			"name": "hexadecagon",
			"from": [7.02465, 16.6, 7.78061],
			"to": [8.92025, 17.0857, 8.15766],
			"rotation": {"angle": 22.5, "axis": "y", "origin": [7.97245, 20.25309, 7.96914]},
			"faces": {
				"north": {"uv": [0, 0, 1, 1], "texture": "#1"},
				"east": {"uv": [0, 0, 1, 1], "rotation": 90, "texture": "#1"},
				"south": {"uv": [0, 0, 1, 1], "rotation": 180, "texture": "#1"},
				"west": {"uv": [0, 0, 1, 1], "rotation": 270, "texture": "#1"},
				"up": {"uv": [0, 0, 1, 1], "texture": "#1"},
				"down": {"uv": [0, 0, 1, 1], "rotation": 180, "texture": "#1"}
			}
		},
		{
			"name": "hexadecagon",
			"from": [7.8783, 15.975, 7.2253],
			"to": [8.17975, 16.77681, 8.7408],
			"rotation": {"angle": -45, "axis": "y", "origin": [8.02903, 19.0289, 7.98305]},
			"faces": {
				"north": {"uv": [0, 0, 1, 1], "texture": "#1"},
				"east": {"uv": [0, 0, 1, 1], "rotation": 90, "texture": "#1"},
				"south": {"uv": [0, 0, 1, 1], "rotation": 180, "texture": "#1"},
				"west": {"uv": [0, 0, 1, 1], "rotation": 270, "texture": "#1"},
				"up": {"uv": [0, 0, 1, 1], "texture": "#1"},
				"down": {"uv": [0, 0, 1, 1], "rotation": 180, "texture": "#1"}
			}
		},
		{
			"name": "hexadecagon",
			"from": [7.8783, 15.975, 7.2253],
			"to": [8.17975, 16.77681, 8.7408],
			"rotation": {"angle": -22.5, "axis": "y", "origin": [8.02903, 19.0289, 7.98305]},
			"faces": {
				"north": {"uv": [0, 0, 1, 1], "texture": "#1"},
				"east": {"uv": [0, 0, 1, 1], "rotation": 90, "texture": "#1"},
				"south": {"uv": [0, 0, 1, 1], "rotation": 180, "texture": "#1"},
				"west": {"uv": [0, 0, 1, 1], "rotation": 270, "texture": "#1"},
				"up": {"uv": [0, 0, 1, 1], "texture": "#1"},
				"down": {"uv": [0, 0, 1, 1], "rotation": 180, "texture": "#1"}
			}
		},
		{
			"name": "hexadecagon",
			"from": [7.8783, 15.975, 7.2253],
			"to": [8.17975, 16.77681, 8.7408],
			"rotation": {"angle": 0, "axis": "y", "origin": [8.02903, 19.0289, 7.98305]},
			"faces": {
				"north": {"uv": [0, 0, 1, 1], "texture": "#1"},
				"east": {"uv": [0, 0, 1, 1], "rotation": 90, "texture": "#1"},
				"south": {"uv": [0, 0, 1, 1], "rotation": 180, "texture": "#1"},
				"west": {"uv": [0, 0, 1, 1], "rotation": 270, "texture": "#1"},
				"up": {"uv": [0, 0, 1, 1], "texture": "#1"},
				"down": {"uv": [0, 0, 1, 1], "rotation": 180, "texture": "#1"}
			}
		},
		{
			"name": "hexadecagon",
			"from": [7.8783, 15.975, 7.2253],
			"to": [8.17975, 16.77681, 8.7408],
			"rotation": {"angle": 22.5, "axis": "y", "origin": [8.02903, 19.0289, 7.98305]},
			"faces": {
				"north": {"uv": [0, 0, 1, 1], "texture": "#1"},
				"east": {"uv": [0, 0, 1, 1], "rotation": 90, "texture": "#1"},
				"south": {"uv": [0, 0, 1, 1], "rotation": 180, "texture": "#1"},
				"west": {"uv": [0, 0, 1, 1], "rotation": 270, "texture": "#1"},
				"up": {"uv": [0, 0, 1, 1], "texture": "#1"},
				"down": {"uv": [0, 0, 1, 1], "rotation": 180, "texture": "#1"}
			}
		},
		{
			"name": "hexadecagon",
			"from": [7.8783, 15.975, 7.2253],
			"to": [8.17975, 16.77681, 8.7408],
			"rotation": {"angle": 45, "axis": "y", "origin": [8.02903, 19.0289, 7.98305]},
			"faces": {
				"north": {"uv": [0, 0, 1, 1], "texture": "#1"},
				"east": {"uv": [0, 0, 1, 1], "rotation": 90, "texture": "#1"},
				"south": {"uv": [0, 0, 1, 1], "rotation": 180, "texture": "#1"},
				"west": {"uv": [0, 0, 1, 1], "rotation": 270, "texture": "#1"},
				"up": {"uv": [0, 0, 1, 1], "texture": "#1"},
				"down": {"uv": [0, 0, 1, 1], "rotation": 180, "texture": "#1"}
			}
		},
		{
			"name": "hexadecagon",
			"from": [7.27127, 15.975, 7.83233],
			"to": [8.78678, 16.77681, 8.13378],
			"rotation": {"angle": -22.5, "axis": "y", "origin": [8.02903, 19.0289, 7.98305]},
			"faces": {
				"north": {"uv": [0, 0, 1, 1], "texture": "#1"},
				"east": {"uv": [0, 0, 1, 1], "rotation": 90, "texture": "#1"},
				"south": {"uv": [0, 0, 1, 1], "rotation": 180, "texture": "#1"},
				"west": {"uv": [0, 0, 1, 1], "rotation": 270, "texture": "#1"},
				"up": {"uv": [0, 0, 1, 1], "texture": "#1"},
				"down": {"uv": [0, 0, 1, 1], "rotation": 180, "texture": "#1"}
			}
		},
		{
			"name": "hexadecagon",
			"from": [7.27127, 15.975, 7.83233],
			"to": [8.78678, 16.77681, 8.13378],
			"rotation": {"angle": 0, "axis": "y", "origin": [8.02903, 19.0289, 7.98305]},
			"faces": {
				"north": {"uv": [0, 0, 1, 1], "texture": "#1"},
				"east": {"uv": [0, 0, 1, 1], "rotation": 90, "texture": "#1"},
				"south": {"uv": [0, 0, 1, 1], "rotation": 180, "texture": "#1"},
				"west": {"uv": [0, 0, 1, 1], "rotation": 270, "texture": "#1"},
				"up": {"uv": [0, 0, 1, 1], "texture": "#1"},
				"down": {"uv": [0, 0, 1, 1], "rotation": 180, "texture": "#1"}
			}
		},
		{
			"name": "hexadecagon",
			"from": [7.27127, 15.975, 7.83233],
			"to": [8.78678, 16.77681, 8.13378],
			"rotation": {"angle": 22.5, "axis": "y", "origin": [8.02903, 19.0289, 7.98305]},
			"faces": {
				"north": {"uv": [0, 0, 1, 1], "texture": "#1"},
				"east": {"uv": [0, 0, 1, 1], "rotation": 90, "texture": "#1"},
				"south": {"uv": [0, 0, 1, 1], "rotation": 180, "texture": "#1"},
				"west": {"uv": [0, 0, 1, 1], "rotation": 270, "texture": "#1"},
				"up": {"uv": [0, 0, 1, 1], "texture": "#1"},
				"down": {"uv": [0, 0, 1, 1], "rotation": 180, "texture": "#1"}
			}
		},
		{
			"name": "hexadecagon",
			"from": [7.78392, 15.5, 7.02134],
			"to": [8.16098, 16.0857, 8.91692],
			"rotation": {"angle": -45, "axis": "y", "origin": [7.97245, 19.25309, 7.96914]},
			"faces": {
				"north": {"uv": [0, 0, 1, 1], "texture": "#1"},
				"east": {"uv": [0, 0, 1, 1], "rotation": 90, "texture": "#1"},
				"south": {"uv": [0, 0, 1, 1], "rotation": 180, "texture": "#1"},
				"west": {"uv": [0, 0, 1, 1], "rotation": 270, "texture": "#1"},
				"up": {"uv": [0, 0, 1, 1], "texture": "#1"},
				"down": {"uv": [0, 0, 1, 1], "rotation": 180, "texture": "#1"}
			}
		},
		{
			"name": "hexadecagon",
			"from": [7.78392, 15.5, 7.02134],
			"to": [8.16098, 16.0857, 8.91692],
			"rotation": {"angle": -22.5, "axis": "y", "origin": [7.97245, 19.25309, 7.96914]},
			"faces": {
				"north": {"uv": [0, 0, 1, 1], "texture": "#1"},
				"east": {"uv": [0, 0, 1, 1], "rotation": 90, "texture": "#1"},
				"south": {"uv": [0, 0, 1, 1], "rotation": 180, "texture": "#1"},
				"west": {"uv": [0, 0, 1, 1], "rotation": 270, "texture": "#1"},
				"up": {"uv": [0, 0, 1, 1], "texture": "#1"},
				"down": {"uv": [0, 0, 1, 1], "rotation": 180, "texture": "#1"}
			}
		},
		{
			"name": "hexadecagon",
			"from": [7.78392, 15.5, 7.02134],
			"to": [8.16098, 16.0857, 8.91692],
			"rotation": {"angle": 0, "axis": "y", "origin": [7.97245, 19.25309, 7.96914]},
			"faces": {
				"north": {"uv": [0, 0, 1, 1], "texture": "#1"},
				"east": {"uv": [0, 0, 1, 1], "rotation": 90, "texture": "#1"},
				"south": {"uv": [0, 0, 1, 1], "rotation": 180, "texture": "#1"},
				"west": {"uv": [0, 0, 1, 1], "rotation": 270, "texture": "#1"},
				"up": {"uv": [0, 0, 1, 1], "texture": "#1"},
				"down": {"uv": [0, 0, 1, 1], "rotation": 180, "texture": "#1"}
			}
		},
		{
			"name": "hexadecagon",
			"from": [7.78392, 15.5, 7.02134],
			"to": [8.16098, 16.0857, 8.91692],
			"rotation": {"angle": 22.5, "axis": "y", "origin": [7.97245, 19.25309, 7.96914]},
			"faces": {
				"north": {"uv": [0, 0, 1, 1], "texture": "#1"},
				"east": {"uv": [0, 0, 1, 1], "rotation": 90, "texture": "#1"},
				"south": {"uv": [0, 0, 1, 1], "rotation": 180, "texture": "#1"},
				"west": {"uv": [0, 0, 1, 1], "rotation": 270, "texture": "#1"},
				"up": {"uv": [0, 0, 1, 1], "texture": "#1"},
				"down": {"uv": [0, 0, 1, 1], "rotation": 180, "texture": "#1"}
			}
		},
		{
			"name": "hexadecagon",
			"from": [7.78392, 15.5, 7.02134],
			"to": [8.16098, 16.0857, 8.91692],
			"rotation": {"angle": 45, "axis": "y", "origin": [7.97245, 19.25309, 7.96914]},
			"faces": {
				"north": {"uv": [0, 0, 1, 1], "texture": "#1"},
				"east": {"uv": [0, 0, 1, 1], "rotation": 90, "texture": "#1"},
				"south": {"uv": [0, 0, 1, 1], "rotation": 180, "texture": "#1"},
				"west": {"uv": [0, 0, 1, 1], "rotation": 270, "texture": "#1"},
				"up": {"uv": [0, 0, 1, 1], "texture": "#1"},
				"down": {"uv": [0, 0, 1, 1], "rotation": 180, "texture": "#1"}
			}
		},
		{
			"name": "hexadecagon",
			"from": [7.02465, 15.5, 7.78061],
			"to": [8.92025, 16.0857, 8.15766],
			"rotation": {"angle": -22.5, "axis": "y", "origin": [7.97245, 19.25309, 7.96914]},
			"faces": {
				"north": {"uv": [0, 0, 1, 1], "texture": "#1"},
				"east": {"uv": [0, 0, 1, 1], "rotation": 90, "texture": "#1"},
				"south": {"uv": [0, 0, 1, 1], "rotation": 180, "texture": "#1"},
				"west": {"uv": [0, 0, 1, 1], "rotation": 270, "texture": "#1"},
				"up": {"uv": [0, 0, 1, 1], "texture": "#1"},
				"down": {"uv": [0, 0, 1, 1], "rotation": 180, "texture": "#1"}
			}
		},
		{
			"name": "hexadecagon",
			"from": [7.02465, 15.5, 7.78061],
			"to": [8.92025, 16.0857, 8.15766],
			"rotation": {"angle": 0, "axis": "y", "origin": [7.97245, 19.25309, 7.96914]},
			"faces": {
				"north": {"uv": [0, 0, 1, 1], "texture": "#1"},
				"east": {"uv": [0, 0, 1, 1], "rotation": 90, "texture": "#1"},
				"south": {"uv": [0, 0, 1, 1], "rotation": 180, "texture": "#1"},
				"west": {"uv": [0, 0, 1, 1], "rotation": 270, "texture": "#1"},
				"up": {"uv": [0, 0, 1, 1], "texture": "#1"},
				"down": {"uv": [0, 0, 1, 1], "rotation": 180, "texture": "#1"}
			}
		},
		{
			"name": "hexadecagon",
			"from": [7.02465, 15.5, 7.78061],
			"to": [8.92025, 16.0857, 8.15766],
			"rotation": {"angle": 22.5, "axis": "y", "origin": [7.97245, 19.25309, 7.96914]},
			"faces": {
				"north": {"uv": [0, 0, 1, 1], "texture": "#1"},
				"east": {"uv": [0, 0, 1, 1], "rotation": 90, "texture": "#1"},
				"south": {"uv": [0, 0, 1, 1], "rotation": 180, "texture": "#1"},
				"west": {"uv": [0, 0, 1, 1], "rotation": 270, "texture": "#1"},
				"up": {"uv": [0, 0, 1, 1], "texture": "#1"},
				"down": {"uv": [0, 0, 1, 1], "rotation": 180, "texture": "#1"}
			}
		},
		{
			"name": "hexadecagon",
			"from": [7.8783, 1.325, 7.2253],
			"to": [8.17975, 2.67681, 8.7408],
			"rotation": {"angle": -45, "axis": "y", "origin": [8.02903, 4.9289, 7.98305]},
			"faces": {
				"north": {"uv": [0, 0, 1, 1], "texture": "#1"},
				"east": {"uv": [0, 0, 1, 1], "rotation": 90, "texture": "#1"},
				"south": {"uv": [0, 0, 1, 1], "rotation": 180, "texture": "#1"},
				"west": {"uv": [0, 0, 1, 1], "rotation": 270, "texture": "#1"},
				"up": {"uv": [0, 0, 1, 1], "texture": "#1"},
				"down": {"uv": [0, 0, 1, 1], "rotation": 180, "texture": "#1"}
			}
		},
		{
			"name": "hexadecagon",
			"from": [7.8783, 1.325, 7.2253],
			"to": [8.17975, 2.67681, 8.7408],
			"rotation": {"angle": -22.5, "axis": "y", "origin": [8.02903, 4.9289, 7.98305]},
			"faces": {
				"north": {"uv": [0, 0, 1, 1], "texture": "#1"},
				"east": {"uv": [0, 0, 1, 1], "rotation": 90, "texture": "#1"},
				"south": {"uv": [0, 0, 1, 1], "rotation": 180, "texture": "#1"},
				"west": {"uv": [0, 0, 1, 1], "rotation": 270, "texture": "#1"},
				"up": {"uv": [0, 0, 1, 1], "texture": "#1"},
				"down": {"uv": [0, 0, 1, 1], "rotation": 180, "texture": "#1"}
			}
		},
		{
			"name": "hexadecagon",
			"from": [7.8783, 1.325, 7.2253],
			"to": [8.17975, 2.67681, 8.7408],
			"rotation": {"angle": 0, "axis": "y", "origin": [8.02903, 4.9289, 7.98305]},
			"faces": {
				"north": {"uv": [0, 0, 1, 1], "texture": "#1"},
				"east": {"uv": [0, 0, 1, 1], "rotation": 90, "texture": "#1"},
				"south": {"uv": [0, 0, 1, 1], "rotation": 180, "texture": "#1"},
				"west": {"uv": [0, 0, 1, 1], "rotation": 270, "texture": "#1"},
				"up": {"uv": [0, 0, 1, 1], "texture": "#1"},
				"down": {"uv": [0, 0, 1, 1], "rotation": 180, "texture": "#1"}
			}
		},
		{
			"name": "hexadecagon",
			"from": [7.8783, 1.325, 7.2253],
			"to": [8.17975, 2.67681, 8.7408],
			"rotation": {"angle": 22.5, "axis": "y", "origin": [8.02903, 4.9289, 7.98305]},
			"faces": {
				"north": {"uv": [0, 0, 1, 1], "texture": "#1"},
				"east": {"uv": [0, 0, 1, 1], "rotation": 90, "texture": "#1"},
				"south": {"uv": [0, 0, 1, 1], "rotation": 180, "texture": "#1"},
				"west": {"uv": [0, 0, 1, 1], "rotation": 270, "texture": "#1"},
				"up": {"uv": [0, 0, 1, 1], "texture": "#1"},
				"down": {"uv": [0, 0, 1, 1], "rotation": 180, "texture": "#1"}
			}
		},
		{
			"name": "hexadecagon",
			"from": [7.8783, 1.325, 7.2253],
			"to": [8.17975, 2.67681, 8.7408],
			"rotation": {"angle": 45, "axis": "y", "origin": [8.02903, 4.9289, 7.98305]},
			"faces": {
				"north": {"uv": [0, 0, 1, 1], "texture": "#1"},
				"east": {"uv": [0, 0, 1, 1], "rotation": 90, "texture": "#1"},
				"south": {"uv": [0, 0, 1, 1], "rotation": 180, "texture": "#1"},
				"west": {"uv": [0, 0, 1, 1], "rotation": 270, "texture": "#1"},
				"up": {"uv": [0, 0, 1, 1], "texture": "#1"},
				"down": {"uv": [0, 0, 1, 1], "rotation": 180, "texture": "#1"}
			}
		},
		{
			"name": "hexadecagon",
			"from": [7.27127, 1.325, 7.83233],
			"to": [8.78678, 2.67681, 8.13378],
			"rotation": {"angle": -22.5, "axis": "y", "origin": [8.02903, 4.9289, 7.98305]},
			"faces": {
				"north": {"uv": [0, 0, 1, 1], "texture": "#1"},
				"east": {"uv": [0, 0, 1, 1], "rotation": 90, "texture": "#1"},
				"south": {"uv": [0, 0, 1, 1], "rotation": 180, "texture": "#1"},
				"west": {"uv": [0, 0, 1, 1], "rotation": 270, "texture": "#1"},
				"up": {"uv": [0, 0, 1, 1], "texture": "#1"},
				"down": {"uv": [0, 0, 1, 1], "rotation": 180, "texture": "#1"}
			}
		},
		{
			"name": "hexadecagon",
			"from": [7.27127, 1.325, 7.83233],
			"to": [8.78678, 2.67681, 8.13378],
			"rotation": {"angle": 0, "axis": "y", "origin": [8.02903, 4.9289, 7.98305]},
			"faces": {
				"north": {"uv": [0, 0, 1, 1], "texture": "#1"},
				"east": {"uv": [0, 0, 1, 1], "rotation": 90, "texture": "#1"},
				"south": {"uv": [0, 0, 1, 1], "rotation": 180, "texture": "#1"},
				"west": {"uv": [0, 0, 1, 1], "rotation": 270, "texture": "#1"},
				"up": {"uv": [0, 0, 1, 1], "texture": "#1"},
				"down": {"uv": [0, 0, 1, 1], "rotation": 180, "texture": "#1"}
			}
		},
		{
			"name": "hexadecagon",
			"from": [7.27127, 1.325, 7.83233],
			"to": [8.78678, 2.67681, 8.13378],
			"rotation": {"angle": 22.5, "axis": "y", "origin": [8.02903, 4.9289, 7.98305]},
			"faces": {
				"north": {"uv": [0, 0, 1, 1], "texture": "#1"},
				"east": {"uv": [0, 0, 1, 1], "rotation": 90, "texture": "#1"},
				"south": {"uv": [0, 0, 1, 1], "rotation": 180, "texture": "#1"},
				"west": {"uv": [0, 0, 1, 1], "rotation": 270, "texture": "#1"},
				"up": {"uv": [0, 0, 1, 1], "texture": "#1"},
				"down": {"uv": [0, 0, 1, 1], "rotation": 180, "texture": "#1"}
			}
		},
		{
			"from": [2.59914, 17.05, 5.93631],
			"to": [5.19914, 19.975, 10.16131],
			"rotation": {"angle": 0, "axis": "y", "origin": [-0.30086, 4, 8.78631]},
			"faces": {
				"north": {"uv": [0, 0, 2.6, 2.925], "texture": "#1"},
				"east": {"uv": [0, 0, 4.225, 2.925], "texture": "#1"},
				"south": {"uv": [0, 0, 2.6, 2.925], "texture": "#1"},
				"west": {"uv": [0, 0, 4.225, 2.925], "texture": "#1"},
				"up": {"uv": [0, 0, 2.6, 4.225], "texture": "#1"},
				"down": {"uv": [0, 0, 2.6, 4.225], "texture": "#1"}
			}
		},
		{
			"from": [2.79914, 17.275, 5.91131],
			"to": [4.99914, 19.675, 10.21131],
			"rotation": {"angle": 0, "axis": "y", "origin": [-0.30086, 4, 8.78631]},
			"faces": {
				"north": {"uv": [0, 0, 2.2, 2.4], "texture": "#2"},
				"east": {"uv": [0, 0, 2.2, 2.4], "texture": "#2"},
				"south": {"uv": [0, 0, 2.2, 2.4], "texture": "#2"},
				"west": {"uv": [0, 0, 2.2, 2.4], "texture": "#2"},
				"up": {"uv": [0, 0, 2.2, 2.4], "texture": "#2"},
				"down": {"uv": [0, 0, 2.2, 2.4], "texture": "#2"}
			}
		},
		{
			"name": "Cube",
			"from": [2.09914, 16.5, 6.18631],
			"to": [5.59914, 20.4, 9.88631],
			"rotation": {"angle": 0, "axis": "y", "origin": [-0.30086, 4, 8.78631]},
			"faces": {
				"north": {"uv": [0, 0, 3.5, 3.9], "texture": "#2"},
				"east": {"uv": [0, 0, 3.7, 3.9], "texture": "#2"},
				"south": {"uv": [0, 0, 3.5, 3.9], "texture": "#2"},
				"west": {"uv": [0, 0, 3.7, 3.9], "texture": "#2"},
				"up": {"uv": [0, 0, 3.5, 3.7], "texture": "#2"},
				"down": {"uv": [0, 0, 3.5, 3.7], "texture": "#2"}
			}
		},
		{
			"from": [1.84914, 16.925, 6.51131],
			"to": [2.89914, 19.95, 9.48631],
			"rotation": {"angle": 0, "axis": "y", "origin": [-0.30086, 4, 8.78631]},
			"faces": {
				"north": {"uv": [0, 0, 1, 3.025], "texture": "#1"},
				"east": {"uv": [0, 0, 2.975, 3.025], "texture": "#1"},
				"south": {"uv": [0, 0, 1, 3.025], "texture": "#1"},
				"west": {"uv": [0, 0, 2.975, 3.025], "texture": "#1"},
				"up": {"uv": [0, 0, 1, 2.975], "texture": "#1"},
				"down": {"uv": [0, 0, 1, 2.975], "texture": "#1"}
			}
		},
		{
			"name": "hexadecagon",
			"from": [6.72778, 16.98606, 7.76909],
			"to": [7.20986, 19.78546, 8.32593],
			"rotation": {"angle": 45, "axis": "x", "origin": [1.26117, 18.38577, 8.04751]},
			"faces": {
				"north": {"uv": [0, 0, 1, 1], "rotation": 180, "texture": "#1"},
				"east": {"uv": [0, 0, 1, 1], "rotation": 180, "texture": "#1"},
				"south": {"uv": [0, 0, 1, 1], "rotation": 180, "texture": "#1"},
				"west": {"uv": [0, 0, 1, 1], "rotation": 180, "texture": "#1"},
				"up": {"uv": [0, 0, 1, 1], "rotation": 90, "texture": "#1"},
				"down": {"uv": [0, 0, 1, 1], "rotation": 270, "texture": "#1"}
			}
		},
		{
			"name": "hexadecagon",
			"from": [6.72778, 16.98606, 7.76909],
			"to": [7.20986, 19.78546, 8.32593],
			"rotation": {"angle": 22.5, "axis": "x", "origin": [1.26117, 18.38577, 8.04751]},
			"faces": {
				"north": {"uv": [0, 0, 1, 1], "rotation": 180, "texture": "#1"},
				"east": {"uv": [0, 0, 1, 1], "rotation": 180, "texture": "#1"},
				"south": {"uv": [0, 0, 1, 1], "rotation": 180, "texture": "#1"},
				"west": {"uv": [0, 0, 1, 1], "rotation": 180, "texture": "#1"},
				"up": {"uv": [0, 0, 1, 1], "rotation": 90, "texture": "#1"},
				"down": {"uv": [0, 0, 1, 1], "rotation": 270, "texture": "#1"}
			}
		},
		{
			"name": "hexadecagon",
			"from": [6.72778, 16.98606, 7.76909],
			"to": [7.20986, 19.78546, 8.32593],
			"rotation": {"angle": 0, "axis": "y", "origin": [1.26117, 18.38577, 8.04751]},
			"faces": {
				"north": {"uv": [0, 0, 1, 1], "rotation": 180, "texture": "#1"},
				"east": {"uv": [0, 0, 1, 1], "rotation": 180, "texture": "#1"},
				"south": {"uv": [0, 0, 1, 1], "rotation": 180, "texture": "#1"},
				"west": {"uv": [0, 0, 1, 1], "rotation": 180, "texture": "#1"},
				"up": {"uv": [0, 0, 1, 1], "rotation": 90, "texture": "#1"},
				"down": {"uv": [0, 0, 1, 1], "rotation": 270, "texture": "#1"}
			}
		},
		{
			"name": "hexadecagon",
			"from": [6.72778, 16.98606, 7.76909],
			"to": [7.20986, 19.78546, 8.32593],
			"rotation": {"angle": -22.5, "axis": "x", "origin": [1.26117, 18.38577, 8.04751]},
			"faces": {
				"north": {"uv": [0, 0, 1, 1], "rotation": 180, "texture": "#1"},
				"east": {"uv": [0, 0, 1, 1], "rotation": 180, "texture": "#1"},
				"south": {"uv": [0, 0, 1, 1], "rotation": 180, "texture": "#1"},
				"west": {"uv": [0, 0, 1, 1], "rotation": 180, "texture": "#1"},
				"up": {"uv": [0, 0, 1, 1], "rotation": 90, "texture": "#1"},
				"down": {"uv": [0, 0, 1, 1], "rotation": 270, "texture": "#1"}
			}
		},
		{
			"name": "hexadecagon",
			"from": [6.72778, 16.98606, 7.76909],
			"to": [7.20986, 19.78546, 8.32593],
			"rotation": {"angle": -45, "axis": "x", "origin": [1.26117, 18.38577, 8.04751]},
			"faces": {
				"north": {"uv": [0, 0, 1, 1], "rotation": 180, "texture": "#1"},
				"east": {"uv": [0, 0, 1, 1], "rotation": 180, "texture": "#1"},
				"south": {"uv": [0, 0, 1, 1], "rotation": 180, "texture": "#1"},
				"west": {"uv": [0, 0, 1, 1], "rotation": 180, "texture": "#1"},
				"up": {"uv": [0, 0, 1, 1], "rotation": 90, "texture": "#1"},
				"down": {"uv": [0, 0, 1, 1], "rotation": 270, "texture": "#1"}
			}
		},
		{
			"name": "hexadecagon",
			"from": [6.72778, 18.10735, 6.6478],
			"to": [7.20986, 18.66419, 9.44722],
			"rotation": {"angle": 22.5, "axis": "x", "origin": [1.26117, 18.38577, 8.04751]},
			"faces": {
				"north": {"uv": [0, 0, 1, 1], "rotation": 180, "texture": "#1"},
				"east": {"uv": [0, 0, 1, 1], "rotation": 180, "texture": "#1"},
				"south": {"uv": [0, 0, 1, 1], "rotation": 180, "texture": "#1"},
				"west": {"uv": [0, 0, 1, 1], "rotation": 180, "texture": "#1"},
				"up": {"uv": [0, 0, 1, 1], "rotation": 90, "texture": "#1"},
				"down": {"uv": [0, 0, 1, 1], "rotation": 270, "texture": "#1"}
			}
		},
		{
			"name": "hexadecagon",
			"from": [6.72778, 18.10735, 6.6478],
			"to": [7.20986, 18.66419, 9.44722],
			"rotation": {"angle": 0, "axis": "y", "origin": [1.26117, 18.38577, 8.04751]},
			"faces": {
				"north": {"uv": [0, 0, 1, 1], "rotation": 180, "texture": "#1"},
				"east": {"uv": [0, 0, 1, 1], "rotation": 180, "texture": "#1"},
				"south": {"uv": [0, 0, 1, 1], "rotation": 180, "texture": "#1"},
				"west": {"uv": [0, 0, 1, 1], "rotation": 180, "texture": "#1"},
				"up": {"uv": [0, 0, 1, 1], "rotation": 90, "texture": "#1"},
				"down": {"uv": [0, 0, 1, 1], "rotation": 270, "texture": "#1"}
			}
		},
		{
			"name": "hexadecagon",
			"from": [6.72778, 18.10735, 6.6478],
			"to": [7.20986, 18.66419, 9.44722],
			"rotation": {"angle": -22.5, "axis": "x", "origin": [1.26117, 18.38577, 8.04751]},
			"faces": {
				"north": {"uv": [0, 0, 1, 1], "rotation": 180, "texture": "#1"},
				"east": {"uv": [0, 0, 1, 1], "rotation": 180, "texture": "#1"},
				"south": {"uv": [0, 0, 1, 1], "rotation": 180, "texture": "#1"},
				"west": {"uv": [0, 0, 1, 1], "rotation": 180, "texture": "#1"},
				"up": {"uv": [0, 0, 1, 1], "rotation": 90, "texture": "#1"},
				"down": {"uv": [0, 0, 1, 1], "rotation": 270, "texture": "#1"}
			}
		},
		{
			"name": "hexadecagon",
			"from": [5.80229, 16.72911, 7.72667],
			"to": [6.72236, 19.92042, 8.36147],
			"rotation": {"angle": 45, "axis": "x", "origin": [-0.05915, 18.32478, 8.04407]},
			"faces": {
				"north": {"uv": [0, 0, 1, 1], "rotation": 180, "texture": "#1"},
				"east": {"uv": [0, 0, 1, 1], "rotation": 180, "texture": "#1"},
				"south": {"uv": [0, 0, 1, 1], "rotation": 180, "texture": "#1"},
				"west": {"uv": [0, 0, 1, 1], "rotation": 180, "texture": "#1"},
				"up": {"uv": [0, 0, 1, 1], "rotation": 90, "texture": "#1"},
				"down": {"uv": [0, 0, 1, 1], "rotation": 270, "texture": "#1"}
			}
		},
		{
			"name": "hexadecagon",
			"from": [5.80229, 16.72911, 7.72667],
			"to": [6.72236, 19.92042, 8.36147],
			"rotation": {"angle": 22.5, "axis": "x", "origin": [-0.05915, 18.32478, 8.04407]},
			"faces": {
				"north": {"uv": [0, 0, 1, 1], "rotation": 180, "texture": "#1"},
				"east": {"uv": [0, 0, 1, 1], "rotation": 180, "texture": "#1"},
				"south": {"uv": [0, 0, 1, 1], "rotation": 180, "texture": "#1"},
				"west": {"uv": [0, 0, 1, 1], "rotation": 180, "texture": "#1"},
				"up": {"uv": [0, 0, 1, 1], "rotation": 90, "texture": "#1"},
				"down": {"uv": [0, 0, 1, 1], "rotation": 270, "texture": "#1"}
			}
		},
		{
			"name": "hexadecagon",
			"from": [5.80229, 16.72911, 7.72667],
			"to": [6.72236, 19.92042, 8.36147],
			"rotation": {"angle": 0, "axis": "y", "origin": [-0.05915, 18.32478, 8.04407]},
			"faces": {
				"north": {"uv": [0, 0, 1, 1], "rotation": 180, "texture": "#1"},
				"east": {"uv": [0, 0, 1, 1], "rotation": 180, "texture": "#1"},
				"south": {"uv": [0, 0, 1, 1], "rotation": 180, "texture": "#1"},
				"west": {"uv": [0, 0, 1, 1], "rotation": 180, "texture": "#1"},
				"up": {"uv": [0, 0, 1, 1], "rotation": 90, "texture": "#1"},
				"down": {"uv": [0, 0, 1, 1], "rotation": 270, "texture": "#1"}
			}
		},
		{
			"name": "hexadecagon",
			"from": [5.80229, 16.72911, 7.72667],
			"to": [6.72236, 19.92042, 8.36147],
			"rotation": {"angle": -22.5, "axis": "x", "origin": [-0.05915, 18.32478, 8.04407]},
			"faces": {
				"north": {"uv": [0, 0, 1, 1], "rotation": 180, "texture": "#1"},
				"east": {"uv": [0, 0, 1, 1], "rotation": 180, "texture": "#1"},
				"south": {"uv": [0, 0, 1, 1], "rotation": 180, "texture": "#1"},
				"west": {"uv": [0, 0, 1, 1], "rotation": 180, "texture": "#1"},
				"up": {"uv": [0, 0, 1, 1], "rotation": 90, "texture": "#1"},
				"down": {"uv": [0, 0, 1, 1], "rotation": 270, "texture": "#1"}
			}
		},
		{
			"name": "hexadecagon",
			"from": [5.80229, 16.72911, 7.72667],
			"to": [6.72236, 19.92042, 8.36147],
			"rotation": {"angle": -45, "axis": "x", "origin": [-0.05915, 18.32478, 8.04407]},
			"faces": {
				"north": {"uv": [0, 0, 1, 1], "rotation": 180, "texture": "#1"},
				"east": {"uv": [0, 0, 1, 1], "rotation": 180, "texture": "#1"},
				"south": {"uv": [0, 0, 1, 1], "rotation": 180, "texture": "#1"},
				"west": {"uv": [0, 0, 1, 1], "rotation": 180, "texture": "#1"},
				"up": {"uv": [0, 0, 1, 1], "rotation": 90, "texture": "#1"},
				"down": {"uv": [0, 0, 1, 1], "rotation": 270, "texture": "#1"}
			}
		},
		{
			"name": "hexadecagon",
			"from": [5.80229, 18.00738, 6.4484],
			"to": [6.72236, 18.64218, 9.63974],
			"rotation": {"angle": 22.5, "axis": "x", "origin": [-0.05915, 18.32478, 8.04407]},
			"faces": {
				"north": {"uv": [0, 0, 1, 1], "rotation": 180, "texture": "#1"},
				"east": {"uv": [0, 0, 1, 1], "rotation": 180, "texture": "#1"},
				"south": {"uv": [0, 0, 1, 1], "rotation": 180, "texture": "#1"},
				"west": {"uv": [0, 0, 1, 1], "rotation": 180, "texture": "#1"},
				"up": {"uv": [0, 0, 1, 1], "rotation": 90, "texture": "#1"},
				"down": {"uv": [0, 0, 1, 1], "rotation": 270, "texture": "#1"}
			}
		},
		{
			"name": "hexadecagon",
			"from": [5.80229, 18.00738, 6.4484],
			"to": [6.72236, 18.64218, 9.63974],
			"rotation": {"angle": 0, "axis": "y", "origin": [-0.05915, 18.32478, 8.04407]},
			"faces": {
				"north": {"uv": [0, 0, 1, 1], "rotation": 180, "texture": "#1"},
				"east": {"uv": [0, 0, 1, 1], "rotation": 180, "texture": "#1"},
				"south": {"uv": [0, 0, 1, 1], "rotation": 180, "texture": "#1"},
				"west": {"uv": [0, 0, 1, 1], "rotation": 180, "texture": "#1"},
				"up": {"uv": [0, 0, 1, 1], "rotation": 90, "texture": "#1"},
				"down": {"uv": [0, 0, 1, 1], "rotation": 270, "texture": "#1"}
			}
		},
		{
			"name": "hexadecagon",
			"from": [5.80229, 18.00738, 6.4484],
			"to": [6.72236, 18.64218, 9.63974],
			"rotation": {"angle": -22.5, "axis": "x", "origin": [-0.05915, 18.32478, 8.04407]},
			"faces": {
				"north": {"uv": [0, 0, 1, 1], "rotation": 180, "texture": "#1"},
				"east": {"uv": [0, 0, 1, 1], "rotation": 180, "texture": "#1"},
				"south": {"uv": [0, 0, 1, 1], "rotation": 180, "texture": "#1"},
				"west": {"uv": [0, 0, 1, 1], "rotation": 180, "texture": "#1"},
				"up": {"uv": [0, 0, 1, 1], "rotation": 90, "texture": "#1"},
				"down": {"uv": [0, 0, 1, 1], "rotation": 270, "texture": "#1"}
			}
		},
		{
			"name": "hexadecagon",
			"from": [5.15123, 16.56118, 7.67833],
			"to": [6.20011, 20.19928, 8.402],
			"rotation": {"angle": 45, "axis": "x", "origin": [-1.53081, 18.38025, 8.04016]},
			"faces": {
				"north": {"uv": [0, 0, 1, 1], "rotation": 180, "texture": "#2"},
				"east": {"uv": [0, 0, 1, 1], "rotation": 180, "texture": "#2"},
				"south": {"uv": [0, 0, 1, 1], "rotation": 180, "texture": "#2"},
				"west": {"uv": [0, 0, 1, 1], "rotation": 180, "texture": "#2"},
				"up": {"uv": [0, 0, 1, 1], "rotation": 180, "texture": "#2"},
				"down": {"uv": [0, 0, 1, 1], "rotation": 180, "texture": "#2"}
			}
		},
		{
			"name": "hexadecagon",
			"from": [5.15123, 16.56118, 7.67833],
			"to": [6.20011, 20.19928, 8.402],
			"rotation": {"angle": 22.5, "axis": "x", "origin": [-1.53081, 18.38025, 8.04016]},
			"faces": {
				"north": {"uv": [0, 0, 1, 1], "rotation": 180, "texture": "#2"},
				"east": {"uv": [0, 0, 1, 1], "rotation": 180, "texture": "#2"},
				"south": {"uv": [0, 0, 1, 1], "rotation": 180, "texture": "#2"},
				"west": {"uv": [0, 0, 1, 1], "rotation": 180, "texture": "#2"},
				"up": {"uv": [0, 0, 1, 1], "rotation": 180, "texture": "#2"},
				"down": {"uv": [0, 0, 1, 1], "rotation": 180, "texture": "#2"}
			}
		},
		{
			"name": "hexadecagon",
			"from": [5.15123, 16.56118, 7.67833],
			"to": [6.20011, 20.19928, 8.402],
			"rotation": {"angle": 0, "axis": "y", "origin": [-1.53081, 18.38025, 8.04016]},
			"faces": {
				"north": {"uv": [0, 0, 1, 1], "rotation": 180, "texture": "#2"},
				"east": {"uv": [0, 0, 1, 1], "rotation": 180, "texture": "#2"},
				"south": {"uv": [0, 0, 1, 1], "rotation": 180, "texture": "#2"},
				"west": {"uv": [0, 0, 1, 1], "rotation": 180, "texture": "#2"},
				"up": {"uv": [0, 0, 1, 1], "rotation": 180, "texture": "#2"},
				"down": {"uv": [0, 0, 1, 1], "rotation": 180, "texture": "#2"}
			}
		},
		{
			"name": "hexadecagon",
			"from": [5.15123, 16.56118, 7.67833],
			"to": [6.20011, 20.19928, 8.402],
			"rotation": {"angle": -22.5, "axis": "x", "origin": [-1.53081, 18.38025, 8.04016]},
			"faces": {
				"north": {"uv": [0, 0, 1, 1], "rotation": 180, "texture": "#2"},
				"east": {"uv": [0, 0, 1, 1], "rotation": 180, "texture": "#2"},
				"south": {"uv": [0, 0, 1, 1], "rotation": 180, "texture": "#2"},
				"west": {"uv": [0, 0, 1, 1], "rotation": 180, "texture": "#2"},
				"up": {"uv": [0, 0, 1, 1], "rotation": 180, "texture": "#2"},
				"down": {"uv": [0, 0, 1, 1], "rotation": 180, "texture": "#2"}
			}
		},
		{
			"name": "hexadecagon",
			"from": [5.15123, 16.56118, 7.67833],
			"to": [6.20011, 20.19928, 8.402],
			"rotation": {"angle": -45, "axis": "x", "origin": [-1.53081, 18.38025, 8.04016]},
			"faces": {
				"north": {"uv": [0, 0, 1, 1], "rotation": 180, "texture": "#2"},
				"east": {"uv": [0, 0, 1, 1], "rotation": 180, "texture": "#2"},
				"south": {"uv": [0, 0, 1, 1], "rotation": 180, "texture": "#2"},
				"west": {"uv": [0, 0, 1, 1], "rotation": 180, "texture": "#2"},
				"up": {"uv": [0, 0, 1, 1], "rotation": 180, "texture": "#2"},
				"down": {"uv": [0, 0, 1, 1], "rotation": 180, "texture": "#2"}
			}
		},
		{
			"name": "hexadecagon",
			"from": [5.15123, 18.01841, 6.2211],
			"to": [6.20011, 18.74208, 9.85922],
			"rotation": {"angle": 22.5, "axis": "x", "origin": [-1.53081, 18.38025, 8.04016]},
			"faces": {
				"north": {"uv": [0, 0, 1, 1], "rotation": 180, "texture": "#2"},
				"east": {"uv": [0, 0, 1, 1], "rotation": 180, "texture": "#2"},
				"south": {"uv": [0, 0, 1, 1], "rotation": 180, "texture": "#2"},
				"west": {"uv": [0, 0, 1, 1], "rotation": 180, "texture": "#2"},
				"up": {"uv": [0, 0, 1, 1], "rotation": 180, "texture": "#2"},
				"down": {"uv": [0, 0, 1, 1], "rotation": 180, "texture": "#2"}
			}
		},
		{
			"name": "hexadecagon",
			"from": [5.15123, 18.01841, 6.2211],
			"to": [6.20011, 18.74208, 9.85922],
			"rotation": {"angle": 0, "axis": "y", "origin": [-1.53081, 18.38025, 8.04016]},
			"faces": {
				"north": {"uv": [0, 0, 1, 1], "rotation": 180, "texture": "#2"},
				"east": {"uv": [0, 0, 1, 1], "rotation": 180, "texture": "#2"},
				"south": {"uv": [0, 0, 1, 1], "rotation": 180, "texture": "#2"},
				"west": {"uv": [0, 0, 1, 1], "rotation": 180, "texture": "#2"},
				"up": {"uv": [0, 0, 1, 1], "rotation": 180, "texture": "#2"},
				"down": {"uv": [0, 0, 1, 1], "rotation": 180, "texture": "#2"}
			}
		},
		{
			"name": "hexadecagon",
			"from": [5.15123, 18.01841, 6.2211],
			"to": [6.20011, 18.74208, 9.85922],
			"rotation": {"angle": -22.5, "axis": "x", "origin": [-1.53081, 18.38025, 8.04016]},
			"faces": {
				"north": {"uv": [0, 0, 1, 1], "rotation": 180, "texture": "#2"},
				"east": {"uv": [0, 0, 1, 1], "rotation": 180, "texture": "#2"},
				"south": {"uv": [0, 0, 1, 1], "rotation": 180, "texture": "#2"},
				"west": {"uv": [0, 0, 1, 1], "rotation": 180, "texture": "#2"},
				"up": {"uv": [0, 0, 1, 1], "rotation": 180, "texture": "#2"},
				"down": {"uv": [0, 0, 1, 1], "rotation": 180, "texture": "#2"}
			}
		},
		{
			"from": [1.79914, 17.15, 6.76131],
			"to": [2.89914, 19.725, 9.31131],
			"rotation": {"angle": 0, "axis": "y", "origin": [-0.30086, 4, 8.78631]},
			"faces": {
				"north": {"uv": [0, 0, 1, 2.575], "texture": "#2"},
				"east": {"uv": [0, 0, 2.55, 2.575], "texture": "#2"},
				"south": {"uv": [0, 0, 1, 2.575], "texture": "#2"},
				"west": {"uv": [0, 0, 2.55, 2.575], "texture": "#2"},
				"up": {"uv": [0, 0, 1, 2.55], "texture": "#2"},
				"down": {"uv": [0, 0, 1, 2.55], "texture": "#2"}
			}
		},
		{
			"from": [10.84914, 17.05, 5.93631],
			"to": [13.44914, 19.975, 10.16131],
			"rotation": {"angle": 0, "axis": "y", "origin": [16.34914, 4, 8.78631]},
			"faces": {
				"north": {"uv": [2.6, 0, 5.2, 2.925], "texture": "#1"},
				"east": {"uv": [4.225, 0, 8.45, 2.925], "texture": "#1"},
				"south": {"uv": [2.6, 0, 5.2, 2.925], "texture": "#1"},
				"west": {"uv": [4.225, 0, 8.45, 2.925], "texture": "#1"},
				"up": {"uv": [2.6, 0, 5.2, 4.225], "texture": "#1"},
				"down": {"uv": [2.6, 0, 5.2, 4.225], "texture": "#1"}
			}
		},
		{
			"from": [11.04914, 17.275, 5.91131],
			"to": [13.24914, 19.675, 10.21131],
			"rotation": {"angle": 0, "axis": "y", "origin": [16.34914, 4, 8.78631]},
			"faces": {
				"north": {"uv": [2.2, 0, 0, 2.4], "texture": "#2"},
				"east": {"uv": [2.2, 0, 0, 2.4], "texture": "#2"},
				"south": {"uv": [2.2, 0, 0, 2.4], "texture": "#2"},
				"west": {"uv": [2.2, 0, 0, 2.4], "texture": "#2"},
				"up": {"uv": [2.2, 0, 0, 2.4], "texture": "#2"},
				"down": {"uv": [2.2, 0, 0, 2.4], "texture": "#2"}
			}
		},
		{
			"name": "Cube",
			"from": [10.44914, 16.5, 6.18631],
			"to": [13.94914, 20.4, 9.88631],
			"rotation": {"angle": 0, "axis": "y", "origin": [16.34914, 4, 8.78631]},
			"faces": {
				"north": {"uv": [3.5, 0, 7, 3.9], "texture": "#2"},
				"east": {"uv": [3.7, 0, 7.4, 3.9], "texture": "#2"},
				"south": {"uv": [3.5, 0, 7, 3.9], "texture": "#2"},
				"west": {"uv": [3.7, 0, 7.4, 3.9], "texture": "#2"},
				"up": {"uv": [3.5, 0, 7, 3.7], "texture": "#2"},
				"down": {"uv": [3.5, 0, 7, 3.7], "texture": "#2"}
			}
		},
		{
			"from": [13.14914, 16.925, 6.51131],
			"to": [14.19914, 19.95, 9.48631],
			"rotation": {"angle": 0, "axis": "y", "origin": [16.34914, 4, 8.78631]},
			"faces": {
				"north": {"uv": [1, 0, 2, 3.025], "texture": "#1"},
				"east": {"uv": [2.975, 0, 5.95, 3.025], "texture": "#1"},
				"south": {"uv": [1, 0, 2, 3.025], "texture": "#1"},
				"west": {"uv": [2.975, 0, 5.95, 3.025], "texture": "#1"},
				"up": {"uv": [1, 0, 2, 2.975], "texture": "#1"},
				"down": {"uv": [1, 0, 2, 2.975], "texture": "#1"}
			}
		},
		{
			"name": "hexadecagon",
			"from": [8.83842, 16.98606, 7.76909],
			"to": [9.3205, 19.78546, 8.32593],
			"rotation": {"angle": 45, "axis": "x", "origin": [14.78711, 18.38577, 8.04751]},
			"faces": {
				"north": {"uv": [1, 0, 0, 1], "rotation": 180, "texture": "#1"},
				"east": {"uv": [1, 0, 0, 1], "rotation": 180, "texture": "#1"},
				"south": {"uv": [1, 0, 0, 1], "rotation": 180, "texture": "#1"},
				"west": {"uv": [1, 0, 0, 1], "rotation": 180, "texture": "#1"},
				"up": {"uv": [0, 1, 1, 0], "rotation": 90, "texture": "#1"},
				"down": {"uv": [0, 1, 1, 0], "rotation": 270, "texture": "#1"}
			}
		},
		{
			"name": "hexadecagon",
			"from": [8.83842, 16.98606, 7.76909],
			"to": [9.3205, 19.78546, 8.32593],
			"rotation": {"angle": 22.5, "axis": "x", "origin": [14.78711, 18.38577, 8.04751]},
			"faces": {
				"north": {"uv": [1, 0, 0, 1], "rotation": 180, "texture": "#1"},
				"east": {"uv": [1, 0, 0, 1], "rotation": 180, "texture": "#1"},
				"south": {"uv": [1, 0, 0, 1], "rotation": 180, "texture": "#1"},
				"west": {"uv": [1, 0, 0, 1], "rotation": 180, "texture": "#1"},
				"up": {"uv": [0, 1, 1, 0], "rotation": 90, "texture": "#1"},
				"down": {"uv": [0, 1, 1, 0], "rotation": 270, "texture": "#1"}
			}
		},
		{
			"name": "hexadecagon",
			"from": [8.83842, 16.98606, 7.76909],
			"to": [9.3205, 19.78546, 8.32593],
			"rotation": {"angle": 0, "axis": "y", "origin": [14.78711, 18.38577, 8.04751]},
			"faces": {
				"north": {"uv": [1, 0, 0, 1], "rotation": 180, "texture": "#1"},
				"east": {"uv": [1, 0, 0, 1], "rotation": 180, "texture": "#1"},
				"south": {"uv": [1, 0, 0, 1], "rotation": 180, "texture": "#1"},
				"west": {"uv": [1, 0, 0, 1], "rotation": 180, "texture": "#1"},
				"up": {"uv": [0, 1, 1, 0], "rotation": 90, "texture": "#1"},
				"down": {"uv": [0, 1, 1, 0], "rotation": 270, "texture": "#1"}
			}
		},
		{
			"name": "hexadecagon",
			"from": [8.83842, 16.98606, 7.76909],
			"to": [9.3205, 19.78546, 8.32593],
			"rotation": {"angle": -22.5, "axis": "x", "origin": [14.78711, 18.38577, 8.04751]},
			"faces": {
				"north": {"uv": [1, 0, 0, 1], "rotation": 180, "texture": "#1"},
				"east": {"uv": [1, 0, 0, 1], "rotation": 180, "texture": "#1"},
				"south": {"uv": [1, 0, 0, 1], "rotation": 180, "texture": "#1"},
				"west": {"uv": [1, 0, 0, 1], "rotation": 180, "texture": "#1"},
				"up": {"uv": [0, 1, 1, 0], "rotation": 90, "texture": "#1"},
				"down": {"uv": [0, 1, 1, 0], "rotation": 270, "texture": "#1"}
			}
		},
		{
			"name": "hexadecagon",
			"from": [8.83842, 16.98606, 7.76909],
			"to": [9.3205, 19.78546, 8.32593],
			"rotation": {"angle": -45, "axis": "x", "origin": [14.78711, 18.38577, 8.04751]},
			"faces": {
				"north": {"uv": [1, 0, 0, 1], "rotation": 180, "texture": "#1"},
				"east": {"uv": [1, 0, 0, 1], "rotation": 180, "texture": "#1"},
				"south": {"uv": [1, 0, 0, 1], "rotation": 180, "texture": "#1"},
				"west": {"uv": [1, 0, 0, 1], "rotation": 180, "texture": "#1"},
				"up": {"uv": [0, 1, 1, 0], "rotation": 90, "texture": "#1"},
				"down": {"uv": [0, 1, 1, 0], "rotation": 270, "texture": "#1"}
			}
		},
		{
			"name": "hexadecagon",
			"from": [8.83842, 18.10735, 6.6478],
			"to": [9.3205, 18.66419, 9.44722],
			"rotation": {"angle": 22.5, "axis": "x", "origin": [14.78711, 18.38577, 8.04751]},
			"faces": {
				"north": {"uv": [1, 0, 0, 1], "rotation": 180, "texture": "#1"},
				"east": {"uv": [1, 0, 0, 1], "rotation": 180, "texture": "#1"},
				"south": {"uv": [1, 0, 0, 1], "rotation": 180, "texture": "#1"},
				"west": {"uv": [1, 0, 0, 1], "rotation": 180, "texture": "#1"},
				"up": {"uv": [0, 1, 1, 0], "rotation": 90, "texture": "#1"},
				"down": {"uv": [0, 1, 1, 0], "rotation": 270, "texture": "#1"}
			}
		},
		{
			"name": "hexadecagon",
			"from": [8.83842, 18.10735, 6.6478],
			"to": [9.3205, 18.66419, 9.44722],
			"rotation": {"angle": 0, "axis": "y", "origin": [14.78711, 18.38577, 8.04751]},
			"faces": {
				"north": {"uv": [1, 0, 0, 1], "rotation": 180, "texture": "#1"},
				"east": {"uv": [1, 0, 0, 1], "rotation": 180, "texture": "#1"},
				"south": {"uv": [1, 0, 0, 1], "rotation": 180, "texture": "#1"},
				"west": {"uv": [1, 0, 0, 1], "rotation": 180, "texture": "#1"},
				"up": {"uv": [0, 1, 1, 0], "rotation": 90, "texture": "#1"},
				"down": {"uv": [0, 1, 1, 0], "rotation": 270, "texture": "#1"}
			}
		},
		{
			"name": "hexadecagon",
			"from": [8.83842, 18.10735, 6.6478],
			"to": [9.3205, 18.66419, 9.44722],
			"rotation": {"angle": -22.5, "axis": "x", "origin": [14.78711, 18.38577, 8.04751]},
			"faces": {
				"north": {"uv": [1, 0, 0, 1], "rotation": 180, "texture": "#1"},
				"east": {"uv": [1, 0, 0, 1], "rotation": 180, "texture": "#1"},
				"south": {"uv": [1, 0, 0, 1], "rotation": 180, "texture": "#1"},
				"west": {"uv": [1, 0, 0, 1], "rotation": 180, "texture": "#1"},
				"up": {"uv": [0, 1, 1, 0], "rotation": 90, "texture": "#1"},
				"down": {"uv": [0, 1, 1, 0], "rotation": 270, "texture": "#1"}
			}
		},
		{
			"name": "hexadecagon",
			"from": [9.32592, 16.72911, 7.72667],
			"to": [10.24599, 19.92042, 8.36147],
			"rotation": {"angle": 45, "axis": "x", "origin": [16.10743, 18.32478, 8.04407]},
			"faces": {
				"north": {"uv": [1, 0, 0, 1], "rotation": 180, "texture": "#1"},
				"east": {"uv": [1, 0, 0, 1], "rotation": 180, "texture": "#1"},
				"south": {"uv": [1, 0, 0, 1], "rotation": 180, "texture": "#1"},
				"west": {"uv": [1, 0, 0, 1], "rotation": 180, "texture": "#1"},
				"up": {"uv": [0, 1, 1, 0], "rotation": 90, "texture": "#1"},
				"down": {"uv": [0, 1, 1, 0], "rotation": 270, "texture": "#1"}
			}
		},
		{
			"name": "hexadecagon",
			"from": [9.32592, 16.72911, 7.72667],
			"to": [10.24599, 19.92042, 8.36147],
			"rotation": {"angle": 22.5, "axis": "x", "origin": [16.10743, 18.32478, 8.04407]},
			"faces": {
				"north": {"uv": [1, 0, 0, 1], "rotation": 180, "texture": "#1"},
				"east": {"uv": [1, 0, 0, 1], "rotation": 180, "texture": "#1"},
				"south": {"uv": [1, 0, 0, 1], "rotation": 180, "texture": "#1"},
				"west": {"uv": [1, 0, 0, 1], "rotation": 180, "texture": "#1"},
				"up": {"uv": [0, 1, 1, 0], "rotation": 90, "texture": "#1"},
				"down": {"uv": [0, 1, 1, 0], "rotation": 270, "texture": "#1"}
			}
		},
		{
			"name": "hexadecagon",
			"from": [9.32592, 16.72911, 7.72667],
			"to": [10.24599, 19.92042, 8.36147],
			"rotation": {"angle": 0, "axis": "y", "origin": [16.10743, 18.32478, 8.04407]},
			"faces": {
				"north": {"uv": [1, 0, 0, 1], "rotation": 180, "texture": "#1"},
				"east": {"uv": [1, 0, 0, 1], "rotation": 180, "texture": "#1"},
				"south": {"uv": [1, 0, 0, 1], "rotation": 180, "texture": "#1"},
				"west": {"uv": [1, 0, 0, 1], "rotation": 180, "texture": "#1"},
				"up": {"uv": [0, 1, 1, 0], "rotation": 90, "texture": "#1"},
				"down": {"uv": [0, 1, 1, 0], "rotation": 270, "texture": "#1"}
			}
		},
		{
			"name": "hexadecagon",
			"from": [9.32592, 16.72911, 7.72667],
			"to": [10.24599, 19.92042, 8.36147],
			"rotation": {"angle": -22.5, "axis": "x", "origin": [16.10743, 18.32478, 8.04407]},
			"faces": {
				"north": {"uv": [1, 0, 0, 1], "rotation": 180, "texture": "#1"},
				"east": {"uv": [1, 0, 0, 1], "rotation": 180, "texture": "#1"},
				"south": {"uv": [1, 0, 0, 1], "rotation": 180, "texture": "#1"},
				"west": {"uv": [1, 0, 0, 1], "rotation": 180, "texture": "#1"},
				"up": {"uv": [0, 1, 1, 0], "rotation": 90, "texture": "#1"},
				"down": {"uv": [0, 1, 1, 0], "rotation": 270, "texture": "#1"}
			}
		},
		{
			"name": "hexadecagon",
			"from": [9.32592, 16.72911, 7.72667],
			"to": [10.24599, 19.92042, 8.36147],
			"rotation": {"angle": -45, "axis": "x", "origin": [16.10743, 18.32478, 8.04407]},
			"faces": {
				"north": {"uv": [1, 0, 0, 1], "rotation": 180, "texture": "#1"},
				"east": {"uv": [1, 0, 0, 1], "rotation": 180, "texture": "#1"},
				"south": {"uv": [1, 0, 0, 1], "rotation": 180, "texture": "#1"},
				"west": {"uv": [1, 0, 0, 1], "rotation": 180, "texture": "#1"},
				"up": {"uv": [0, 1, 1, 0], "rotation": 90, "texture": "#1"},
				"down": {"uv": [0, 1, 1, 0], "rotation": 270, "texture": "#1"}
			}
		},
		{
			"name": "hexadecagon",
			"from": [9.32592, 18.00738, 6.4484],
			"to": [10.24599, 18.64218, 9.63974],
			"rotation": {"angle": 22.5, "axis": "x", "origin": [16.10743, 18.32478, 8.04407]},
			"faces": {
				"north": {"uv": [1, 0, 0, 1], "rotation": 180, "texture": "#1"},
				"east": {"uv": [1, 0, 0, 1], "rotation": 180, "texture": "#1"},
				"south": {"uv": [1, 0, 0, 1], "rotation": 180, "texture": "#1"},
				"west": {"uv": [1, 0, 0, 1], "rotation": 180, "texture": "#1"},
				"up": {"uv": [0, 1, 1, 0], "rotation": 90, "texture": "#1"},
				"down": {"uv": [0, 1, 1, 0], "rotation": 270, "texture": "#1"}
			}
		},
		{
			"name": "hexadecagon",
			"from": [9.32592, 18.00738, 6.4484],
			"to": [10.24599, 18.64218, 9.63974],
			"rotation": {"angle": 0, "axis": "y", "origin": [16.10743, 18.32478, 8.04407]},
			"faces": {
				"north": {"uv": [1, 0, 0, 1], "rotation": 180, "texture": "#1"},
				"east": {"uv": [1, 0, 0, 1], "rotation": 180, "texture": "#1"},
				"south": {"uv": [1, 0, 0, 1], "rotation": 180, "texture": "#1"},
				"west": {"uv": [1, 0, 0, 1], "rotation": 180, "texture": "#1"},
				"up": {"uv": [0, 1, 1, 0], "rotation": 90, "texture": "#1"},
				"down": {"uv": [0, 1, 1, 0], "rotation": 270, "texture": "#1"}
			}
		},
		{
			"name": "hexadecagon",
			"from": [9.32592, 18.00738, 6.4484],
			"to": [10.24599, 18.64218, 9.63974],
			"rotation": {"angle": -22.5, "axis": "x", "origin": [16.10743, 18.32478, 8.04407]},
			"faces": {
				"north": {"uv": [1, 0, 0, 1], "rotation": 180, "texture": "#1"},
				"east": {"uv": [1, 0, 0, 1], "rotation": 180, "texture": "#1"},
				"south": {"uv": [1, 0, 0, 1], "rotation": 180, "texture": "#1"},
				"west": {"uv": [1, 0, 0, 1], "rotation": 180, "texture": "#1"},
				"up": {"uv": [0, 1, 1, 0], "rotation": 90, "texture": "#1"},
				"down": {"uv": [0, 1, 1, 0], "rotation": 270, "texture": "#1"}
			}
		},
		{
			"name": "hexadecagon",
			"from": [9.84817, 16.56118, 7.67833],
			"to": [10.89705, 20.19928, 8.402],
			"rotation": {"angle": 45, "axis": "x", "origin": [17.57909, 18.38025, 8.04016]},
			"faces": {
				"north": {"uv": [1, 0, 0, 1], "rotation": 180, "texture": "#2"},
				"east": {"uv": [1, 0, 0, 1], "rotation": 180, "texture": "#2"},
				"south": {"uv": [1, 0, 0, 1], "rotation": 180, "texture": "#2"},
				"west": {"uv": [1, 0, 0, 1], "rotation": 180, "texture": "#2"},
				"up": {"uv": [1, 0, 0, 1], "rotation": 180, "texture": "#2"},
				"down": {"uv": [1, 0, 0, 1], "rotation": 180, "texture": "#2"}
			}
		},
		{
			"name": "hexadecagon",
			"from": [9.84817, 16.56118, 7.67833],
			"to": [10.89705, 20.19928, 8.402],
			"rotation": {"angle": 22.5, "axis": "x", "origin": [17.57909, 18.38025, 8.04016]},
			"faces": {
				"north": {"uv": [1, 0, 0, 1], "rotation": 180, "texture": "#2"},
				"east": {"uv": [1, 0, 0, 1], "rotation": 180, "texture": "#2"},
				"south": {"uv": [1, 0, 0, 1], "rotation": 180, "texture": "#2"},
				"west": {"uv": [1, 0, 0, 1], "rotation": 180, "texture": "#2"},
				"up": {"uv": [1, 0, 0, 1], "rotation": 180, "texture": "#2"},
				"down": {"uv": [1, 0, 0, 1], "rotation": 180, "texture": "#2"}
			}
		},
		{
			"name": "hexadecagon",
			"from": [9.84817, 16.56118, 7.67833],
			"to": [10.89705, 20.19928, 8.402],
			"rotation": {"angle": 0, "axis": "y", "origin": [17.57909, 18.38025, 8.04016]},
			"faces": {
				"north": {"uv": [1, 0, 0, 1], "rotation": 180, "texture": "#2"},
				"east": {"uv": [1, 0, 0, 1], "rotation": 180, "texture": "#2"},
				"south": {"uv": [1, 0, 0, 1], "rotation": 180, "texture": "#2"},
				"west": {"uv": [1, 0, 0, 1], "rotation": 180, "texture": "#2"},
				"up": {"uv": [1, 0, 0, 1], "rotation": 180, "texture": "#2"},
				"down": {"uv": [1, 0, 0, 1], "rotation": 180, "texture": "#2"}
			}
		},
		{
			"name": "hexadecagon",
			"from": [9.84817, 16.56118, 7.67833],
			"to": [10.89705, 20.19928, 8.402],
			"rotation": {"angle": -22.5, "axis": "x", "origin": [17.57909, 18.38025, 8.04016]},
			"faces": {
				"north": {"uv": [1, 0, 0, 1], "rotation": 180, "texture": "#2"},
				"east": {"uv": [1, 0, 0, 1], "rotation": 180, "texture": "#2"},
				"south": {"uv": [1, 0, 0, 1], "rotation": 180, "texture": "#2"},
				"west": {"uv": [1, 0, 0, 1], "rotation": 180, "texture": "#2"},
				"up": {"uv": [1, 0, 0, 1], "rotation": 180, "texture": "#2"},
				"down": {"uv": [1, 0, 0, 1], "rotation": 180, "texture": "#2"}
			}
		},
		{
			"name": "hexadecagon",
			"from": [9.84817, 16.56118, 7.67833],
			"to": [10.89705, 20.19928, 8.402],
			"rotation": {"angle": -45, "axis": "x", "origin": [17.57909, 18.38025, 8.04016]},
			"faces": {
				"north": {"uv": [1, 0, 0, 1], "rotation": 180, "texture": "#2"},
				"east": {"uv": [1, 0, 0, 1], "rotation": 180, "texture": "#2"},
				"south": {"uv": [1, 0, 0, 1], "rotation": 180, "texture": "#2"},
				"west": {"uv": [1, 0, 0, 1], "rotation": 180, "texture": "#2"},
				"up": {"uv": [1, 0, 0, 1], "rotation": 180, "texture": "#2"},
				"down": {"uv": [1, 0, 0, 1], "rotation": 180, "texture": "#2"}
			}
		},
		{
			"name": "hexadecagon",
			"from": [9.84817, 18.01841, 6.2211],
			"to": [10.89705, 18.74208, 9.85922],
			"rotation": {"angle": 22.5, "axis": "x", "origin": [17.57909, 18.38025, 8.04016]},
			"faces": {
				"north": {"uv": [1, 0, 0, 1], "rotation": 180, "texture": "#2"},
				"east": {"uv": [1, 0, 0, 1], "rotation": 180, "texture": "#2"},
				"south": {"uv": [1, 0, 0, 1], "rotation": 180, "texture": "#2"},
				"west": {"uv": [1, 0, 0, 1], "rotation": 180, "texture": "#2"},
				"up": {"uv": [1, 0, 0, 1], "rotation": 180, "texture": "#2"},
				"down": {"uv": [1, 0, 0, 1], "rotation": 180, "texture": "#2"}
			}
		},
		{
			"name": "hexadecagon",
			"from": [9.84817, 18.01841, 6.2211],
			"to": [10.89705, 18.74208, 9.85922],
			"rotation": {"angle": 0, "axis": "y", "origin": [17.57909, 18.38025, 8.04016]},
			"faces": {
				"north": {"uv": [1, 0, 0, 1], "rotation": 180, "texture": "#2"},
				"east": {"uv": [1, 0, 0, 1], "rotation": 180, "texture": "#2"},
				"south": {"uv": [1, 0, 0, 1], "rotation": 180, "texture": "#2"},
				"west": {"uv": [1, 0, 0, 1], "rotation": 180, "texture": "#2"},
				"up": {"uv": [1, 0, 0, 1], "rotation": 180, "texture": "#2"},
				"down": {"uv": [1, 0, 0, 1], "rotation": 180, "texture": "#2"}
			}
		},
		{
			"name": "hexadecagon",
			"from": [9.84817, 18.01841, 6.2211],
			"to": [10.89705, 18.74208, 9.85922],
			"rotation": {"angle": -22.5, "axis": "x", "origin": [17.57909, 18.38025, 8.04016]},
			"faces": {
				"north": {"uv": [1, 0, 0, 1], "rotation": 180, "texture": "#2"},
				"east": {"uv": [1, 0, 0, 1], "rotation": 180, "texture": "#2"},
				"south": {"uv": [1, 0, 0, 1], "rotation": 180, "texture": "#2"},
				"west": {"uv": [1, 0, 0, 1], "rotation": 180, "texture": "#2"},
				"up": {"uv": [1, 0, 0, 1], "rotation": 180, "texture": "#2"},
				"down": {"uv": [1, 0, 0, 1], "rotation": 180, "texture": "#2"}
			}
		},
		{
			"from": [13.14914, 17.15, 6.76131],
			"to": [14.24914, 19.725, 9.31131],
			"rotation": {"angle": 0, "axis": "y", "origin": [16.34914, 4, 8.78631]},
			"faces": {
				"north": {"uv": [1, 0, 2, 2.575], "texture": "#2"},
				"east": {"uv": [2.55, 0, 5.1, 2.575], "texture": "#2"},
				"south": {"uv": [1, 0, 2, 2.575], "texture": "#2"},
				"west": {"uv": [2.55, 0, 5.1, 2.575], "texture": "#2"},
				"up": {"uv": [1, 0, 2, 2.55], "texture": "#2"},
				"down": {"uv": [1, 0, 2, 2.55], "texture": "#2"}
			}
		}
	],
	"display": {
		"thirdperson_righthand": {
			"rotation": [0, 97, 0],
			"translation": [0, -0.75, 0.75]
		},
		"thirdperson_lefthand": {
			"rotation": [0, 97, 0],
			"translation": [0, -0.75, 0.75]
		},
		"firstperson_righthand": {
			"rotation": [-4, -89, 7.5],
			"translation": [2.75, 0, 0],
			"scale": [0.85352, 0.85352, 0.85352]
		},
		"firstperson_lefthand": {
			"rotation": [-4, -89, 7.5],
			"translation": [2.75, 0, 0],
			"scale": [0.85352, 0.85352, 0.85352]
		},
		"ground": {
			"rotation": [0, 0, -27],
			"translation": [-1, 2, 0],
			"scale": [0.76758, 0.76758, 0.76758]
		},
		"gui": {
			"rotation": [-8, 10, -46],
			"translation": [-2.5, -2.25, 0],
			"scale": [0.83008, 0.83008, 0.83008]
		},
		"head": {
			"rotation": [0, 0, -140.25],
			"translation": [-4.5, -9.75, 5],
			"scale": [1.89844, 1.89844, 1.89844]
		},
		"fixed": {
			"rotation": [63.25, 0, 0],
			"translation": [0, -7.5, -22.25],
			"scale": [2, 2, 2]
		}
	},
	"groups": [
		{
			"name": "Medieval Hammer-Mace 1",
			"origin": [8, 8, 8],
			"children": [
				{
					"name": "Wooden Handle",
					"origin": [8, 8, 8],
					"children": [0, 1, 2, 3, 4, 5, 6, 7]
				}, 8,
				{
					"name": "Bolt",
					"origin": [8, 8, 8],
					"children": [9, 10, 11, 12, 13, 14, 15, 16]
				},
				{
					"name": "Bolt",
					"origin": [8, 8, 8],
					"children": [17, 18, 19, 20, 21, 22, 23, 24]
				},
				{
					"name": "Bolt",
					"origin": [8, 8, 8],
					"children": [25, 26, 27, 28, 29, 30, 31, 32]
				},
				{
					"name": "Bolt",
					"origin": [8, 8, 8],
					"children": [33, 34, 35, 36, 37, 38, 39, 40]
				},
				{
					"name": "Bolt",
					"origin": [8, 8, 8],
					"children": [41, 42, 43, 44, 45, 46, 47, 48]
				},
				{
					"name": "Bolt",
					"origin": [8, 8, 8],
					"children": [49, 50, 51, 52, 53, 54, 55, 56]
				},
				{
					"name": "Bolt",
					"origin": [8, 8, 8],
					"children": [57, 58, 59, 60, 61, 62, 63, 64]
				},
				{
					"name": "Bolt",
					"origin": [8, 8, 8],
					"children": [65, 66, 67, 68, 69, 70, 71, 72]
				},
				{
					"name": "Bolt",
					"origin": [8, 8, 8],
					"children": [73, 74, 75, 76, 77, 78, 79, 80]
				},
				{
					"name": "Bolt",
					"origin": [8, 8, 8],
					"children": [81, 82, 83, 84, 85, 86, 87, 88]
				},
				{
					"name": "Bolt",
					"origin": [8, 8, 8],
					"children": [89, 90, 91, 92, 93, 94, 95, 96]
				},
				{
					"name": "Square right side",
					"origin": [8, 8, 8],
					"children": [97, 98, 99, 100,
						{
							"name": "Bolt",
							"origin": [8, 8, 8],
							"children": [101, 102, 103, 104, 105, 106, 107, 108]
						},
						{
							"name": "Bolt",
							"origin": [8, 8, 8],
							"children": [109, 110, 111, 112, 113, 114, 115, 116]
						},
						{
							"name": "Bolt",
							"origin": [8, 8, 8],
							"children": [117, 118, 119, 120, 121, 122, 123, 124]
						}, 125]
				},
				{
					"name": "Square Left side",
					"origin": [8, 8, 8],
					"children": [126, 127, 128, 129,
						{
							"name": "Bolt",
							"origin": [8, 8, 8],
							"children": [130, 131, 132, 133, 134, 135, 136, 137]
						},
						{
							"name": "Bolt",
							"origin": [8, 8, 8],
							"children": [138, 139, 140, 141, 142, 143, 144, 145]
						},
						{
							"name": "Bolt",
							"origin": [8, 8, 8],
							"children": [146, 147, 148, 149, 150, 151, 152, 153]
						}, 154]
				}
			]
		}
	]
}