{
	"credit": "Made with Blockbench",
	"textures": {
		"0": "block/MizunoArchive/potion_0",
		"1": "block/MizunoArchive/black_concrete",
		"2": "block/MizunoArchive/anvil",
		"3": "block/MizunoArchive/light_gray_concrete",
		"4": "block/MizunoArchive/potion_overlay",
		"particle": "block/MizunoArchive/potion_0"
	},
	"elements": [
		{
			"from": [4.5, 0, 4],
			"to": [11.5, 1, 11.5],
			"faces": {
				"north": {"uv": [0, 0, 7, 1], "texture": "#1"},
				"east": {"uv": [0, 0, 7.5, 1], "texture": "#1"},
				"south": {"uv": [0, 0, 7, 1], "texture": "#1"},
				"west": {"uv": [0, 0, 7.5, 1], "texture": "#1"},
				"up": {"uv": [0, 0, 7, 7.5], "texture": "#1"},
				"down": {"uv": [0, 0, 7, 7.5], "texture": "#1"}
			}
		},
		{
			"from": [4.5, 1, 6],
			"to": [11.5, 3, 11.5],
			"faces": {
				"north": {"uv": [0, 0, 7, 2], "texture": "#1"},
				"east": {"uv": [0, 0, 5.5, 2], "texture": "#1"},
				"south": {"uv": [0, 0, 7, 2], "texture": "#1"},
				"west": {"uv": [0, 0, 5.5, 2], "texture": "#1"},
				"up": {"uv": [0, 0, 7, 5.5], "texture": "#1"},
				"down": {"uv": [0, 0, 7, 5.5], "texture": "#1"}
			}
		},
		{
			"from": [4.4981, 1.35658, 4.26664],
			"to": [11.4981, 2.35658, 7.09664],
			"rotation": {"angle": -45, "axis": "x", "origin": [7.9981, 1.35658, 5.76664]},
			"faces": {
				"north": {"uv": [0, 0, 7, 1], "rotation": 180, "texture": "#1"},
				"east": {"uv": [0, 0, 2.83, 1], "rotation": 180, "texture": "#1"},
				"south": {"uv": [0, 0, 7, 1], "rotation": 180, "texture": "#1"},
				"west": {"uv": [0, 0, 2.83, 1], "rotation": 180, "texture": "#1"},
				"up": {"uv": [0, 0, 7, 2.83], "texture": "#1"},
				"down": {"uv": [0, 0, 7, 2.83], "texture": "#1"}
			}
		},
		{
			"from": [4.5, 1, 5.25],
			"to": [11.5, 2, 6],
			"faces": {
				"north": {"uv": [0, 0, 7, 1], "texture": "#1"},
				"east": {"uv": [0, 0, 0.75, 1], "texture": "#1"},
				"south": {"uv": [0, 0, 7, 1], "texture": "#1"},
				"west": {"uv": [0, 0, 0.75, 1], "texture": "#1"},
				"up": {"uv": [0, 0, 7, 0.75], "texture": "#1"},
				"down": {"uv": [0, 0, 7, 0.75], "texture": "#1"}
			}
		},
		{
			"from": [5.48993, -0.00001, 11.48998],
			"to": [10.48993, 2.99999, 12.48998],
			"faces": {
				"north": {"uv": [0, 0, 5, 3], "texture": "#1"},
				"east": {"uv": [0, 0, 1, 3], "texture": "#1"},
				"south": {"uv": [0, 0, 5, 3], "texture": "#1"},
				"west": {"uv": [0, 0, 1, 3], "texture": "#1"},
				"up": {"uv": [0, 0, 5, 1], "texture": "#1"},
				"down": {"uv": [0, 0, 5, 1], "texture": "#1"}
			}
		},
		{
			"from": [6.24264, -0.00001, 13.2929],
			"to": [7.64264, 2.99899, 14.2929],
			"rotation": {"angle": -45, "axis": "y", "origin": [8.74264, 7.99999, 10.7929]},
			"faces": {
				"north": {"uv": [0, 0, 1.4, 2.999], "texture": "#1"},
				"east": {"uv": [0, 0, 1, 2.999], "texture": "#1"},
				"south": {"uv": [0, 0, 1.4, 2.999], "texture": "#1"},
				"west": {"uv": [0, 0, 1, 2.999], "texture": "#1"},
				"up": {"uv": [0, 0, 1.4, 1], "texture": "#1"},
				"down": {"uv": [0, 0, 1.4, 1], "texture": "#1"}
			}
		},
		{
			"from": [8.33724, -0.00004, 13.29295],
			"to": [9.73724, 2.99896, 14.29295],
			"rotation": {"angle": 45, "axis": "y", "origin": [7.23724, 7.99996, 10.79295]},
			"faces": {
				"north": {"uv": [1.4, 0, 2.8, 2.999], "texture": "#1"},
				"east": {"uv": [1, 0, 2, 2.999], "texture": "#1"},
				"south": {"uv": [1.4, 0, 2.8, 2.999], "texture": "#1"},
				"west": {"uv": [1, 0, 2, 2.999], "texture": "#1"},
				"up": {"uv": [1.4, 0, 2.8, 1], "texture": "#1"},
				"down": {"uv": [1.4, 0, 2.8, 1], "texture": "#1"}
			}
		},
		{
			"from": [4.46983, 6.7544, 8.99824],
			"to": [5.21983, 7.5044, 9.99824],
			"faces": {
				"north": {"uv": [9, 1, 10, 2], "rotation": 270, "texture": "#0"},
				"east": {"uv": [9, 1, 10, 2], "rotation": 270, "texture": "#0"},
				"south": {"uv": [9, 1, 10, 2], "rotation": 270, "texture": "#0"},
				"west": {"uv": [9, 1, 10, 2], "rotation": 270, "texture": "#0"},
				"up": {"uv": [9, 1, 10, 2], "rotation": 270, "texture": "#0"},
				"down": {"uv": [9, 1, 10, 2], "rotation": 270, "texture": "#0"}
			}
		},
		{
			"from": [8.425, 3.67219, 8.99671],
			"to": [8.925, 4.42219, 9.99671],
			"rotation": {"angle": -22.5, "axis": "z", "origin": [14.425, 16.42219, 15.49671]},
			"faces": {
				"north": {"uv": [9, 1, 10, 2], "rotation": 270, "texture": "#0"},
				"east": {"uv": [9, 1, 10, 2], "rotation": 270, "texture": "#0"},
				"south": {"uv": [9, 1, 10, 2], "rotation": 270, "texture": "#0"},
				"west": {"uv": [9, 1, 10, 2], "rotation": 270, "texture": "#0"},
				"up": {"uv": [9, 1, 10, 2], "rotation": 270, "texture": "#0"},
				"down": {"uv": [9, 1, 10, 2], "rotation": 270, "texture": "#0"}
			}
		},
		{
			"from": [4.1496, 17.56102, 9],
			"to": [4.8996, 18.06102, 10],
			"rotation": {"angle": 45, "axis": "z", "origin": [16.8996, 12.06102, 15.5]},
			"faces": {
				"north": {"uv": [9, 1, 10, 2], "texture": "#0"},
				"east": {"uv": [9, 1, 10, 2], "texture": "#0"},
				"south": {"uv": [9, 1, 10, 2], "texture": "#0"},
				"west": {"uv": [9, 1, 10, 2], "texture": "#0"},
				"up": {"uv": [9, 1, 10, 2], "texture": "#0"},
				"down": {"uv": [9, 1, 10, 2], "texture": "#0"}
			}
		},
		{
			"from": [4.77556, 12.58595, 8.99999],
			"to": [5.52556, 13.08595, 9.99999],
			"rotation": {"angle": 22.5, "axis": "z", "origin": [17.52556, 7.08595, 15.49999]},
			"faces": {
				"north": {"uv": [9, 1, 10, 2], "texture": "#0"},
				"east": {"uv": [9, 1, 10, 2], "texture": "#0"},
				"south": {"uv": [9, 1, 10, 2], "texture": "#0"},
				"west": {"uv": [9, 1, 10, 2], "texture": "#0"},
				"up": {"uv": [9, 1, 10, 2], "texture": "#0"},
				"down": {"uv": [9, 1, 10, 2], "texture": "#0"}
			}
		},
		{
			"from": [3.45, 7.75, 9],
			"to": [4.2, 10.75, 10],
			"faces": {
				"north": {"uv": [9, 1, 10, 2], "texture": "#0"},
				"east": {"uv": [9, 1, 10, 2], "texture": "#0"},
				"south": {"uv": [9, 1, 10, 2], "texture": "#0"},
				"west": {"uv": [9, 1, 10, 2], "texture": "#0"},
				"up": {"uv": [9, 1, 10, 2], "texture": "#0"},
				"down": {"uv": [9, 1, 10, 2], "texture": "#0"}
			}
		},
		{
			"from": [4.77559, 5.41403, 9.00001],
			"to": [5.52559, 5.91403, 10.00001],
			"rotation": {"angle": -22.5, "axis": "z", "origin": [17.52559, 11.41403, 15.50001]},
			"faces": {
				"north": {"uv": [9, 1, 10, 2], "texture": "#0"},
				"east": {"uv": [9, 1, 10, 2], "texture": "#0"},
				"south": {"uv": [9, 1, 10, 2], "texture": "#0"},
				"west": {"uv": [9, 1, 10, 2], "texture": "#0"},
				"up": {"uv": [9, 1, 10, 2], "texture": "#0"},
				"down": {"uv": [9, 1, 10, 2], "texture": "#0"}
			}
		},
		{
			"from": [4.1583, 0.43786, 8.9924],
			"to": [4.9083, 0.93786, 9.9924],
			"rotation": {"angle": -45, "axis": "z", "origin": [16.9083, 6.43786, 15.4924]},
			"faces": {
				"north": {"uv": [9, 1, 10, 2], "texture": "#0"},
				"east": {"uv": [9, 1, 10, 2], "texture": "#0"},
				"south": {"uv": [9, 1, 10, 2], "texture": "#0"},
				"west": {"uv": [9, 1, 10, 2], "texture": "#0"},
				"up": {"uv": [9, 1, 10, 2], "texture": "#0"},
				"down": {"uv": [9, 1, 10, 2], "texture": "#0"}
			}
		},
		{
			"from": [8.43371, 14.07669, 8.98911],
			"to": [8.93371, 14.82669, 9.98911],
			"rotation": {"angle": 22.5, "axis": "z", "origin": [14.43371, 2.07669, 15.48911]},
			"faces": {
				"north": {"uv": [9, 1, 10, 2], "rotation": 270, "texture": "#0"},
				"east": {"uv": [9, 1, 10, 2], "rotation": 270, "texture": "#0"},
				"south": {"uv": [9, 1, 10, 2], "rotation": 270, "texture": "#0"},
				"west": {"uv": [9, 1, 10, 2], "rotation": 270, "texture": "#0"},
				"up": {"uv": [9, 1, 10, 2], "rotation": 270, "texture": "#0"},
				"down": {"uv": [9, 1, 10, 2], "rotation": 270, "texture": "#0"}
			}
		},
		{
			"from": [4.47316, 11.00136, 8.98914],
			"to": [5.22316, 11.75136, 9.98914],
			"faces": {
				"north": {"uv": [9, 1, 10, 2], "rotation": 270, "texture": "#0"},
				"east": {"uv": [9, 1, 10, 2], "rotation": 270, "texture": "#0"},
				"south": {"uv": [9, 1, 10, 2], "rotation": 270, "texture": "#0"},
				"west": {"uv": [9, 1, 10, 2], "rotation": 270, "texture": "#0"},
				"up": {"uv": [9, 1, 10, 2], "rotation": 270, "texture": "#0"},
				"down": {"uv": [9, 1, 10, 2], "rotation": 270, "texture": "#0"}
			}
		},
		{
			"from": [8.68041, 13.60007, 11.3627],
			"to": [8.94067, 14.29507, 11.84853],
			"rotation": {"angle": 45, "axis": "y", "origin": [5.2102, 17.48507, 10.11343]},
			"faces": {
				"north": {"uv": [0, 0, 0.75, 0.75], "texture": "#2"},
				"east": {"uv": [0, 0, 1.4, 0.75], "texture": "#2"},
				"south": {"uv": [0, 0, 0.75, 0.75], "texture": "#2"},
				"west": {"uv": [0, 0, 1.4, 0.75], "texture": "#2"},
				"up": {"uv": [0, 0, 0.75, 1.4], "rotation": 180, "texture": "#2"},
				"down": {"uv": [0, 0, 0.75, 1.4], "rotation": 180, "texture": "#2"}
			}
		},
		{
			"from": [8.73147, 13.60004, 8.70593],
			"to": [9.07849, 14.29504, 10.09402],
			"faces": {
				"north": {"uv": [0, 0, 1, 0.75], "texture": "#2"},
				"east": {"uv": [0, 0, 4, 0.75], "texture": "#2"},
				"south": {"uv": [0, 0, 1, 0.75], "texture": "#2"},
				"west": {"uv": [0, 0, 4, 0.75], "texture": "#2"},
				"up": {"uv": [0, 0, 1, 4], "rotation": 180, "texture": "#2"},
				"down": {"uv": [0, 0, 1, 4], "rotation": 180, "texture": "#2"}
			}
		},
		{
			"from": [8.68048, 13.59996, 6.95148],
			"to": [8.94075, 14.29496, 7.43731],
			"rotation": {"angle": -45, "axis": "y", "origin": [5.21028, 17.48496, 8.68658]},
			"faces": {
				"north": {"uv": [0.75, 0, 1.5, 0.75], "texture": "#2"},
				"east": {"uv": [1.4, 0, 2.8, 0.75], "texture": "#2"},
				"south": {"uv": [0.75, 0, 1.5, 0.75], "texture": "#2"},
				"west": {"uv": [1.4, 0, 2.8, 0.75], "texture": "#2"},
				"up": {"uv": [0, 1.4, 0.75, 2.8], "rotation": 180, "texture": "#2"},
				"down": {"uv": [0, 1.4, 0.75, 2.8], "rotation": 180, "texture": "#2"}
			}
		},
		{
			"from": [7.34341, 13.59997, 10.09402],
			"to": [8.73149, 14.29497, 10.44104],
			"faces": {
				"north": {"uv": [0, 0, 4, 0.75], "texture": "#2"},
				"east": {"uv": [0, 0, 1, 0.75], "texture": "#2"},
				"south": {"uv": [0, 0, 4, 0.75], "texture": "#2"},
				"west": {"uv": [0, 0, 1, 0.75], "texture": "#2"},
				"up": {"uv": [0, 0, 1, 4], "rotation": 270, "texture": "#2"},
				"down": {"uv": [0, 0, 1, 4], "rotation": 90, "texture": "#2"}
			}
		},
		{
			"from": [10.00299, 13.60032, 10.04604],
			"to": [10.48882, 14.29532, 10.3063],
			"rotation": {"angle": -45, "axis": "y", "origin": [8.75372, 17.48532, 6.57583]},
			"faces": {
				"north": {"uv": [1.4, 0, 2.8, 0.75], "texture": "#2"},
				"east": {"uv": [0.75, 0, 1.5, 0.75], "texture": "#2"},
				"south": {"uv": [1.4, 0, 2.8, 0.75], "texture": "#2"},
				"west": {"uv": [0.75, 0, 1.5, 0.75], "texture": "#2"},
				"up": {"uv": [0.75, 0, 1.5, 1.4], "rotation": 90, "texture": "#2"},
				"down": {"uv": [0.75, 0, 1.5, 1.4], "rotation": 270, "texture": "#2"}
			}
		},
		{
			"from": [6.99636, 13.6, 8.70596],
			"to": [7.34338, 14.295, 10.09404],
			"faces": {
				"north": {"uv": [0, 0, 1, 0.75], "texture": "#2"},
				"east": {"uv": [0, 0, 4, 0.75], "texture": "#2"},
				"south": {"uv": [0, 0, 1, 0.75], "texture": "#2"},
				"west": {"uv": [0, 0, 4, 0.75], "texture": "#2"},
				"up": {"uv": [0, 0, 1, 4], "texture": "#2"},
				"down": {"uv": [0, 0, 1, 4], "texture": "#2"}
			}
		},
		{
			"from": [10.00292, 13.60044, 8.49371],
			"to": [10.48875, 14.29544, 8.75397],
			"rotation": {"angle": 45, "axis": "y", "origin": [8.75365, 17.48544, 12.22418]},
			"faces": {
				"north": {"uv": [0, 0, 1.4, 0.75], "texture": "#2"},
				"east": {"uv": [0, 0, 0.75, 0.75], "texture": "#2"},
				"south": {"uv": [0, 0, 1.4, 0.75], "texture": "#2"},
				"west": {"uv": [0, 0, 0.75, 0.75], "texture": "#2"},
				"up": {"uv": [0, 0, 0.75, 1.4], "rotation": 90, "texture": "#2"},
				"down": {"uv": [0, 0, 0.75, 1.4], "rotation": 270, "texture": "#2"}
			}
		},
		{
			"from": [7.34335, 13.60003, 8.35896],
			"to": [8.73143, 14.29503, 8.70598],
			"faces": {
				"north": {"uv": [0, 0, 4, 0.75], "texture": "#2"},
				"east": {"uv": [0, 0, 1, 0.75], "texture": "#2"},
				"south": {"uv": [0, 0, 4, 0.75], "texture": "#2"},
				"west": {"uv": [0, 0, 1, 0.75], "texture": "#2"},
				"up": {"uv": [0, 0, 1, 4], "rotation": 90, "texture": "#2"},
				"down": {"uv": [0, 0, 1, 4], "rotation": 270, "texture": "#2"}
			}
		},
		{
			"from": [7.34338, 13.6, 8.70596],
			"to": [8.73146, 14.295, 10.09404],
			"faces": {
				"north": {"uv": [0, 0, 4, 0.75], "texture": "#2"},
				"east": {"uv": [0, 0, 4, 0.75], "texture": "#2"},
				"south": {"uv": [0, 0, 4, 0.75], "texture": "#2"},
				"west": {"uv": [0, 0, 4, 0.75], "texture": "#2"},
				"up": {"uv": [0, 0, 4, 4], "texture": "#2"},
				"down": {"uv": [0, 0, 4, 4], "texture": "#2"}
			}
		},
		{
			"from": [14.06945, 5.22201, 7.1613],
			"to": [15.06945, 12.22201, 7.9113],
			"rotation": {"angle": 45, "axis": "y", "origin": [10.06945, 16.22201, 17.9113]},
			"faces": {
				"north": {"uv": [0, 9, 1, 16], "texture": "#0"},
				"east": {"uv": [3, 6, 4, 7], "texture": "#0"},
				"south": {"uv": [0, 9, 1, 16], "texture": "#0"},
				"west": {"uv": [3, 6, 4, 7], "texture": "#0"},
				"up": {"uv": [9, 1, 9.75, 5], "rotation": 90, "texture": "#0"},
				"down": {"uv": [9, 1, 9.75, 5], "rotation": 270, "texture": "#0"}
			}
		},
		{
			"from": [6.00353, 5.22203, 6.77439],
			"to": [10.00353, 12.22203, 7.52439],
			"faces": {
				"north": {"uv": [0, 9, 8, 16], "texture": "#0"},
				"east": {"uv": [3, 6, 4, 7], "texture": "#0"},
				"south": {"uv": [3, 6, 4, 7], "texture": "#0"},
				"west": {"uv": [3, 6, 4, 7], "texture": "#0"},
				"up": {"uv": [9, 1, 9.75, 5], "rotation": 90, "texture": "#0"},
				"down": {"uv": [9, 1, 9.75, 5], "rotation": 270, "texture": "#0"}
			}
		},
		{
			"from": [9.57366, 5.22208, 15.54735],
			"to": [10.32366, 12.22208, 16.54735],
			"rotation": {"angle": 45, "axis": "y", "origin": [-0.42634, 16.22208, 11.54735]},
			"faces": {
				"north": {"uv": [3, 6, 4, 7], "texture": "#0"},
				"east": {"uv": [0, 9, 1, 16], "texture": "#0"},
				"south": {"uv": [3, 6, 4, 7], "texture": "#0"},
				"west": {"uv": [0, 9, 1, 16], "texture": "#0"},
				"up": {"uv": [9, 1, 9.75, 5], "rotation": 180, "texture": "#0"},
				"down": {"uv": [9, 1, 9.75, 5], "rotation": 180, "texture": "#0"}
			}
		},
		{
			"from": [9.96064, 5.2221, 7.48143],
			"to": [10.71064, 12.2221, 11.48143],
			"faces": {
				"north": {"uv": [3, 6, 4, 7], "texture": "#0"},
				"east": {"uv": [0, 9, 8, 16], "texture": "#0"},
				"south": {"uv": [3, 6, 4, 7], "texture": "#0"},
				"west": {"uv": [3, 6, 4, 7], "texture": "#0"},
				"up": {"uv": [9, 1, 9.75, 5], "rotation": 180, "texture": "#0"},
				"down": {"uv": [9, 1, 9.75, 5], "rotation": 180, "texture": "#0"}
			}
		},
		{
			"from": [11.91689, 5.2224, -3.24166],
			"to": [12.66689, 12.2224, -2.24166],
			"rotation": {"angle": -45, "axis": "y", "origin": [-6.08311, 16.2224, 1.75834]},
			"faces": {
				"north": {"uv": [3, 6, 4, 7], "texture": "#0"},
				"east": {"uv": [0, 9, 1, 16], "texture": "#0"},
				"south": {"uv": [4, 6, 5, 7], "texture": "#0"},
				"west": {"uv": [0, 9, 1, 16], "texture": "#0"},
				"up": {"uv": [9, 1, 9.75, 5], "rotation": 180, "texture": "#0"},
				"down": {"uv": [9, 1, 9.75, 5], "rotation": 180, "texture": "#0"}
			}
		},
		{
			"from": [6.00844, 5.22769, 11.42805],
			"to": [10.00844, 12.22769, 12.17805],
			"faces": {
				"north": {"uv": [3, 6, 4, 7], "texture": "#0"},
				"east": {"uv": [3, 6, 4, 7], "texture": "#0"},
				"south": {"uv": [0, 9, 8, 16], "texture": "#0"},
				"west": {"uv": [3, 6, 4, 7], "texture": "#0"},
				"up": {"uv": [9, 1, 9.75, 5], "rotation": 270, "texture": "#0"},
				"down": {"uv": [9, 1, 9.75, 5], "rotation": 90, "texture": "#0"}
			}
		},
		{
			"from": [16.41267, 5.22232, 5.39439],
			"to": [17.41267, 12.22232, 6.14439],
			"rotation": {"angle": -45, "axis": "y", "origin": [4.41267, 16.22232, -4.60561]},
			"faces": {
				"north": {"uv": [0, 9, 1, 16], "texture": "#0"},
				"east": {"uv": [3, 6, 4, 7], "texture": "#0"},
				"south": {"uv": [0, 9, 1, 16], "texture": "#0"},
				"west": {"uv": [3, 6, 4, 7], "texture": "#0"},
				"up": {"uv": [9, 1, 9.75, 5], "rotation": 90, "texture": "#0"},
				"down": {"uv": [9, 1, 9.75, 5], "rotation": 270, "texture": "#0"}
			}
		},
		{
			"from": [5.29649, 5.22212, 7.48134],
			"to": [6.04649, 12.22212, 11.48134],
			"faces": {
				"north": {"uv": [3, 6, 4, 7], "texture": "#0"},
				"east": {"uv": [3, 6, 4, 7], "texture": "#0"},
				"south": {"uv": [3, 6, 4, 7], "texture": "#0"},
				"west": {"uv": [0, 9, 8, 16], "texture": "#0"},
				"up": {"uv": [9, 1, 9.75, 5], "texture": "#0"},
				"down": {"uv": [9, 1, 9.75, 5], "texture": "#0"}
			}
		},
		{
			"from": [9.3978, 4.55007, 13.70633],
			"to": [9.96359, 5.19507, 14.76247],
			"rotation": {"angle": 45, "axis": "y", "origin": [1.85388, 8.63507, 10.99051]},
			"faces": {
				"north": {"uv": [9, 1, 15, 7], "texture": "#0"},
				"east": {"uv": [9, 1, 15, 7], "texture": "#0"},
				"south": {"uv": [9, 1, 15, 7], "texture": "#0"},
				"west": {"uv": [9, 1, 15, 7], "texture": "#0"},
				"up": {"uv": [9, 1, 15, 7], "texture": "#0"},
				"down": {"uv": [9, 1, 15, 7], "texture": "#0"}
			}
		},
		{
			"from": [9.50881, 4.55004, 7.93074],
			"to": [10.2632, 5.19504, 10.94831],
			"faces": {
				"north": {"uv": [9, 1, 15, 7], "texture": "#0"},
				"east": {"uv": [9, 1, 15, 7], "texture": "#0"},
				"south": {"uv": [9, 1, 15, 7], "texture": "#0"},
				"west": {"uv": [9, 1, 15, 7], "texture": "#0"},
				"up": {"uv": [9, 1, 15, 7], "texture": "#0"},
				"down": {"uv": [9, 1, 15, 7], "texture": "#0"}
			}
		},
		{
			"from": [9.39796, 4.54996, 4.11671],
			"to": [9.96376, 5.19496, 5.17286],
			"rotation": {"angle": -45, "axis": "y", "origin": [1.85404, 8.63496, 7.88867]},
			"faces": {
				"north": {"uv": [9, 1, 15, 7], "texture": "#0"},
				"east": {"uv": [9, 1, 15, 7], "texture": "#0"},
				"south": {"uv": [9, 1, 15, 7], "texture": "#0"},
				"west": {"uv": [9, 1, 15, 7], "texture": "#0"},
				"up": {"uv": [9, 1, 15, 7], "texture": "#0"},
				"down": {"uv": [9, 1, 15, 7], "texture": "#0"}
			}
		},
		{
			"from": [6.49129, 4.54997, 10.94833],
			"to": [9.50885, 5.19497, 11.70272],
			"faces": {
				"north": {"uv": [9, 1, 15, 7], "texture": "#0"},
				"east": {"uv": [9, 1, 15, 7], "texture": "#0"},
				"south": {"uv": [9, 1, 15, 7], "texture": "#0"},
				"west": {"uv": [9, 1, 15, 7], "texture": "#0"},
				"up": {"uv": [9, 1, 15, 7], "texture": "#0"},
				"down": {"uv": [9, 1, 15, 7], "texture": "#0"}
			}
		},
		{
			"from": [12.27299, 4.55032, 10.84401],
			"to": [13.32914, 5.19532, 11.4098],
			"rotation": {"angle": -45, "axis": "y", "origin": [9.55718, 8.63532, 3.30009]},
			"faces": {
				"north": {"uv": [9, 1, 15, 7], "texture": "#0"},
				"east": {"uv": [9, 1, 15, 7], "texture": "#0"},
				"south": {"uv": [9, 1, 15, 7], "texture": "#0"},
				"west": {"uv": [9, 1, 15, 7], "texture": "#0"},
				"up": {"uv": [9, 1, 15, 7], "texture": "#0"},
				"down": {"uv": [9, 1, 15, 7], "texture": "#0"}
			}
		},
		{
			"from": [5.73682, 4.55, 7.9308],
			"to": [6.49122, 5.195, 10.94837],
			"faces": {
				"north": {"uv": [9, 1, 15, 7], "texture": "#0"},
				"east": {"uv": [9, 1, 15, 7], "texture": "#0"},
				"south": {"uv": [9, 1, 15, 7], "texture": "#0"},
				"west": {"uv": [9, 1, 15, 7], "texture": "#0"},
				"up": {"uv": [9, 1, 15, 7], "texture": "#0"},
				"down": {"uv": [9, 1, 15, 7], "texture": "#0"}
			}
		},
		{
			"from": [12.27283, 4.55044, 7.46938],
			"to": [13.32898, 5.19544, 8.03518],
			"rotation": {"angle": 45, "axis": "y", "origin": [9.55702, 8.63544, 15.5791]},
			"faces": {
				"north": {"uv": [9, 1, 15, 7], "texture": "#0"},
				"east": {"uv": [9, 1, 15, 7], "texture": "#0"},
				"south": {"uv": [9, 1, 15, 7], "texture": "#0"},
				"west": {"uv": [9, 1, 15, 7], "texture": "#0"},
				"up": {"uv": [9, 1, 15, 7], "texture": "#0"},
				"down": {"uv": [9, 1, 15, 7], "texture": "#0"}
			}
		},
		{
			"from": [6.49115, 4.55003, 7.17645],
			"to": [9.50872, 5.19503, 7.93085],
			"faces": {
				"north": {"uv": [9, 1, 15, 7], "texture": "#0"},
				"east": {"uv": [9, 1, 15, 7], "texture": "#0"},
				"south": {"uv": [9, 1, 15, 7], "texture": "#0"},
				"west": {"uv": [9, 1, 15, 7], "texture": "#0"},
				"up": {"uv": [9, 1, 15, 7], "texture": "#0"},
				"down": {"uv": [9, 1, 15, 7], "texture": "#0"}
			}
		},
		{
			"from": [6.49122, 4.55, 7.9308],
			"to": [9.50878, 5.195, 10.94837],
			"faces": {
				"north": {"uv": [9, 1, 15, 7], "texture": "#0"},
				"east": {"uv": [9, 1, 15, 7], "texture": "#0"},
				"south": {"uv": [9, 1, 15, 7], "texture": "#0"},
				"west": {"uv": [9, 1, 15, 7], "texture": "#0"},
				"up": {"uv": [9, 1, 15, 7], "texture": "#0"},
				"down": {"uv": [9, 1, 15, 7], "texture": "#0"}
			}
		},
		{
			"from": [8.68041, 3.85007, 11.3627],
			"to": [8.94067, 4.54507, 11.84853],
			"rotation": {"angle": 45, "axis": "y", "origin": [5.2102, 7.73507, 10.11343]},
			"faces": {
				"north": {"uv": [0, 0, 0.75, 0.75], "texture": "#2"},
				"east": {"uv": [0, 0, 1.4, 0.75], "texture": "#2"},
				"south": {"uv": [0, 0, 0.75, 0.75], "texture": "#2"},
				"west": {"uv": [0, 0, 1.4, 0.75], "texture": "#2"},
				"up": {"uv": [0, 0, 0.75, 1.4], "rotation": 180, "texture": "#2"},
				"down": {"uv": [0, 0, 0.75, 1.4], "rotation": 180, "texture": "#2"}
			}
		},
		{
			"from": [8.73147, 3.85004, 8.70593],
			"to": [9.07849, 4.54504, 10.09402],
			"faces": {
				"north": {"uv": [0, 0, 1, 0.75], "texture": "#2"},
				"east": {"uv": [0, 0, 4, 0.75], "texture": "#2"},
				"south": {"uv": [0, 0, 1, 0.75], "texture": "#2"},
				"west": {"uv": [0, 0, 4, 0.75], "texture": "#2"},
				"up": {"uv": [0, 0, 1, 4], "rotation": 180, "texture": "#2"},
				"down": {"uv": [0, 0, 1, 4], "rotation": 180, "texture": "#2"}
			}
		},
		{
			"from": [8.68048, 3.84996, 6.95148],
			"to": [8.94075, 4.54496, 7.43731],
			"rotation": {"angle": -45, "axis": "y", "origin": [5.21028, 7.73496, 8.68658]},
			"faces": {
				"north": {"uv": [0.75, 0, 1.5, 0.75], "texture": "#2"},
				"east": {"uv": [1.4, 0, 2.8, 0.75], "texture": "#2"},
				"south": {"uv": [0.75, 0, 1.5, 0.75], "texture": "#2"},
				"west": {"uv": [1.4, 0, 2.8, 0.75], "texture": "#2"},
				"up": {"uv": [0, 1.4, 0.75, 2.8], "rotation": 180, "texture": "#2"},
				"down": {"uv": [0, 1.4, 0.75, 2.8], "rotation": 180, "texture": "#2"}
			}
		},
		{
			"from": [7.34341, 3.84997, 10.09402],
			"to": [8.73149, 4.54497, 10.44104],
			"faces": {
				"north": {"uv": [0, 0, 4, 0.75], "texture": "#2"},
				"east": {"uv": [0, 0, 1, 0.75], "texture": "#2"},
				"south": {"uv": [0, 0, 4, 0.75], "texture": "#2"},
				"west": {"uv": [0, 0, 1, 0.75], "texture": "#2"},
				"up": {"uv": [0, 0, 1, 4], "rotation": 270, "texture": "#2"},
				"down": {"uv": [0, 0, 1, 4], "rotation": 90, "texture": "#2"}
			}
		},
		{
			"from": [10.00299, 3.85032, 10.04604],
			"to": [10.48882, 4.54532, 10.3063],
			"rotation": {"angle": -45, "axis": "y", "origin": [8.75372, 7.73532, 6.57583]},
			"faces": {
				"north": {"uv": [1.4, 0, 2.8, 0.75], "texture": "#2"},
				"east": {"uv": [0.75, 0, 1.5, 0.75], "texture": "#2"},
				"south": {"uv": [1.4, 0, 2.8, 0.75], "texture": "#2"},
				"west": {"uv": [0.75, 0, 1.5, 0.75], "texture": "#2"},
				"up": {"uv": [0.75, 0, 1.5, 1.4], "rotation": 90, "texture": "#2"},
				"down": {"uv": [0.75, 0, 1.5, 1.4], "rotation": 270, "texture": "#2"}
			}
		},
		{
			"from": [6.99636, 3.85, 8.70596],
			"to": [7.34338, 4.545, 10.09404],
			"faces": {
				"north": {"uv": [0, 0, 1, 0.75], "texture": "#2"},
				"east": {"uv": [0, 0, 4, 0.75], "texture": "#2"},
				"south": {"uv": [0, 0, 1, 0.75], "texture": "#2"},
				"west": {"uv": [0, 0, 4, 0.75], "texture": "#2"},
				"up": {"uv": [0, 0, 1, 4], "texture": "#2"},
				"down": {"uv": [0, 0, 1, 4], "texture": "#2"}
			}
		},
		{
			"from": [10.00292, 3.85044, 8.49371],
			"to": [10.48875, 4.54544, 8.75397],
			"rotation": {"angle": 45, "axis": "y", "origin": [8.75365, 7.73544, 12.22418]},
			"faces": {
				"north": {"uv": [0, 0, 1.4, 0.75], "texture": "#2"},
				"east": {"uv": [0, 0, 0.75, 0.75], "texture": "#2"},
				"south": {"uv": [0, 0, 1.4, 0.75], "texture": "#2"},
				"west": {"uv": [0, 0, 0.75, 0.75], "texture": "#2"},
				"up": {"uv": [0, 0, 0.75, 1.4], "rotation": 90, "texture": "#2"},
				"down": {"uv": [0, 0, 0.75, 1.4], "rotation": 270, "texture": "#2"}
			}
		},
		{
			"from": [7.34335, 3.85003, 8.35896],
			"to": [8.73143, 4.54503, 8.70598],
			"faces": {
				"north": {"uv": [0, 0, 4, 0.75], "texture": "#2"},
				"east": {"uv": [0, 0, 1, 0.75], "texture": "#2"},
				"south": {"uv": [0, 0, 4, 0.75], "texture": "#2"},
				"west": {"uv": [0, 0, 1, 0.75], "texture": "#2"},
				"up": {"uv": [0, 0, 1, 4], "rotation": 90, "texture": "#2"},
				"down": {"uv": [0, 0, 1, 4], "rotation": 270, "texture": "#2"}
			}
		},
		{
			"from": [7.34338, 3.85, 8.70596],
			"to": [8.73146, 4.545, 10.09404],
			"faces": {
				"north": {"uv": [0, 0, 4, 0.75], "texture": "#2"},
				"east": {"uv": [0, 0, 4, 0.75], "texture": "#2"},
				"south": {"uv": [0, 0, 4, 0.75], "texture": "#2"},
				"west": {"uv": [0, 0, 4, 0.75], "texture": "#2"},
				"up": {"uv": [0, 0, 4, 4], "texture": "#2"},
				"down": {"uv": [0, 0, 4, 4], "texture": "#2"}
			}
		},
		{
			"from": [9.06904, 2.95007, 12.50107],
			"to": [9.48026, 3.84507, 13.26868],
			"rotation": {"angle": 45, "axis": "y", "origin": [3.58612, 7.03507, 10.52722]},
			"faces": {
				"north": {"uv": [0, 0, 0.75, 0.75], "texture": "#2"},
				"east": {"uv": [0, 0, 1.4, 0.75], "texture": "#2"},
				"south": {"uv": [0, 0, 0.75, 0.75], "texture": "#2"},
				"west": {"uv": [0, 0, 1.4, 0.75], "texture": "#2"},
				"up": {"uv": [0, 0, 0.75, 1.4], "rotation": 180, "texture": "#2"},
				"down": {"uv": [0, 0, 0.75, 1.4], "rotation": 180, "texture": "#2"}
			}
		},
		{
			"from": [9.14972, 2.95004, 8.30338],
			"to": [9.69801, 3.84504, 10.49654],
			"faces": {
				"north": {"uv": [0, 0, 1, 0.75], "texture": "#2"},
				"east": {"uv": [0, 0, 4, 0.75], "texture": "#2"},
				"south": {"uv": [0, 0, 1, 0.75], "texture": "#2"},
				"west": {"uv": [0, 0, 4, 0.75], "texture": "#2"},
				"up": {"uv": [0, 0, 1, 4], "rotation": 180, "texture": "#2"},
				"down": {"uv": [0, 0, 1, 4], "rotation": 180, "texture": "#2"}
			}
		},
		{
			"from": [9.06916, 2.94996, 5.53134],
			"to": [9.48038, 3.84496, 6.29895],
			"rotation": {"angle": -45, "axis": "y", "origin": [3.58624, 7.03496, 8.2728]},
			"faces": {
				"north": {"uv": [0.75, 0, 1.5, 0.75], "texture": "#2"},
				"east": {"uv": [1.4, 0, 2.8, 0.75], "texture": "#2"},
				"south": {"uv": [0.75, 0, 1.5, 0.75], "texture": "#2"},
				"west": {"uv": [1.4, 0, 2.8, 0.75], "texture": "#2"},
				"up": {"uv": [0, 1.4, 0.75, 2.8], "rotation": 180, "texture": "#2"},
				"down": {"uv": [0, 1.4, 0.75, 2.8], "rotation": 180, "texture": "#2"}
			}
		},
		{
			"from": [6.95659, 2.94997, 10.49656],
			"to": [9.14976, 3.84497, 11.04485],
			"faces": {
				"north": {"uv": [0, 0, 4, 0.75], "texture": "#2"},
				"east": {"uv": [0, 0, 1, 0.75], "texture": "#2"},
				"south": {"uv": [0, 0, 4, 0.75], "texture": "#2"},
				"west": {"uv": [0, 0, 1, 0.75], "texture": "#2"},
				"up": {"uv": [0, 0, 1, 4], "rotation": 270, "texture": "#2"},
				"down": {"uv": [0, 0, 1, 4], "rotation": 90, "texture": "#2"}
			}
		},
		{
			"from": [11.15873, 2.95032, 10.42074],
			"to": [11.92634, 3.84532, 10.83195],
			"rotation": {"angle": -45, "axis": "y", "origin": [9.18488, 7.03532, 4.93781]},
			"faces": {
				"north": {"uv": [1.4, 0, 2.8, 0.75], "texture": "#2"},
				"east": {"uv": [0.75, 0, 1.5, 0.75], "texture": "#2"},
				"south": {"uv": [1.4, 0, 2.8, 0.75], "texture": "#2"},
				"west": {"uv": [0.75, 0, 1.5, 0.75], "texture": "#2"},
				"up": {"uv": [0.75, 0, 1.5, 1.4], "rotation": 90, "texture": "#2"},
				"down": {"uv": [0.75, 0, 1.5, 1.4], "rotation": 270, "texture": "#2"}
			}
		},
		{
			"from": [6.40825, 2.95, 8.30342],
			"to": [6.95654, 3.845, 10.49659],
			"faces": {
				"north": {"uv": [0, 0, 1, 0.75], "texture": "#2"},
				"east": {"uv": [0, 0, 4, 0.75], "texture": "#2"},
				"south": {"uv": [0, 0, 1, 0.75], "texture": "#2"},
				"west": {"uv": [0, 0, 4, 0.75], "texture": "#2"},
				"up": {"uv": [0, 0, 1, 4], "texture": "#2"},
				"down": {"uv": [0, 0, 1, 4], "texture": "#2"}
			}
		},
		{
			"from": [11.15861, 2.95044, 7.96806],
			"to": [11.92622, 3.84544, 8.37928],
			"rotation": {"angle": 45, "axis": "y", "origin": [9.18476, 7.03544, 13.8622]},
			"faces": {
				"north": {"uv": [0, 0, 1.4, 0.75], "texture": "#2"},
				"east": {"uv": [0, 0, 0.75, 0.75], "texture": "#2"},
				"south": {"uv": [0, 0, 1.4, 0.75], "texture": "#2"},
				"west": {"uv": [0, 0, 0.75, 0.75], "texture": "#2"},
				"up": {"uv": [0, 0, 0.75, 1.4], "rotation": 90, "texture": "#2"},
				"down": {"uv": [0, 0, 0.75, 1.4], "rotation": 270, "texture": "#2"}
			}
		},
		{
			"from": [6.95649, 2.95003, 7.75516],
			"to": [9.14966, 3.84503, 8.30345],
			"faces": {
				"north": {"uv": [0, 0, 4, 0.75], "texture": "#2"},
				"east": {"uv": [0, 0, 1, 0.75], "texture": "#2"},
				"south": {"uv": [0, 0, 4, 0.75], "texture": "#2"},
				"west": {"uv": [0, 0, 1, 0.75], "texture": "#2"},
				"up": {"uv": [0, 0, 1, 4], "rotation": 90, "texture": "#2"},
				"down": {"uv": [0, 0, 1, 4], "rotation": 270, "texture": "#2"}
			}
		},
		{
			"from": [6.95654, 2.95, 8.30342],
			"to": [9.14971, 3.845, 10.49659],
			"faces": {
				"north": {"uv": [0, 0, 4, 0.75], "texture": "#2"},
				"east": {"uv": [0, 0, 4, 0.75], "texture": "#2"},
				"south": {"uv": [0, 0, 4, 0.75], "texture": "#2"},
				"west": {"uv": [0, 0, 4, 0.75], "texture": "#2"},
				"up": {"uv": [0, 0, 4, 4], "texture": "#2"},
				"down": {"uv": [0, 0, 4, 4], "texture": "#2"}
			}
		},
		{
			"from": [9.85288, 12.25009, 15.15586],
			"to": [10.60288, 13.00009, 16.55586],
			"rotation": {"angle": 45, "axis": "y", "origin": [-0.14712, 17.00009, 11.55586]},
			"faces": {
				"north": {"uv": [0, 0, 0.75, 0.75], "texture": "#1"},
				"east": {"uv": [0, 0, 1.4, 0.75], "texture": "#1"},
				"south": {"uv": [0, 0, 0.75, 0.75], "texture": "#1"},
				"west": {"uv": [0, 0, 1.4, 0.75], "texture": "#1"},
				"up": {"uv": [0, 0, 0.75, 1.4], "rotation": 180, "texture": "#1"},
				"down": {"uv": [0, 0, 0.75, 1.4], "rotation": 180, "texture": "#1"}
			}
		},
		{
			"from": [10.00003, 12.25005, 7.49992],
			"to": [11.00003, 13.00005, 11.49992],
			"faces": {
				"north": {"uv": [0, 0, 1, 0.75], "texture": "#1"},
				"east": {"uv": [0, 0, 4, 0.75], "texture": "#1"},
				"south": {"uv": [0, 0, 1, 0.75], "texture": "#1"},
				"west": {"uv": [0, 0, 4, 0.75], "texture": "#1"},
				"up": {"uv": [0, 0, 1, 4], "rotation": 180, "texture": "#1"},
				"down": {"uv": [0, 0, 1, 4], "rotation": 180, "texture": "#1"}
			}
		},
		{
			"from": [9.8531, 12.24995, 2.44415],
			"to": [10.6031, 12.99995, 3.84415],
			"rotation": {"angle": -45, "axis": "y", "origin": [-0.1469, 16.99995, 7.44415]},
			"faces": {
				"north": {"uv": [0.75, 0, 0, 0.75], "texture": "#1"},
				"east": {"uv": [1.4, 0, 0, 0.75], "texture": "#1"},
				"south": {"uv": [0.75, 0, 0, 0.75], "texture": "#1"},
				"west": {"uv": [1.4, 0, 0, 0.75], "texture": "#1"},
				"up": {"uv": [0, 1.4, 0.75, 0], "rotation": 180, "texture": "#1"},
				"down": {"uv": [0, 1.4, 0.75, 0], "rotation": 180, "texture": "#1"}
			}
		},
		{
			"from": [6.00009, 12.24996, 11.49994],
			"to": [10.00009, 12.99996, 12.49994],
			"faces": {
				"north": {"uv": [0, 0, 4, 0.75], "texture": "#1"},
				"east": {"uv": [0, 0, 1, 0.75], "texture": "#1"},
				"south": {"uv": [0, 0, 4, 0.75], "texture": "#1"},
				"west": {"uv": [0, 0, 1, 0.75], "texture": "#1"},
				"up": {"uv": [0, 0, 1, 4], "rotation": 270, "texture": "#1"},
				"down": {"uv": [0, 0, 1, 4], "rotation": 90, "texture": "#1"}
			}
		},
		{
			"from": [13.66415, 12.25037, 11.36166],
			"to": [15.06415, 13.00037, 12.11166],
			"rotation": {"angle": -45, "axis": "y", "origin": [10.06415, 17.00037, 1.36166]},
			"faces": {
				"north": {"uv": [1.4, 0, 0, 0.75], "texture": "#1"},
				"east": {"uv": [0.75, 0, 0, 0.75], "texture": "#1"},
				"south": {"uv": [1.4, 0, 0, 0.75], "texture": "#1"},
				"west": {"uv": [0.75, 0, 0, 0.75], "texture": "#1"},
				"up": {"uv": [0.75, 0, 0, 1.4], "rotation": 90, "texture": "#1"},
				"down": {"uv": [0.75, 0, 0, 1.4], "rotation": 270, "texture": "#1"}
			}
		},
		{
			"from": [5, 12.25, 7.5],
			"to": [6, 13, 11.5],
			"faces": {
				"north": {"uv": [0, 0, 1, 0.75], "texture": "#1"},
				"east": {"uv": [0, 0, 4, 0.75], "texture": "#1"},
				"south": {"uv": [0, 0, 1, 0.75], "texture": "#1"},
				"west": {"uv": [0, 0, 4, 0.75], "texture": "#1"},
				"up": {"uv": [0, 0, 1, 4], "texture": "#1"},
				"down": {"uv": [0, 0, 1, 4], "texture": "#1"}
			}
		},
		{
			"from": [13.66394, 12.25051, 6.88835],
			"to": [15.06394, 13.00051, 7.63835],
			"rotation": {"angle": 45, "axis": "y", "origin": [10.06394, 17.00051, 17.63835]},
			"faces": {
				"north": {"uv": [0, 0, 1.4, 0.75], "texture": "#1"},
				"east": {"uv": [0, 0, 0.75, 0.75], "texture": "#1"},
				"south": {"uv": [0, 0, 1.4, 0.75], "texture": "#1"},
				"west": {"uv": [0, 0, 0.75, 0.75], "texture": "#1"},
				"up": {"uv": [0, 0, 0.75, 1.4], "rotation": 90, "texture": "#1"},
				"down": {"uv": [0, 0, 0.75, 1.4], "rotation": 270, "texture": "#1"}
			}
		},
		{
			"from": [5.99991, 12.25004, 6.50006],
			"to": [9.99991, 13.00004, 7.50006],
			"faces": {
				"north": {"uv": [0, 0, 4, 0.75], "texture": "#1"},
				"east": {"uv": [0, 0, 1, 0.75], "texture": "#1"},
				"south": {"uv": [0, 0, 4, 0.75], "texture": "#1"},
				"west": {"uv": [0, 0, 1, 0.75], "texture": "#1"},
				"up": {"uv": [0, 0, 1, 4], "rotation": 90, "texture": "#1"},
				"down": {"uv": [0, 0, 1, 4], "rotation": 270, "texture": "#1"}
			}
		},
		{
			"from": [6, 12.25, 7.5],
			"to": [10, 13, 11.5],
			"faces": {
				"north": {"uv": [0, 0, 4, 0.75], "texture": "#1"},
				"east": {"uv": [0, 0, 4, 0.75], "texture": "#1"},
				"south": {"uv": [0, 0, 4, 0.75], "texture": "#1"},
				"west": {"uv": [0, 0, 4, 0.75], "texture": "#1"},
				"up": {"uv": [0, 0, 4, 4], "texture": "#1"},
				"down": {"uv": [0, 0, 4, 4], "texture": "#1"}
			}
		},
		{
			"from": [9.59348, 12.95007, 14.15404],
			"to": [10.23848, 13.59507, 15.35804],
			"rotation": {"angle": 45, "axis": "y", "origin": [0.99348, 17.03507, 11.05804]},
			"faces": {
				"north": {"uv": [0, 0, 0.75, 0.75], "texture": "#1"},
				"east": {"uv": [0, 0, 1.4, 0.75], "texture": "#1"},
				"south": {"uv": [0, 0, 0.75, 0.75], "texture": "#1"},
				"west": {"uv": [0, 0, 1.4, 0.75], "texture": "#1"},
				"up": {"uv": [0, 0, 0.75, 1.4], "rotation": 180, "texture": "#1"},
				"down": {"uv": [0, 0, 0.75, 1.4], "rotation": 180, "texture": "#1"}
			}
		},
		{
			"from": [9.72003, 12.95004, 7.56993],
			"to": [10.58003, 13.59504, 11.00993],
			"faces": {
				"north": {"uv": [0, 0, 1, 0.75], "texture": "#1"},
				"east": {"uv": [0, 0, 4, 0.75], "texture": "#1"},
				"south": {"uv": [0, 0, 1, 0.75], "texture": "#1"},
				"west": {"uv": [0, 0, 4, 0.75], "texture": "#1"},
				"up": {"uv": [0, 0, 1, 4], "rotation": 180, "texture": "#1"},
				"down": {"uv": [0, 0, 1, 4], "rotation": 180, "texture": "#1"}
			}
		},
		{
			"from": [9.59367, 12.94996, 3.22197],
			"to": [10.23867, 13.59496, 4.42597],
			"rotation": {"angle": -45, "axis": "y", "origin": [0.99367, 17.03496, 7.52197]},
			"faces": {
				"north": {"uv": [0.75, 0, 1.5, 0.75], "texture": "#1"},
				"east": {"uv": [1.4, 0, 2.8, 0.75], "texture": "#1"},
				"south": {"uv": [0.75, 0, 1.5, 0.75], "texture": "#1"},
				"west": {"uv": [1.4, 0, 2.8, 0.75], "texture": "#1"},
				"up": {"uv": [0, 1.4, 0.75, 2.8], "rotation": 180, "texture": "#1"},
				"down": {"uv": [0, 1.4, 0.75, 2.8], "rotation": 180, "texture": "#1"}
			}
		},
		{
			"from": [6.28008, 12.94997, 11.00995],
			"to": [9.72008, 13.59497, 11.86995],
			"faces": {
				"north": {"uv": [0, 0, 4, 0.75], "texture": "#1"},
				"east": {"uv": [0, 0, 1, 0.75], "texture": "#1"},
				"south": {"uv": [0, 0, 4, 0.75], "texture": "#1"},
				"west": {"uv": [0, 0, 1, 0.75], "texture": "#1"},
				"up": {"uv": [0, 0, 1, 4], "rotation": 270, "texture": "#1"},
				"down": {"uv": [0, 0, 1, 4], "rotation": 90, "texture": "#1"}
			}
		},
		{
			"from": [12.87117, 12.95032, 10.89103],
			"to": [14.07517, 13.59532, 11.53603],
			"rotation": {"angle": -45, "axis": "y", "origin": [9.77517, 17.03532, 2.29103]},
			"faces": {
				"north": {"uv": [1.4, 0, 2.8, 0.75], "texture": "#1"},
				"east": {"uv": [0.75, 0, 1.5, 0.75], "texture": "#1"},
				"south": {"uv": [1.4, 0, 2.8, 0.75], "texture": "#1"},
				"west": {"uv": [0.75, 0, 1.5, 0.75], "texture": "#1"},
				"up": {"uv": [0.75, 0, 1.5, 1.4], "rotation": 90, "texture": "#1"},
				"down": {"uv": [0.75, 0, 1.5, 1.4], "rotation": 270, "texture": "#1"}
			}
		},
		{
			"from": [5.42, 12.95, 7.57],
			"to": [6.28, 13.595, 11.01],
			"faces": {
				"north": {"uv": [0, 0, 1, 0.75], "texture": "#1"},
				"east": {"uv": [0, 0, 4, 0.75], "texture": "#1"},
				"south": {"uv": [0, 0, 1, 0.75], "texture": "#1"},
				"west": {"uv": [0, 0, 4, 0.75], "texture": "#1"},
				"up": {"uv": [0, 0, 1, 4], "texture": "#1"},
				"down": {"uv": [0, 0, 1, 4], "texture": "#1"}
			}
		},
		{
			"from": [12.87098, 12.95044, 7.04398],
			"to": [14.07498, 13.59544, 7.68898],
			"rotation": {"angle": 45, "axis": "y", "origin": [9.77498, 17.03544, 16.28898]},
			"faces": {
				"north": {"uv": [0, 0, 1.4, 0.75], "texture": "#1"},
				"east": {"uv": [0, 0, 0.75, 0.75], "texture": "#1"},
				"south": {"uv": [0, 0, 1.4, 0.75], "texture": "#1"},
				"west": {"uv": [0, 0, 0.75, 0.75], "texture": "#1"},
				"up": {"uv": [0, 0, 0.75, 1.4], "rotation": 90, "texture": "#1"},
				"down": {"uv": [0, 0, 0.75, 1.4], "rotation": 270, "texture": "#1"}
			}
		},
		{
			"from": [6.27992, 12.95003, 6.71005],
			"to": [9.71992, 13.59503, 7.57005],
			"faces": {
				"north": {"uv": [0, 0, 4, 0.75], "texture": "#1"},
				"east": {"uv": [0, 0, 1, 0.75], "texture": "#1"},
				"south": {"uv": [0, 0, 4, 0.75], "texture": "#1"},
				"west": {"uv": [0, 0, 1, 0.75], "texture": "#1"},
				"up": {"uv": [0, 0, 1, 4], "rotation": 90, "texture": "#1"},
				"down": {"uv": [0, 0, 1, 4], "rotation": 270, "texture": "#1"}
			}
		},
		{
			"from": [6.28, 12.95, 7.57],
			"to": [9.72, 13.595, 11.01],
			"faces": {
				"north": {"uv": [0, 0, 4, 0.75], "texture": "#1"},
				"east": {"uv": [0, 0, 4, 0.75], "texture": "#1"},
				"south": {"uv": [0, 0, 4, 0.75], "texture": "#1"},
				"west": {"uv": [0, 0, 4, 0.75], "texture": "#1"},
				"up": {"uv": [0, 0, 4, 4], "texture": "#1"},
				"down": {"uv": [0, 0, 4, 4], "texture": "#1"}
			}
		},
		{
			"from": [5.25209, 2.50363, 4.03941],
			"to": [5.75209, 2.75363, 5.03941],
			"rotation": {"angle": -45, "axis": "x", "origin": [5.00209, 3.00363, 5.28941]},
			"faces": {
				"north": {"uv": [0, 0, 0.5, 0.25], "rotation": 180, "texture": "#3"},
				"east": {"uv": [0, 0, 0.25, 1], "rotation": 270, "texture": "#3"},
				"south": {"uv": [0, 0, 0.5, 0.25], "texture": "#3"},
				"west": {"uv": [0, 0, 0.25, 1], "rotation": 90, "texture": "#3"},
				"up": {"uv": [0, 0, 0.5, 1], "rotation": 180, "texture": "#3"},
				"down": {"uv": [0, 0, 0.5, 1], "texture": "#3"}
			}
		},
		{
			"from": [6.25209, 2.50363, 4.03941],
			"to": [6.75209, 2.75363, 5.03941],
			"rotation": {"angle": -45, "axis": "x", "origin": [5.00209, 3.00363, 5.28941]},
			"faces": {
				"north": {"uv": [0, 0, 0.5, 0.25], "rotation": 180, "texture": "#3"},
				"east": {"uv": [0, 0, 0.25, 1], "rotation": 270, "texture": "#3"},
				"south": {"uv": [0, 0, 0.5, 0.25], "texture": "#3"},
				"west": {"uv": [0, 0, 0.25, 1], "rotation": 90, "texture": "#3"},
				"up": {"uv": [0, 0, 0.5, 1], "rotation": 180, "texture": "#3"},
				"down": {"uv": [0, 0, 0.5, 1], "texture": "#3"}
			}
		},
		{
			"from": [10.25209, 2.50363, 4.03941],
			"to": [10.75209, 2.75363, 5.03941],
			"rotation": {"angle": -45, "axis": "x", "origin": [5.00209, 3.00363, 5.28941]},
			"faces": {
				"north": {"uv": [0, 0, 0.5, 0.25], "rotation": 180, "texture": "#3"},
				"east": {"uv": [0, 0, 0.25, 1], "rotation": 270, "texture": "#3"},
				"south": {"uv": [0, 0, 0.5, 0.25], "texture": "#3"},
				"west": {"uv": [0, 0, 0.25, 1], "rotation": 90, "texture": "#3"},
				"up": {"uv": [0, 0, 0.5, 1], "rotation": 180, "texture": "#3"},
				"down": {"uv": [0, 0, 0.5, 1], "texture": "#3"}
			}
		},
		{
			"from": [9.25209, 2.50363, 4.03941],
			"to": [9.75209, 2.75363, 5.03941],
			"rotation": {"angle": -45, "axis": "x", "origin": [5.00209, 3.00363, 5.28941]},
			"faces": {
				"north": {"uv": [0, 0, 0.5, 0.25], "rotation": 180, "texture": "#3"},
				"east": {"uv": [0, 0, 0.25, 1], "rotation": 270, "texture": "#3"},
				"south": {"uv": [0, 0, 0.5, 0.25], "texture": "#3"},
				"west": {"uv": [0, 0, 0.25, 1], "rotation": 90, "texture": "#3"},
				"up": {"uv": [0, 0, 0.5, 1], "rotation": 180, "texture": "#3"},
				"down": {"uv": [0, 0, 0.5, 1], "texture": "#3"}
			}
		},
		{
			"from": [7.50209, 2.50363, 4.03941],
			"to": [8.50209, 3.00363, 5.03941],
			"rotation": {"angle": -45, "axis": "x", "origin": [5.00209, 3.00363, 5.28941]},
			"faces": {
				"north": {"uv": [0, 0, 1, 0.5], "rotation": 180, "texture": "#3"},
				"east": {"uv": [0, 0, 0.5, 1], "rotation": 270, "texture": "#3"},
				"south": {"uv": [0, 0, 1, 0.5], "texture": "#3"},
				"west": {"uv": [0, 0, 0.5, 1], "rotation": 90, "texture": "#3"},
				"up": {"uv": [0, 0, 1, 1], "rotation": 180, "texture": "#3"},
				"down": {"uv": [0, 0, 1, 1], "texture": "#3"}
			}
		},
		{
			"from": [7.50209, 2.50363, 5.03941],
			"to": [8.50209, 2.75363, 5.28941],
			"rotation": {"angle": -45, "axis": "x", "origin": [5.00209, 3.00363, 5.28941]},
			"faces": {
				"north": {"uv": [0, 0, 1, 0.25], "rotation": 180, "texture": "#2"},
				"east": {"uv": [0, 0, 0.25, 0.25], "rotation": 270, "texture": "#2"},
				"south": {"uv": [0, 0, 1, 0.25], "texture": "#2"},
				"west": {"uv": [0, 0, 0.25, 0.25], "rotation": 90, "texture": "#2"},
				"up": {"uv": [0, 0, 1, 0.25], "rotation": 180, "texture": "#2"},
				"down": {"uv": [0, 0, 1, 0.25], "texture": "#2"}
			}
		},
		{
			"from": [7.25209, 2.50363, 4.03941],
			"to": [7.50209, 2.75363, 5.03941],
			"rotation": {"angle": -45, "axis": "x", "origin": [5.00209, 3.00363, 5.28941]},
			"faces": {
				"north": {"uv": [0, 0, 0.25, 0.25], "rotation": 180, "texture": "#2"},
				"east": {"uv": [0, 0, 0.25, 1], "rotation": 270, "texture": "#2"},
				"south": {"uv": [0, 0, 0.25, 0.25], "texture": "#2"},
				"west": {"uv": [0, 0, 0.25, 1], "rotation": 90, "texture": "#2"},
				"up": {"uv": [0, 0, 0.25, 1], "rotation": 180, "texture": "#2"},
				"down": {"uv": [0, 0, 0.25, 1], "texture": "#2"}
			}
		},
		{
			"from": [7.50209, 2.50363, 3.78941],
			"to": [8.50209, 2.75363, 4.03941],
			"rotation": {"angle": -45, "axis": "x", "origin": [5.00209, 3.00363, 5.28941]},
			"faces": {
				"north": {"uv": [0, 0, 1, 0.25], "rotation": 180, "texture": "#2"},
				"east": {"uv": [0, 0, 0.25, 0.25], "rotation": 270, "texture": "#2"},
				"south": {"uv": [0, 0, 1, 0.25], "texture": "#2"},
				"west": {"uv": [0, 0, 0.25, 0.25], "rotation": 90, "texture": "#2"},
				"up": {"uv": [0, 0, 1, 0.25], "rotation": 180, "texture": "#2"},
				"down": {"uv": [0, 0, 1, 0.25], "texture": "#2"}
			}
		},
		{
			"from": [8.50209, 2.50363, 4.03941],
			"to": [8.75209, 2.75363, 5.03941],
			"rotation": {"angle": -45, "axis": "x", "origin": [5.00209, 3.00363, 5.28941]},
			"faces": {
				"north": {"uv": [0, 0, 0.25, 0.25], "rotation": 180, "texture": "#2"},
				"east": {"uv": [0, 0, 0.25, 1], "rotation": 270, "texture": "#2"},
				"south": {"uv": [0, 0, 0.25, 0.25], "texture": "#2"},
				"west": {"uv": [0, 0, 0.25, 1], "rotation": 90, "texture": "#2"},
				"up": {"uv": [0, 0, 0.25, 1], "rotation": 180, "texture": "#2"},
				"down": {"uv": [0, 0, 0.25, 1], "texture": "#2"}
			}
		},
		{
			"from": [6, 5.25, 7.25],
			"to": [10, 10.25, 11.5],
			"faces": {
				"north": {"uv": [10, 1, 14, 6], "rotation": 270, "texture": "#4"},
				"east": {"uv": [10, 1, 14, 6], "rotation": 270, "texture": "#4"},
				"south": {"uv": [10, 1, 14, 6], "rotation": 270, "texture": "#4"},
				"west": {"uv": [10, 1, 14, 6], "rotation": 270, "texture": "#4"},
				"up": {"uv": [10, 1, 14, 6], "rotation": 270, "texture": "#4"},
				"down": {"uv": [10, 1, 14, 6], "rotation": 270, "texture": "#4"}
			}
		}
	],
	"display": {
		"thirdperson_righthand": {
			"rotation": [75, 45, 0],
			"translation": [0, 2.5, 0],
			"scale": [0.375, 0.375, 0.375]
		},
		"thirdperson_lefthand": {
			"rotation": [75, 45, 0],
			"translation": [0, 2.5, 0],
			"scale": [0.375, 0.375, 0.375]
		},
		"firstperson_righthand": {
			"rotation": [0, 19, 0],
			"translation": [0, 2.75, 0],
			"scale": [0.4, 0.4, 0.4]
		},
		"firstperson_lefthand": {
			"rotation": [0, 12, 0],
			"translation": [0, 2.75, 0],
			"scale": [0.4, 0.4, 0.4]
		},
		"ground": {
			"translation": [0, 0.25, 0],
			"scale": [0.5, 0.5, 0.5]
		},
		"gui": {
			"rotation": [30, 225, 0],
			"scale": [0.6, 0.6, 0.6]
		},
		"head": {
			"translation": [0, 13.75, 0],
			"scale": [0.8, 0.8, 0.8]
		},
		"fixed": {
			"rotation": [-90, 0, 0],
			"translation": [0, 0, -15],
			"scale": [2, 2, 2]
		}
	},
	"groups": [
		{
			"name": "Blender",
			"children": [
				{
					"name": "Base",
					"children": [0, 1, 2, 3, 4, 5, 6]
				},
				{
					"name": "Handle",
					"children": [7, 8, 9, 10, 11, 12, 13, 14, 15]
				},
				{
					"name": "Top Handle",
					"children": [16, 17, 18, 19, 20, 21, 22, 23, 24]
				},
				{
					"name": "Jar",
					"children": [25, 26, 27, 28, 29, 30, 31, 32,
						{
							"name": "Botttom",
							"children": [33, 34, 35, 36, 37, 38, 39, 40, 41]
						},
						{
							"name": "Botttom2",
							"children": [42, 43, 44, 45, 46, 47, 48, 49, 50]
						},
						{
							"name": "Botttom3",
							"children": [51, 52, 53, 54, 55, 56, 57, 58, 59]
						},
						{
							"name": "Lid",
							"children": [60, 61, 62, 63, 64, 65, 66, 67, 68, 69, 70, 71, 72, 73, 74, 75, 76, 77]
						}
					]
				},
				{
					"name": "Butttons",
					"children": [78, 79, 80, 81, 82, 83, 84, 85, 86]
				}
			]
		}, 87]
}