{
	"credit": "Made with Blockbench",
	"textures": {
		"3": "block/cake_bottom",
		"4": "block/cake_inner",
		"5": "block/cake_side",
		"6": "block/cake_top"
	},
	"elements": [
		{
			"from": [1.3, 0, 1.3],
			"to": [14.7, 5, 5],
			"faces": {
				"north": {"uv": [1.3, 11, 14.7, 16], "texture": "#5"},
				"east": {"uv": [11, 11, 14.7, 16], "texture": "#5"},
				"south": {"uv": [1.3, 11, 14.7, 16], "texture": "#4"},
				"west": {"uv": [1.3, 11, 5, 16], "texture": "#5"},
				"up": {"uv": [1.3, 1.3, 14.7, 5], "texture": "#3"},
				"down": {"uv": [1.3, 11, 14.7, 14.7], "texture": "#3", "cullface": "down"}
			}
		},
		{
			"from": [1, 5, 1],
			"to": [15, 8, 5],
			"faces": {
				"north": {"uv": [1, 8, 15, 11], "texture": "#5"},
				"east": {"uv": [11, 8, 15, 11], "texture": "#5"},
				"south": {"uv": [1, 8, 15, 11], "texture": "#4"},
				"west": {"uv": [1, 8, 5, 11], "texture": "#5"},
				"up": {"uv": [1, 1, 15, 5], "texture": "#6"},
				"down": {"uv": [1, 11, 15, 15], "texture": "#6", "cullface": "down"}
			}
		},
		{
			"from": [1, 4, 1],
			"to": [3, 5, 3],
			"faces": {
				"north": {"uv": [13, 11, 15, 12], "texture": "#5"},
				"east": {"uv": [13, 11, 15, 12], "texture": "#5"},
				"south": {"uv": [1, 11, 3, 12], "texture": "#5"},
				"west": {"uv": [1, 11, 3, 12], "texture": "#5"},
				"up": {"uv": [1, 10, 3, 12], "texture": "#5"},
				"down": {"uv": [1, 13, 3, 15], "texture": "#5", "cullface": "down"}
			}
		},
		{
			"from": [13, 3, 1],
			"to": [15, 5, 3],
			"faces": {
				"north": {"uv": [1, 10, 3, 12], "texture": "#5"},
				"east": {"uv": [13, 10, 15, 12], "texture": "#5"},
				"south": {"uv": [13, 10, 15, 12], "texture": "#5"},
				"west": {"uv": [1, 10, 3, 12], "texture": "#5"},
				"up": {"uv": [13, 10, 15, 12], "texture": "#5"},
				"down": {"uv": [13, 10, 15, 12], "texture": "#5", "cullface": "down"}
			}
		},
		{
			"from": [14, 2, 2],
			"to": [15, 3, 3],
			"faces": {
				"north": {"uv": [1, 11, 2, 12], "texture": "#5"},
				"east": {"uv": [13, 11, 14, 12], "texture": "#5"},
				"south": {"uv": [14, 11, 15, 12], "texture": "#5"},
				"west": {"uv": [2, 11, 3, 12], "texture": "#5"},
				"up": {"uv": [14, 2, 15, 3], "texture": "#5"},
				"down": {"uv": [14, 11, 15, 12], "texture": "#5", "cullface": "down"}
			}
		},
		{
			"from": [9, 4, 1],
			"to": [11, 5, 3],
			"faces": {
				"north": {"uv": [5, 11, 7, 12], "texture": "#5"},
				"east": {"uv": [13, 11, 15, 12], "texture": "#5"},
				"south": {"uv": [9, 11, 11, 12], "texture": "#5"},
				"west": {"uv": [1, 11, 3, 12], "texture": "#5"},
				"up": {"uv": [9, 1, 11, 3], "texture": "#5"},
				"down": {"uv": [9, 10, 11, 12], "texture": "#5", "cullface": "down"}
			}
		},
		{
			"from": [5, 4, 1],
			"to": [7, 5, 3],
			"faces": {
				"north": {"uv": [9, 11, 11, 12], "texture": "#5"},
				"east": {"uv": [13, 11, 15, 12], "texture": "#5"},
				"south": {"uv": [5, 11, 7, 12], "texture": "#5"},
				"west": {"uv": [1, 11, 3, 12], "texture": "#5"},
				"up": {"uv": [5, 1, 7, 3], "texture": "#5"},
				"down": {"uv": [5, 10, 7, 12], "texture": "#5", "cullface": "down"}
			}
		},
		{
			"from": [4, 6.5, 3],
			"to": [6, 8.5, 4.9],
			"faces": {
				"north": {"uv": [4, 3, 6, 5], "texture": "#6"},
				"east": {"uv": [4, 3, 6, 5], "texture": "#6"},
				"south": {"uv": [4, 3, 6, 5], "texture": "#6"},
				"west": {"uv": [4, 3, 6, 5], "texture": "#6"},
				"up": {"uv": [8, 7, 10, 9], "rotation": 270, "texture": "#6"},
				"down": {"uv": [4, 3, 6, 5], "texture": "#6"}
			}
		},
		{
			"from": [11, 6.5, 2],
			"to": [12, 8.5, 3],
			"faces": {
				"north": {"uv": [4, 11, 5, 13], "texture": "#6"},
				"east": {"uv": [4, 11, 5, 13], "texture": "#6"},
				"south": {"uv": [4, 11, 5, 13], "texture": "#6"},
				"west": {"uv": [4, 11, 5, 13], "texture": "#6"},
				"up": {"uv": [4, 11, 5, 12], "texture": "#6"},
				"down": {"uv": [4, 11, 5, 12], "texture": "#6"}
			}
		}
	],
	"display": {
		"ground": {
			"translation": [0, 3, 0]
		},
		"fixed": {
			"translation": [0, 19.25, 0]
		}
	}
}