{
	"credit": "Made with Blockbench",
	"textures": {
		"3": "block/cake_bottom",
		"4": "block/cake_inner",
		"5": "block/cake_side",
		"6": "block/cake_top"
	},
	"elements": [
		{
			"from": [1.3, 0, 1.3],
			"to": [14.7, 5, 11],
			"faces": {
				"north": {"uv": [1.3, 11, 14.7, 16], "texture": "#5"},
				"east": {"uv": [5, 11, 14.7, 16], "texture": "#5"},
				"south": {"uv": [1.3, 11, 14.7, 16], "texture": "#4"},
				"west": {"uv": [1.3, 11, 11, 16], "texture": "#5"},
				"up": {"uv": [1.3, 1.3, 14.7, 11], "texture": "#3"},
				"down": {"uv": [1.3, 5, 14.7, 14.7], "texture": "#3", "cullface": "down"}
			}
		},
		{
			"from": [1, 5, 1],
			"to": [15, 8, 11],
			"faces": {
				"north": {"uv": [1, 8, 15, 11], "texture": "#5"},
				"east": {"uv": [5, 8, 15, 11], "texture": "#5"},
				"south": {"uv": [1, 8, 15, 11], "texture": "#4"},
				"west": {"uv": [1, 8, 11, 11], "texture": "#5"},
				"up": {"uv": [1, 1, 15, 11], "texture": "#6"},
				"down": {"uv": [1, 5, 15, 15], "texture": "#6", "cullface": "down"}
			}
		},
		{
			"from": [1, 4, 1],
			"to": [3, 5, 3],
			"faces": {
				"north": {"uv": [13, 11, 15, 12], "texture": "#5"},
				"east": {"uv": [13, 11, 15, 12], "texture": "#5"},
				"south": {"uv": [1, 11, 3, 12], "texture": "#5"},
				"west": {"uv": [1, 11, 3, 12], "texture": "#5"},
				"up": {"uv": [1, 10, 3, 12], "texture": "#5"},
				"down": {"uv": [1, 13, 3, 15], "texture": "#5", "cullface": "down"}
			}
		},
		{
			"from": [1, 4, 5],
			"to": [3, 5, 7],
			"faces": {
				"north": {"uv": [13, 11, 15, 12], "texture": "#5"},
				"east": {"uv": [9, 11, 11, 12], "texture": "#5"},
				"south": {"uv": [1, 11, 3, 12], "texture": "#5"},
				"west": {"uv": [5, 11, 7, 12], "texture": "#5"},
				"up": {"uv": [1, 5, 3, 7], "texture": "#5"},
				"down": {"uv": [1, 9, 3, 11], "texture": "#5", "cullface": "down"}
			}
		},
		{
			"from": [1, 3, 6],
			"to": [3, 4, 7],
			"faces": {
				"north": {"uv": [13, 11, 15, 12], "texture": "#5"},
				"east": {"uv": [9, 11, 10, 12], "texture": "#5"},
				"south": {"uv": [1, 11, 3, 12], "texture": "#5"},
				"west": {"uv": [6, 11, 7, 12], "texture": "#5"},
				"up": {"uv": [1, 6, 3, 7], "texture": "#5"},
				"down": {"uv": [1, 9, 3, 10], "texture": "#5", "cullface": "down"}
			}
		},
		{
			"from": [1, 2, 9],
			"to": [3, 5, 10.9],
			"faces": {
				"north": {"uv": [13, 9, 15, 12], "texture": "#5"},
				"east": {"uv": [5, 9, 7, 12], "texture": "#5"},
				"south": {"uv": [1, 9, 3, 12], "texture": "#5"},
				"west": {"uv": [9, 9, 11, 12], "texture": "#5"},
				"up": {"uv": [1, 9, 3, 11], "texture": "#5"},
				"down": {"uv": [1, 10, 3, 12], "texture": "#5", "cullface": "down"}
			}
		},
		{
			"from": [13, 4, 9],
			"to": [15, 5, 10.9],
			"faces": {
				"north": {"uv": [1, 11, 3, 12], "texture": "#5"},
				"east": {"uv": [5, 11, 7, 12], "texture": "#5"},
				"south": {"uv": [13, 11, 15, 12], "texture": "#5"},
				"west": {"uv": [9, 11, 11, 12], "texture": "#5"},
				"up": {"uv": [13, 9, 15, 11], "texture": "#5"},
				"down": {"uv": [13, 10, 15, 12], "texture": "#5", "cullface": "down"}
			}
		},
		{
			"from": [13, 3, 1],
			"to": [15, 5, 3],
			"faces": {
				"north": {"uv": [1, 10, 3, 12], "texture": "#5"},
				"east": {"uv": [13, 10, 15, 12], "texture": "#5"},
				"south": {"uv": [13, 10, 15, 12], "texture": "#5"},
				"west": {"uv": [1, 10, 3, 12], "texture": "#5"},
				"up": {"uv": [13, 10, 15, 12], "texture": "#5"},
				"down": {"uv": [13, 10, 15, 12], "texture": "#5", "cullface": "down"}
			}
		},
		{
			"from": [14, 2, 2],
			"to": [15, 3, 3],
			"faces": {
				"north": {"uv": [1, 11, 2, 12], "texture": "#5"},
				"east": {"uv": [13, 11, 14, 12], "texture": "#5"},
				"south": {"uv": [14, 11, 15, 12], "texture": "#5"},
				"west": {"uv": [2, 11, 3, 12], "texture": "#5"},
				"up": {"uv": [14, 2, 15, 3], "texture": "#5"},
				"down": {"uv": [14, 11, 15, 12], "texture": "#5", "cullface": "down"}
			}
		},
		{
			"from": [9, 4, 1],
			"to": [11, 5, 3],
			"faces": {
				"north": {"uv": [5, 11, 7, 12], "texture": "#5"},
				"east": {"uv": [13, 11, 15, 12], "texture": "#5"},
				"south": {"uv": [9, 11, 11, 12], "texture": "#5"},
				"west": {"uv": [1, 11, 3, 12], "texture": "#5"},
				"up": {"uv": [9, 1, 11, 3], "texture": "#5"},
				"down": {"uv": [9, 10, 11, 12], "texture": "#5", "cullface": "down"}
			}
		},
		{
			"from": [5, 4, 1],
			"to": [7, 5, 3],
			"faces": {
				"north": {"uv": [9, 11, 11, 12], "texture": "#5"},
				"east": {"uv": [13, 11, 15, 12], "texture": "#5"},
				"south": {"uv": [5, 11, 7, 12], "texture": "#5"},
				"west": {"uv": [1, 11, 3, 12], "texture": "#5"},
				"up": {"uv": [5, 1, 7, 3], "texture": "#5"},
				"down": {"uv": [5, 10, 7, 12], "texture": "#5", "cullface": "down"}
			}
		},
		{
			"from": [13, 4, 5],
			"to": [15, 5, 7],
			"faces": {
				"north": {"uv": [1, 11, 3, 12], "texture": "#5"},
				"east": {"uv": [9, 11, 11, 12], "texture": "#5"},
				"south": {"uv": [13, 11, 15, 12], "texture": "#5"},
				"west": {"uv": [5, 11, 7, 12], "texture": "#5"},
				"up": {"uv": [13, 5, 15, 7], "texture": "#5"},
				"down": {"uv": [13, 9, 15, 11], "texture": "#5", "cullface": "down"}
			}
		},
		{
			"from": [4, 6.5, 3],
			"to": [6, 8.5, 5],
			"faces": {
				"north": {"uv": [4, 3, 6, 5], "texture": "#6"},
				"east": {"uv": [4, 3, 6, 5], "texture": "#6"},
				"south": {"uv": [4, 3, 6, 5], "texture": "#6"},
				"west": {"uv": [4, 3, 6, 5], "texture": "#6"},
				"up": {"uv": [8, 7, 10, 9], "rotation": 270, "texture": "#6"},
				"down": {"uv": [4, 3, 6, 5], "texture": "#6"}
			}
		},
		{
			"from": [11, 6.5, 2],
			"to": [12, 8.5, 3],
			"faces": {
				"north": {"uv": [4, 11, 5, 13], "texture": "#6"},
				"east": {"uv": [4, 11, 5, 13], "texture": "#6"},
				"south": {"uv": [4, 11, 5, 13], "texture": "#6"},
				"west": {"uv": [4, 11, 5, 13], "texture": "#6"},
				"up": {"uv": [4, 11, 5, 12], "texture": "#6"},
				"down": {"uv": [4, 11, 5, 12], "texture": "#6"}
			}
		},
		{
			"from": [11, 6.2, 5],
			"to": [12, 8.2, 6],
			"faces": {
				"north": {"uv": [9, 7, 10, 9], "texture": "#6"},
				"east": {"uv": [9, 7, 10, 9], "texture": "#6"},
				"south": {"uv": [9, 7, 10, 9], "texture": "#6"},
				"west": {"uv": [9, 7, 10, 9], "texture": "#6"},
				"up": {"uv": [9, 7, 10, 8], "texture": "#6"},
				"down": {"uv": [9, 7, 10, 8], "texture": "#6"}
			}
		},
		{
			"from": [13, 6.8, 9],
			"to": [14, 8.8, 10],
			"faces": {
				"north": {"uv": [5, 3, 6, 5], "texture": "#6"},
				"east": {"uv": [5, 3, 6, 5], "texture": "#6"},
				"south": {"uv": [5, 3, 6, 5], "texture": "#6"},
				"west": {"uv": [5, 3, 6, 5], "texture": "#6"},
				"up": {"uv": [5, 3, 6, 4], "texture": "#6"},
				"down": {"uv": [5, 3, 6, 4], "texture": "#6"}
			}
		},
		{
			"from": [2, 6.7, 7],
			"to": [3, 8.7, 8],
			"faces": {
				"north": {"uv": [9, 7, 10, 9], "texture": "#6"},
				"east": {"uv": [9, 7, 10, 9], "texture": "#6"},
				"south": {"uv": [9, 7, 10, 9], "texture": "#6"},
				"west": {"uv": [9, 7, 10, 9], "texture": "#6"},
				"up": {"uv": [9, 7, 10, 8], "texture": "#6"},
				"down": {"uv": [9, 7, 10, 8], "texture": "#6"}
			}
		},
		{
			"from": [6, 8, 7],
			"to": [10, 9, 9],
			"faces": {
				"north": {"uv": [6, 8, 10, 9], "texture": "#6"},
				"east": {"uv": [7, 9, 9, 10], "texture": "#6"},
				"south": {"uv": [6, 8, 10, 9], "texture": "#6"},
				"west": {"uv": [7, 6, 9, 7], "texture": "#6"},
				"up": {"uv": [6, 7, 10, 9], "texture": "#6"},
				"down": {"uv": [0, 0, 4, 2], "texture": "#6"}
			}
		},
		{
			"from": [7, 8, 9],
			"to": [9, 9, 10],
			"faces": {
				"north": {"uv": [0, 0, 2, 2], "texture": "#6"},
				"east": {"uv": [6, 8, 7, 9], "texture": "#6"},
				"south": {"uv": [7, 9, 9, 10], "texture": "#6"},
				"west": {"uv": [6, 8, 7, 9], "texture": "#6"},
				"up": {"uv": [7, 6, 9, 7], "texture": "#6"},
				"down": {"uv": [0, 0, 2, 1], "texture": "#6"}
			}
		},
		{
			"from": [7, 8, 6],
			"to": [9, 9, 7],
			"faces": {
				"north": {"uv": [7, 9, 9, 10], "texture": "#6"},
				"east": {"uv": [6, 7, 7, 8], "texture": "#6"},
				"south": {"uv": [0, 0, 2, 2], "texture": "#6"},
				"west": {"uv": [6, 7, 7, 8], "texture": "#6"},
				"up": {"uv": [7, 6, 9, 7], "texture": "#6"},
				"down": {"uv": [0, 0, 2, 1], "texture": "#6"}
			}
		}
	],
	"display": {
		"ground": {
			"translation": [0, 3, 0]
		},
		"fixed": {
			"translation": [0, 19.25, 0]
		}
	}
}