{
	"credit": "Made with Blockbench",
	"parent": "block/block",
	"elements": [
		{
			"from": [0, 0, 0],
			"to": [16, 16, 16],
			"faces": {
				"north": {"uv": [0, 0, 16, 16], "texture": "#0", "cullface": "north", "tintindex": 0},
				"east": {"uv": [0, 0, 16, 16], "texture": "#0", "cullface": "east", "tintindex": 0},
				"south": {"uv": [0, 0, 16, 16], "texture": "#0", "cullface": "south", "tintindex": 0},
				"west": {"uv": [0, 0, 16, 16], "texture": "#0", "cullface": "west", "tintindex": 0},
				"up": {"uv": [0, 0, 16, 16], "texture": "#0", "cullface": "up", "tintindex": 0},
				"down": {"uv": [0, 0, 16, 16], "texture": "#0", "cullface": "down", "tintindex": 0}
			}
		},
		{
			"name": "top",
			"from": [7.92929, 16, 0.07071],
			"to": [7.92929, 24, 16.07071],
			"shade": false,
			"rotation": {"angle": 45, "axis": "y", "origin": [8, 8, 8], "rescale": true},
			"faces": {
				"east": {"uv": [16, 0, 0, 8], "rotation": 180, "texture": "#1", "cullface": "up", "tintindex": 1},
				"west": {"uv": [0, 0, 16, 8], "rotation": 180, "texture": "#1", "cullface": "up", "tintindex": 1}
			}
		},
		{
			"name": "top",
			"from": [8.07071, 16, 0.07071],
			"to": [8.07071, 24, 16.07071],
			"shade": false,
			"rotation": {"angle": -45, "axis": "y", "origin": [8, 8, 8], "rescale": true},
			"faces": {
				"east": {"uv": [0, 0, 16, 8], "rotation": 180, "texture": "#2", "cullface": "up", "tintindex": 1},
				"west": {"uv": [16, 0, 0, 8], "rotation": 180, "texture": "#2", "cullface": "up", "tintindex": 1}
			}
		},
		{
			"name": "bottom",
			"from": [7.92929, -8, 0.07071],
			"to": [7.92929, 0, 16.07071],
			"shade": false,
			"rotation": {"angle": 45, "axis": "y", "origin": [8, 8, 8], "rescale": true},
			"faces": {
				"east": {"uv": [16, 0, 0, 8], "texture": "#2", "cullface": "down", "tintindex": 1},
				"west": {"uv": [0, 0, 16, 8], "texture": "#2", "cullface": "down", "tintindex": 1}
			}
		},
		{
			"name": "bottom",
			"from": [8.07071, -8, 0.07071],
			"to": [8.07071, 0, 16.07071],
			"shade": false,
			"rotation": {"angle": -45, "axis": "y", "origin": [8, 8, 8], "rescale": true},
			"faces": {
				"east": {"uv": [16, 0, 0, 8], "texture": "#1", "cullface": "down", "tintindex": 1},
				"west": {"uv": [0, 0, 16, 8], "texture": "#1", "cullface": "down", "tintindex": 1}
			}
		},
		{
			"name": "north",
			"from": [8, 0, -8],
			"to": [8, 16, 0],
			"shade": false,
			"rotation": {"angle": 45, "axis": "z", "origin": [8, 8, 8], "rescale": true},
			"faces": {
				"east": {"uv": [0, 0, 16, 8], "rotation": 270, "texture": "#4", "cullface": "north", "tintindex": 1},
				"west": {"uv": [16, 0, 0, 8], "rotation": 90, "texture": "#4", "cullface": "north", "tintindex": 1}
			}
		},
		{
			"name": "north",
			"from": [0, 8, -8],
			"to": [16, 8, 0],
			"shade": false,
			"rotation": {"angle": 45, "axis": "z", "origin": [8, 8, 8], "rescale": true},
			"faces": {
				"up": {"uv": [16, 0, 0, 8], "rotation": 180, "texture": "#5", "cullface": "north", "tintindex": 1},
				"down": {"uv": [0, 0, 16, 8], "texture": "#5", "cullface": "north", "tintindex": 1}
			}
		},
		{
			"name": "south",
			"from": [8, 0, 16],
			"to": [8, 16, 24],
			"shade": false,
			"rotation": {"angle": 45, "axis": "z", "origin": [8, 8, 8], "rescale": true},
			"faces": {
				"east": {"uv": [16, 0, 0, 8], "rotation": 90, "texture": "#4", "cullface": "south", "tintindex": 1},
				"west": {"uv": [0, 0, 16, 8], "rotation": 270, "texture": "#4", "cullface": "south", "tintindex": 1}
			}
		},
		{
			"name": "south",
			"from": [8, 0, 16],
			"to": [8, 16, 24],
			"shade": false,
			"rotation": {"angle": -45, "axis": "z", "origin": [8, 8, 8], "rescale": true},
			"faces": {
				"east": {"uv": [16, 0, 0, 8], "rotation": 90, "texture": "#5", "cullface": "south", "tintindex": 1},
				"west": {"uv": [0, 0, 16, 8], "rotation": 270, "texture": "#5", "cullface": "south", "tintindex": 1}
			}
		},
		{
			"name": "west",
			"from": [-8, 0, 8],
			"to": [0, 16, 8],
			"shade": false,
			"rotation": {"angle": -45, "axis": "x", "origin": [8, 8, 8], "rescale": true},
			"faces": {
				"north": {"uv": [0, 0, 16, 8], "rotation": 270, "texture": "#5", "cullface": "west", "tintindex": 1},
				"south": {"uv": [16, 0, 0, 8], "rotation": 90, "texture": "#5", "cullface": "west", "tintindex": 1}
			}
		},
		{
			"name": "west",
			"from": [-8, 0, 8],
			"to": [0, 16, 8],
			"shade": false,
			"rotation": {"angle": 45, "axis": "x", "origin": [8, 8, 8], "rescale": true},
			"faces": {
				"north": {"uv": [0, 0, 16, 8], "rotation": 270, "texture": "#4", "cullface": "west", "tintindex": 1},
				"south": {"uv": [16, 0, 0, 8], "rotation": 90, "texture": "#4", "cullface": "west", "tintindex": 1}
			}
		},
		{
			"name": "east",
			"from": [16, 8, 0],
			"to": [24, 8, 16],
			"shade": false,
			"rotation": {"angle": -45, "axis": "x", "origin": [8, 8, 8], "rescale": true},
			"faces": {
				"up": {"uv": [16, 0, 0, 8], "rotation": 270, "texture": "#4", "cullface": "east", "tintindex": 1},
				"down": {"uv": [0, 0, 16, 8], "rotation": 270, "texture": "#4", "cullface": "east", "tintindex": 1}
			}
		},
		{
			"name": "east",
			"from": [16, 0, 8],
			"to": [24, 16, 8],
			"shade": false,
			"rotation": {"angle": -45, "axis": "x", "origin": [8, 8, 8], "rescale": true},
			"faces": {
				"north": {"uv": [16, 0, 0, 8], "rotation": 90, "texture": "#5", "cullface": "east", "tintindex": 1},
				"south": {"uv": [0, 0, 16, 8], "rotation": 270, "texture": "#5", "cullface": "east", "tintindex": 1}
			}
		}
	],
	"groups": [
		{
			"name": "bushyleaves1",
			"origin": [8, 8, 8],
			"color": 0,
			"children": [0, 1, 2, 3, 4, 5, 6, 7, 8, 9, 10, 11, 12]
		}
	]
}