{"textures":{"particle":"block/dripstone_block","cross":"block/pointed_dripstone_up_tip_merge"},"elements":[{"from":[0.8,0,8],"to":[15.2,16,8],"rotation":{"angle":45,"axis":"y","origin":[8,8,8],"rescale":true},"faces":{"north":{"uv":[0,0,16,16],"texture":"#cross"},"south":{"uv":[0,0,16,16],"texture":"#cross"}}},{"from":[8,0,0.8],"to":[8,16,15.2],"rotation":{"angle":45,"axis":"y","origin":[8,8,8],"rescale":true},"faces":{"east":{"uv":[0,0,16,16],"texture":"#cross"},"west":{"uv":[0,0,16,16],"texture":"#cross"}}},{"from":[6,0,6],"to":[10,12,10],"faces":{"north":{"uv":[5,4,9,16],"texture":"#cross"},"east":{"uv":[5,4,9,16],"texture":"#cross"},"south":{"uv":[5,4,9,16],"texture":"#cross"},"west":{"uv":[5,4,9,16],"texture":"#cross"},"up":{"uv":[5,4,9,8],"texture":"#cross"},"down":{"uv":[5,4,9,8],"texture":"#cross"}}}]}