{"textures":{"particle":"block/dripstone_block","cross":"block/pointed_dripstone_down_base"},"elements":[{"from":[0.8,0,8],"to":[15.2,16,8],"rotation":{"angle":45,"axis":"y","origin":[8,8,8],"rescale":true},"faces":{"north":{"uv":[0,0,16,16],"texture":"#cross"},"south":{"uv":[0,0,16,16],"texture":"#cross"}}},{"from":[8,0,0.8],"to":[8,16,15.2],"rotation":{"angle":45,"axis":"y","origin":[8,8,8],"rescale":true},"faces":{"east":{"uv":[0,0,16,16],"texture":"#cross"},"west":{"uv":[0,0,16,16],"texture":"#cross"}}},{"from":[3,0,3],"to":[13,16,13],"faces":{"north":{"uv":[3,0,13,16],"texture":"#cross"},"east":{"uv":[3,0,13,16],"texture":"#cross"},"south":{"uv":[3,0,13,16],"texture":"#cross"},"west":{"uv":[3,0,13,16],"texture":"#cross"},"up":{"uv":[3,0,13,10],"texture":"#cross"},"down":{"uv":[3,0,13,10],"texture":"#cross"}}}]}