{
	"credit": "made by Motschen",
	"parent": "block/block",
	"textures": {
		"4": "block/stone",
		"particle": "block/dirt",
		"bottom": "block/dirt",
		"top": "block/grass_block_top",
		"side": "block/grass_block_side",
		"overlay": "block/grass_block_side_overlay"
	},
	"elements": [
		{
			"from": [0, 0, 0],
			"to": [16, 16, 16],
			"faces": {
				"north": {"uv": [0, 0, 16, 16], "texture": "#side", "cullface": "north"},
				"east": {"uv": [0, 0, 16, 16], "texture": "#side", "cullface": "east"},
				"south": {"uv": [0, 0, 16, 16], "texture": "#side", "cullface": "south"},
				"west": {"uv": [0, 0, 16, 16], "texture": "#side", "cullface": "west"},
				"up": {"uv": [0, 0, 16, 16], "texture": "#top", "cullface": "up", "tintindex": 0},
				"down": {"uv": [0, 0, 16, 16], "texture": "#bottom", "cullface": "down"}
			}
		},
		{
			"from": [0, 0, 0],
			"to": [16, 16, 16],
			"faces": {
				"north": {"uv": [0, 0, 16, 16], "texture": "#overlay", "cullface": "north", "tintindex": 0},
				"east": {"uv": [0, 0, 16, 16], "texture": "#overlay", "cullface": "east", "tintindex": 0},
				"south": {"uv": [0, 0, 16, 16], "texture": "#overlay", "cullface": "south", "tintindex": 0},
				"west": {"uv": [0, 0, 16, 16], "texture": "#overlay", "cullface": "west", "tintindex": 0}
			}
		},
		{
			"from": [7, 16, 4],
			"to": [11, 17, 11],
			"rotation": {"angle": 0, "axis": "y", "origin": [16, 24, 15]},
			"faces": {
				"north": {"uv": [1, 7, 5, 8], "texture": "#4"},
				"east": {"uv": [2, 2, 9, 3], "texture": "#4"},
				"south": {"uv": [6, 0, 10, 1], "texture": "#4"},
				"west": {"uv": [0, 3, 7, 4], "texture": "#4"},
				"up": {"uv": [4, 3, 8, 10], "texture": "#4"}
			}
		},
		{
			"from": [6, 16, 5],
			"to": [7, 17, 8],
			"rotation": {"angle": 0, "axis": "y", "origin": [12, 24, 15]},
			"faces": {
				"north": {"uv": [12, 6, 13, 7], "texture": "#4"},
				"south": {"uv": [6, 7, 7, 8], "texture": "#4"},
				"west": {"uv": [4, 6, 7, 7], "texture": "#4"},
				"up": {"uv": [4, 3, 5, 6], "texture": "#4"}
			}
		},
		{
			"from": [7.5, 17, 4.5],
			"to": [9.5, 17.5, 9.5],
			"rotation": {"angle": 0, "axis": "y", "origin": [16, 25, 12]},
			"faces": {
				"north": {"uv": [3, 7, 5, 7.5], "texture": "#4"},
				"east": {"uv": [2, 10, 7, 10.5], "texture": "#4"},
				"south": {"uv": [8, 5, 10, 5.5], "texture": "#4"},
				"west": {"uv": [7, 4, 12, 4.5], "texture": "#4"},
				"up": {"uv": [10, 10, 12, 15], "texture": "#4"}
			}
		}
	],
	"groups": [0, 1,
		{
			"name": "stone",
			"origin": [12, 24, 11],
			"children": [2, 3, 4]
		}
	]
}