{
	"credit": "made by Motschen",
	"parent": "block/block",
	"textures": {
		"4": "block/oak_log",
		"particle": "block/dirt",
		"bottom": "block/dirt",
		"top": "block/grass_block_top",
		"side": "block/grass_block_side",
		"overlay": "block/grass_block_side_overlay"
	},
	"elements": [
		{
			"from": [0, 0, 0],
			"to": [16, 16, 16],
			"faces": {
				"north": {"uv": [0, 0, 16, 16], "texture": "#side", "cullface": "north"},
				"east": {"uv": [0, 0, 16, 16], "texture": "#side", "cullface": "east"},
				"south": {"uv": [0, 0, 16, 16], "texture": "#side", "cullface": "south"},
				"west": {"uv": [0, 0, 16, 16], "texture": "#side", "cullface": "west"},
				"up": {"uv": [0, 0, 16, 16], "texture": "#top", "cullface": "up", "tintindex": 0},
				"down": {"uv": [0, 0, 16, 16], "texture": "#bottom", "cullface": "down"}
			}
		},
		{
			"from": [0, 0, 0],
			"to": [16, 16, 16],
			"faces": {
				"north": {"uv": [0, 0, 16, 16], "texture": "#overlay", "cullface": "north", "tintindex": 0},
				"east": {"uv": [0, 0, 16, 16], "texture": "#overlay", "cullface": "east", "tintindex": 0},
				"south": {"uv": [0, 0, 16, 16], "texture": "#overlay", "cullface": "south", "tintindex": 0},
				"west": {"uv": [0, 0, 16, 16], "texture": "#overlay", "cullface": "west", "tintindex": 0}
			}
		},
		{
			"from": [4.5, 16, 10.3],
			"to": [7.5, 17, 11.3],
			"rotation": {"angle": -22.5, "axis": "y", "origin": [13, 24, 17]},
			"faces": {
				"north": {"uv": [1, 0, 4, 1], "texture": "#4"},
				"east": {"uv": [2, 0, 3, 1], "texture": "#4"},
				"south": {"uv": [1, 3, 4, 4], "texture": "#4"},
				"west": {"uv": [3, 6, 4, 7], "texture": "#4"},
				"up": {"uv": [11, 8, 14, 9], "texture": "#4"}
			}
		},
		{
			"from": [10.7, 16, 9.5],
			"to": [11.7, 17.01, 12.5],
			"rotation": {"angle": 22.5, "axis": "y", "origin": [5, 24, 18]},
			"faces": {
				"north": {"uv": [3, 6, 4, 7], "texture": "#4"},
				"east": {"uv": [1, 0, 4, 1], "texture": "#4"},
				"south": {"uv": [2, 0, 3, 1], "texture": "#4"},
				"west": {"uv": [1, 3, 4, 4], "texture": "#4"},
				"up": {"uv": [11, 8, 14, 9], "rotation": 90, "texture": "#4"}
			}
		},
		{
			"from": [4.37, 16, 6.7],
			"to": [8.37, 16.99, 7.7],
			"rotation": {"angle": -45, "axis": "y", "origin": [7, 16.5, 7]},
			"faces": {
				"north": {"uv": [1, 0, 4, 1], "texture": "#4"},
				"east": {"uv": [2, 0, 3, 1], "texture": "#4"},
				"south": {"uv": [1, 3, 4, 4], "texture": "#4"},
				"west": {"uv": [3, 6, 4, 7], "texture": "#4"},
				"up": {"uv": [11, 8, 14, 9], "texture": "#4"}
			}
		}
	],
	"groups": [0, 1,
		{
			"name": "stick",
			"origin": [8, 8, 8],
			"children": [2, 3, 4]
		}
	]
}