{
	"credit": "Made with Blockbench",
	"parent": "block/block",
	"ambientocclusion": true,
	"textures": {
		"1": "block/bamboo_stalk",
		"5": "block/bamboo_large_leaves",
		"6": "block/bamboo_large_leaves_huge",
		"particle": "block/bamboo_large_leaves"
	},
	"elements": [
		{
			"from": [-6, 8, -6.5],
			"to": [20, 8, 23.5],
			"shade": false,
			"rotation": {"angle": 22.5, "axis": "z", "origin": [8, 11, 8]},
			"faces": {
				"up": {"uv": [0, 0, 16, 16], "rotation": 90, "texture": "#6"},
				"down": {"uv": [16, 0, 0, 16], "rotation": 90, "texture": "#6", "tintindex": 0}
			}
		},
		{
			"from": [-5.5, 8, -8],
			"to": [20.5, 8, 24],
			"shade": false,
			"rotation": {"angle": -45, "axis": "x", "origin": [11, 8, 8]},
			"faces": {
				"up": {"uv": [0, 0, 16, 16], "rotation": 180, "texture": "#6"},
				"down": {"uv": [16, 0, 0, 16], "texture": "#6"}
			}
		},
		{
			"from": [-5.5, -8, 8],
			"to": [20.5, 24, 8],
			"shade": false,
			"rotation": {"angle": -45, "axis": "x", "origin": [11, 8, 8]},
			"faces": {
				"north": {"uv": [0, 0, 16, 16], "texture": "#6"},
				"south": {"uv": [16, 0, 0, 16], "texture": "#6"}
			}
		},
		{
			"from": [6.5, 0, 6.5],
			"to": [9.5, 16, 9.5],
			"faces": {
				"north": {"uv": [9, 0, 12, 16], "texture": "#1"},
				"east": {"uv": [9, 0, 12, 16], "texture": "#1"},
				"south": {"uv": [9, 0, 12, 16], "texture": "#1"},
				"west": {"uv": [9, 0, 12, 16], "texture": "#1"},
				"up": {"uv": [13, 0, 16, 3], "texture": "#1", "cullface": "up"},
				"down": {"uv": [13, 4, 16, 7], "texture": "#1", "cullface": "down"}
			}
		},
		{
			"from": [0, 0, 8],
			"to": [16, 16, 8],
			"faces": {
				"north": {"uv": [0, 0, 16, 16], "texture": "#5"},
				"east": {"uv": [0, 0, 0, 16], "texture": "#5"},
				"south": {"uv": [0, 0, 16, 16], "texture": "#5"},
				"west": {"uv": [0, 0, 0, 16], "texture": "#5"},
				"up": {"uv": [0, 0, 16, 0], "texture": "#5"},
				"down": {"uv": [0, 0, 16, 0], "texture": "#5"}
			}
		},
		{
			"from": [8, 0, 0],
			"to": [8, 16, 16],
			"rotation": {"angle": 0, "axis": "y", "origin": [8, 8, 8]},
			"faces": {
				"north": {"uv": [0, 0, 0, 16], "texture": "#5"},
				"east": {"uv": [0, 0, 16, 16], "texture": "#5"},
				"south": {"uv": [0, 0, 0, 16], "texture": "#5"},
				"west": {"uv": [0, 0, 16, 16], "texture": "#5"},
				"up": {"uv": [0, 0, 16, 0], "rotation": 270, "texture": "#5"},
				"down": {"uv": [0, 0, 16, 0], "rotation": 90, "texture": "#5"}
			}
		}
	]
}