{
	"credit": "Made with Blockbench",
	"ambientocclusion": false,
	"textures": {
		"5": "block/bamboo_small_leaves",
		"6": "block/bamboo_large_leaves_big",
		"particle": "block/flower_pot",
		"flowerpot": "block/flower_pot",
		"dirt": "block/dirt",
		"bamboo": "block/bamboo_stalk",
		"leaf": "block/bamboo_singleleaf"
	},
	"elements": [
		{
			"from": [5, 0, 5],
			"to": [6, 6, 11],
			"faces": {
				"north": {"uv": [10, 10, 11, 16], "texture": "#flowerpot"},
				"east": {"uv": [5, 10, 11, 16], "texture": "#flowerpot"},
				"south": {"uv": [5, 10, 6, 16], "texture": "#flowerpot"},
				"west": {"uv": [5, 10, 11, 16], "texture": "#flowerpot"},
				"up": {"uv": [5, 5, 6, 11], "texture": "#flowerpot"},
				"down": {"uv": [5, 5, 6, 11], "texture": "#flowerpot", "cullface": "down"}
			}
		},
		{
			"from": [10, 0, 5],
			"to": [11, 6, 11],
			"faces": {
				"north": {"uv": [5, 10, 6, 16], "texture": "#flowerpot"},
				"east": {"uv": [5, 10, 11, 16], "texture": "#flowerpot"},
				"south": {"uv": [10, 10, 11, 16], "texture": "#flowerpot"},
				"west": {"uv": [5, 10, 11, 16], "texture": "#flowerpot"},
				"up": {"uv": [10, 5, 11, 11], "texture": "#flowerpot"},
				"down": {"uv": [10, 5, 11, 11], "texture": "#flowerpot", "cullface": "down"}
			}
		},
		{
			"from": [6, 0, 5],
			"to": [10, 6, 6],
			"faces": {
				"north": {"uv": [6, 10, 10, 16], "texture": "#flowerpot"},
				"south": {"uv": [6, 10, 10, 16], "texture": "#flowerpot"},
				"up": {"uv": [6, 5, 10, 6], "texture": "#flowerpot"},
				"down": {"uv": [6, 10, 10, 11], "texture": "#flowerpot", "cullface": "down"}
			}
		},
		{
			"from": [6, 0, 10],
			"to": [10, 6, 11],
			"faces": {
				"north": {"uv": [6, 10, 10, 16], "texture": "#flowerpot"},
				"south": {"uv": [6, 10, 10, 16], "texture": "#flowerpot"},
				"up": {"uv": [6, 10, 10, 11], "texture": "#flowerpot"},
				"down": {"uv": [6, 5, 10, 6], "texture": "#flowerpot", "cullface": "down"}
			}
		},
		{
			"from": [6, 0, 6],
			"to": [10, 4, 10],
			"faces": {
				"up": {"uv": [6, 6, 10, 10], "texture": "#dirt"},
				"down": {"uv": [6, 12, 10, 16], "texture": "#flowerpot", "cullface": "down"}
			}
		},
		{
			"from": [7, 0, 7],
			"to": [9, 16, 9],
			"faces": {
				"north": {"uv": [6, 0, 8, 16], "texture": "#bamboo"},
				"east": {"uv": [6, 0, 8, 16], "texture": "#bamboo"},
				"south": {"uv": [6, 0, 8, 16], "texture": "#bamboo"},
				"west": {"uv": [6, 0, 8, 16], "texture": "#bamboo"},
				"up": {"uv": [0, 0, 0, 0], "texture": "#bamboo", "cullface": "up"}
			}
		},
		{
			"from": [7, 16, 7],
			"to": [9, 31, 9],
			"faces": {
				"north": {"uv": [6, 0, 8, 15], "texture": "#bamboo"},
				"east": {"uv": [6, 0, 8, 15], "texture": "#bamboo"},
				"south": {"uv": [6, 0, 8, 15], "texture": "#bamboo"},
				"west": {"uv": [6, 0, 8, 15], "texture": "#bamboo"},
				"up": {"uv": [13, 0, 15, 2], "texture": "#bamboo", "cullface": "up"}
			}
		},
		{
			"from": [0, 1, 8],
			"to": [16, 17, 8],
			"shade": false,
			"faces": {
				"north": {"uv": [0, 0, 16, 16], "texture": "#leaf"},
				"south": {"uv": [16, 0, 0, 16], "texture": "#leaf"}
			}
		},
		{
			"from": [0.8, 16, 8],
			"to": [15.2, 32, 8],
			"shade": false,
			"rotation": {"angle": 0, "axis": "y", "origin": [0, 16, 0]},
			"faces": {
				"north": {"uv": [0, 0, 16, 16], "texture": "#5", "tintindex": 0},
				"south": {"uv": [0, 0, 16, 16], "texture": "#5", "tintindex": 0}
			}
		},
		{
			"from": [0.8, 16, 8],
			"to": [15.2, 32, 8],
			"shade": false,
			"rotation": {"angle": 0, "axis": "y", "origin": [0, 16, 0]},
			"faces": {
				"north": {"uv": [0, 0, 16, 16], "texture": "#5", "tintindex": 0},
				"south": {"uv": [0, 0, 16, 16], "texture": "#5", "tintindex": 0}
			}
		},
		{
			"from": [8, 16, 0.8],
			"to": [8, 32, 15.2],
			"shade": false,
			"rotation": {"angle": 0, "axis": "y", "origin": [8, 24, 8]},
			"faces": {
				"east": {"uv": [0, 0, 16, 16], "texture": "#5", "tintindex": 0},
				"west": {"uv": [0, 0, 16, 16], "texture": "#5", "tintindex": 0}
			}
		},
		{
			"from": [-5.5, 21, -3],
			"to": [20.5, 21, 29],
			"shade": false,
			"rotation": {"angle": -45, "axis": "x", "origin": [11, 16, 8]},
			"faces": {
				"up": {"uv": [0, 0, 16, 16], "rotation": 180, "texture": "#6"},
				"down": {"uv": [16, 0, 0, 16], "texture": "#6"}
			}
		},
		{
			"from": [-5.5, 23.07107, -8],
			"to": [20.5, 23.07107, 24],
			"shade": false,
			"rotation": {"angle": 45, "axis": "x", "origin": [7.5, 23.07107, 8]},
			"faces": {
				"up": {"uv": [16, 16, 0, 0], "rotation": 180, "texture": "#6"},
				"down": {"uv": [0, 16, 16, 0], "texture": "#6"}
			}
		},
		{
			"from": [-4, 22, -6.5],
			"to": [22, 22, 23.5],
			"shade": false,
			"rotation": {"angle": 22.5, "axis": "z", "origin": [8, 19, 8]},
			"faces": {
				"up": {"uv": [0, 0, 16, 16], "rotation": 90, "texture": "#6"},
				"down": {"uv": [16, 0, 0, 16], "rotation": 90, "texture": "#6", "tintindex": 0}
			}
		}
	],
	"groups": [
		0,
		1,
		2,
		3,
		4,
		5,
		6,
		7,
		8,
		{
			"name": "group",
			"origin": [8, 24, 8],
			"color": 0,
			"children": [9, 10]
		},
		11,
		12,
		13
	]
}