{
    "ambientocclusion": false,
    "textures": {
        "particle": "block/flower_pot",
        "flowerpot": "block/flower_pot",
        "dirt": "block/dirt",
		"outside": "minecraft:block/warped_fungus",
		"inside": "minecraft:block/fungus_block_inside"
    },
    "elements": [
        {   "from": [ 5, 0, 5 ],
            "to": [ 6, 6, 11 ],
            "faces": {
                "down":  { "uv": [ 5, 5, 6, 11 ], "texture": "#flowerpot", "cullface": "down" },
                "up":    { "uv": [ 5, 5, 6, 11 ], "texture": "#flowerpot" },
                "north": { "uv": [ 10, 10, 11, 16 ], "texture": "#flowerpot" },
                "south": { "uv": [ 5, 10, 6, 16 ], "texture": "#flowerpot" },
                "west":  { "uv": [ 5, 10, 11, 16 ], "texture": "#flowerpot" },
                "east":  { "uv": [ 5, 10, 11, 16 ], "texture": "#flowerpot" }
            }
        },
        {   "from": [ 10, 0, 5 ],
            "to": [ 11, 6, 11 ],
            "faces": {
                "down":  { "uv": [ 10, 5, 11, 11 ], "texture": "#flowerpot", "cullface": "down" },
                "up":    { "uv": [ 10, 5, 11, 11 ], "texture": "#flowerpot" },
                "north": { "uv": [ 5, 10, 6, 16 ], "texture": "#flowerpot" },
                "south": { "uv": [ 10, 10, 11, 16 ], "texture": "#flowerpot" },
                "west":  { "uv": [ 5, 10, 11, 16 ], "texture": "#flowerpot" },
                "east":  { "uv": [ 5, 10, 11, 16 ], "texture": "#flowerpot" }
            }
        },
        {   "from": [ 6, 0, 5 ],
            "to": [ 10, 6, 6 ],
            "faces": {
                "down":  { "uv": [ 6, 10, 10, 11 ], "texture": "#flowerpot", "cullface": "down" },
                "up":    { "uv": [ 6, 5, 10, 6 ], "texture": "#flowerpot" },
                "north": { "uv": [ 6, 10, 10, 16 ], "texture": "#flowerpot" },
                "south": { "uv": [ 6, 10, 10, 16 ], "texture": "#flowerpot" }
            }
        },
        {   "from": [ 6, 0, 10 ],
            "to": [ 10, 6, 11 ],
            "faces": {
                "down":  { "uv": [ 6, 5, 10, 6 ], "texture": "#flowerpot", "cullface": "down" },
                "up":    { "uv": [ 6, 10, 10, 11 ], "texture": "#flowerpot" },
                "north": { "uv": [ 6, 10, 10, 16 ], "texture": "#flowerpot" },
                "south": { "uv": [ 6, 10, 10, 16 ], "texture": "#flowerpot" }
            }
        },
        {   "from": [ 6, 0, 6 ],
            "to": [ 10, 4, 10 ],
            "faces": {
                "down": { "uv": [ 6, 12, 10, 16 ], "texture": "#flowerpot", "cullface": "down" },
                "up":   { "uv": [ 6, 6, 10, 10 ], "texture": "#dirt" }
            }
        },
        {   "from": [ 7, 4, 7 ],
            "to": [ 9, 9, 9 ],
            "faces": {
                "north": { "uv": [ 7, 11, 9, 16 ], "texture": "#outside" },
                "south": { "uv": [ 7, 11, 9, 16 ], "texture": "#outside" },
                "west":  { "uv": [ 7, 11, 9, 16 ], "texture": "#outside" },
                "east":  { "uv": [ 7, 11, 9, 16 ], "texture": "#outside" }
            }
        },
        {   "from": [ 4, 9, 4 ],
            "to": [ 12, 13, 12 ],
            "faces": {
                "down":  { "texture": "#inside" },
                "up":    { "uv": [ 4, 3, 12, 11 ], "texture": "#outside" },
                "north": { "uv": [ 4, 7, 12, 11 ], "texture": "#outside" },
                "south": { "uv": [ 4, 7, 12, 11 ], "texture": "#outside" },
                "west":  { "uv": [ 4, 7, 12, 11 ], "texture": "#outside" },
                "east":  { "uv": [ 4, 7, 12, 11 ], "texture": "#outside" }
            }
        }
    ]
}
