{
	"credit": "Made with Blockbench",
	"textures": {
		"0": "block/tall_flowers/lilac_bottom",
		"2": "block/tall_flowers/lilac_side",
		"3": "block/tall_flowers/lilac_stem_top",
		"4": "block/tall_flowers/lilac_top",
		"5": "block/tall_flowers/lilac_flower2",
		"particle": "block/tall_flowers/lilac_bottom"
	},
	"elements": [
		{
			"from": [-1, -0.77829, 15.8005],
			"to": [15, 15.22171, 15.8005],
			"rotation": {"angle": -22.5, "axis": "x", "origin": [7, 7.22171, 16.8005]},
			"faces": {
				"north": {"uv": [0, 0, 16, 16], "texture": "#0"},
				"east": {"uv": [0, 0, 0, 16], "texture": "#0"},
				"south": {"uv": [16, 0, 0, 16], "texture": "#0"},
				"west": {"uv": [0, 0, 0, 16], "texture": "#0"}
			}
		},
		{
			"from": [16.71903, -1.39104, -1],
			"to": [16.71903, 14.60896, 15],
			"rotation": {"angle": 22.5, "axis": "z", "origin": [15.71903, 4.60896, 7]},
			"faces": {
				"north": {"uv": [0, 0, 0, 16], "texture": "#0"},
				"east": {"uv": [16, 0, 0, 16], "texture": "#0"},
				"south": {"uv": [0, 0, 0, 16], "texture": "#0"},
				"west": {"uv": [0, 0, 16, 16], "texture": "#0"}
			}
		},
		{
			"from": [1, -1.39142, -0.71811],
			"to": [17, 14.60858, -0.71811],
			"rotation": {"angle": 22.5, "axis": "x", "origin": [9, 4.60858, 0.28189]},
			"faces": {
				"north": {"uv": [16, 0, 0, 16], "texture": "#0"},
				"east": {"uv": [0, 0, 0, 16], "texture": "#0"},
				"south": {"uv": [0, 0, 16, 16], "texture": "#0"},
				"west": {"uv": [0, 0, 0, 16], "texture": "#0"}
			}
		},
		{
			"from": [-0.71903, -1.39104, 1],
			"to": [-0.71903, 14.60896, 17],
			"rotation": {"angle": -22.5, "axis": "z", "origin": [0.28097, 4.60896, 9]},
			"faces": {
				"north": {"uv": [0, 0, 0, 16], "texture": "#0"},
				"east": {"uv": [0, 0, 16, 16], "texture": "#0"},
				"south": {"uv": [0, 0, 0, 16], "texture": "#0"},
				"west": {"uv": [16, 0, 0, 16], "texture": "#0"}
			}
		},
		{
			"from": [1.25, 16.53532, -4.50518],
			"to": [14.75, 16.53532, 8.99482],
			"rotation": {"angle": -22.5, "axis": "x", "origin": [6.96725, 14.51407, 6.09178]},
			"faces": {
				"up": {"uv": [1, 0, 16, 15], "rotation": 270, "texture": "#4"},
				"down": {"uv": [1, 0, 16, 15], "rotation": 90, "texture": "#4"}
			}
		},
		{
			"from": [0.77892, 13.26109, 1.25],
			"to": [14.27892, 13.26109, 14.75],
			"rotation": {"angle": 22.5, "axis": "z", "origin": [0.77892, -0.46031, 1.25]},
			"faces": {
				"up": {"uv": [1, 0, 16, 15], "texture": "#4"},
				"down": {"uv": [1, 0, 16, 15], "texture": "#4"}
			}
		},
		{
			"from": [1.25, 17.32575, 7.16241],
			"to": [14.75, 17.32575, 20.66241],
			"rotation": {"angle": 22.5, "axis": "x", "origin": [6.96725, 15.30451, 7.99995]},
			"faces": {
				"up": {"uv": [1, 0, 16, 15], "rotation": 270, "texture": "#4"},
				"down": {"uv": [1, 0, 16, 15], "rotation": 90, "texture": "#4"}
			}
		},
		{
			"from": [2.7487, 18.42731, 1.25],
			"to": [16.2487, 18.42731, 14.75],
			"rotation": {"angle": -22.5, "axis": "z", "origin": [2.7487, 4.70591, 1.25]},
			"faces": {
				"up": {"uv": [1, 0, 16, 15], "texture": "#4"},
				"down": {"uv": [1, 0, 16, 15], "texture": "#4"}
			}
		},
		{
			"from": [-0.94318, 0.0872, 0.575],
			"to": [13.90682, 0.0872, 15.425],
			"rotation": {"angle": 22.5, "axis": "z", "origin": [0.05682, -15.00634, 0.575]},
			"faces": {
				"up": {"uv": [1, 0, 16, 15], "texture": "#4"},
				"down": {"uv": [1, 0, 16, 15], "texture": "#4"}
			}
		},
		{
			"from": [0.575, 3.68885, -6.7557],
			"to": [15.425, 3.68885, 8.0943],
			"rotation": {"angle": -22.5, "axis": "x", "origin": [6.86398, 1.46548, 5.90096]},
			"faces": {
				"up": {"uv": [1, 0, 16, 15], "rotation": 270, "texture": "#4"},
				"down": {"uv": [1, 0, 16, 15], "rotation": 90, "texture": "#4"}
			}
		},
		{
			"from": [0.575, 4.55833, 8.07865],
			"to": [15.425, 4.55833, 22.92865],
			"rotation": {"angle": 22.5, "axis": "x", "origin": [6.86398, 2.33496, 7.99994]},
			"faces": {
				"up": {"uv": [1, 0, 16, 15], "rotation": 270, "texture": "#4"},
				"down": {"uv": [1, 0, 16, 15], "rotation": 90, "texture": "#4"}
			}
		},
		{
			"from": [3.22357, 5.77004, 0.575],
			"to": [18.07357, 5.77004, 15.425],
			"rotation": {"angle": -22.5, "axis": "z", "origin": [2.22357, -9.3235, 0.575]},
			"faces": {
				"up": {"uv": [1, 0, 16, 15], "texture": "#4"},
				"down": {"uv": [1, 0, 16, 15], "texture": "#4"}
			}
		},
		{
			"from": [-2.77817, -1, -6.02082],
			"to": [-2.77817, 15, 3.97918],
			"rotation": {"angle": 45, "axis": "y", "origin": [0.22183, 9, -4.02082]},
			"faces": {
				"east": {"uv": [16, 0, 6, 16], "texture": "#2"},
				"west": {"uv": [6, 0, 16, 16], "texture": "#2"}
			}
		},
		{
			"from": [18.77817, -1, 12.02082],
			"to": [18.77817, 15, 22.02082],
			"rotation": {"angle": 45, "axis": "y", "origin": [15.77817, 9, 20.02082]},
			"faces": {
				"east": {"uv": [6, 0, 16, 16], "texture": "#2"},
				"west": {"uv": [16, 0, 6, 16], "texture": "#2"}
			}
		},
		{
			"from": [18.77817, -1, -6.02082],
			"to": [18.77817, 15, 3.97918],
			"rotation": {"angle": -45, "axis": "y", "origin": [15.77817, 9, -4.02082]},
			"faces": {
				"east": {"uv": [16, 0, 6, 16], "texture": "#2"},
				"west": {"uv": [6, 0, 16, 16], "texture": "#2"}
			}
		},
		{
			"from": [-2.77817, -1, 12.02082],
			"to": [-2.77817, 15, 22.02082],
			"rotation": {"angle": -45, "axis": "y", "origin": [0.22183, 9, 20.02082]},
			"faces": {
				"east": {"uv": [6, 0, 16, 16], "texture": "#2"},
				"west": {"uv": [16, 0, 6, 16], "texture": "#2"}
			}
		},
		{
			"from": [-2.77817, 0, 0.02082],
			"to": [-2.77817, 11, 12.02082],
			"rotation": {"angle": -45, "axis": "y", "origin": [0.22183, 7, 20.02082]},
			"faces": {
				"east": {"uv": [2, 5, 14, 16], "texture": "#3"},
				"west": {"uv": [14, 5, 2, 16], "texture": "#3"}
			}
		},
		{
			"from": [8, 0, 2],
			"to": [8, 11, 14],
			"rotation": {"angle": 45, "axis": "y", "origin": [8, 5.5, 8]},
			"faces": {
				"east": {"uv": [2, 5, 14, 16], "texture": "#3"},
				"west": {"uv": [14, 5, 2, 16], "texture": "#3"}
			}
		},
		{
			"from": [13, -7.30546, -2.69454],
			"to": [21, 3.69454, -2.69454],
			"rotation": {"angle": 22.5, "axis": "x", "origin": [15.44454, 3, -2.69454]},
			"faces": {
				"north": {"uv": [0, 11, 8, 0], "rotation": 180, "texture": "#5"},
				"south": {"uv": [0, 0, 8, 11], "texture": "#5"}
			}
		},
		{
			"from": [10.63173, 16.13173, 4],
			"to": [21.63173, 16.13173, 12],
			"rotation": {"angle": -45, "axis": "z", "origin": [8, 8, 8]},
			"faces": {
				"up": {"uv": [0, 11, 8, 0], "rotation": 90, "texture": "#5"},
				"down": {"uv": [0, 0, 8, 11], "rotation": 270, "texture": "#5"}
			}
		},
		{
			"from": [-5.63173, 12.13173, 8],
			"to": [5.36827, 20.13173, 8],
			"rotation": {"angle": 45, "axis": "z", "origin": [8, 8, 8]},
			"faces": {
				"north": {"uv": [0, 0, 8, 11], "rotation": 270, "texture": "#5"},
				"south": {"uv": [0, 11, 8, 0], "rotation": 270, "texture": "#5"}
			}
		},
		{
			"from": [-5.63173, 16.13173, 4],
			"to": [5.36827, 16.13173, 12],
			"rotation": {"angle": 45, "axis": "z", "origin": [8, 8, 8]},
			"faces": {
				"up": {"uv": [0, 0, 8, 11], "rotation": 90, "texture": "#5"},
				"down": {"uv": [0, 11, 8, 0], "rotation": 270, "texture": "#5"}
			}
		},
		{
			"from": [4, 16.13173, 10.63173],
			"to": [12, 16.13173, 21.63173],
			"rotation": {"angle": 45, "axis": "x", "origin": [8, 8, 8]},
			"faces": {
				"up": {"uv": [0, 11, 8, 0], "rotation": 180, "texture": "#5"},
				"down": {"uv": [0, 0, 8, 11], "rotation": 180, "texture": "#5"}
			}
		},
		{
			"from": [8, 12.13173, 10.63173],
			"to": [8, 20.13173, 21.63173],
			"rotation": {"angle": 45, "axis": "x", "origin": [8, 8, 8]},
			"faces": {
				"east": {"uv": [0, 11, 8, 0], "rotation": 270, "texture": "#5"},
				"west": {"uv": [0, 0, 8, 11], "rotation": 270, "texture": "#5"}
			}
		},
		{
			"from": [8, 12.13173, -5.63173],
			"to": [8, 20.13173, 5.36827],
			"rotation": {"angle": -45, "axis": "x", "origin": [8, 8, 8]},
			"faces": {
				"east": {"uv": [0, 0, 8, 11], "rotation": 270, "texture": "#5"},
				"west": {"uv": [0, 11, 8, 0], "rotation": 270, "texture": "#5"}
			}
		},
		{
			"from": [4, 16.13173, -5.63173],
			"to": [12, 16.13173, 5.36827],
			"rotation": {"angle": -45, "axis": "x", "origin": [8, 8, 8]},
			"faces": {
				"up": {"uv": [0, 0, 8, 11], "rotation": 180, "texture": "#5"},
				"down": {"uv": [0, 11, 8, 0], "rotation": 180, "texture": "#5"}
			}
		},
		{
			"from": [10.63173, 12.13173, 8],
			"to": [21.63173, 20.13173, 8],
			"rotation": {"angle": -45, "axis": "z", "origin": [8, 8, 8]},
			"faces": {
				"north": {"uv": [0, 11, 8, 0], "rotation": 270, "texture": "#5"},
				"south": {"uv": [0, 0, 8, 11], "rotation": 270, "texture": "#5"}
			}
		},
		{
			"from": [16.88909, -6.69454, -6.69454],
			"to": [16.88909, 4.30546, 1.30546],
			"rotation": {"angle": 22.5, "axis": "x", "origin": [15.44454, 3, -2.69454]},
			"faces": {
				"east": {"uv": [0, 0, 8, 11], "texture": "#5"},
				"west": {"uv": [0, 11, 8, 0], "rotation": 180, "texture": "#5"}
			}
		},
		{
			"from": [16.44454, -8.30546, -2.13909],
			"to": [16.44454, -1.30546, 2.86091],
			"rotation": {"angle": 22.5, "axis": "z", "origin": [15.44454, 3, -2.69454]},
			"faces": {
				"east": {"uv": [11, 16, 16, 9], "rotation": 180, "texture": "#5"},
				"west": {"uv": [11, 9, 16, 16], "texture": "#5"}
			}
		},
		{
			"from": [-0.88909, -6.69454, 14.69454],
			"to": [-0.88909, 4.30546, 22.69454],
			"rotation": {"angle": -22.5, "axis": "x", "origin": [0.55546, 3, 18.69454]},
			"faces": {
				"east": {"uv": [0, 11, 8, 0], "rotation": 180, "texture": "#5"},
				"west": {"uv": [0, 0, 8, 11], "texture": "#5"}
			}
		},
		{
			"from": [-5, -7.30546, 18.69454],
			"to": [3, 3.69454, 18.69454],
			"rotation": {"angle": -22.5, "axis": "x", "origin": [0.55546, 3, 18.69454]},
			"faces": {
				"north": {"uv": [0, 0, 8, 11], "texture": "#5"},
				"south": {"uv": [0, 11, 8, 0], "rotation": 180, "texture": "#5"}
			}
		},
		{
			"from": [-3.44454, -8.69454, 15.25],
			"to": [1.55546, -1.69454, 15.25],
			"rotation": {"angle": -22.5, "axis": "z", "origin": [0.55546, 3, 18.69454]},
			"faces": {
				"north": {"uv": [11, 9, 16, 16], "texture": "#5"},
				"south": {"uv": [11, 16, 16, 9], "rotation": 180, "texture": "#5"}
			}
		},
		{
			"from": [-0.44454, -8.30546, 13.13909],
			"to": [-0.44454, -1.30546, 18.13909],
			"rotation": {"angle": -22.5, "axis": "z", "origin": [0.55546, 3, 18.69454]},
			"faces": {
				"east": {"uv": [11, 9, 16, 16], "texture": "#5"},
				"west": {"uv": [11, 16, 16, 9], "rotation": 180, "texture": "#5"}
			}
		},
		{
			"from": [-5, -7.30546, -2.69454],
			"to": [3, 3.69454, -2.69454],
			"rotation": {"angle": 22.5, "axis": "x", "origin": [0.55546, 3, -2.69454]},
			"faces": {
				"north": {"uv": [8, 11, 0, 0], "rotation": 180, "texture": "#5"},
				"south": {"uv": [8, 0, 0, 11], "texture": "#5"}
			}
		},
		{
			"from": [-0.88909, -6.69454, -6.69454],
			"to": [-0.88909, 4.30546, 1.30546],
			"rotation": {"angle": 22.5, "axis": "x", "origin": [0.55546, 3, -2.69454]},
			"faces": {
				"east": {"uv": [8, 11, 0, 0], "rotation": 180, "texture": "#5"},
				"west": {"uv": [8, 0, 0, 11], "texture": "#5"}
			}
		},
		{
			"from": [-3.44454, -8.69454, 0.75],
			"to": [1.55546, -1.69454, 0.75],
			"rotation": {"angle": -22.5, "axis": "z", "origin": [0.55546, 3, -2.69454]},
			"faces": {
				"north": {"uv": [16, 16, 11, 9], "rotation": 180, "texture": "#5"},
				"south": {"uv": [16, 9, 11, 16], "texture": "#5"}
			}
		},
		{
			"from": [-0.44454, -8.30546, -2.13909],
			"to": [-0.44454, -1.30546, 2.86091],
			"rotation": {"angle": -22.5, "axis": "z", "origin": [0.55546, 3, -2.69454]},
			"faces": {
				"east": {"uv": [16, 9, 11, 16], "texture": "#5"},
				"west": {"uv": [16, 16, 11, 9], "rotation": 180, "texture": "#5"}
			}
		},
		{
			"from": [16.88909, -6.69454, 14.69454],
			"to": [16.88909, 4.30546, 22.69454],
			"rotation": {"angle": -22.5, "axis": "x", "origin": [15.44454, 3, 18.69454]},
			"faces": {
				"east": {"uv": [8, 0, 0, 11], "texture": "#5"},
				"west": {"uv": [8, 11, 0, 0], "rotation": 180, "texture": "#5"}
			}
		},
		{
			"from": [13, -7.30546, 18.69454],
			"to": [21, 3.69454, 18.69454],
			"rotation": {"angle": -22.5, "axis": "x", "origin": [15.44454, 3, 18.69454]},
			"faces": {
				"north": {"uv": [8, 0, 0, 11], "texture": "#5"},
				"south": {"uv": [8, 11, 0, 0], "rotation": 180, "texture": "#5"}
			}
		},
		{
			"from": [14.44454, -8.69454, 15.25],
			"to": [19.44454, -1.69454, 15.25],
			"rotation": {"angle": 22.5, "axis": "z", "origin": [15.44454, 3, 18.69454]},
			"faces": {
				"north": {"uv": [16, 9, 11, 16], "texture": "#5"},
				"south": {"uv": [16, 16, 11, 9], "rotation": 180, "texture": "#5"}
			}
		},
		{
			"from": [16.44454, -8.30546, 13.13909],
			"to": [16.44454, -1.30546, 18.13909],
			"rotation": {"angle": 22.5, "axis": "z", "origin": [15.44454, 3, 18.69454]},
			"faces": {
				"east": {"uv": [16, 16, 11, 9], "rotation": 180, "texture": "#5"},
				"west": {"uv": [16, 9, 11, 16], "texture": "#5"}
			}
		},
		{
			"from": [14.44454, -8.69454, 0.75],
			"to": [19.44454, -1.69454, 0.75],
			"rotation": {"angle": 22.5, "axis": "z", "origin": [15.44454, 3, -2.69454]},
			"faces": {
				"north": {"uv": [11, 16, 16, 9], "rotation": 180, "texture": "#5"},
				"south": {"uv": [11, 9, 16, 16], "texture": "#5"}
			}
		}
	],
	"groups": [
		0,
		1,
		2,
		3,
		4,
		5,
		6,
		7,
		8,
		9,
		10,
		11,
		12,
		13,
		14,
		15,
		16,
		17,
		{
			"name": "group",
			"origin": [8, 8, 8],
			"color": 0,
			"children": [18, 19, 20, 21, 22, 23, 24, 25, 26, 27, 28, 29, 30, 31, 32, 33, 34, 35, 36, 37, 38, 39, 40, 41]
		}
	]
}