{
	"credit": "Made with Blockbench",
	"textures": {
		"1": "block/tall_flowers/lilac_middle",
		"2": "block/tall_flowers/lilac_side",
		"3": "block/tall_flowers/lilac_stem_bottom",
		"particle": "block/tall_flowers/lilac_bottom"
	},
	"elements": [
		{
			"from": [0, 0.60858, 16.71811],
			"to": [16, 16.60858, 16.71811],
			"rotation": {"angle": -22.5, "axis": "x", "origin": [8, 8.60858, 16.71811]},
			"faces": {
				"north": {"uv": [0, 0, 16, 16], "texture": "#1"},
				"south": {"uv": [16, 0, 0, 16], "texture": "#1"}
			}
		},
		{
			"from": [16.71903, 0.60896, 0],
			"to": [16.71903, 16.60896, 16],
			"rotation": {"angle": 22.5, "axis": "z", "origin": [16.71903, 8.60896, 8]},
			"faces": {
				"east": {"uv": [16, 0, 0, 16], "texture": "#1"},
				"west": {"uv": [0, 0, 16, 16], "texture": "#1"}
			}
		},
		{
			"from": [0, 0.60858, -0.71811],
			"to": [16, 16.60858, -0.71811],
			"rotation": {"angle": 22.5, "axis": "x", "origin": [8, 8.60858, -0.71811]},
			"faces": {
				"north": {"uv": [16, 0, 0, 16], "texture": "#1"},
				"south": {"uv": [0, 0, 16, 16], "texture": "#1"}
			}
		},
		{
			"from": [-0.71903, 0.60896, 0],
			"to": [-0.71903, 16.60896, 16],
			"rotation": {"angle": -22.5, "axis": "z", "origin": [-0.71903, 8.60896, 8]},
			"faces": {
				"east": {"uv": [0, 0, 16, 16], "texture": "#1"},
				"west": {"uv": [16, 0, 0, 16], "texture": "#1"}
			}
		},
		{
			"from": [9.07107, 0, 0.10051],
			"to": [19.07107, 16, 0.10051],
			"rotation": {"angle": 45, "axis": "y", "origin": [15.07107, 0, -1.89949]},
			"faces": {
				"north": {"uv": [6, 0, 16, 16], "texture": "#2"},
				"south": {"uv": [16, 0, 6, 16], "texture": "#2"}
			}
		},
		{
			"from": [-1.94975, 0, 14.02082],
			"to": [-1.94975, 16, 24.02082],
			"rotation": {"angle": -45, "axis": "y", "origin": [3.05025, 0, 20.02082]},
			"faces": {
				"east": {"uv": [6, 0, 16, 16], "texture": "#2"},
				"west": {"uv": [16, 0, 6, 16], "texture": "#2"}
			}
		},
		{
			"from": [-7.31371, 0, -1.65685],
			"to": [2.68629, 16, -1.65685],
			"rotation": {"angle": -45, "axis": "y", "origin": [-3.31371, 0, 2.34315]},
			"faces": {
				"north": {"uv": [16, 0, 6, 16], "texture": "#2"},
				"south": {"uv": [6, 0, 16, 16], "texture": "#2"}
			}
		},
		{
			"from": [13.31371, 0, 17.65685],
			"to": [23.31371, 16, 17.65685],
			"rotation": {"angle": -45, "axis": "y", "origin": [19.31371, 0, 13.65685]},
			"faces": {
				"north": {"uv": [6, 0, 16, 16], "texture": "#2"},
				"south": {"uv": [16, 0, 6, 16], "texture": "#2"}
			}
		},
		{
			"from": [1.31371, 0, 17.65685],
			"to": [13.31371, 16, 17.65685],
			"rotation": {"angle": -45, "axis": "y", "origin": [19.31371, 0, 13.65685]},
			"faces": {
				"north": {"uv": [14, 0, 2, 16], "texture": "#3"},
				"south": {"uv": [2, 0, 14, 16], "texture": "#3"}
			}
		},
		{
			"from": [8, 0, 2],
			"to": [8, 16, 14],
			"rotation": {"angle": -45, "axis": "y", "origin": [8, 8, 8]},
			"faces": {
				"east": {"uv": [14, 0, 2, 16], "texture": "#3"},
				"west": {"uv": [2, 0, 14, 16], "texture": "#3"}
			}
		}
	]
}