{
	"credit": "Made with Blockbench",
	"textures": {
		"1": "block/tall_flowers/peony_leaves",
		"3": "block/tall_flowers/peony_stem",
		"4": "block/tall_flowers/peony_leaves_side",
		"particle": "block/tall_flowers/peony_leaves"
	},
	"elements": [
		{
			"from": [2.34315, 0, 13.65685],
			"to": [18.34315, 16, 13.65685],
			"rotation": {"angle": 45, "axis": "y", "origin": [2.34315, 0, 13.65685]},
			"faces": {
				"north": {"uv": [16, 0, 0, 16], "texture": "#3"},
				"south": {"uv": [0, 0, 16, 16], "texture": "#3"}
			}
		},
		{
			"from": [-2.34315, 0, 13.65685],
			"to": [13.65685, 16, 13.65685],
			"rotation": {"angle": -45, "axis": "y", "origin": [13.65685, 0, 13.65685]},
			"faces": {
				"north": {"uv": [0, 0, 16, 16], "texture": "#3"},
				"south": {"uv": [16, 0, 0, 16], "texture": "#3"}
			}
		},
		{
			"from": [-7.94167, 10.92296, 0],
			"to": [8.05833, 10.92296, 16],
			"rotation": {"angle": 22.5, "axis": "z", "origin": [-7.23126, 11.92296, 0]},
			"faces": {
				"up": {"uv": [0, 0, 16, 16], "rotation": 90, "texture": "#1"},
				"down": {"uv": [16, 0, 0, 16], "rotation": 90, "texture": "#1"}
			}
		},
		{
			"from": [-0.06689, 16.88882, 7.82807],
			"to": [15.93311, 16.88882, 23.82807],
			"rotation": {"angle": 22.5, "axis": "x", "origin": [7.93311, 14.06054, 8]},
			"faces": {
				"up": {"uv": [0, 16, 16, 0], "rotation": 180, "texture": "#1"},
				"down": {"uv": [16, 16, 0, 0], "texture": "#1"}
			}
		},
		{
			"from": [-0.06689, 16.88882, -7.82807],
			"to": [15.93311, 16.88882, 8.17193],
			"rotation": {"angle": -22.5, "axis": "x", "origin": [7.93311, 14.06054, 8]},
			"faces": {
				"up": {"uv": [0, 0, 16, 16], "rotation": 180, "texture": "#1"},
				"down": {"uv": [16, 0, 0, 16], "texture": "#1"}
			}
		},
		{
			"from": [8.09749, 10.92296, 0],
			"to": [24.09749, 10.92296, 16],
			"rotation": {"angle": -22.5, "axis": "z", "origin": [23.09749, 11.92296, 0]},
			"faces": {
				"up": {"uv": [0, 16, 16, 0], "rotation": 90, "texture": "#1"},
				"down": {"uv": [16, 16, 0, 0], "rotation": 90, "texture": "#1"}
			}
		},
		{
			"from": [-0.06689, 9.67786, 8.31453],
			"to": [15.93311, 9.67786, 24.31453],
			"rotation": {"angle": 45, "axis": "x", "origin": [7.93311, 9.67786, 16.31453]},
			"faces": {
				"up": {"uv": [0, 16, 16, 0], "rotation": 180, "texture": "#1"},
				"down": {"uv": [16, 16, 0, 0], "texture": "#1"}
			}
		},
		{
			"from": [-8.11387, 9.78869, 0],
			"to": [7.88613, 9.78869, 16],
			"rotation": {"angle": 45, "axis": "z", "origin": [-0.11387, 9.78869, 8]},
			"faces": {
				"up": {"uv": [0, 0, 16, 16], "rotation": 90, "texture": "#1"},
				"down": {"uv": [16, 0, 0, 16], "rotation": 90, "texture": "#1"}
			}
		},
		{
			"from": [-0.06689, 9.67786, -8.31453],
			"to": [15.93311, 9.67786, 7.68547],
			"rotation": {"angle": -45, "axis": "x", "origin": [7.93311, 9.67786, -0.31453]},
			"faces": {
				"up": {"uv": [0, 0, 16, 16], "rotation": 180, "texture": "#1"},
				"down": {"uv": [16, 0, 0, 16], "texture": "#1"}
			}
		},
		{
			"from": [8.24765, 9.67786, 0],
			"to": [24.24765, 9.67786, 16],
			"rotation": {"angle": -45, "axis": "z", "origin": [16.24765, 9.67786, 8]},
			"faces": {
				"up": {"uv": [0, 16, 16, 0], "rotation": 90, "texture": "#1"},
				"down": {"uv": [16, 16, 0, 0], "rotation": 90, "texture": "#1"}
			}
		},
		{
			"from": [-6.64645, 2, 7.93934],
			"to": [2.35355, 18, 7.93934],
			"rotation": {"angle": -45, "axis": "y", "origin": [8.35355, 0, 6.93934]},
			"faces": {
				"north": {"uv": [0, 0, 9, 16], "texture": "#4"},
				"south": {"uv": [9, 0, 0, 16], "texture": "#4"}
			}
		},
		{
			"from": [13.64645, 2, 7.93934],
			"to": [22.64645, 18, 7.93934],
			"rotation": {"angle": 45, "axis": "y", "origin": [7.64645, 0, 6.93934]},
			"faces": {
				"north": {"uv": [9, 0, 0, 16], "texture": "#4"},
				"south": {"uv": [0, 0, 9, 16], "texture": "#4"}
			}
		},
		{
			"from": [-6.64645, 2, 8.06066],
			"to": [2.35355, 18, 8.06066],
			"rotation": {"angle": 45, "axis": "y", "origin": [8.35355, 0, 9.06066]},
			"faces": {
				"north": {"uv": [0, 0, 9, 16], "texture": "#4"},
				"south": {"uv": [9, 0, 0, 16], "texture": "#4"}
			}
		},
		{
			"from": [13.64645, 2, 8.06066],
			"to": [22.64645, 18, 8.06066],
			"rotation": {"angle": -45, "axis": "y", "origin": [7.64645, 0, 9.06066]},
			"faces": {
				"north": {"uv": [9, 0, 0, 16], "texture": "#4"},
				"south": {"uv": [0, 0, 9, 16], "texture": "#4"}
			}
		}
	]
}