{
	"credit": "Made with Blockbench",
	"textures": {
		"1": "block/tall_flowers/peony_leaves",
		"2": "block/tall_flowers/peony_flower",
		"particle": "block/tall_flowers/peony_leaves"
	},
	"elements": [
		{
			"from": [-7.94167, -1.07704, 0],
			"to": [8.05833, -1.07704, 16],
			"rotation": {"angle": 22.5, "axis": "z", "origin": [-7.23126, -0.07704, 0]},
			"faces": {
				"up": {"uv": [0, 0, 16, 16], "rotation": 90, "texture": "#1"},
				"down": {"uv": [16, 0, 0, 16], "rotation": 90, "texture": "#1"}
			}
		},
		{
			"from": [-0.06689, 4.88882, 7.82807],
			"to": [15.93311, 4.88882, 23.82807],
			"rotation": {"angle": 22.5, "axis": "x", "origin": [7.93311, 2.06054, 8]},
			"faces": {
				"up": {"uv": [0, 16, 16, 0], "rotation": 180, "texture": "#1"},
				"down": {"uv": [16, 16, 0, 0], "texture": "#1"}
			}
		},
		{
			"from": [-0.06689, 4.88882, -7.82807],
			"to": [15.93311, 4.88882, 8.17193],
			"rotation": {"angle": -22.5, "axis": "x", "origin": [7.93311, 2.06054, 8]},
			"faces": {
				"up": {"uv": [0, 0, 16, 16], "rotation": 180, "texture": "#1"},
				"down": {"uv": [16, 0, 0, 16], "texture": "#1"}
			}
		},
		{
			"from": [8.09749, -1.07704, 0],
			"to": [24.09749, -1.07704, 16],
			"rotation": {"angle": -22.5, "axis": "z", "origin": [23.09749, -0.07704, 0]},
			"faces": {
				"up": {"uv": [0, 16, 16, 0], "rotation": 90, "texture": "#1"},
				"down": {"uv": [16, 16, 0, 0], "rotation": 90, "texture": "#1"}
			}
		},
		{
			"from": [-3.48362, 1.69917, 6.71699],
			"to": [-0.78362, 4.39917, 9.41699],
			"rotation": {"angle": 0, "axis": "y", "origin": [-3.48362, -19.81083, 6.71699]},
			"faces": {
				"north": {"uv": [7, 1, 10, 4], "texture": "#2"},
				"east": {"uv": [7, 1, 10, 4], "texture": "#2"},
				"south": {"uv": [7, 1, 10, 4], "texture": "#2"},
				"west": {"uv": [7, 1, 10, 4], "texture": "#2"},
				"up": {"uv": [7, 1, 10, 4], "texture": "#2"},
				"down": {"uv": [7, 1, 10, 4], "texture": "#2"}
			}
		},
		{
			"from": [14.34692, 2.45923, -3.48336],
			"to": [18.84692, 2.45923, 1.01664],
			"rotation": {"angle": 22.5, "axis": "z", "origin": [16.59692, 2.45923, -1.23336]},
			"faces": {
				"up": {"uv": [0, 0, 5, 5], "rotation": 90, "texture": "#2"},
				"down": {"uv": [0, 0, 5, 5], "rotation": 90, "texture": "#2"}
			}
		},
		{
			"from": [7.48877, 2.45923, -3.48336],
			"to": [11.98877, 2.45923, 1.01664],
			"rotation": {"angle": -22.5, "axis": "z", "origin": [9.73877, 2.45923, -1.23336]},
			"faces": {
				"west": {"uv": [0, 0, 0, 5], "rotation": 270, "texture": "#2"},
				"up": {"uv": [5, 5, 0, 0], "rotation": 90, "texture": "#2"},
				"down": {"uv": [0, 5, 5, 0], "rotation": 90, "texture": "#2"}
			}
		},
		{
			"from": [10.91638, 2.46021, -0.05428],
			"to": [15.41638, 2.46021, 4.44572],
			"rotation": {"angle": -22.5, "axis": "x", "origin": [13.16638, 2.46021, 2.19572]},
			"faces": {
				"up": {"uv": [5, 5, 10, 10], "texture": "#2"},
				"down": {"uv": [5, 5, 10, 10], "rotation": 180, "texture": "#2"}
			}
		},
		{
			"from": [10.91638, 2.46021, -6.91243],
			"to": [15.41638, 2.46021, -2.41243],
			"rotation": {"angle": 22.5, "axis": "x", "origin": [13.16638, 2.46021, -4.66243]},
			"faces": {
				"up": {"uv": [0, 0, 5, 5], "texture": "#2"},
				"down": {"uv": [0, 0, 5, 5], "rotation": 180, "texture": "#2"}
			}
		},
		{
			"from": [9.62606, 2.2147, -3.48336],
			"to": [9.62606, 6.7147, 1.01664],
			"rotation": {"angle": -22.5, "axis": "z", "origin": [10.52606, -10.3853, -2.58336]},
			"faces": {
				"east": {"uv": [0, 0, 5, 5], "texture": "#2"},
				"west": {"uv": [0, 0, 5, 5], "texture": "#2"}
			}
		},
		{
			"from": [10.91638, 2.27486, -3.27609],
			"to": [15.41638, 6.77486, -3.27609],
			"rotation": {"angle": -22.5, "axis": "x", "origin": [13.16638, 3.67873, -1.23336]},
			"faces": {
				"north": {"uv": [0, 0, 5, 5], "texture": "#2"},
				"south": {"uv": [0, 0, 5, 5], "texture": "#2"}
			}
		},
		{
			"from": [10.91638, 2.27486, 0.80938],
			"to": [15.41638, 6.77486, 0.80938],
			"rotation": {"angle": 22.5, "axis": "x", "origin": [13.16638, 3.67873, -1.23336]},
			"faces": {
				"north": {"uv": [0, 0, 5, 5], "texture": "#2"},
				"south": {"uv": [0, 0, 5, 5], "texture": "#2"},
				"west": {"uv": [0, 0, 0, 5], "texture": "#2"}
			}
		},
		{
			"from": [16.7067, 2.2147, -3.48336],
			"to": [16.7067, 6.7147, 1.01664],
			"rotation": {"angle": 22.5, "axis": "z", "origin": [15.8067, -10.3853, -2.58336]},
			"faces": {
				"east": {"uv": [0, 0, 5, 5], "texture": "#2"},
				"west": {"uv": [0, 0, 5, 5], "texture": "#2"}
			}
		},
		{
			"from": [10.91638, 0.94099, -4.17435],
			"to": [15.41638, 5.44099, -4.17435],
			"rotation": {"angle": -45, "axis": "x", "origin": [13.16638, 3.19099, -4.17435]},
			"faces": {
				"north": {"uv": [0, 0, 5, 5], "texture": "#2"},
				"south": {"uv": [0, 0, 5, 5], "texture": "#2"}
			}
		},
		{
			"from": [10.91638, 2.63354, 1.70783],
			"to": [15.41638, 7.13354, 1.70783],
			"rotation": {"angle": 45, "axis": "x", "origin": [13.16638, 4.03741, -0.3349]},
			"faces": {
				"north": {"uv": [0, 0, 5, 5], "texture": "#2"},
				"east": {"uv": [0, 0, 0, 5], "texture": "#2"},
				"south": {"uv": [0, 0, 5, 5], "texture": "#2"},
				"west": {"uv": [0, 0, 5, 5], "texture": "#2"}
			}
		},
		{
			"from": [5.34406, 4.65371, -3.48336],
			"to": [5.34406, 9.15371, 1.01664],
			"rotation": {"angle": -45, "axis": "z", "origin": [6.24406, -7.94629, -2.58336]},
			"faces": {
				"east": {"uv": [0, 0, 5, 5], "texture": "#2"},
				"west": {"uv": [0, 0, 5, 5], "texture": "#2"}
			}
		},
		{
			"from": [20.98953, 4.65406, -3.48336],
			"to": [20.98953, 9.15406, 1.01664],
			"rotation": {"angle": 45, "axis": "z", "origin": [20.08953, -7.94594, -2.58336]},
			"faces": {
				"east": {"uv": [0, 0, 5, 5], "texture": "#2"},
				"west": {"uv": [0, 0, 5, 5], "texture": "#2"}
			}
		},
		{
			"from": [11.81638, 1.6, -2.58336],
			"to": [14.51638, 4.3, 0.11664],
			"rotation": {"angle": 0, "axis": "y", "origin": [10.91638, -9.2, -2.58336]},
			"faces": {
				"north": {"uv": [7, 1, 10, 4], "texture": "#2"},
				"east": {"uv": [7, 1, 10, 4], "texture": "#2"},
				"south": {"uv": [7, 1, 10, 4], "texture": "#2"},
				"west": {"uv": [7, 1, 10, 4], "texture": "#2"},
				"up": {"uv": [7, 1, 10, 4], "texture": "#2"},
				"down": {"uv": [7, 1, 10, 4], "texture": "#2"}
			}
		},
		{
			"from": [14.14692, 2.65923, 14.91664],
			"to": [18.64692, 2.65923, 19.41664],
			"rotation": {"angle": 22.5, "axis": "z", "origin": [16.39692, 2.65923, 17.16664]},
			"faces": {
				"up": {"uv": [0, 0, 5, 5], "rotation": 90, "texture": "#2"},
				"down": {"uv": [0, 0, 5, 5], "rotation": 90, "texture": "#2"}
			}
		},
		{
			"from": [7.28877, 2.65923, 14.91664],
			"to": [11.78877, 2.65923, 19.41664],
			"rotation": {"angle": -22.5, "axis": "z", "origin": [9.53877, 2.65923, 17.16664]},
			"faces": {
				"west": {"uv": [0, 0, 0, 5], "rotation": 270, "texture": "#2"},
				"up": {"uv": [5, 5, 0, 0], "rotation": 90, "texture": "#2"},
				"down": {"uv": [0, 5, 5, 0], "rotation": 90, "texture": "#2"}
			}
		},
		{
			"from": [10.71638, 2.66021, 18.34572],
			"to": [15.21638, 2.66021, 22.84572],
			"rotation": {"angle": -22.5, "axis": "x", "origin": [12.96638, 2.66021, 20.59572]},
			"faces": {
				"up": {"uv": [5, 5, 10, 10], "texture": "#2"},
				"down": {"uv": [5, 5, 10, 10], "rotation": 180, "texture": "#2"}
			}
		},
		{
			"from": [10.71638, 2.66021, 11.48757],
			"to": [15.21638, 2.66021, 15.98757],
			"rotation": {"angle": 22.5, "axis": "x", "origin": [12.96638, 2.66021, 13.73757]},
			"faces": {
				"up": {"uv": [0, 0, 5, 5], "texture": "#2"},
				"down": {"uv": [0, 0, 5, 5], "rotation": 180, "texture": "#2"}
			}
		},
		{
			"from": [9.42606, 2.4147, 14.91664],
			"to": [9.42606, 6.9147, 19.41664],
			"rotation": {"angle": -22.5, "axis": "z", "origin": [10.32606, -10.1853, 15.81664]},
			"faces": {
				"east": {"uv": [0, 0, 5, 5], "texture": "#2"},
				"west": {"uv": [0, 0, 5, 5], "texture": "#2"}
			}
		},
		{
			"from": [10.71638, 2.47486, 15.12391],
			"to": [15.21638, 6.97486, 15.12391],
			"rotation": {"angle": -22.5, "axis": "x", "origin": [12.96638, 3.87873, 17.16664]},
			"faces": {
				"north": {"uv": [0, 0, 5, 5], "texture": "#2"},
				"south": {"uv": [0, 0, 5, 5], "texture": "#2"}
			}
		},
		{
			"from": [10.71638, 2.47486, 19.20938],
			"to": [15.21638, 6.97486, 19.20938],
			"rotation": {"angle": 22.5, "axis": "x", "origin": [12.96638, 3.87873, 17.16664]},
			"faces": {
				"north": {"uv": [0, 0, 5, 5], "texture": "#2"},
				"south": {"uv": [0, 0, 5, 5], "texture": "#2"},
				"west": {"uv": [0, 0, 0, 5], "texture": "#2"}
			}
		},
		{
			"from": [16.5067, 2.4147, 14.91664],
			"to": [16.5067, 6.9147, 19.41664],
			"rotation": {"angle": 22.5, "axis": "z", "origin": [15.6067, -10.1853, 15.81664]},
			"faces": {
				"east": {"uv": [0, 0, 5, 5], "texture": "#2"},
				"west": {"uv": [0, 0, 5, 5], "texture": "#2"}
			}
		},
		{
			"from": [10.71638, 1.14099, 14.22565],
			"to": [15.21638, 5.64099, 14.22565],
			"rotation": {"angle": -45, "axis": "x", "origin": [12.96638, 3.39099, 14.22565]},
			"faces": {
				"north": {"uv": [0, 0, 5, 5], "texture": "#2"},
				"south": {"uv": [0, 0, 5, 5], "texture": "#2"}
			}
		},
		{
			"from": [10.71638, 2.83354, 20.10783],
			"to": [15.21638, 7.33354, 20.10783],
			"rotation": {"angle": 45, "axis": "x", "origin": [12.96638, 4.23741, 18.0651]},
			"faces": {
				"north": {"uv": [0, 0, 5, 5], "texture": "#2"},
				"east": {"uv": [0, 0, 0, 5], "texture": "#2"},
				"south": {"uv": [0, 0, 5, 5], "texture": "#2"},
				"west": {"uv": [0, 0, 5, 5], "texture": "#2"}
			}
		},
		{
			"from": [5.14406, 4.85371, 14.91664],
			"to": [5.14406, 9.35371, 19.41664],
			"rotation": {"angle": -45, "axis": "z", "origin": [6.04406, -7.74629, 15.81664]},
			"faces": {
				"east": {"uv": [0, 0, 5, 5], "texture": "#2"},
				"west": {"uv": [0, 0, 5, 5], "texture": "#2"}
			}
		},
		{
			"from": [20.78953, 4.85406, 14.91664],
			"to": [20.78953, 9.35406, 19.41664],
			"rotation": {"angle": 45, "axis": "z", "origin": [19.88953, -7.74594, 15.81664]},
			"faces": {
				"east": {"uv": [0, 0, 5, 5], "texture": "#2"},
				"west": {"uv": [0, 0, 5, 5], "texture": "#2"}
			}
		},
		{
			"from": [11.61638, 1.8, 15.81664],
			"to": [14.31638, 4.5, 18.51664],
			"rotation": {"angle": 0, "axis": "y", "origin": [10.71638, -9, 15.81664]},
			"faces": {
				"north": {"uv": [7, 1, 10, 4], "texture": "#2"},
				"east": {"uv": [7, 1, 10, 4], "texture": "#2"},
				"south": {"uv": [7, 1, 10, 4], "texture": "#2"},
				"west": {"uv": [7, 1, 10, 4], "texture": "#2"},
				"up": {"uv": [7, 1, 10, 4], "texture": "#2"},
				"down": {"uv": [7, 1, 10, 4], "texture": "#2"}
			}
		},
		{
			"from": [-0.38362, 1.8, 15.81664],
			"to": [2.31638, 4.5, 18.51664],
			"rotation": {"angle": -22.5, "axis": "x", "origin": [0.96638, -1.85, 17.16664]},
			"faces": {
				"north": {"uv": [7, 1, 10, 4], "texture": "#2"},
				"east": {"uv": [7, 1, 10, 4], "texture": "#2"},
				"south": {"uv": [7, 1, 10, 4], "texture": "#2"},
				"west": {"uv": [7, 1, 10, 4], "texture": "#2"},
				"up": {"uv": [7, 1, 10, 4], "texture": "#2"},
				"down": {"uv": [7, 1, 10, 4], "texture": "#2"}
			}
		},
		{
			"from": [15.61638, 3.81882, 8.82921],
			"to": [18.31638, 6.51882, 11.52921],
			"rotation": {"angle": -22.5, "axis": "z", "origin": [8.96638, 4.16882, 8.17921]},
			"faces": {
				"north": {"uv": [7, 1, 10, 4], "texture": "#2"},
				"east": {"uv": [7, 1, 10, 4], "texture": "#2"},
				"south": {"uv": [7, 1, 10, 4], "texture": "#2"},
				"west": {"uv": [7, 1, 10, 4], "texture": "#2"},
				"up": {"uv": [7, 1, 10, 4], "texture": "#2"},
				"down": {"uv": [7, 1, 10, 4], "texture": "#2"}
			}
		},
		{
			"from": [3.61638, -1.2, -4.18336],
			"to": [6.31638, 1.5, -1.48336],
			"rotation": {"angle": 22.5, "axis": "x", "origin": [4.96638, -0.85, 0.16664]},
			"faces": {
				"north": {"uv": [7, 1, 10, 4], "texture": "#2"},
				"east": {"uv": [7, 1, 10, 4], "texture": "#2"},
				"south": {"uv": [7, 1, 10, 4], "texture": "#2"},
				"west": {"uv": [7, 1, 10, 4], "texture": "#2"},
				"up": {"uv": [7, 1, 10, 4], "texture": "#2"},
				"down": {"uv": [7, 1, 10, 4], "texture": "#2"}
			}
		},
		{
			"from": [5.68953, 4.75406, 5.81664],
			"to": [5.68953, 9.25406, 10.31664],
			"rotation": {"angle": 45, "axis": "z", "origin": [4.78953, -7.84594, 6.71664]},
			"faces": {
				"east": {"uv": [0, 0, 5, 5], "texture": "#2"},
				"west": {"uv": [0, 0, 5, 5], "texture": "#2"}
			}
		},
		{
			"from": [-5.67394, 2.3147, 5.81664],
			"to": [-5.67394, 6.8147, 10.31664],
			"rotation": {"angle": -22.5, "axis": "z", "origin": [-4.77394, -10.2853, 6.71664]},
			"faces": {
				"east": {"uv": [0, 0, 5, 5], "texture": "#2"},
				"west": {"uv": [0, 0, 5, 5], "texture": "#2"}
			}
		},
		{
			"from": [-4.38362, 2.37486, 6.02391],
			"to": [0.11638, 6.87486, 6.02391],
			"rotation": {"angle": -22.5, "axis": "x", "origin": [-2.13362, 3.77873, 8.06664]},
			"faces": {
				"north": {"uv": [0, 0, 5, 5], "texture": "#2"},
				"south": {"uv": [0, 0, 5, 5], "texture": "#2"}
			}
		},
		{
			"from": [-4.38362, 2.37486, 10.10938],
			"to": [0.11638, 6.87486, 10.10938],
			"rotation": {"angle": 22.5, "axis": "x", "origin": [-2.13362, 3.77873, 8.06664]},
			"faces": {
				"north": {"uv": [0, 0, 5, 5], "texture": "#2"},
				"south": {"uv": [0, 0, 5, 5], "texture": "#2"},
				"west": {"uv": [0, 0, 0, 5], "texture": "#2"}
			}
		},
		{
			"from": [1.4067, 2.3147, 5.81664],
			"to": [1.4067, 6.8147, 10.31664],
			"rotation": {"angle": 22.5, "axis": "z", "origin": [0.5067, -10.2853, 6.71664]},
			"faces": {
				"east": {"uv": [0, 0, 5, 5], "texture": "#2"},
				"west": {"uv": [0, 0, 5, 5], "texture": "#2"}
			}
		},
		{
			"from": [-9.95594, 4.75371, 5.81664],
			"to": [-9.95594, 9.25371, 10.31664],
			"rotation": {"angle": -45, "axis": "z", "origin": [-9.05594, -7.84629, 6.71664]},
			"faces": {
				"east": {"uv": [0, 0, 5, 5], "texture": "#2"},
				"west": {"uv": [0, 0, 5, 5], "texture": "#2"}
			}
		},
		{
			"from": [-4.38362, 1.04099, 5.12565],
			"to": [0.11638, 5.54099, 5.12565],
			"rotation": {"angle": -45, "axis": "x", "origin": [-2.13362, 3.29099, 5.12565]},
			"faces": {
				"north": {"uv": [0, 0, 5, 5], "texture": "#2"},
				"south": {"uv": [0, 0, 5, 5], "texture": "#2"}
			}
		},
		{
			"from": [-4.38362, 2.56021, 2.38757],
			"to": [0.11638, 2.56021, 6.88757],
			"rotation": {"angle": 22.5, "axis": "x", "origin": [-2.13362, 2.56021, 4.63757]},
			"faces": {
				"up": {"uv": [0, 0, 5, 5], "texture": "#2"},
				"down": {"uv": [0, 0, 5, 5], "rotation": 180, "texture": "#2"}
			}
		},
		{
			"from": [-4.38362, 2.56021, 9.24572],
			"to": [0.11638, 2.56021, 13.74572],
			"rotation": {"angle": -22.5, "axis": "x", "origin": [-2.13362, 2.56021, 11.49572]},
			"faces": {
				"up": {"uv": [5, 5, 10, 10], "texture": "#2"},
				"down": {"uv": [5, 5, 10, 10], "rotation": 180, "texture": "#2"}
			}
		},
		{
			"from": [-0.95308, 2.55923, 5.81664],
			"to": [3.54692, 2.55923, 10.31664],
			"rotation": {"angle": 22.5, "axis": "z", "origin": [1.29692, 2.55923, 8.06664]},
			"faces": {
				"up": {"uv": [0, 0, 5, 5], "rotation": 90, "texture": "#2"},
				"down": {"uv": [0, 0, 5, 5], "rotation": 90, "texture": "#2"}
			}
		},
		{
			"from": [-7.81123, 2.55923, 5.81664],
			"to": [-3.31123, 2.55923, 10.31664],
			"rotation": {"angle": -22.5, "axis": "z", "origin": [-5.56123, 2.55923, 8.06664]},
			"faces": {
				"west": {"uv": [0, 0, 0, 5], "rotation": 270, "texture": "#2"},
				"up": {"uv": [5, 5, 0, 0], "rotation": 90, "texture": "#2"},
				"down": {"uv": [0, 5, 5, 0], "rotation": 90, "texture": "#2"}
			}
		},
		{
			"from": [-4.38362, 2.73354, 11.00783],
			"to": [0.11638, 7.23354, 11.00783],
			"rotation": {"angle": 45, "axis": "x", "origin": [-2.13362, 4.13741, 8.9651]},
			"faces": {
				"north": {"uv": [0, 0, 5, 5], "texture": "#2"},
				"east": {"uv": [0, 0, 0, 5], "texture": "#2"},
				"south": {"uv": [0, 0, 5, 5], "texture": "#2"},
				"west": {"uv": [0, 0, 5, 5], "texture": "#2"}
			}
		}
	],
	"groups": [
		0,
		1,
		2,
		3,
		{
			"name": "group",
			"origin": [8, 8, 8],
			"color": 0,
			"children": [4, 5, 6, 7, 8, 9, 10, 11, 12, 13, 14, 15, 16, 17, 18, 19, 20, 21, 22, 23, 24, 25, 26, 27, 28, 29, 30, 31, 32, 33, 34, 35, 36, 37, 38, 39, 40, 41, 42, 43, 44, 45]
		}
	]
}