{
	"credit": "Made with Blockbench",
	"textures": {
		"0": "block/tall_flowers/rose_bush_top",
		"2": "block/tall_flowers/rose_stem_top",
		"4": "block/tall_flowers/rose",
		"particle": "block/tall_flowers/rose_bush_top"
	},
	"elements": [
		{
			"from": [8, 0, 0],
			"to": [8, 12, 16],
			"rotation": {"angle": -45, "axis": "y", "origin": [8, 8, 8]},
			"faces": {
				"east": {"uv": [16, 4, 0, 16], "texture": "#2"},
				"west": {"uv": [0, 4, 16, 16], "texture": "#2"}
			}
		},
		{
			"from": [8, 0, 0],
			"to": [8, 12, 16],
			"rotation": {"angle": 45, "axis": "y", "origin": [8, 8, 8]},
			"faces": {
				"east": {"uv": [16, 4, 0, 16], "texture": "#2"},
				"west": {"uv": [0, 4, 16, 16], "texture": "#2"}
			}
		},
		{
			"from": [1, 7.24009, 6.97452],
			"to": [15, 7.24009, 20.97452],
			"rotation": {"angle": 22.5, "axis": "x", "origin": [8, 4.76537, 8]},
			"faces": {
				"up": {"uv": [14, 0, 0, 14], "rotation": 90, "texture": "#0"},
				"down": {"uv": [14, 14, 0, 0], "rotation": 270, "texture": "#0"}
			}
		},
		{
			"from": [6.97452, 7.24009, 1],
			"to": [20.97452, 7.24009, 15],
			"rotation": {"angle": -22.5, "axis": "z", "origin": [8, 4.76537, 8]},
			"faces": {
				"up": {"uv": [0, 14, 14, 0], "rotation": 180, "texture": "#0"},
				"down": {"uv": [0, 0, 14, 14], "rotation": 180, "texture": "#0"}
			}
		},
		{
			"from": [-4.97452, 7.24009, 1],
			"to": [9.02548, 7.24009, 15],
			"rotation": {"angle": 22.5, "axis": "z", "origin": [8, 4.76537, 8]},
			"faces": {
				"up": {"uv": [14, 0, 0, 14], "rotation": 180, "texture": "#0"},
				"down": {"uv": [14, 14, 0, 0], "rotation": 180, "texture": "#0"}
			}
		},
		{
			"from": [1, 7.24009, -4.97452],
			"to": [15, 7.24009, 9.02548],
			"rotation": {"angle": -22.5, "axis": "x", "origin": [8, 4.76537, 8]},
			"faces": {
				"up": {"uv": [0, 14, 14, 0], "rotation": 90, "texture": "#0"},
				"down": {"uv": [0, 0, 14, 14], "rotation": 270, "texture": "#0"}
			}
		},
		{
			"from": [7, 7, 11],
			"to": [9, 8, 13],
			"rotation": {"angle": 0, "axis": "y", "origin": [7, -14, 11]},
			"faces": {
				"north": {"uv": [10, 4, 8, 3], "texture": "#4"},
				"east": {"uv": [9, 3, 10, 5], "rotation": 90, "texture": "#4"},
				"south": {"uv": [8, 4, 10, 5], "texture": "#4"},
				"west": {"uv": [9, 5, 8, 3], "rotation": 90, "texture": "#4"},
				"up": {"uv": [8, 3, 10, 5], "texture": "#4"},
				"down": {"uv": [8, 5, 10, 3], "texture": "#4"}
			}
		},
		{
			"from": [15.5, 3.56066, 5.93934],
			"to": [18.5, 6.56066, 5.93934],
			"rotation": {"angle": -45, "axis": "x", "origin": [17, 5.06066, 5.93934]},
			"faces": {
				"north": {"uv": [6, 2, 3, 5], "texture": "#4"},
				"south": {"uv": [3, 2, 6, 5], "texture": "#4"}
			}
		},
		{
			"from": [18.57403, 3.88582, 6.5],
			"to": [18.57403, 6.88582, 9.5],
			"rotation": {"angle": -22.5, "axis": "z", "origin": [18.57403, 5.38582, 9]},
			"faces": {
				"east": {"uv": [3, 2, 6, 5], "texture": "#4"},
				"west": {"uv": [6, 2, 3, 5], "texture": "#4"}
			}
		},
		{
			"from": [19.06088, 3.56098, 6.5],
			"to": [19.06088, 6.56098, 9.5],
			"rotation": {"angle": -45, "axis": "z", "origin": [19.06088, 5.06098, 8]},
			"faces": {
				"east": {"uv": [3, 2, 6, 5], "texture": "#4"},
				"west": {"uv": [6, 2, 3, 5], "texture": "#4"}
			}
		},
		{
			"from": [15.5, 4.48817, 9.45421],
			"to": [18.5, 7.48817, 9.45421],
			"rotation": {"angle": 22.5, "axis": "x", "origin": [17, 5.38582, 8]},
			"faces": {
				"north": {"uv": [6, 2, 3, 5], "texture": "#4"},
				"south": {"uv": [3, 2, 6, 5], "texture": "#4"}
			}
		},
		{
			"from": [15.5, 3.56098, 10.06088],
			"to": [18.5, 6.56098, 10.06088],
			"rotation": {"angle": 45, "axis": "x", "origin": [17, 5.06098, 10.06088]},
			"faces": {
				"north": {"uv": [6, 2, 3, 5], "texture": "#4"},
				"south": {"uv": [3, 2, 6, 5], "texture": "#4"}
			}
		},
		{
			"from": [14.93934, 3.56066, 6.5],
			"to": [14.93934, 6.56066, 9.5],
			"rotation": {"angle": 45, "axis": "z", "origin": [14.93934, 5.06066, 8]},
			"faces": {
				"east": {"uv": [3, 2, 6, 5], "texture": "#4"},
				"west": {"uv": [6, 2, 3, 5], "texture": "#4"}
			}
		},
		{
			"from": [15.42597, 3.88582, 6.5],
			"to": [15.42597, 6.88582, 9.5],
			"rotation": {"angle": 22.5, "axis": "z", "origin": [15.42597, 5.38582, 8.5]},
			"faces": {
				"east": {"uv": [3, 2, 6, 5], "texture": "#4"},
				"west": {"uv": [6, 2, 3, 5], "texture": "#4"}
			}
		},
		{
			"from": [15.5, 4.48817, 6.54579],
			"to": [18.5, 7.48817, 6.54579],
			"rotation": {"angle": -22.5, "axis": "x", "origin": [17, 5.38582, 8]},
			"faces": {
				"north": {"uv": [6, 2, 3, 5], "texture": "#4"},
				"south": {"uv": [3, 2, 6, 5], "texture": "#4"}
			}
		},
		{
			"from": [16, 4, 7],
			"to": [18, 5, 9],
			"rotation": {"angle": 0, "axis": "y", "origin": [16, -17, 7]},
			"faces": {
				"north": {"uv": [10, 4, 8, 3], "texture": "#4"},
				"east": {"uv": [9, 3, 10, 5], "rotation": 90, "texture": "#4"},
				"south": {"uv": [8, 4, 10, 5], "texture": "#4"},
				"west": {"uv": [9, 5, 8, 3], "rotation": 90, "texture": "#4"},
				"up": {"uv": [8, 3, 10, 5], "texture": "#4"},
				"down": {"uv": [8, 5, 10, 3], "texture": "#4"}
			}
		},
		{
			"from": [-1.99998, 5.04372, 6.25289],
			"to": [1.00002, 8.04372, 6.25289],
			"rotation": {"angle": -22.5, "axis": "x", "origin": [8.50002, 5.14295, 9]},
			"faces": {
				"north": {"uv": [6, 2, 3, 5], "texture": "#4"},
				"south": {"uv": [3, 2, 6, 5], "texture": "#4"}
			}
		},
		{
			"from": [1.54638, 1.02553, 5.99998],
			"to": [1.54638, 4.02553, 8.99998],
			"rotation": {"angle": -22.5, "axis": "z", "origin": [8.50002, 5.14295, 9]},
			"faces": {
				"east": {"uv": [6, 2, 3, 5], "texture": "#4"},
				"west": {"uv": [3, 2, 6, 5], "texture": "#4"}
			}
		},
		{
			"from": [-1.17616, 7.91384, 5.99998],
			"to": [-1.17616, 10.91384, 8.99998],
			"rotation": {"angle": 22.5, "axis": "z", "origin": [8.50002, 5.14295, 9]},
			"faces": {
				"east": {"uv": [6, 2, 3, 5], "texture": "#4"},
				"west": {"uv": [3, 2, 6, 5], "texture": "#4"}
			}
		},
		{
			"from": [-1.99998, 3.89565, 8.97543],
			"to": [1.00002, 6.89565, 8.97543],
			"rotation": {"angle": 22.5, "axis": "x", "origin": [8.50002, 5.14295, 9]},
			"faces": {
				"north": {"uv": [6, 2, 3, 5], "texture": "#4"},
				"south": {"uv": [3, 2, 6, 5], "texture": "#4"}
			}
		},
		{
			"from": [3.65136, -1.32209, 5.99998],
			"to": [3.65136, 1.67791, 8.99998],
			"rotation": {"angle": -45, "axis": "z", "origin": [8.50002, 5.14295, 9]},
			"faces": {
				"east": {"uv": [6, 2, 3, 5], "texture": "#4"},
				"west": {"uv": [3, 2, 6, 5], "texture": "#4"}
			}
		},
		{
			"from": [0.62084, 11.40621, 5.99998],
			"to": [0.62084, 14.40621, 8.99998],
			"rotation": {"angle": 45, "axis": "z", "origin": [8.50002, 5.14295, 9]},
			"faces": {
				"east": {"uv": [6, 2, 3, 5], "texture": "#4"},
				"west": {"uv": [3, 2, 6, 5], "texture": "#4"}
			}
		},
		{
			"from": [-1.99998, 3.98158, 9.45454],
			"to": [1.00002, 6.98158, 9.45454],
			"rotation": {"angle": 45, "axis": "x", "origin": [8.50002, 5.14295, 9]},
			"faces": {
				"north": {"uv": [6, 2, 3, 5], "texture": "#4"},
				"south": {"uv": [3, 2, 6, 5], "texture": "#4"}
			}
		},
		{
			"from": [-1.99998, 6.10255, 6.42403],
			"to": [1.00002, 9.10255, 6.42403],
			"rotation": {"angle": -45, "axis": "x", "origin": [8.50002, 5.14295, 9]},
			"faces": {
				"north": {"uv": [6, 2, 3, 5], "texture": "#4"},
				"south": {"uv": [3, 2, 6, 5], "texture": "#4"}
			}
		},
		{
			"from": [-1.49998, 4, 6.49998],
			"to": [0.50002, 5, 8.49998],
			"rotation": {"angle": 0, "axis": "y", "origin": [8.50002, 5.14295, 9]},
			"faces": {
				"north": {"uv": [9, 5, 8, 3], "rotation": 90, "texture": "#4"},
				"east": {"uv": [10, 4, 8, 3], "texture": "#4"},
				"south": {"uv": [9, 3, 10, 5], "rotation": 90, "texture": "#4"},
				"west": {"uv": [8, 4, 10, 5], "texture": "#4"},
				"up": {"uv": [8, 3, 10, 5], "rotation": 90, "texture": "#4"},
				"down": {"uv": [8, 5, 10, 3], "rotation": 270, "texture": "#4"}
			}
		},
		{
			"from": [5.42597, 5.88582, 1.5],
			"to": [5.42597, 8.88582, 4.5],
			"rotation": {"angle": 22.5, "axis": "z", "origin": [5.42597, 7.38582, 2.5]},
			"faces": {
				"east": {"uv": [6, 2, 3, 5], "texture": "#4"},
				"west": {"uv": [3, 2, 6, 5], "texture": "#4"}
			}
		},
		{
			"from": [5.5, 6.48817, 4.45421],
			"to": [8.5, 9.48817, 4.45421],
			"rotation": {"angle": 22.5, "axis": "x", "origin": [7, 7.38582, 3]},
			"faces": {
				"north": {"uv": [6, 2, 3, 5], "texture": "#4"},
				"south": {"uv": [3, 2, 6, 5], "texture": "#4"}
			}
		},
		{
			"from": [5.5, 6.48817, 1.54579],
			"to": [8.5, 9.48817, 1.54579],
			"rotation": {"angle": -22.5, "axis": "x", "origin": [7, 7.38582, 3]},
			"faces": {
				"north": {"uv": [6, 2, 3, 5], "texture": "#4"},
				"south": {"uv": [3, 2, 6, 5], "texture": "#4"}
			}
		},
		{
			"from": [8.57403, 5.88582, 1.5],
			"to": [8.57403, 8.88582, 4.5],
			"rotation": {"angle": -22.5, "axis": "z", "origin": [8.57403, 7.38582, 2]},
			"faces": {
				"east": {"uv": [6, 2, 3, 5], "texture": "#4"},
				"west": {"uv": [3, 2, 6, 5], "texture": "#4"}
			}
		},
		{
			"from": [5.5, 5.56066, 5.06066],
			"to": [8.5, 8.56066, 5.06066],
			"rotation": {"angle": 45, "axis": "x", "origin": [7, 7.06066, 5.06066]},
			"faces": {
				"north": {"uv": [6, 2, 3, 5], "texture": "#4"},
				"south": {"uv": [3, 2, 6, 5], "texture": "#4"}
			}
		},
		{
			"from": [5.5, 5.56098, 0.93912],
			"to": [8.5, 8.56098, 0.93912],
			"rotation": {"angle": -45, "axis": "x", "origin": [7, 7.06098, 0.93912]},
			"faces": {
				"north": {"uv": [6, 2, 3, 5], "texture": "#4"},
				"south": {"uv": [3, 2, 6, 5], "texture": "#4"}
			}
		},
		{
			"from": [9.06088, 5.56098, 1.5],
			"to": [9.06088, 8.56098, 4.5],
			"rotation": {"angle": -45, "axis": "z", "origin": [9.06088, 7.06098, 3]},
			"faces": {
				"east": {"uv": [6, 2, 3, 5], "texture": "#4"},
				"west": {"uv": [3, 2, 6, 5], "texture": "#4"}
			}
		},
		{
			"from": [4.93934, 5.56066, 1.5],
			"to": [4.93934, 8.56066, 4.5],
			"rotation": {"angle": 45, "axis": "z", "origin": [4.93934, 7.06066, 3]},
			"faces": {
				"east": {"uv": [6, 2, 3, 5], "texture": "#4"},
				"west": {"uv": [3, 2, 6, 5], "texture": "#4"}
			}
		},
		{
			"from": [6, 6, 2],
			"to": [8, 7, 4],
			"rotation": {"angle": 0, "axis": "y", "origin": [6, -15, 4]},
			"faces": {
				"north": {"uv": [10, 4, 8, 5], "texture": "#4"},
				"east": {"uv": [9, 5, 10, 3], "rotation": 90, "texture": "#4"},
				"south": {"uv": [8, 4, 10, 3], "texture": "#4"},
				"west": {"uv": [9, 3, 8, 5], "rotation": 90, "texture": "#4"},
				"up": {"uv": [8, 5, 10, 3], "texture": "#4"},
				"down": {"uv": [8, 3, 10, 5], "texture": "#4"}
			}
		},
		{
			"from": [5.93934, 6.56066, 10.5],
			"to": [5.93934, 9.56066, 13.5],
			"rotation": {"angle": 45, "axis": "z", "origin": [5.93934, 8.06066, 12]},
			"faces": {
				"east": {"uv": [3, 2, 6, 5], "texture": "#4"},
				"west": {"uv": [6, 2, 3, 5], "texture": "#4"}
			}
		},
		{
			"from": [10.06088, 6.56098, 10.5],
			"to": [10.06088, 9.56098, 13.5],
			"rotation": {"angle": -45, "axis": "z", "origin": [10.06088, 8.06098, 12]},
			"faces": {
				"east": {"uv": [3, 2, 6, 5], "texture": "#4"},
				"west": {"uv": [6, 2, 3, 5], "texture": "#4"}
			}
		},
		{
			"from": [6.5, 6.56098, 14.06088],
			"to": [9.5, 9.56098, 14.06088],
			"rotation": {"angle": 45, "axis": "x", "origin": [8, 8.06098, 14.06088]},
			"faces": {
				"north": {"uv": [6, 2, 3, 5], "texture": "#4"},
				"south": {"uv": [3, 2, 6, 5], "texture": "#4"}
			}
		},
		{
			"from": [6.5, 6.56066, 9.93934],
			"to": [9.5, 9.56066, 9.93934],
			"rotation": {"angle": -45, "axis": "x", "origin": [8, 8.06066, 9.93934]},
			"faces": {
				"north": {"uv": [6, 2, 3, 5], "texture": "#4"},
				"south": {"uv": [3, 2, 6, 5], "texture": "#4"}
			}
		},
		{
			"from": [9.57403, 6.88582, 10.5],
			"to": [9.57403, 9.88582, 13.5],
			"rotation": {"angle": -22.5, "axis": "z", "origin": [9.57403, 8.38582, 13]},
			"faces": {
				"east": {"uv": [3, 2, 6, 5], "texture": "#4"},
				"west": {"uv": [6, 2, 3, 5], "texture": "#4"}
			}
		},
		{
			"from": [6.5, 7.48817, 13.45421],
			"to": [9.5, 10.48817, 13.45421],
			"rotation": {"angle": 22.5, "axis": "x", "origin": [8, 8.38582, 12]},
			"faces": {
				"north": {"uv": [6, 2, 3, 5], "texture": "#4"},
				"south": {"uv": [3, 2, 6, 5], "texture": "#4"}
			}
		},
		{
			"from": [6.5, 7.48817, 10.54579],
			"to": [9.5, 10.48817, 10.54579],
			"rotation": {"angle": -22.5, "axis": "x", "origin": [8, 8.38582, 12]},
			"faces": {
				"north": {"uv": [6, 2, 3, 5], "texture": "#4"},
				"south": {"uv": [3, 2, 6, 5], "texture": "#4"}
			}
		},
		{
			"from": [6.42597, 6.88582, 10.5],
			"to": [6.42597, 9.88582, 13.5],
			"rotation": {"angle": 22.5, "axis": "z", "origin": [6.42597, 8.38582, 12.5]},
			"faces": {
				"east": {"uv": [3, 2, 6, 5], "texture": "#4"},
				"west": {"uv": [6, 2, 3, 5], "texture": "#4"}
			}
		}
	],
	"groups": [
		0,
		1,
		2,
		3,
		4,
		5,
		{
			"name": "rose",
			"origin": [-0.57403, 22.38582, 1.5],
			"color": 0,
			"children": [6, 7, 8, 9, 10, 11, 12, 13, 14, 15, 16, 17, 18, 19, 20, 21, 22, 23, 24, 25, 26, 27, 28, 29, 30, 31, 32, 33, 34, 35, 36, 37, 38, 39, 40, 41]
		}
	]
}