{
	"credit": "Made with Blockbench",
	"textures": {
		"0": "block/tall_flowers/rose_bush_top",
		"1": "block/tall_flowers/rose_stem_bottom",
		"2": "block/tall_flowers/rose_bush_side",
		"3": "block/tall_flowers/rose",
		"particle": "block/tall_flowers/rose_bush_top"
	},
	"elements": [
		{
			"from": [8, 0, 0],
			"to": [8, 16, 16],
			"rotation": {"angle": -45, "axis": "y", "origin": [8, 8, 8]},
			"faces": {
				"east": {"uv": [16, 0, 0, 16], "texture": "#1"},
				"west": {"uv": [0, 0, 16, 16], "texture": "#1"}
			}
		},
		{
			"from": [8, 0, 0],
			"to": [8, 16, 16],
			"rotation": {"angle": 45, "axis": "y", "origin": [8, 8, 8]},
			"faces": {
				"east": {"uv": [16, 0, 0, 16], "texture": "#1"},
				"west": {"uv": [0, 0, 16, 16], "texture": "#1"}
			}
		},
		{
			"from": [6.97452, 10.09204, 1],
			"to": [20.97452, 10.09204, 15],
			"rotation": {"angle": -22.5, "axis": "z", "origin": [8, 7.61732, 8]},
			"faces": {
				"up": {"uv": [14, 0, 0, 14], "texture": "#0"},
				"down": {"uv": [14, 14, 0, 0], "texture": "#0"}
			}
		},
		{
			"from": [-4.97452, 10.09204, 1],
			"to": [9.02548, 10.09204, 15],
			"rotation": {"angle": 22.5, "axis": "z", "origin": [8, 7.61732, 8]},
			"faces": {
				"up": {"uv": [0, 0, 14, 14], "texture": "#0"},
				"down": {"uv": [0, 14, 14, 0], "texture": "#0"}
			}
		},
		{
			"from": [1, 10.09204, 6.97452],
			"to": [15, 10.09204, 20.97452],
			"rotation": {"angle": 22.5, "axis": "x", "origin": [8, 7.61732, 8]},
			"faces": {
				"up": {"uv": [14, 0, 0, 14], "rotation": 90, "texture": "#0"},
				"down": {"uv": [14, 14, 0, 0], "rotation": 270, "texture": "#0"}
			}
		},
		{
			"from": [1, 10.09204, -4.97452],
			"to": [15, 10.09204, 9.02548],
			"rotation": {"angle": -22.5, "axis": "x", "origin": [8, 7.61732, 8]},
			"faces": {
				"up": {"uv": [0, 0, 14, 14], "rotation": 90, "texture": "#0"},
				"down": {"uv": [0, 14, 14, 0], "rotation": 270, "texture": "#0"}
			}
		},
		{
			"from": [1, 13.61732, 9.46677],
			"to": [15, 13.61732, 23.46677],
			"rotation": {"angle": 45, "axis": "x", "origin": [8, 12.61732, 14.46677]},
			"faces": {
				"up": {"uv": [14, 0, 0, 14], "rotation": 90, "texture": "#0"},
				"down": {"uv": [14, 14, 0, 0], "rotation": 270, "texture": "#0"}
			}
		},
		{
			"from": [-7.46677, 14.61732, 1],
			"to": [6.53323, 14.61732, 15],
			"rotation": {"angle": 45, "axis": "z", "origin": [1.53323, 12.61732, 8]},
			"faces": {
				"up": {"uv": [0, 14, 14, 0], "texture": "#0"},
				"down": {"uv": [0, 0, 14, 14], "texture": "#0"}
			}
		},
		{
			"from": [1, 13.61732, -7.46677],
			"to": [15, 13.61732, 6.53323],
			"rotation": {"angle": -45, "axis": "x", "origin": [8, 12.61732, 1.53323]},
			"faces": {
				"up": {"uv": [0, 14, 14, 0], "rotation": 90, "texture": "#0"},
				"down": {"uv": [0, 0, 14, 14], "rotation": 270, "texture": "#0"}
			}
		},
		{
			"from": [9.46677, 14.61732, 1],
			"to": [23.46677, 14.61732, 15],
			"rotation": {"angle": -45, "axis": "z", "origin": [14.46677, 12.61732, 8]},
			"faces": {
				"up": {"uv": [14, 0, 0, 14], "texture": "#0"},
				"down": {"uv": [14, 14, 0, 0], "texture": "#0"}
			}
		},
		{
			"from": [13.65685, 3, -4.65685],
			"to": [13.65685, 19, 2.34315],
			"rotation": {"angle": -45, "axis": "y", "origin": [13.65685, 4, 2.34315]},
			"faces": {
				"north": {"uv": [0, 0, 0, 16], "texture": "#2"},
				"east": {"uv": [0, 0, 7, 16], "texture": "#2"},
				"south": {"uv": [0, 0, 0, 16], "texture": "#2"},
				"west": {"uv": [7, 0, 0, 16], "texture": "#2"}
			}
		},
		{
			"from": [2.34315, 3, 13.65685],
			"to": [2.34315, 19, 20.65685],
			"rotation": {"angle": -45, "axis": "y", "origin": [2.34315, 4, 13.65685]},
			"faces": {
				"north": {"uv": [0, 0, 0, 16], "texture": "#2"},
				"east": {"uv": [7, 0, 0, 16], "texture": "#2"},
				"south": {"uv": [0, 0, 0, 16], "texture": "#2"},
				"west": {"uv": [0, 0, 7, 16], "texture": "#2"}
			}
		},
		{
			"from": [13.65756, 3, 13.65615],
			"to": [20.65756, 19, 13.65615],
			"rotation": {"angle": -45, "axis": "y", "origin": [13.65756, 4, 13.65615]},
			"faces": {
				"north": {"uv": [7, 0, 0, 16], "texture": "#2"},
				"east": {"uv": [0, 0, 0, 16], "texture": "#2"},
				"south": {"uv": [0, 0, 7, 16], "texture": "#2"},
				"west": {"uv": [0, 0, 0, 16], "texture": "#2"}
			}
		},
		{
			"from": [-4.65615, 3, 2.34244],
			"to": [2.34385, 19, 2.34244],
			"rotation": {"angle": -45, "axis": "y", "origin": [2.34385, 4, 2.34244]},
			"faces": {
				"north": {"uv": [0, 0, 7, 16], "texture": "#2"},
				"east": {"uv": [0, 0, 0, 16], "texture": "#2"},
				"south": {"uv": [7, 0, 0, 16], "texture": "#2"},
				"west": {"uv": [0, 0, 0, 16], "texture": "#2"}
			}
		},
		{
			"from": [-6, 9, 7],
			"to": [-4, 10, 9],
			"rotation": {"angle": 0, "axis": "y", "origin": [-4, -12, 9]},
			"faces": {
				"north": {"uv": [8, 4, 10, 5], "texture": "#3"},
				"east": {"uv": [9, 5, 8, 3], "rotation": 90, "texture": "#3"},
				"south": {"uv": [10, 4, 8, 3], "texture": "#3"},
				"west": {"uv": [9, 3, 10, 5], "rotation": 90, "texture": "#3"},
				"up": {"uv": [10, 5, 8, 3], "texture": "#3"},
				"down": {"uv": [10, 3, 8, 5], "texture": "#3"}
			}
		},
		{
			"from": [19.42597, 8.88582, 6.5],
			"to": [19.42597, 11.88582, 9.5],
			"rotation": {"angle": 22.5, "axis": "z", "origin": [19.42597, 10.38582, 8.5]},
			"faces": {
				"north": {"uv": [0, 0, 0, 3], "texture": "#3"},
				"east": {"uv": [3, 2, 6, 5], "texture": "#3"},
				"south": {"uv": [0, 0, 0, 3], "texture": "#3"},
				"west": {"uv": [6, 2, 3, 5], "texture": "#3"},
				"up": {"uv": [0, 0, 0, 3], "texture": "#3"},
				"down": {"uv": [0, 0, 0, 3], "texture": "#3"}
			}
		},
		{
			"from": [19.5, 9.48817, 6.54579],
			"to": [22.5, 12.48817, 6.54579],
			"rotation": {"angle": -22.5, "axis": "x", "origin": [21, 10.38582, 8]},
			"faces": {
				"north": {"uv": [6, 2, 3, 5], "texture": "#3"},
				"east": {"uv": [0, 0, 0, 3], "texture": "#3"},
				"south": {"uv": [3, 2, 6, 5], "texture": "#3"},
				"west": {"uv": [0, 0, 0, 3], "texture": "#3"},
				"up": {"uv": [0, 0, 0, 3], "rotation": 90, "texture": "#3"},
				"down": {"uv": [0, 0, 0, 3], "rotation": 270, "texture": "#3"}
			}
		},
		{
			"from": [19.5, 9.48817, 9.45421],
			"to": [22.5, 12.48817, 9.45421],
			"rotation": {"angle": 22.5, "axis": "x", "origin": [21, 10.38582, 8]},
			"faces": {
				"north": {"uv": [6, 2, 3, 5], "texture": "#3"},
				"east": {"uv": [0, 0, 0, 3], "texture": "#3"},
				"south": {"uv": [3, 2, 6, 5], "texture": "#3"},
				"west": {"uv": [0, 0, 0, 3], "texture": "#3"},
				"up": {"uv": [0, 0, 0, 3], "rotation": 90, "texture": "#3"},
				"down": {"uv": [0, 0, 0, 3], "rotation": 270, "texture": "#3"}
			}
		},
		{
			"from": [22.57403, 8.88582, 6.5],
			"to": [22.57403, 11.88582, 9.5],
			"rotation": {"angle": -22.5, "axis": "z", "origin": [22.57403, 10.38582, 9]},
			"faces": {
				"north": {"uv": [0, 0, 0, 3], "texture": "#3"},
				"east": {"uv": [3, 2, 6, 5], "texture": "#3"},
				"south": {"uv": [0, 0, 0, 3], "texture": "#3"},
				"west": {"uv": [6, 2, 3, 5], "texture": "#3"},
				"up": {"uv": [0, 0, 0, 3], "texture": "#3"},
				"down": {"uv": [0, 0, 0, 3], "texture": "#3"}
			}
		},
		{
			"from": [19.5, 8.56066, 5.93934],
			"to": [22.5, 11.56066, 5.93934],
			"rotation": {"angle": -45, "axis": "x", "origin": [21, 10.06066, 5.93934]},
			"faces": {
				"north": {"uv": [6, 2, 3, 5], "texture": "#3"},
				"east": {"uv": [0, 0, 0, 3], "texture": "#3"},
				"south": {"uv": [3, 2, 6, 5], "texture": "#3"},
				"west": {"uv": [0, 0, 0, 3], "texture": "#3"},
				"up": {"uv": [0, 0, 0, 3], "rotation": 90, "texture": "#3"},
				"down": {"uv": [0, 0, 0, 3], "rotation": 270, "texture": "#3"}
			}
		},
		{
			"from": [19.5, 8.56098, 10.06088],
			"to": [22.5, 11.56098, 10.06088],
			"rotation": {"angle": 45, "axis": "x", "origin": [21, 10.06098, 10.06088]},
			"faces": {
				"north": {"uv": [6, 2, 3, 5], "texture": "#3"},
				"east": {"uv": [0, 0, 0, 3], "texture": "#3"},
				"south": {"uv": [3, 2, 6, 5], "texture": "#3"},
				"west": {"uv": [0, 0, 0, 3], "texture": "#3"},
				"up": {"uv": [0, 0, 0, 3], "rotation": 90, "texture": "#3"},
				"down": {"uv": [0, 0, 0, 3], "rotation": 270, "texture": "#3"}
			}
		},
		{
			"from": [23.06088, 8.56098, 6.5],
			"to": [23.06088, 11.56098, 9.5],
			"rotation": {"angle": -45, "axis": "z", "origin": [23.06088, 10.06098, 8]},
			"faces": {
				"north": {"uv": [0, 0, 0, 3], "texture": "#3"},
				"east": {"uv": [3, 2, 6, 5], "texture": "#3"},
				"south": {"uv": [0, 0, 0, 3], "texture": "#3"},
				"west": {"uv": [6, 2, 3, 5], "texture": "#3"},
				"up": {"uv": [0, 0, 0, 3], "texture": "#3"},
				"down": {"uv": [0, 0, 0, 3], "texture": "#3"}
			}
		},
		{
			"from": [18.93934, 8.56066, 6.5],
			"to": [18.93934, 11.56066, 9.5],
			"rotation": {"angle": 45, "axis": "z", "origin": [18.93934, 10.06066, 8]},
			"faces": {
				"north": {"uv": [0, 0, 0, 3], "texture": "#3"},
				"east": {"uv": [3, 2, 6, 5], "texture": "#3"},
				"south": {"uv": [0, 0, 0, 3], "texture": "#3"},
				"west": {"uv": [6, 2, 3, 5], "texture": "#3"},
				"up": {"uv": [0, 0, 0, 3], "texture": "#3"},
				"down": {"uv": [0, 0, 0, 3], "texture": "#3"}
			}
		},
		{
			"from": [17.50002, 12, 1.49998],
			"to": [19.50002, 13, 3.49998],
			"rotation": {"angle": 0, "axis": "y", "origin": [27.50002, 13.14295, 4]},
			"faces": {
				"north": {"uv": [9, 5, 8, 3], "rotation": 90, "texture": "#3"},
				"east": {"uv": [10, 4, 8, 3], "texture": "#3"},
				"south": {"uv": [9, 3, 10, 5], "rotation": 90, "texture": "#3"},
				"west": {"uv": [8, 4, 10, 5], "texture": "#3"},
				"up": {"uv": [8, 3, 10, 5], "rotation": 90, "texture": "#3"},
				"down": {"uv": [8, 5, 10, 3], "rotation": 270, "texture": "#3"}
			}
		},
		{
			"from": [16.00002, 13.89567, 12.02453],
			"to": [19.00002, 16.89567, 12.02453],
			"rotation": {"angle": -22.5, "axis": "x", "origin": [8.50002, 15.14295, 12]},
			"faces": {
				"north": {"uv": [3, 2, 6, 5], "texture": "#3"},
				"east": {"uv": [0, 0, 0, 3], "texture": "#3"},
				"south": {"uv": [6, 2, 3, 5], "texture": "#3"},
				"west": {"uv": [0, 0, 0, 3], "texture": "#3"},
				"up": {"uv": [0, 3, 0, 0], "rotation": 90, "texture": "#3"},
				"down": {"uv": [0, 3, 0, 0], "rotation": 270, "texture": "#3"}
			}
		},
		{
			"from": [15.45367, 11.02553, 11.99998],
			"to": [15.45367, 14.02553, 14.99998],
			"rotation": {"angle": 22.5, "axis": "z", "origin": [8.50002, 15.14295, 12]},
			"faces": {
				"north": {"uv": [0, 0, 0, 3], "texture": "#3"},
				"east": {"uv": [6, 2, 3, 5], "texture": "#3"},
				"south": {"uv": [0, 0, 0, 3], "texture": "#3"},
				"west": {"uv": [3, 2, 6, 5], "texture": "#3"},
				"up": {"uv": [0, 0, 0, 3], "rotation": 180, "texture": "#3"},
				"down": {"uv": [0, 0, 0, 3], "rotation": 180, "texture": "#3"}
			}
		},
		{
			"from": [18.17621, 17.91384, 11.99998],
			"to": [18.17621, 20.91384, 14.99998],
			"rotation": {"angle": -22.5, "axis": "z", "origin": [8.50002, 15.14295, 12]},
			"faces": {
				"north": {"uv": [0, 0, 0, 3], "texture": "#3"},
				"east": {"uv": [6, 2, 3, 5], "texture": "#3"},
				"south": {"uv": [0, 0, 0, 3], "texture": "#3"},
				"west": {"uv": [3, 2, 6, 5], "texture": "#3"},
				"up": {"uv": [0, 0, 0, 3], "rotation": 180, "texture": "#3"},
				"down": {"uv": [0, 0, 0, 3], "rotation": 180, "texture": "#3"}
			}
		},
		{
			"from": [16.00002, 15.0437, 14.74707],
			"to": [19.00002, 18.0437, 14.74707],
			"rotation": {"angle": 22.5, "axis": "x", "origin": [8.50002, 15.14295, 12]},
			"faces": {
				"north": {"uv": [3, 2, 6, 5], "texture": "#3"},
				"east": {"uv": [0, 0, 0, 3], "texture": "#3"},
				"south": {"uv": [6, 2, 3, 5], "texture": "#3"},
				"west": {"uv": [0, 0, 0, 3], "texture": "#3"},
				"up": {"uv": [0, 3, 0, 0], "rotation": 90, "texture": "#3"},
				"down": {"uv": [0, 3, 0, 0], "rotation": 270, "texture": "#3"}
			}
		},
		{
			"from": [13.34869, 8.67791, 11.99998],
			"to": [13.34869, 11.67791, 14.99998],
			"rotation": {"angle": 45, "axis": "z", "origin": [8.50002, 15.14295, 12]},
			"faces": {
				"north": {"uv": [0, 0, 0, 3], "texture": "#3"},
				"east": {"uv": [6, 2, 3, 5], "texture": "#3"},
				"south": {"uv": [0, 0, 0, 3], "texture": "#3"},
				"west": {"uv": [3, 2, 6, 5], "texture": "#3"},
				"up": {"uv": [0, 0, 0, 3], "rotation": 180, "texture": "#3"},
				"down": {"uv": [0, 0, 0, 3], "rotation": 180, "texture": "#3"}
			}
		},
		{
			"from": [16.3792, 21.40621, 11.99998],
			"to": [16.3792, 24.40621, 14.99998],
			"rotation": {"angle": -45, "axis": "z", "origin": [8.50002, 15.14295, 12]},
			"faces": {
				"north": {"uv": [0, 0, 0, 3], "texture": "#3"},
				"east": {"uv": [6, 2, 3, 5], "texture": "#3"},
				"south": {"uv": [0, 0, 0, 3], "texture": "#3"},
				"west": {"uv": [3, 2, 6, 5], "texture": "#3"},
				"up": {"uv": [0, 0, 0, 3], "rotation": 180, "texture": "#3"},
				"down": {"uv": [0, 0, 0, 3], "rotation": 180, "texture": "#3"}
			}
		},
		{
			"from": [16.00002, 16.1029, 14.57586],
			"to": [19.00002, 19.1029, 14.57586],
			"rotation": {"angle": 45, "axis": "x", "origin": [8.50002, 15.14295, 12]},
			"faces": {
				"north": {"uv": [3, 2, 6, 5], "texture": "#3"},
				"east": {"uv": [0, 0, 0, 3], "texture": "#3"},
				"south": {"uv": [6, 2, 3, 5], "texture": "#3"},
				"west": {"uv": [0, 0, 0, 3], "texture": "#3"},
				"up": {"uv": [0, 3, 0, 0], "rotation": 90, "texture": "#3"},
				"down": {"uv": [0, 3, 0, 0], "rotation": 270, "texture": "#3"}
			}
		},
		{
			"from": [16.00002, 13.98123, 11.54535],
			"to": [19.00002, 16.98123, 11.54535],
			"rotation": {"angle": -45, "axis": "x", "origin": [8.50002, 15.14295, 12]},
			"faces": {
				"north": {"uv": [3, 2, 6, 5], "texture": "#3"},
				"east": {"uv": [0, 0, 0, 3], "texture": "#3"},
				"south": {"uv": [6, 2, 3, 5], "texture": "#3"},
				"west": {"uv": [0, 0, 0, 3], "texture": "#3"},
				"up": {"uv": [0, 3, 0, 0], "rotation": 90, "texture": "#3"},
				"down": {"uv": [0, 3, 0, 0], "rotation": 270, "texture": "#3"}
			}
		},
		{
			"from": [16.50002, 14, 12.49998],
			"to": [18.50002, 15, 14.49998],
			"rotation": {"angle": 0, "axis": "y", "origin": [8.50002, 15.14295, 12]},
			"faces": {
				"north": {"uv": [9, 3, 8, 5], "rotation": 90, "texture": "#3"},
				"east": {"uv": [10, 4, 8, 5], "texture": "#3"},
				"south": {"uv": [9, 5, 10, 3], "rotation": 90, "texture": "#3"},
				"west": {"uv": [8, 4, 10, 3], "texture": "#3"},
				"up": {"uv": [8, 5, 10, 3], "rotation": 90, "texture": "#3"},
				"down": {"uv": [8, 3, 10, 5], "rotation": 270, "texture": "#3"}
			}
		},
		{
			"from": [17.00002, 14.10255, 1.42403],
			"to": [20.00002, 17.10255, 1.42403],
			"rotation": {"angle": -45, "axis": "x", "origin": [27.50002, 13.14295, 4]},
			"faces": {
				"north": {"uv": [6, 2, 3, 5], "texture": "#3"},
				"east": {"uv": [0, 0, 0, 3], "texture": "#3"},
				"south": {"uv": [3, 2, 6, 5], "texture": "#3"},
				"west": {"uv": [0, 0, 0, 3], "texture": "#3"},
				"up": {"uv": [0, 0, 0, 3], "rotation": 90, "texture": "#3"},
				"down": {"uv": [0, 0, 0, 3], "rotation": 270, "texture": "#3"}
			}
		},
		{
			"from": [17.00002, 11.98158, 4.45454],
			"to": [20.00002, 14.98158, 4.45454],
			"rotation": {"angle": 45, "axis": "x", "origin": [27.50002, 13.14295, 4]},
			"faces": {
				"north": {"uv": [6, 2, 3, 5], "texture": "#3"},
				"east": {"uv": [0, 0, 0, 3], "texture": "#3"},
				"south": {"uv": [3, 2, 6, 5], "texture": "#3"},
				"west": {"uv": [0, 0, 0, 3], "texture": "#3"},
				"up": {"uv": [0, 0, 0, 3], "rotation": 90, "texture": "#3"},
				"down": {"uv": [0, 0, 0, 3], "rotation": 270, "texture": "#3"}
			}
		},
		{
			"from": [19.62084, 19.40621, 0.99998],
			"to": [19.62084, 22.40621, 3.99998],
			"rotation": {"angle": 45, "axis": "z", "origin": [27.50002, 13.14295, 4]},
			"faces": {
				"north": {"uv": [0, 0, 0, 3], "texture": "#3"},
				"east": {"uv": [6, 2, 3, 5], "texture": "#3"},
				"south": {"uv": [0, 0, 0, 3], "texture": "#3"},
				"west": {"uv": [3, 2, 6, 5], "texture": "#3"},
				"up": {"uv": [0, 0, 0, 3], "rotation": 180, "texture": "#3"},
				"down": {"uv": [0, 0, 0, 3], "rotation": 180, "texture": "#3"}
			}
		},
		{
			"from": [22.65136, 6.67791, 0.99998],
			"to": [22.65136, 9.67791, 3.99998],
			"rotation": {"angle": -45, "axis": "z", "origin": [27.50002, 13.14295, 4]},
			"faces": {
				"north": {"uv": [0, 0, 0, 3], "texture": "#3"},
				"east": {"uv": [6, 2, 3, 5], "texture": "#3"},
				"south": {"uv": [0, 0, 0, 3], "texture": "#3"},
				"west": {"uv": [3, 2, 6, 5], "texture": "#3"},
				"up": {"uv": [0, 0, 0, 3], "rotation": 180, "texture": "#3"},
				"down": {"uv": [0, 0, 0, 3], "rotation": 180, "texture": "#3"}
			}
		},
		{
			"from": [17.00002, 11.89565, 3.97543],
			"to": [20.00002, 14.89565, 3.97543],
			"rotation": {"angle": 22.5, "axis": "x", "origin": [27.50002, 13.14295, 4]},
			"faces": {
				"north": {"uv": [6, 2, 3, 5], "texture": "#3"},
				"east": {"uv": [0, 0, 0, 3], "texture": "#3"},
				"south": {"uv": [3, 2, 6, 5], "texture": "#3"},
				"west": {"uv": [0, 0, 0, 3], "texture": "#3"},
				"up": {"uv": [0, 0, 0, 3], "rotation": 90, "texture": "#3"},
				"down": {"uv": [0, 0, 0, 3], "rotation": 270, "texture": "#3"}
			}
		},
		{
			"from": [17.82384, 15.91384, 0.99998],
			"to": [17.82384, 18.91384, 3.99998],
			"rotation": {"angle": 22.5, "axis": "z", "origin": [27.50002, 13.14295, 4]},
			"faces": {
				"north": {"uv": [0, 0, 0, 3], "texture": "#3"},
				"east": {"uv": [6, 2, 3, 5], "texture": "#3"},
				"south": {"uv": [0, 0, 0, 3], "texture": "#3"},
				"west": {"uv": [3, 2, 6, 5], "texture": "#3"},
				"up": {"uv": [0, 0, 0, 3], "rotation": 180, "texture": "#3"},
				"down": {"uv": [0, 0, 0, 3], "rotation": 180, "texture": "#3"}
			}
		},
		{
			"from": [20.54638, 9.02553, 0.99998],
			"to": [20.54638, 12.02553, 3.99998],
			"rotation": {"angle": -22.5, "axis": "z", "origin": [27.50002, 13.14295, 4]},
			"faces": {
				"north": {"uv": [0, 0, 0, 3], "texture": "#3"},
				"east": {"uv": [6, 2, 3, 5], "texture": "#3"},
				"south": {"uv": [0, 0, 0, 3], "texture": "#3"},
				"west": {"uv": [3, 2, 6, 5], "texture": "#3"},
				"up": {"uv": [0, 0, 0, 3], "rotation": 180, "texture": "#3"},
				"down": {"uv": [0, 0, 0, 3], "rotation": 180, "texture": "#3"}
			}
		},
		{
			"from": [17.00002, 13.04372, 1.25289],
			"to": [20.00002, 16.04372, 1.25289],
			"rotation": {"angle": -22.5, "axis": "x", "origin": [27.50002, 13.14295, 4]},
			"faces": {
				"north": {"uv": [6, 2, 3, 5], "texture": "#3"},
				"east": {"uv": [0, 0, 0, 3], "texture": "#3"},
				"south": {"uv": [3, 2, 6, 5], "texture": "#3"},
				"west": {"uv": [0, 0, 0, 3], "texture": "#3"},
				"up": {"uv": [0, 0, 0, 3], "rotation": 90, "texture": "#3"},
				"down": {"uv": [0, 0, 0, 3], "rotation": 270, "texture": "#3"}
			}
		},
		{
			"from": [20, 9, 7],
			"to": [22, 10, 9],
			"rotation": {"angle": 0, "axis": "y", "origin": [20, -12, 7]},
			"faces": {
				"north": {"uv": [10, 4, 8, 3], "texture": "#3"},
				"east": {"uv": [9, 3, 10, 5], "rotation": 90, "texture": "#3"},
				"south": {"uv": [8, 4, 10, 5], "texture": "#3"},
				"west": {"uv": [9, 5, 8, 3], "rotation": 90, "texture": "#3"},
				"up": {"uv": [8, 3, 10, 5], "texture": "#3"},
				"down": {"uv": [8, 5, 10, 3], "texture": "#3"}
			}
		},
		{
			"from": [4.99998, 13.04372, 0.74711],
			"to": [7.99998, 16.04372, 0.74711],
			"rotation": {"angle": 22.5, "axis": "x", "origin": [-2.50002, 13.14295, -2]},
			"faces": {
				"north": {"uv": [3, 2, 6, 5], "texture": "#3"},
				"east": {"uv": [0, 0, 0, 3], "texture": "#3"},
				"south": {"uv": [6, 2, 3, 5], "texture": "#3"},
				"west": {"uv": [0, 0, 0, 3], "texture": "#3"},
				"up": {"uv": [0, 3, 0, 0], "rotation": 90, "texture": "#3"},
				"down": {"uv": [0, 3, 0, 0], "rotation": 270, "texture": "#3"}
			}
		},
		{
			"from": [4.45362, 9.02553, -1.99998],
			"to": [4.45362, 12.02553, 1.00002],
			"rotation": {"angle": 22.5, "axis": "z", "origin": [-2.50002, 13.14295, -2]},
			"faces": {
				"north": {"uv": [0, 0, 0, 3], "texture": "#3"},
				"east": {"uv": [3, 2, 6, 5], "texture": "#3"},
				"south": {"uv": [0, 0, 0, 3], "texture": "#3"},
				"west": {"uv": [6, 2, 3, 5], "texture": "#3"},
				"up": {"uv": [0, 3, 0, 0], "rotation": 180, "texture": "#3"},
				"down": {"uv": [0, 3, 0, 0], "rotation": 180, "texture": "#3"}
			}
		},
		{
			"from": [7.17616, 15.91384, -1.99998],
			"to": [7.17616, 18.91384, 1.00002],
			"rotation": {"angle": -22.5, "axis": "z", "origin": [-2.50002, 13.14295, -2]},
			"faces": {
				"north": {"uv": [0, 0, 0, 3], "texture": "#3"},
				"east": {"uv": [3, 2, 6, 5], "texture": "#3"},
				"south": {"uv": [0, 0, 0, 3], "texture": "#3"},
				"west": {"uv": [6, 2, 3, 5], "texture": "#3"},
				"up": {"uv": [0, 3, 0, 0], "rotation": 180, "texture": "#3"},
				"down": {"uv": [0, 3, 0, 0], "rotation": 180, "texture": "#3"}
			}
		},
		{
			"from": [4.99998, 11.89565, -1.97543],
			"to": [7.99998, 14.89565, -1.97543],
			"rotation": {"angle": -22.5, "axis": "x", "origin": [-2.50002, 13.14295, -2]},
			"faces": {
				"north": {"uv": [3, 2, 6, 5], "texture": "#3"},
				"east": {"uv": [0, 0, 0, 3], "texture": "#3"},
				"south": {"uv": [6, 2, 3, 5], "texture": "#3"},
				"west": {"uv": [0, 0, 0, 3], "texture": "#3"},
				"up": {"uv": [0, 3, 0, 0], "rotation": 90, "texture": "#3"},
				"down": {"uv": [0, 3, 0, 0], "rotation": 270, "texture": "#3"}
			}
		},
		{
			"from": [2.34864, 6.67791, -1.99998],
			"to": [2.34864, 9.67791, 1.00002],
			"rotation": {"angle": 45, "axis": "z", "origin": [-2.50002, 13.14295, -2]},
			"faces": {
				"north": {"uv": [0, 0, 0, 3], "texture": "#3"},
				"east": {"uv": [3, 2, 6, 5], "texture": "#3"},
				"south": {"uv": [0, 0, 0, 3], "texture": "#3"},
				"west": {"uv": [6, 2, 3, 5], "texture": "#3"},
				"up": {"uv": [0, 3, 0, 0], "rotation": 180, "texture": "#3"},
				"down": {"uv": [0, 3, 0, 0], "rotation": 180, "texture": "#3"}
			}
		},
		{
			"from": [5.37916, 19.40621, -1.99998],
			"to": [5.37916, 22.40621, 1.00002],
			"rotation": {"angle": -45, "axis": "z", "origin": [-2.50002, 13.14295, -2]},
			"faces": {
				"north": {"uv": [0, 0, 0, 3], "texture": "#3"},
				"east": {"uv": [3, 2, 6, 5], "texture": "#3"},
				"south": {"uv": [0, 0, 0, 3], "texture": "#3"},
				"west": {"uv": [6, 2, 3, 5], "texture": "#3"},
				"up": {"uv": [0, 3, 0, 0], "rotation": 180, "texture": "#3"},
				"down": {"uv": [0, 3, 0, 0], "rotation": 180, "texture": "#3"}
			}
		},
		{
			"from": [4.99998, 11.98158, -2.45454],
			"to": [7.99998, 14.98158, -2.45454],
			"rotation": {"angle": -45, "axis": "x", "origin": [-2.50002, 13.14295, -2]},
			"faces": {
				"north": {"uv": [3, 2, 6, 5], "texture": "#3"},
				"east": {"uv": [0, 0, 0, 3], "texture": "#3"},
				"south": {"uv": [6, 2, 3, 5], "texture": "#3"},
				"west": {"uv": [0, 0, 0, 3], "texture": "#3"},
				"up": {"uv": [0, 3, 0, 0], "rotation": 90, "texture": "#3"},
				"down": {"uv": [0, 3, 0, 0], "rotation": 270, "texture": "#3"}
			}
		},
		{
			"from": [4.99998, 14.10255, 0.57597],
			"to": [7.99998, 17.10255, 0.57597],
			"rotation": {"angle": 45, "axis": "x", "origin": [-2.50002, 13.14295, -2]},
			"faces": {
				"north": {"uv": [3, 2, 6, 5], "texture": "#3"},
				"east": {"uv": [0, 0, 0, 3], "texture": "#3"},
				"south": {"uv": [6, 2, 3, 5], "texture": "#3"},
				"west": {"uv": [0, 0, 0, 3], "texture": "#3"},
				"up": {"uv": [0, 3, 0, 0], "rotation": 90, "texture": "#3"},
				"down": {"uv": [0, 3, 0, 0], "rotation": 270, "texture": "#3"}
			}
		},
		{
			"from": [-2.50002, 14, 1.50002],
			"to": [-0.50002, 15, 3.50002],
			"rotation": {"angle": 0, "axis": "y", "origin": [7.49998, 15.14295, 4]},
			"faces": {
				"north": {"uv": [9, 5, 10, 3], "rotation": 90, "texture": "#3"},
				"east": {"uv": [8, 4, 10, 3], "texture": "#3"},
				"south": {"uv": [9, 3, 8, 5], "rotation": 90, "texture": "#3"},
				"west": {"uv": [10, 4, 8, 5], "texture": "#3"},
				"up": {"uv": [10, 3, 8, 5], "rotation": 90, "texture": "#3"},
				"down": {"uv": [10, 5, 8, 3], "rotation": 270, "texture": "#3"}
			}
		},
		{
			"from": [-3.00002, 13.98123, 4.45465],
			"to": [-0.00002, 16.98123, 4.45465],
			"rotation": {"angle": 45, "axis": "x", "origin": [7.49998, 15.14295, 4]},
			"faces": {
				"north": {"uv": [6, 2, 3, 5], "texture": "#3"},
				"east": {"uv": [0, 0, 0, 3], "texture": "#3"},
				"south": {"uv": [3, 2, 6, 5], "texture": "#3"},
				"west": {"uv": [0, 0, 0, 3], "texture": "#3"},
				"up": {"uv": [0, 0, 0, 3], "rotation": 90, "texture": "#3"},
				"down": {"uv": [0, 0, 0, 3], "rotation": 270, "texture": "#3"}
			}
		},
		{
			"from": [-3.00002, 16.1029, 1.42414],
			"to": [-0.00002, 19.1029, 1.42414],
			"rotation": {"angle": -45, "axis": "x", "origin": [7.49998, 15.14295, 4]},
			"faces": {
				"north": {"uv": [6, 2, 3, 5], "texture": "#3"},
				"east": {"uv": [0, 0, 0, 3], "texture": "#3"},
				"south": {"uv": [3, 2, 6, 5], "texture": "#3"},
				"west": {"uv": [0, 0, 0, 3], "texture": "#3"},
				"up": {"uv": [0, 0, 0, 3], "rotation": 90, "texture": "#3"},
				"down": {"uv": [0, 0, 0, 3], "rotation": 270, "texture": "#3"}
			}
		},
		{
			"from": [-0.3792, 21.40621, 1.00002],
			"to": [-0.3792, 24.40621, 4.00002],
			"rotation": {"angle": 45, "axis": "z", "origin": [7.49998, 15.14295, 4]},
			"faces": {
				"north": {"uv": [0, 0, 0, 3], "texture": "#3"},
				"east": {"uv": [3, 2, 6, 5], "texture": "#3"},
				"south": {"uv": [0, 0, 0, 3], "texture": "#3"},
				"west": {"uv": [6, 2, 3, 5], "texture": "#3"},
				"up": {"uv": [0, 3, 0, 0], "rotation": 180, "texture": "#3"},
				"down": {"uv": [0, 3, 0, 0], "rotation": 180, "texture": "#3"}
			}
		},
		{
			"from": [2.65131, 8.67791, 1.00002],
			"to": [2.65131, 11.67791, 4.00002],
			"rotation": {"angle": -45, "axis": "z", "origin": [7.49998, 15.14295, 4]},
			"faces": {
				"north": {"uv": [0, 0, 0, 3], "texture": "#3"},
				"east": {"uv": [3, 2, 6, 5], "texture": "#3"},
				"south": {"uv": [0, 0, 0, 3], "texture": "#3"},
				"west": {"uv": [6, 2, 3, 5], "texture": "#3"},
				"up": {"uv": [0, 3, 0, 0], "rotation": 180, "texture": "#3"},
				"down": {"uv": [0, 3, 0, 0], "rotation": 180, "texture": "#3"}
			}
		},
		{
			"from": [-3.00002, 15.0437, 1.25293],
			"to": [-0.00002, 18.0437, 1.25293],
			"rotation": {"angle": -22.5, "axis": "x", "origin": [7.49998, 15.14295, 4]},
			"faces": {
				"north": {"uv": [6, 2, 3, 5], "texture": "#3"},
				"east": {"uv": [0, 0, 0, 3], "texture": "#3"},
				"south": {"uv": [3, 2, 6, 5], "texture": "#3"},
				"west": {"uv": [0, 0, 0, 3], "texture": "#3"},
				"up": {"uv": [0, 0, 0, 3], "rotation": 90, "texture": "#3"},
				"down": {"uv": [0, 0, 0, 3], "rotation": 270, "texture": "#3"}
			}
		},
		{
			"from": [-2.17621, 17.91384, 1.00002],
			"to": [-2.17621, 20.91384, 4.00002],
			"rotation": {"angle": 22.5, "axis": "z", "origin": [7.49998, 15.14295, 4]},
			"faces": {
				"north": {"uv": [0, 0, 0, 3], "texture": "#3"},
				"east": {"uv": [3, 2, 6, 5], "texture": "#3"},
				"south": {"uv": [0, 0, 0, 3], "texture": "#3"},
				"west": {"uv": [6, 2, 3, 5], "texture": "#3"},
				"up": {"uv": [0, 3, 0, 0], "rotation": 180, "texture": "#3"},
				"down": {"uv": [0, 3, 0, 0], "rotation": 180, "texture": "#3"}
			}
		},
		{
			"from": [0.54633, 11.02553, 1.00002],
			"to": [0.54633, 14.02553, 4.00002],
			"rotation": {"angle": -22.5, "axis": "z", "origin": [7.49998, 15.14295, 4]},
			"faces": {
				"north": {"uv": [0, 0, 0, 3], "texture": "#3"},
				"east": {"uv": [3, 2, 6, 5], "texture": "#3"},
				"south": {"uv": [0, 0, 0, 3], "texture": "#3"},
				"west": {"uv": [6, 2, 3, 5], "texture": "#3"},
				"up": {"uv": [0, 3, 0, 0], "rotation": 180, "texture": "#3"},
				"down": {"uv": [0, 3, 0, 0], "rotation": 180, "texture": "#3"}
			}
		},
		{
			"from": [-3.00002, 13.89567, 3.97547],
			"to": [-0.00002, 16.89567, 3.97547],
			"rotation": {"angle": 22.5, "axis": "x", "origin": [7.49998, 15.14295, 4]},
			"faces": {
				"north": {"uv": [6, 2, 3, 5], "texture": "#3"},
				"east": {"uv": [0, 0, 0, 3], "texture": "#3"},
				"south": {"uv": [3, 2, 6, 5], "texture": "#3"},
				"west": {"uv": [0, 0, 0, 3], "texture": "#3"},
				"up": {"uv": [0, 0, 0, 3], "rotation": 90, "texture": "#3"},
				"down": {"uv": [0, 0, 0, 3], "rotation": 270, "texture": "#3"}
			}
		},
		{
			"from": [5.49998, 12, -1.49998],
			"to": [7.49998, 13, 0.50002],
			"rotation": {"angle": 0, "axis": "y", "origin": [-2.50002, 13.14295, -2]},
			"faces": {
				"north": {"uv": [9, 3, 10, 5], "rotation": 90, "texture": "#3"},
				"east": {"uv": [8, 4, 10, 5], "texture": "#3"},
				"south": {"uv": [9, 5, 8, 3], "rotation": 90, "texture": "#3"},
				"west": {"uv": [10, 4, 8, 3], "texture": "#3"},
				"up": {"uv": [10, 5, 8, 3], "rotation": 90, "texture": "#3"},
				"down": {"uv": [10, 3, 8, 5], "rotation": 270, "texture": "#3"}
			}
		},
		{
			"from": [8.37916, 19.40621, 15.00002],
			"to": [8.37916, 22.40621, 18.00002],
			"rotation": {"angle": -45, "axis": "z", "origin": [0.49998, 13.14295, 15]},
			"faces": {
				"north": {"uv": [0, 0, 0, 3], "texture": "#3"},
				"east": {"uv": [3, 2, 6, 5], "texture": "#3"},
				"south": {"uv": [0, 0, 0, 3], "texture": "#3"},
				"west": {"uv": [6, 2, 3, 5], "texture": "#3"},
				"up": {"uv": [0, 3, 0, 0], "rotation": 180, "texture": "#3"},
				"down": {"uv": [0, 3, 0, 0], "rotation": 180, "texture": "#3"}
			}
		},
		{
			"from": [7.45362, 9.02553, 15.00002],
			"to": [7.45362, 12.02553, 18.00002],
			"rotation": {"angle": 22.5, "axis": "z", "origin": [0.49998, 13.14295, 15]},
			"faces": {
				"north": {"uv": [0, 0, 0, 3], "texture": "#3"},
				"east": {"uv": [3, 2, 6, 5], "texture": "#3"},
				"south": {"uv": [0, 0, 0, 3], "texture": "#3"},
				"west": {"uv": [6, 2, 3, 5], "texture": "#3"},
				"up": {"uv": [0, 3, 0, 0], "rotation": 180, "texture": "#3"},
				"down": {"uv": [0, 3, 0, 0], "rotation": 180, "texture": "#3"}
			}
		},
		{
			"from": [5.34864, 6.67791, 15.00002],
			"to": [5.34864, 9.67791, 18.00002],
			"rotation": {"angle": 45, "axis": "z", "origin": [0.49998, 13.14295, 15]},
			"faces": {
				"north": {"uv": [0, 0, 0, 3], "texture": "#3"},
				"east": {"uv": [3, 2, 6, 5], "texture": "#3"},
				"south": {"uv": [0, 0, 0, 3], "texture": "#3"},
				"west": {"uv": [6, 2, 3, 5], "texture": "#3"},
				"up": {"uv": [0, 3, 0, 0], "rotation": 180, "texture": "#3"},
				"down": {"uv": [0, 3, 0, 0], "rotation": 180, "texture": "#3"}
			}
		},
		{
			"from": [7.99998, 11.98158, 14.54546],
			"to": [10.99998, 14.98158, 14.54546],
			"rotation": {"angle": -45, "axis": "x", "origin": [0.49998, 13.14295, 15]},
			"faces": {
				"north": {"uv": [3, 2, 6, 5], "texture": "#3"},
				"east": {"uv": [0, 0, 0, 3], "texture": "#3"},
				"south": {"uv": [6, 2, 3, 5], "texture": "#3"},
				"west": {"uv": [0, 0, 0, 3], "texture": "#3"},
				"up": {"uv": [0, 3, 0, 0], "rotation": 90, "texture": "#3"},
				"down": {"uv": [0, 3, 0, 0], "rotation": 270, "texture": "#3"}
			}
		},
		{
			"from": [7.99998, 11.89565, 15.02457],
			"to": [10.99998, 14.89565, 15.02457],
			"rotation": {"angle": -22.5, "axis": "x", "origin": [0.49998, 13.14295, 15]},
			"faces": {
				"north": {"uv": [3, 2, 6, 5], "texture": "#3"},
				"east": {"uv": [0, 0, 0, 3], "texture": "#3"},
				"south": {"uv": [6, 2, 3, 5], "texture": "#3"},
				"west": {"uv": [0, 0, 0, 3], "texture": "#3"},
				"up": {"uv": [0, 3, 0, 0], "rotation": 90, "texture": "#3"},
				"down": {"uv": [0, 3, 0, 0], "rotation": 270, "texture": "#3"}
			}
		},
		{
			"from": [10.17616, 15.91384, 15.00002],
			"to": [10.17616, 18.91384, 18.00002],
			"rotation": {"angle": -22.5, "axis": "z", "origin": [0.49998, 13.14295, 15]},
			"faces": {
				"north": {"uv": [0, 0, 0, 3], "texture": "#3"},
				"east": {"uv": [3, 2, 6, 5], "texture": "#3"},
				"south": {"uv": [0, 0, 0, 3], "texture": "#3"},
				"west": {"uv": [6, 2, 3, 5], "texture": "#3"},
				"up": {"uv": [0, 3, 0, 0], "rotation": 180, "texture": "#3"},
				"down": {"uv": [0, 3, 0, 0], "rotation": 180, "texture": "#3"}
			}
		},
		{
			"from": [7.99998, 13.04372, 17.74711],
			"to": [10.99998, 16.04372, 17.74711],
			"rotation": {"angle": 22.5, "axis": "x", "origin": [0.49998, 13.14295, 15]},
			"faces": {
				"north": {"uv": [3, 2, 6, 5], "texture": "#3"},
				"east": {"uv": [0, 0, 0, 3], "texture": "#3"},
				"south": {"uv": [6, 2, 3, 5], "texture": "#3"},
				"west": {"uv": [0, 0, 0, 3], "texture": "#3"},
				"up": {"uv": [0, 3, 0, 0], "rotation": 90, "texture": "#3"},
				"down": {"uv": [0, 3, 0, 0], "rotation": 270, "texture": "#3"}
			}
		},
		{
			"from": [7.99998, 14.10255, 17.57597],
			"to": [10.99998, 17.10255, 17.57597],
			"rotation": {"angle": 45, "axis": "x", "origin": [0.49998, 13.14295, 15]},
			"faces": {
				"north": {"uv": [3, 2, 6, 5], "texture": "#3"},
				"east": {"uv": [0, 0, 0, 3], "texture": "#3"},
				"south": {"uv": [6, 2, 3, 5], "texture": "#3"},
				"west": {"uv": [0, 0, 0, 3], "texture": "#3"},
				"up": {"uv": [0, 3, 0, 0], "rotation": 90, "texture": "#3"},
				"down": {"uv": [0, 3, 0, 0], "rotation": 270, "texture": "#3"}
			}
		},
		{
			"from": [8.49998, 12, 15.50002],
			"to": [10.49998, 13, 17.50002],
			"rotation": {"angle": 0, "axis": "y", "origin": [0.49998, 13.14295, 15]},
			"faces": {
				"north": {"uv": [9, 3, 10, 5], "rotation": 90, "texture": "#3"},
				"east": {"uv": [8, 4, 10, 5], "texture": "#3"},
				"south": {"uv": [9, 5, 8, 3], "rotation": 90, "texture": "#3"},
				"west": {"uv": [10, 4, 8, 3], "texture": "#3"},
				"up": {"uv": [10, 5, 8, 3], "rotation": 90, "texture": "#3"},
				"down": {"uv": [10, 3, 8, 5], "rotation": 270, "texture": "#3"}
			}
		},
		{
			"from": [-2.93934, 8.56066, 6.5],
			"to": [-2.93934, 11.56066, 9.5],
			"rotation": {"angle": -45, "axis": "z", "origin": [-2.93934, 10.06066, 8]},
			"faces": {
				"north": {"uv": [0, 0, 0, 3], "texture": "#3"},
				"east": {"uv": [6, 2, 3, 5], "texture": "#3"},
				"south": {"uv": [0, 0, 0, 3], "texture": "#3"},
				"west": {"uv": [3, 2, 6, 5], "texture": "#3"},
				"up": {"uv": [0, 3, 0, 0], "texture": "#3"},
				"down": {"uv": [0, 3, 0, 0], "texture": "#3"}
			}
		},
		{
			"from": [-7.06088, 8.56098, 6.5],
			"to": [-7.06088, 11.56098, 9.5],
			"rotation": {"angle": 45, "axis": "z", "origin": [-7.06088, 10.06098, 8]},
			"faces": {
				"north": {"uv": [0, 0, 0, 3], "texture": "#3"},
				"east": {"uv": [6, 2, 3, 5], "texture": "#3"},
				"south": {"uv": [0, 0, 0, 3], "texture": "#3"},
				"west": {"uv": [3, 2, 6, 5], "texture": "#3"},
				"up": {"uv": [0, 3, 0, 0], "texture": "#3"},
				"down": {"uv": [0, 3, 0, 0], "texture": "#3"}
			}
		},
		{
			"from": [-6.5, 8.56098, 5.93912],
			"to": [-3.5, 11.56098, 5.93912],
			"rotation": {"angle": -45, "axis": "x", "origin": [-5, 10.06098, 5.93912]},
			"faces": {
				"north": {"uv": [3, 2, 6, 5], "texture": "#3"},
				"east": {"uv": [0, 0, 0, 3], "texture": "#3"},
				"south": {"uv": [6, 2, 3, 5], "texture": "#3"},
				"west": {"uv": [0, 0, 0, 3], "texture": "#3"},
				"up": {"uv": [0, 3, 0, 0], "rotation": 90, "texture": "#3"},
				"down": {"uv": [0, 3, 0, 0], "rotation": 270, "texture": "#3"}
			}
		},
		{
			"from": [-6.5, 8.56066, 10.06066],
			"to": [-3.5, 11.56066, 10.06066],
			"rotation": {"angle": 45, "axis": "x", "origin": [-5, 10.06066, 10.06066]},
			"faces": {
				"north": {"uv": [3, 2, 6, 5], "texture": "#3"},
				"east": {"uv": [0, 0, 0, 3], "texture": "#3"},
				"south": {"uv": [6, 2, 3, 5], "texture": "#3"},
				"west": {"uv": [0, 0, 0, 3], "texture": "#3"},
				"up": {"uv": [0, 3, 0, 0], "rotation": 90, "texture": "#3"},
				"down": {"uv": [0, 3, 0, 0], "rotation": 270, "texture": "#3"}
			}
		},
		{
			"from": [-6.57403, 8.88582, 6.5],
			"to": [-6.57403, 11.88582, 9.5],
			"rotation": {"angle": 22.5, "axis": "z", "origin": [-6.57403, 10.38582, 7]},
			"faces": {
				"north": {"uv": [0, 0, 0, 3], "texture": "#3"},
				"east": {"uv": [6, 2, 3, 5], "texture": "#3"},
				"south": {"uv": [0, 0, 0, 3], "texture": "#3"},
				"west": {"uv": [3, 2, 6, 5], "texture": "#3"},
				"up": {"uv": [0, 3, 0, 0], "texture": "#3"},
				"down": {"uv": [0, 3, 0, 0], "texture": "#3"}
			}
		},
		{
			"from": [-6.5, 9.48817, 6.54579],
			"to": [-3.5, 12.48817, 6.54579],
			"rotation": {"angle": -22.5, "axis": "x", "origin": [-5, 10.38582, 8]},
			"faces": {
				"north": {"uv": [3, 2, 6, 5], "texture": "#3"},
				"east": {"uv": [0, 0, 0, 3], "texture": "#3"},
				"south": {"uv": [6, 2, 3, 5], "texture": "#3"},
				"west": {"uv": [0, 0, 0, 3], "texture": "#3"},
				"up": {"uv": [0, 3, 0, 0], "rotation": 90, "texture": "#3"},
				"down": {"uv": [0, 3, 0, 0], "rotation": 270, "texture": "#3"}
			}
		},
		{
			"from": [-6.5, 9.48817, 9.45421],
			"to": [-3.5, 12.48817, 9.45421],
			"rotation": {"angle": 22.5, "axis": "x", "origin": [-5, 10.38582, 8]},
			"faces": {
				"north": {"uv": [3, 2, 6, 5], "texture": "#3"},
				"east": {"uv": [0, 0, 0, 3], "texture": "#3"},
				"south": {"uv": [6, 2, 3, 5], "texture": "#3"},
				"west": {"uv": [0, 0, 0, 3], "texture": "#3"},
				"up": {"uv": [0, 3, 0, 0], "rotation": 90, "texture": "#3"},
				"down": {"uv": [0, 3, 0, 0], "rotation": 270, "texture": "#3"}
			}
		},
		{
			"from": [-3.42597, 8.88582, 6.5],
			"to": [-3.42597, 11.88582, 9.5],
			"rotation": {"angle": -22.5, "axis": "z", "origin": [-3.42597, 10.38582, 7.5]},
			"faces": {
				"north": {"uv": [0, 0, 0, 3], "texture": "#3"},
				"east": {"uv": [6, 2, 3, 5], "texture": "#3"},
				"south": {"uv": [0, 0, 0, 3], "texture": "#3"},
				"west": {"uv": [3, 2, 6, 5], "texture": "#3"},
				"up": {"uv": [0, 3, 0, 0], "texture": "#3"},
				"down": {"uv": [0, 3, 0, 0], "texture": "#3"}
			}
		}
	],
	"groups": [
		0,
		1,
		2,
		3,
		4,
		5,
		6,
		7,
		8,
		9,
		10,
		11,
		12,
		13,
		{
			"name": "rose",
			"origin": [-0.57403, 22.38582, 1.5],
			"color": 0,
			"children": [14, 15, 16, 17, 18, 19, 20, 21, 22, 23, 24, 25, 26, 27, 28, 29, 30, 31, 32, 33, 34, 35, 36, 37, 38, 39, 40, 41, 42, 43, 44, 45, 46, 47, 48, 49, 50, 51, 52, 53, 54, 55, 56, 57, 58, 59, 60, 61, 62, 63, 64, 65, 66, 67, 68, 69, 70, 71, 72, 73, 74, 75, 76]
		}
	]
}