{
	"credit": "Made with Blockbench",
	"textures": {
		"2": "block/tall_flowers/sunflower_stem",
		"particle": "block/tall_flowers/sunflower_back"
	},
	"elements": [
		{
			"from": [7.5, 0, 7.5],
			"to": [8.5, 16, 8.5],
			"rotation": {"angle": 0, "axis": "y", "origin": [7.5, 0, 7.5]},
			"faces": {
				"north": {"uv": [14, 0, 15, 16], "texture": "#2"},
				"east": {"uv": [14, 0, 15, 16], "texture": "#2"},
				"south": {"uv": [14, 0, 15, 16], "texture": "#2"},
				"west": {"uv": [14, 0, 15, 16], "texture": "#2"}
			}
		},
		{
			"from": [6, 8.41351, 7.91492],
			"to": [10, 8.41351, 11.91492],
			"rotation": {"angle": -45, "axis": "x", "origin": [8, 8.41351, 9.91492]},
			"faces": {
				"up": {"uv": [2, 8, 6, 12], "rotation": 90, "texture": "#2"},
				"down": {"uv": [6, 8, 2, 12], "rotation": 90, "texture": "#2"}
			}
		},
		{
			"from": [6, 9.82743, 1.67157],
			"to": [10, 9.82743, 4.67157],
			"rotation": {"angle": 0, "axis": "y", "origin": [6, 9.82743, 4.67157]},
			"faces": {
				"up": {"uv": [9, 8, 6, 12], "rotation": 90, "texture": "#2"},
				"down": {"uv": [6, 8, 9, 12], "rotation": 90, "texture": "#2"}
			}
		},
		{
			"from": [11.32843, 13.82743, 6],
			"to": [14.32843, 13.82743, 10],
			"rotation": {"angle": 0, "axis": "y", "origin": [8, 9.12047, 8]},
			"faces": {
				"up": {"uv": [6, 8, 9, 12], "texture": "#2"},
				"down": {"uv": [9, 8, 6, 12], "rotation": 180, "texture": "#2"}
			}
		},
		{
			"from": [9.68258, 12.43809, 6],
			"to": [13.68258, 12.43809, 10],
			"rotation": {"angle": 45, "axis": "z", "origin": [10.82843, 10.29204, 8]},
			"faces": {
				"up": {"uv": [2, 8, 6, 12], "texture": "#2"},
				"down": {"uv": [6, 8, 2, 12], "rotation": 180, "texture": "#2"}
			}
		},
		{
			"from": [4.08508, 12.41351, 6],
			"to": [8.08508, 12.41351, 10],
			"rotation": {"angle": -45, "axis": "z", "origin": [6.08508, 12.41351, 8]},
			"faces": {
				"up": {"uv": [6, 8, 2, 12], "texture": "#2"},
				"down": {"uv": [2, 8, 6, 12], "rotation": 180, "texture": "#2"}
			}
		},
		{
			"from": [1.67157, 6.82743, 6],
			"to": [4.67157, 6.82743, 10],
			"rotation": {"angle": 0, "axis": "y", "origin": [8, 2.12047, 8]},
			"faces": {
				"up": {"uv": [9, 2, 6, 6], "texture": "#2"},
				"down": {"uv": [6, 2, 9, 6], "rotation": 180, "texture": "#2"}
			}
		},
		{
			"from": [11.32843, 6.82743, 6],
			"to": [14.32843, 6.82743, 10],
			"rotation": {"angle": 0, "axis": "y", "origin": [8, 2.12047, 8]},
			"faces": {
				"up": {"uv": [6, 2, 9, 6], "texture": "#2"},
				"down": {"uv": [9, 2, 6, 6], "rotation": 180, "texture": "#2"}
			}
		},
		{
			"from": [9.68258, 5.43809, 6],
			"to": [13.68258, 5.43809, 10],
			"rotation": {"angle": 45, "axis": "z", "origin": [10.82843, 3.29204, 8]},
			"faces": {
				"up": {"uv": [2, 2, 6, 6], "texture": "#2"},
				"down": {"uv": [6, 2, 2, 6], "rotation": 180, "texture": "#2"}
			}
		},
		{
			"from": [4.08508, 5.41351, 6],
			"to": [8.08508, 5.41351, 10],
			"rotation": {"angle": -45, "axis": "z", "origin": [6.08508, 5.41351, 8]},
			"faces": {
				"up": {"uv": [6, 2, 2, 6], "texture": "#2"},
				"down": {"uv": [2, 2, 6, 6], "rotation": 180, "texture": "#2"}
			}
		},
		{
			"from": [1.67157, 13.82743, 6],
			"to": [4.67157, 13.82743, 10],
			"rotation": {"angle": 0, "axis": "y", "origin": [8, 9.12047, 8]},
			"faces": {
				"up": {"uv": [9, 8, 6, 12], "texture": "#2"},
				"down": {"uv": [6, 8, 9, 12], "rotation": 180, "texture": "#2"}
			}
		},
		{
			"from": [6, 8.41351, 4.08508],
			"to": [10, 8.41351, 8.08508],
			"rotation": {"angle": 45, "axis": "x", "origin": [8, 8.41351, 6.08508]},
			"faces": {
				"up": {"uv": [6, 8, 2, 12], "rotation": 90, "texture": "#2"},
				"down": {"uv": [2, 8, 6, 12], "rotation": 90, "texture": "#2"}
			}
		},
		{
			"from": [6, 9.82743, 11.32843],
			"to": [10, 9.82743, 14.32843],
			"rotation": {"angle": 0, "axis": "y", "origin": [6, 9.82743, 11.32843]},
			"faces": {
				"up": {"uv": [6, 8, 9, 12], "rotation": 90, "texture": "#2"},
				"down": {"uv": [9, 8, 6, 12], "rotation": 90, "texture": "#2"}
			}
		}
	]
}