{
	"credit": "Made with Blockbench",
	"textures": {
		"0": "block/tall_flowers/sunflower_back",
		"1": "block/tall_flowers/sunflower_front",
		"2": "block/tall_flowers/sunflower_stem",
		"3": "block/tall_flowers/sunflower_front1",
		"particle": "block/tall_flowers/sunflower_back"
	},
	"elements": [
		{
			"from": [7.5, 0, 7.5],
			"to": [8.5, 13, 8.5],
			"rotation": {"angle": 0, "axis": "y", "origin": [7.5, 0, 7.5]},
			"faces": {
				"north": {"uv": [14, 3, 15, 16], "texture": "#2"},
				"east": {"uv": [14, 3, 15, 16], "texture": "#2"},
				"south": {"uv": [14, 3, 15, 16], "texture": "#2"},
				"west": {"uv": [14, 3, 15, 16], "texture": "#2"},
				"up": {"uv": [14, 3, 15, 4], "texture": "#2"}
			}
		},
		{
			"from": [6, 2.41351, 7.91492],
			"to": [10, 2.41351, 11.91492],
			"rotation": {"angle": -45, "axis": "x", "origin": [8, 2.41351, 9.91492]},
			"faces": {
				"up": {"uv": [2, 2, 6, 6], "rotation": 90, "texture": "#2"},
				"down": {"uv": [6, 2, 2, 6], "rotation": 90, "texture": "#2"}
			}
		},
		{
			"from": [6, 3.82743, 1.67157],
			"to": [10, 3.82743, 4.67157],
			"rotation": {"angle": 0, "axis": "y", "origin": [6, 3.82743, 4.67157]},
			"faces": {
				"up": {"uv": [9, 2, 6, 6], "rotation": 90, "texture": "#2"},
				"down": {"uv": [6, 2, 9, 6], "rotation": 90, "texture": "#2"}
			}
		},
		{
			"from": [6, 2.41351, 4.08508],
			"to": [10, 2.41351, 8.08508],
			"rotation": {"angle": 45, "axis": "x", "origin": [8, 2.41351, 6.08508]},
			"faces": {
				"up": {"uv": [6, 2, 2, 6], "rotation": 90, "texture": "#2"},
				"down": {"uv": [2, 2, 6, 6], "rotation": 90, "texture": "#2"}
			}
		},
		{
			"from": [6, 3.82743, 11.32843],
			"to": [10, 3.82743, 14.32843],
			"rotation": {"angle": 0, "axis": "y", "origin": [6, 3.82743, 11.32843]},
			"faces": {
				"up": {"uv": [6, 2, 9, 6], "rotation": 90, "texture": "#2"},
				"down": {"uv": [9, 2, 6, 6], "rotation": 90, "texture": "#2"}
			}
		},
		{
			"from": [4.08508, 7.41351, 6],
			"to": [8.08508, 7.41351, 10],
			"rotation": {"angle": -45, "axis": "z", "origin": [6.08508, 7.41351, 8]},
			"faces": {
				"up": {"uv": [2, 2, 6, 6], "rotation": 180, "texture": "#2"},
				"down": {"uv": [6, 2, 2, 6], "texture": "#2"}
			}
		},
		{
			"from": [11.32843, 8.82743, 6],
			"to": [14.32843, 8.82743, 10],
			"rotation": {"angle": 0, "axis": "y", "origin": [11.32843, 8.82743, 6]},
			"faces": {
				"up": {"uv": [9, 2, 6, 6], "rotation": 180, "texture": "#2"},
				"down": {"uv": [6, 2, 9, 6], "texture": "#2"}
			}
		},
		{
			"from": [7.91492, 7.41351, 6],
			"to": [11.91492, 7.41351, 10],
			"rotation": {"angle": 45, "axis": "z", "origin": [9.91492, 7.41351, 8]},
			"faces": {
				"up": {"uv": [6, 2, 2, 6], "rotation": 180, "texture": "#2"},
				"down": {"uv": [2, 2, 6, 6], "texture": "#2"}
			}
		},
		{
			"from": [1.67157, 8.82743, 6],
			"to": [4.67157, 8.82743, 10],
			"rotation": {"angle": 0, "axis": "y", "origin": [4.67157, 8.82743, 6]},
			"faces": {
				"up": {"uv": [6, 2, 9, 6], "rotation": 180, "texture": "#2"},
				"down": {"uv": [9, 2, 6, 6], "texture": "#2"}
			}
		},
		{
			"from": [5.5, 8.63194, 4],
			"to": [10.5, 13.63194, 5],
			"rotation": {"angle": 45, "axis": "x", "origin": [8, 8.13194, 8.48938]},
			"faces": {
				"north": {"uv": [5, 5, 10, 10], "texture": "#1"},
				"east": {"uv": [5, 5, 6, 10], "texture": "#1"},
				"south": {"uv": [2, 2, 7, 7], "texture": "#0"},
				"west": {"uv": [9, 5, 10, 10], "texture": "#1"},
				"up": {"uv": [5, 5, 10, 6], "texture": "#1"},
				"down": {"uv": [5, 9, 10, 10], "texture": "#1"}
			}
		},
		{
			"from": [10.5, 8.63194, 5],
			"to": [14.5, 13.63194, 5],
			"rotation": {"angle": 45, "axis": "x", "origin": [8, 8.13194, 8.48938]},
			"faces": {
				"north": {"uv": [0, 4, 4, 11], "texture": "#3"},
				"south": {"uv": [4, 4, 0, 11], "texture": "#3"}
			}
		},
		{
			"from": [5.5, 13.63194, 5],
			"to": [10.5, 17.63194, 5],
			"rotation": {"angle": 45, "axis": "x", "origin": [8, 8.13194, 8.48938]},
			"faces": {
				"north": {"uv": [0, 4, 4, 11], "rotation": 90, "texture": "#3"},
				"south": {"uv": [4, 4, 0, 11], "rotation": 270, "texture": "#3"}
			}
		},
		{
			"from": [5.5, 4.63194, 5],
			"to": [10.5, 8.63194, 5],
			"rotation": {"angle": 45, "axis": "x", "origin": [8, 8.13194, 8.48938]},
			"faces": {
				"north": {"uv": [0, 4, 4, 11], "rotation": 270, "texture": "#3"},
				"south": {"uv": [4, 4, 0, 11], "rotation": 90, "texture": "#3"}
			}
		},
		{
			"from": [1.5, 8.63194, 5],
			"to": [5.5, 13.63194, 5],
			"rotation": {"angle": 45, "axis": "x", "origin": [8, 8.13194, 8.48938]},
			"faces": {
				"north": {"uv": [0, 4, 4, 11], "rotation": 180, "texture": "#3"},
				"south": {"uv": [4, 4, 0, 11], "rotation": 180, "texture": "#3"}
			}
		}
	]
}