{
	"credit": "Made with Blockbench",
	"parent": "minecraft:block/cube",
	"textures": {
		"particle": "block/fletching_table_front",
		"north": "block/fletching_table_front",
		"east": "block/fletching_table_side",
		"up": "block/fletching_table_top",
		"down": "block/birch_planks"
	},
	"elements": [
		{
			"from": [0, 0, 0],
			"to": [16, 16, 16],
			"faces": {
				"north": {"uv": [0, 0, 16, 16], "texture": "#east"},
				"east": {"uv": [0, 0, 16, 16], "texture": "#north"},
				"south": {"uv": [0, 0, 16, 16], "texture": "#east"},
				"west": {"uv": [0, 0, 16, 16], "texture": "#north"},
				"up": {"uv": [0, 0, 16, 16], "rotation": 270, "texture": "#up"},
				"down": {"uv": [0, 0, 16, 16], "texture": "#down"}
			}
		},
		{
			"from": [2, 16, 12],
			"to": [11, 16.25, 13],
			"faces": {
				"north": {"uv": [3, 2, 4, 11], "rotation": 270, "texture": "#up"},
				"east": {"uv": [3, 10, 4, 11], "rotation": 270, "texture": "#up"},
				"south": {"uv": [3, 2, 4, 11], "rotation": 270, "texture": "#up"},
				"west": {"uv": [3, 2, 4, 3], "rotation": 270, "texture": "#up"},
				"up": {"uv": [3, 2, 4, 11], "rotation": 270, "texture": "#up"},
				"down": {"uv": [3, 2, 4, 11], "rotation": 270, "texture": "#up"}
			}
		},
		{
			"from": [3, 16, 11],
			"to": [10, 16.25, 12],
			"faces": {
				"north": {"uv": [4, 3, 5, 10], "rotation": 270, "texture": "#up"},
				"east": {"uv": [4, 9, 5, 10], "rotation": 270, "texture": "#up"},
				"south": {"uv": [4, 3, 5, 10], "rotation": 270, "texture": "#up"},
				"west": {"uv": [4, 3, 5, 4], "rotation": 270, "texture": "#up"},
				"up": {"uv": [4, 3, 5, 10], "rotation": 270, "texture": "#up"},
				"down": {"uv": [4, 3, 5, 10], "rotation": 270, "texture": "#up"}
			}
		},
		{
			"from": [11, 16, 11],
			"to": [12, 16.25, 12],
			"faces": {
				"north": {"uv": [4, 11, 5, 12], "texture": "#up"},
				"east": {"uv": [4, 11, 5, 12], "texture": "#up"},
				"south": {"uv": [4, 11, 5, 12], "texture": "#up"},
				"west": {"uv": [4, 11, 5, 12], "texture": "#up"},
				"up": {"uv": [4, 11, 5, 12], "texture": "#up"},
				"down": {"uv": [4, 11, 5, 12], "texture": "#up"}
			}
		},
		{
			"from": [4, 16, 13],
			"to": [10, 16.25, 14],
			"faces": {
				"north": {"uv": [2, 4, 3, 10], "rotation": 270, "texture": "#up"},
				"east": {"uv": [2, 9, 3, 10], "rotation": 270, "texture": "#up"},
				"south": {"uv": [2, 4, 3, 10], "rotation": 270, "texture": "#up"},
				"west": {"uv": [2, 4, 3, 5], "rotation": 270, "texture": "#up"},
				"up": {"uv": [2, 4, 3, 10], "rotation": 270, "texture": "#up"},
				"down": {"uv": [2, 4, 3, 10], "rotation": 270, "texture": "#up"}
			}
		},
		{
			"from": [8, 16, 1],
			"to": [9, 16.25, 3],
			"faces": {
				"north": {"uv": [14, 8, 15, 9], "rotation": 270, "texture": "#up"},
				"east": {"uv": [13, 8, 15, 9], "rotation": 270, "texture": "#up"},
				"south": {"uv": [13, 8, 14, 9], "rotation": 270, "texture": "#up"},
				"west": {"uv": [13, 8, 15, 9], "rotation": 270, "texture": "#up"},
				"up": {"uv": [13, 8, 15, 9], "rotation": 270, "texture": "#up"},
				"down": {"uv": [13, 8, 15, 9], "rotation": 270, "texture": "#up"}
			}
		},
		{
			"from": [9, 16, 2],
			"to": [10, 16.25, 4],
			"faces": {
				"north": {"uv": [13, 9, 14, 10], "rotation": 270, "texture": "#up"},
				"east": {"uv": [12, 9, 14, 10], "rotation": 180, "texture": "#up"},
				"south": {"uv": [12, 9, 13, 10], "rotation": 270, "texture": "#up"},
				"west": {"uv": [12, 9, 14, 10], "rotation": 180, "texture": "#up"},
				"up": {"uv": [12, 9, 14, 10], "rotation": 270, "texture": "#up"},
				"down": {"uv": [12, 9, 14, 10], "rotation": 270, "texture": "#up"}
			}
		},
		{
			"from": [10, 16, 3],
			"to": [11, 16.25, 5],
			"faces": {
				"north": {"uv": [12, 10, 13, 11], "rotation": 270, "texture": "#up"},
				"east": {"uv": [11, 10, 13, 11], "rotation": 180, "texture": "#up"},
				"south": {"uv": [11, 10, 12, 11], "rotation": 270, "texture": "#up"},
				"west": {"uv": [11, 10, 13, 11], "rotation": 180, "texture": "#up"},
				"up": {"uv": [11, 10, 13, 11], "rotation": 270, "texture": "#up"},
				"down": {"uv": [11, 10, 13, 11], "rotation": 270, "texture": "#up"}
			}
		},
		{
			"from": [11, 16, 4],
			"to": [12, 16.25, 6],
			"faces": {
				"north": {"uv": [11, 11, 12, 12], "rotation": 270, "texture": "#up"},
				"east": {"uv": [12, 11, 10, 12], "rotation": 180, "texture": "#up"},
				"south": {"uv": [10, 11, 11, 12], "rotation": 270, "texture": "#up"},
				"west": {"uv": [10, 11, 12, 12], "rotation": 180, "texture": "#up"},
				"up": {"uv": [10, 11, 12, 12], "rotation": 270, "texture": "#up"},
				"down": {"uv": [10, 11, 12, 12], "rotation": 270, "texture": "#up"}
			}
		},
		{
			"from": [12, 16, 5],
			"to": [13, 16.25, 7],
			"faces": {
				"north": {"uv": [10, 12, 11, 13], "rotation": 270, "texture": "#up"},
				"east": {"uv": [11, 12, 9, 13], "rotation": 180, "texture": "#up"},
				"south": {"uv": [9, 12, 10, 13], "rotation": 270, "texture": "#up"},
				"west": {"uv": [9, 12, 11, 13], "rotation": 180, "texture": "#up"},
				"up": {"uv": [9, 12, 11, 13], "rotation": 270, "texture": "#up"},
				"down": {"uv": [9, 12, 11, 13], "rotation": 270, "texture": "#up"}
			}
		},
		{
			"from": [13, 16, 6],
			"to": [14, 16.25, 7],
			"faces": {
				"north": {"uv": [9, 13, 10, 14], "texture": "#up"},
				"east": {"uv": [9, 13, 10, 14], "texture": "#up"},
				"south": {"uv": [9, 13, 10, 14], "texture": "#up"},
				"west": {"uv": [9, 13, 10, 14], "texture": "#up"},
				"up": {"uv": [9, 13, 10, 14], "texture": "#up"},
				"down": {"uv": [9, 13, 10, 14], "texture": "#up"}
			}
		},
		{
			"from": [-0.75, 8, -0.75],
			"to": [0, 9, 0],
			"faces": {
				"north": {"uv": [0, 7, 1, 8], "texture": "#north"},
				"east": {"uv": [0, 7, 1, 8], "texture": "#north"},
				"south": {"uv": [0, 7, 1, 8], "texture": "#north"},
				"west": {"uv": [0, 7, 1, 8], "texture": "#north"},
				"up": {"uv": [0, 7, 1, 8], "texture": "#north"},
				"down": {"uv": [0, 7, 1, 8], "texture": "#north"}
			}
		},
		{
			"from": [16, 8, -0.75],
			"to": [16.75, 9, 0],
			"faces": {
				"north": {"uv": [0, 7, 1, 8], "texture": "#north"},
				"east": {"uv": [0, 7, 1, 8], "texture": "#north"},
				"south": {"uv": [0, 7, 1, 8], "texture": "#north"},
				"west": {"uv": [0, 7, 1, 8], "texture": "#north"},
				"up": {"uv": [0, 7, 1, 8], "texture": "#north"},
				"down": {"uv": [0, 7, 1, 8], "texture": "#north"}
			}
		},
		{
			"from": [16, 8, 16],
			"to": [16.75, 9, 16.75],
			"faces": {
				"north": {"uv": [0, 7, 1, 8], "texture": "#north"},
				"east": {"uv": [0, 7, 1, 8], "texture": "#north"},
				"south": {"uv": [0, 7, 1, 8], "texture": "#north"},
				"west": {"uv": [0, 7, 1, 8], "texture": "#north"},
				"up": {"uv": [0, 7, 1, 8], "texture": "#north"},
				"down": {"uv": [0, 7, 1, 8], "texture": "#north"}
			}
		},
		{
			"from": [-0.75, 8, 16],
			"to": [0, 9, 16.75],
			"faces": {
				"north": {"uv": [0, 7, 1, 8], "texture": "#north"},
				"east": {"uv": [0, 7, 1, 8], "texture": "#north"},
				"south": {"uv": [0, 7, 1, 8], "texture": "#north"},
				"west": {"uv": [0, 7, 1, 8], "texture": "#north"},
				"up": {"uv": [0, 7, 1, 8], "texture": "#north"},
				"down": {"uv": [0, 7, 1, 8], "texture": "#north"}
			}
		},
		{
			"from": [-0.75, 8, 0],
			"to": [0, 9, 16],
			"faces": {
				"north": {"uv": [0, 7, 1, 8], "texture": "#north"},
				"east": {"uv": [0, 0, 16, 1], "texture": "#missing"},
				"south": {"uv": [15, 7, 16, 8], "texture": "#north"},
				"west": {"uv": [0, 7, 16, 8], "texture": "#north"},
				"up": {"uv": [0, 7, 16, 8], "rotation": 90, "texture": "#north"},
				"down": {"uv": [0, 7, 16, 8], "rotation": 90, "texture": "#north"}
			}
		},
		{
			"from": [-0.5, 4, 11],
			"to": [0, 10, 12],
			"faces": {
				"north": {"uv": [11, 6, 12, 12], "texture": "#north"},
				"east": {"uv": [11, 6, 12, 12], "texture": "#north"},
				"south": {"uv": [11, 6, 12, 12], "texture": "#north"},
				"west": {"uv": [11, 6, 12, 12], "texture": "#north"},
				"up": {"uv": [11, 6, 12, 7], "texture": "#north"},
				"down": {"uv": [11, 11, 12, 12], "texture": "#north"}
			}
		},
		{
			"from": [-0.75, 3, 10],
			"to": [0, 5, 11],
			"faces": {
				"north": {"uv": [10, 11, 11, 13], "texture": "#north"},
				"east": {"uv": [10, 11, 11, 13], "texture": "#north"},
				"south": {"uv": [10, 11, 11, 13], "texture": "#north"},
				"west": {"uv": [10, 11, 11, 13], "texture": "#north"},
				"up": {"uv": [10, 11, 11, 12], "texture": "#north"},
				"down": {"uv": [10, 12, 11, 13], "texture": "#north"}
			}
		},
		{
			"from": [-0.75, 2, 11],
			"to": [0, 4, 12],
			"faces": {
				"north": {"uv": [11, 12, 12, 14], "texture": "#north"},
				"east": {"uv": [11, 12, 12, 14], "texture": "#north"},
				"south": {"uv": [11, 12, 12, 14], "texture": "#north"},
				"west": {"uv": [11, 12, 12, 14], "texture": "#north"},
				"up": {"uv": [11, 12, 12, 13], "texture": "#north"},
				"down": {"uv": [11, 13, 12, 14], "texture": "#north"}
			}
		},
		{
			"from": [-0.75, 3, 12],
			"to": [0, 5, 13],
			"faces": {
				"north": {"uv": [12, 11, 13, 13], "texture": "#north"},
				"east": {"uv": [12, 11, 13, 13], "texture": "#north"},
				"south": {"uv": [12, 11, 13, 13], "texture": "#north"},
				"west": {"uv": [12, 11, 13, 13], "texture": "#north"},
				"up": {"uv": [12, 11, 13, 12], "texture": "#north"},
				"down": {"uv": [12, 12, 13, 13], "texture": "#north"}
			}
		},
		{
			"from": [-0.25, 10, 11],
			"to": [0, 13, 12],
			"faces": {
				"north": {"uv": [11, 3, 12, 6], "texture": "#north"},
				"east": {"uv": [11, 3, 12, 6], "texture": "#missing"},
				"south": {"uv": [11, 3, 12, 6], "texture": "#north"},
				"west": {"uv": [11, 3, 12, 6], "texture": "#north"},
				"up": {"uv": [11, 3, 12, 4], "texture": "#north"},
				"down": {"uv": [11, 5, 12, 6], "texture": "#north"}
			}
		},
		{
			"from": [-0.25, 11, 12],
			"to": [0, 14, 13],
			"faces": {
				"north": {"uv": [12, 2, 13, 5], "texture": "#north"},
				"east": {"uv": [11, 3, 12, 6], "texture": "#missing"},
				"south": {"uv": [12, 2, 13, 5], "texture": "#north"},
				"west": {"uv": [12, 2, 13, 5], "texture": "#north"},
				"up": {"uv": [12, 2, 13, 3], "texture": "#north"},
				"down": {"uv": [12, 4, 13, 5], "texture": "#north"}
			}
		},
		{
			"from": [-0.25, 11, 10],
			"to": [0, 14, 11],
			"faces": {
				"north": {"uv": [10, 2, 11, 5], "texture": "#north"},
				"east": {"uv": [11, 3, 12, 6], "texture": "#missing"},
				"south": {"uv": [10, 2, 11, 5], "texture": "#north"},
				"west": {"uv": [10, 2, 11, 5], "texture": "#north"},
				"up": {"uv": [10, 2, 11, 3], "texture": "#north"},
				"down": {"uv": [10, 4, 11, 5], "texture": "#north"}
			}
		},
		{
			"from": [-0.25, 3, 5],
			"to": [0, 12, 6],
			"faces": {
				"north": {"uv": [5, 4, 6, 13], "texture": "#north"},
				"east": {"uv": [5, 4, 6, 13], "texture": "#north"},
				"south": {"uv": [5, 4, 6, 13], "texture": "#north"},
				"west": {"uv": [5, 4, 6, 13], "texture": "#north"},
				"up": {"uv": [5, 4, 6, 5], "texture": "#north"},
				"down": {"uv": [5, 12, 6, 13], "texture": "#north"}
			}
		},
		{
			"from": [-0.5, 1, 4],
			"to": [0, 3, 6],
			"faces": {
				"north": {"uv": [4, 13, 5, 15], "texture": "#north"},
				"east": {"uv": [4, 13, 6, 15], "texture": "#missing"},
				"south": {"uv": [5, 13, 6, 15], "texture": "#north"},
				"west": {"uv": [4, 13, 6, 15], "texture": "#north"},
				"up": {"uv": [6, 13, 4, 14], "rotation": 270, "texture": "#north"},
				"down": {"uv": [4, 14, 6, 15], "rotation": 90, "texture": "#north"}
			}
		},
		{
			"from": [-0.5, 12, 4],
			"to": [0, 14, 6],
			"faces": {
				"north": {"uv": [4, 2, 5, 4], "texture": "#north"},
				"east": {"uv": [4, 13, 6, 15], "texture": "#missing"},
				"south": {"uv": [5, 2, 6, 4], "texture": "#north"},
				"west": {"uv": [4, 2, 6, 4], "texture": "#north"},
				"up": {"uv": [6, 2, 4, 3], "rotation": 270, "texture": "#north"},
				"down": {"uv": [6, 3, 4, 4], "rotation": 90, "texture": "#north"}
			}
		},
		{
			"from": [-0.5, 2, 3],
			"to": [0, 5, 4],
			"faces": {
				"north": {"uv": [3, 11, 4, 14], "texture": "#north"},
				"east": {"uv": [3, 11, 4, 14], "texture": "#missing"},
				"south": {"uv": [3, 11, 4, 14], "texture": "#north"},
				"west": {"uv": [3, 11, 4, 14], "texture": "#north"},
				"up": {"uv": [3, 11, 4, 12], "texture": "#north"},
				"down": {"uv": [3, 13, 4, 14], "texture": "#north"}
			}
		},
		{
			"from": [-0.5, 10, 3],
			"to": [0, 13, 4],
			"faces": {
				"north": {"uv": [3, 3, 4, 6], "texture": "#north"},
				"east": {"uv": [3, 11, 4, 14], "texture": "#missing"},
				"south": {"uv": [3, 3, 4, 6], "texture": "#north"},
				"west": {"uv": [3, 3, 4, 6], "texture": "#north"},
				"up": {"uv": [3, 3, 4, 4], "texture": "#north"},
				"down": {"uv": [3, 5, 4, 6], "texture": "#north"}
			}
		},
		{
			"from": [-0.5, 4, 2],
			"to": [0, 8, 3],
			"faces": {
				"north": {"uv": [2, 8, 3, 12], "texture": "#north"},
				"east": {"uv": [2, 8, 3, 12], "texture": "#north"},
				"south": {"uv": [2, 8, 3, 12], "texture": "#north"},
				"west": {"uv": [2, 8, 3, 12], "texture": "#north"},
				"up": {"uv": [2, 8, 3, 9], "texture": "#north"},
				"down": {"uv": [2, 11, 3, 12], "texture": "#north"}
			}
		},
		{
			"from": [-0.5, 9, 2],
			"to": [0, 12, 3],
			"faces": {
				"north": {"uv": [2, 4, 3, 7], "texture": "#north"},
				"east": {"uv": [2, 4, 3, 7], "texture": "#north"},
				"south": {"uv": [2, 4, 3, 7], "texture": "#north"},
				"west": {"uv": [2, 4, 3, 7], "texture": "#north"},
				"up": {"uv": [2, 4, 3, 5], "texture": "#north"},
				"down": {"uv": [2, 6, 3, 7], "texture": "#north"}
			}
		},
		{
			"from": [0, 8, -0.75],
			"to": [16, 9, 0],
			"faces": {
				"north": {"uv": [0, 7, 16, 8], "texture": "#north"},
				"east": {"uv": [0, 7, 1, 8], "texture": "#north"},
				"south": {"uv": [0, 0, 16, 1], "texture": "#missing"},
				"west": {"uv": [15, 7, 16, 8], "texture": "#north"},
				"up": {"uv": [0, 7, 16, 8], "rotation": 180, "texture": "#north"},
				"down": {"uv": [0, 7, 16, 8], "texture": "#north"}
			}
		},
		{
			"from": [3, 6, -0.55],
			"to": [4, 12, 0],
			"faces": {
				"north": {"uv": [12, 4, 13, 10], "texture": "#east"},
				"east": {"uv": [12, 4, 13, 10], "texture": "#east"},
				"south": {"uv": [12, 4, 13, 10], "texture": "#east"},
				"west": {"uv": [12, 4, 13, 10], "texture": "#east"},
				"up": {"uv": [12, 4, 13, 5], "texture": "#east"},
				"down": {"uv": [12, 9, 13, 10], "texture": "#east"}
			}
		},
		{
			"from": [3, 3, -0.3],
			"to": [4, 6, 0],
			"faces": {
				"north": {"uv": [12, 10, 13, 13], "texture": "#east"},
				"east": {"uv": [12, 10, 13, 13], "texture": "#east"},
				"south": {"uv": [12, 10, 13, 13], "texture": "#east"},
				"west": {"uv": [12, 10, 13, 13], "texture": "#east"},
				"up": {"uv": [12, 10, 13, 13], "texture": "#east"},
				"down": {"uv": [12, 12, 13, 12.55], "texture": "#east"}
			}
		},
		{
			"from": [3, 12, -0.8],
			"to": [4, 14, 0],
			"faces": {
				"north": {"uv": [12, 2, 12.8, 4], "texture": "#east"},
				"east": {"uv": [12, 2, 12.8, 4], "texture": "#east"},
				"south": {"uv": [12, 2, 12.8, 4], "texture": "#east"},
				"west": {"uv": [12, 2, 12.8, 4], "texture": "#east"},
				"up": {"uv": [12, 2, 13, 2.8], "texture": "#east"},
				"down": {"uv": [12, 3, 13, 3.8], "texture": "#east"}
			}
		},
		{
			"from": [2, 11, -0.8],
			"to": [3, 13, 0],
			"faces": {
				"north": {"uv": [13, 3, 13.8, 5], "texture": "#east"},
				"east": {"uv": [13, 3, 13.8, 5], "texture": "#east"},
				"south": {"uv": [13, 3, 13.8, 5], "texture": "#east"},
				"west": {"uv": [13, 3, 13.8, 5], "texture": "#east"},
				"up": {"uv": [13, 3, 14, 3.8], "texture": "#east"},
				"down": {"uv": [13, 4, 14, 4.8], "texture": "#east"}
			}
		},
		{
			"from": [4, 11, -0.8],
			"to": [5, 13, 0],
			"faces": {
				"north": {"uv": [11, 3, 11.8, 5], "texture": "#east"},
				"east": {"uv": [11, 3, 11.8, 5], "texture": "#east"},
				"south": {"uv": [11, 3, 11.8, 5], "texture": "#east"},
				"west": {"uv": [11, 3, 11.8, 5], "texture": "#east"},
				"up": {"uv": [11, 3, 12, 3.8], "texture": "#east"},
				"down": {"uv": [11, 4, 12, 4.8], "texture": "#east"}
			}
		},
		{
			"from": [2, 2, -0.3],
			"to": [3, 5, 0],
			"faces": {
				"north": {"uv": [13, 11, 14, 14], "texture": "#east"},
				"east": {"uv": [13, 11, 14, 14], "texture": "#east"},
				"south": {"uv": [13, 11, 14, 14], "texture": "#east"},
				"west": {"uv": [13, 11, 14, 14], "texture": "#east"},
				"up": {"uv": [13, 11, 14, 11.55], "texture": "#east"},
				"down": {"uv": [13, 13, 14, 13.55], "texture": "#east"}
			}
		},
		{
			"from": [4, 2, -0.3],
			"to": [5, 5, 0],
			"faces": {
				"north": {"uv": [11, 11, 12, 14], "texture": "#east"},
				"east": {"uv": [11, 11, 12, 14], "texture": "#east"},
				"south": {"uv": [11, 11, 12, 14], "texture": "#east"},
				"west": {"uv": [11, 11, 12, 14], "texture": "#east"},
				"up": {"uv": [11, 11, 12, 11.55], "texture": "#east"},
				"down": {"uv": [11, 13, 12, 13.55], "texture": "#east"}
			}
		},
		{
			"from": [7, 4, -1],
			"to": [13, 12, 0],
			"faces": {
				"north": {"uv": [3, 4, 9, 12], "texture": "#east"},
				"east": {"uv": [8, 4, 9, 12], "texture": "#east"},
				"south": {"uv": [3, 4, 9, 12], "texture": "#missing"},
				"west": {"uv": [3, 4, 4, 12], "texture": "#east"},
				"up": {"uv": [3, 4, 9, 5], "texture": "#east"},
				"down": {"uv": [3, 11, 9, 12], "texture": "#east"}
			}
		},
		{
			"from": [6, 5, -1],
			"to": [7, 11, 0],
			"faces": {
				"north": {"uv": [9, 5, 10, 11], "texture": "#east"},
				"east": {"uv": [9, 5, 10, 11], "texture": "#missing"},
				"south": {"uv": [9, 5, 10, 11], "texture": "#missing"},
				"west": {"uv": [9, 5, 10, 11], "texture": "#east"},
				"up": {"uv": [9, 5, 10, 6], "texture": "#east"},
				"down": {"uv": [9, 10, 10, 11], "texture": "#east"}
			}
		},
		{
			"from": [13, 5, -1],
			"to": [14, 11, 0],
			"faces": {
				"north": {"uv": [2, 5, 3, 11], "texture": "#east"},
				"east": {"uv": [2, 5, 3, 11], "texture": "#east"},
				"south": {"uv": [2, 5, 3, 11], "texture": "#missing"},
				"west": {"uv": [2, 5, 3, 11], "texture": "#east"},
				"up": {"uv": [2, 5, 3, 6], "texture": "#east"},
				"down": {"uv": [2, 10, 3, 11], "texture": "#east"}
			}
		},
		{
			"from": [0, 8, 16],
			"to": [16, 9, 16.75],
			"faces": {
				"north": {"uv": [0, 0, 16, 1], "texture": "#missing"},
				"east": {"uv": [15, 7, 16, 8], "texture": "#north"},
				"south": {"uv": [0, 7, 16, 8], "texture": "#north"},
				"west": {"uv": [0, 7, 1, 8], "texture": "#north"},
				"up": {"uv": [0, 7, 16, 8], "texture": "#north"},
				"down": {"uv": [0, 7, 16, 8], "rotation": 180, "texture": "#north"}
			}
		},
		{
			"from": [12, 6, 16],
			"to": [13, 12, 16.55],
			"faces": {
				"north": {"uv": [12, 4, 13, 10], "texture": "#east"},
				"east": {"uv": [12, 4, 13, 10], "texture": "#east"},
				"south": {"uv": [12, 4, 13, 10], "texture": "#east"},
				"west": {"uv": [12, 4, 13, 10], "texture": "#east"},
				"up": {"uv": [12, 4, 13, 5], "rotation": 180, "texture": "#east"},
				"down": {"uv": [12, 9, 13, 10], "rotation": 180, "texture": "#east"}
			}
		},
		{
			"from": [12, 3, 16],
			"to": [13, 6, 16.3],
			"faces": {
				"north": {"uv": [12, 10, 13, 13], "texture": "#east"},
				"east": {"uv": [12, 10, 13, 13], "texture": "#east"},
				"south": {"uv": [12, 10, 13, 13], "texture": "#east"},
				"west": {"uv": [12, 10, 13, 13], "texture": "#east"},
				"up": {"uv": [12, 10, 13, 13], "rotation": 180, "texture": "#east"},
				"down": {"uv": [12, 12, 13, 12.55], "rotation": 180, "texture": "#east"}
			}
		},
		{
			"from": [12, 12, 16],
			"to": [13, 14, 16.8],
			"faces": {
				"north": {"uv": [12, 2, 12.8, 4], "texture": "#east"},
				"east": {"uv": [12, 2, 12.8, 4], "texture": "#east"},
				"south": {"uv": [12, 2, 12.8, 4], "texture": "#east"},
				"west": {"uv": [12, 2, 12.8, 4], "texture": "#east"},
				"up": {"uv": [12, 2, 13, 2.8], "rotation": 180, "texture": "#east"},
				"down": {"uv": [12, 3, 13, 3.8], "rotation": 180, "texture": "#east"}
			}
		},
		{
			"from": [13, 11, 16],
			"to": [14, 13, 16.8],
			"faces": {
				"north": {"uv": [13, 3, 13.8, 5], "texture": "#east"},
				"east": {"uv": [13, 3, 13.8, 5], "texture": "#east"},
				"south": {"uv": [13, 3, 13.8, 5], "texture": "#east"},
				"west": {"uv": [13, 3, 13.8, 5], "texture": "#east"},
				"up": {"uv": [13, 3, 14, 3.8], "rotation": 180, "texture": "#east"},
				"down": {"uv": [13, 4, 14, 4.8], "rotation": 180, "texture": "#east"}
			}
		},
		{
			"from": [11, 11, 16],
			"to": [12, 13, 16.8],
			"faces": {
				"north": {"uv": [11, 3, 11.8, 5], "texture": "#east"},
				"east": {"uv": [11, 3, 11.8, 5], "texture": "#east"},
				"south": {"uv": [11, 3, 11.8, 5], "texture": "#east"},
				"west": {"uv": [11, 3, 11.8, 5], "texture": "#east"},
				"up": {"uv": [11, 3, 12, 3.8], "rotation": 180, "texture": "#east"},
				"down": {"uv": [11, 4, 12, 4.8], "rotation": 180, "texture": "#east"}
			}
		},
		{
			"from": [13, 2, 16],
			"to": [14, 5, 16.3],
			"faces": {
				"north": {"uv": [13, 11, 14, 14], "texture": "#east"},
				"east": {"uv": [13, 11, 14, 14], "texture": "#east"},
				"south": {"uv": [13, 11, 14, 14], "texture": "#east"},
				"west": {"uv": [13, 11, 14, 14], "texture": "#east"},
				"up": {"uv": [13, 11, 14, 11.55], "rotation": 180, "texture": "#east"},
				"down": {"uv": [13, 13, 14, 13.55], "rotation": 180, "texture": "#east"}
			}
		},
		{
			"from": [11, 2, 16],
			"to": [12, 5, 16.3],
			"faces": {
				"north": {"uv": [11, 11, 12, 14], "texture": "#east"},
				"east": {"uv": [11, 11, 12, 14], "texture": "#east"},
				"south": {"uv": [11, 11, 12, 14], "texture": "#east"},
				"west": {"uv": [11, 11, 12, 14], "texture": "#east"},
				"up": {"uv": [11, 11, 12, 11.55], "rotation": 180, "texture": "#east"},
				"down": {"uv": [11, 13, 12, 13.55], "rotation": 180, "texture": "#east"}
			}
		},
		{
			"from": [3, 4, 16],
			"to": [9, 12, 17],
			"faces": {
				"north": {"uv": [3, 4, 9, 12], "texture": "#missing"},
				"east": {"uv": [3, 4, 4, 12], "texture": "#east"},
				"south": {"uv": [3, 4, 9, 12], "texture": "#east"},
				"west": {"uv": [8, 4, 9, 12], "texture": "#east"},
				"up": {"uv": [3, 4, 9, 5], "rotation": 180, "texture": "#east"},
				"down": {"uv": [3, 11, 9, 12], "rotation": 180, "texture": "#east"}
			}
		},
		{
			"from": [9, 5, 16],
			"to": [10, 11, 17],
			"faces": {
				"north": {"uv": [9, 5, 10, 11], "texture": "#missing"},
				"east": {"uv": [9, 5, 10, 11], "texture": "#east"},
				"south": {"uv": [9, 5, 10, 11], "texture": "#east"},
				"west": {"uv": [9, 5, 10, 11], "texture": "#missing"},
				"up": {"uv": [9, 5, 10, 6], "rotation": 180, "texture": "#east"},
				"down": {"uv": [9, 10, 10, 11], "rotation": 180, "texture": "#east"}
			}
		},
		{
			"from": [2, 5, 16],
			"to": [3, 11, 17],
			"faces": {
				"north": {"uv": [2, 5, 3, 11], "texture": "#missing"},
				"east": {"uv": [2, 5, 3, 11], "texture": "#east"},
				"south": {"uv": [2, 5, 3, 11], "texture": "#east"},
				"west": {"uv": [2, 5, 3, 11], "texture": "#east"},
				"up": {"uv": [2, 5, 3, 6], "rotation": 180, "texture": "#east"},
				"down": {"uv": [2, 10, 3, 11], "rotation": 180, "texture": "#east"}
			}
		},
		{
			"from": [16, 8, 0],
			"to": [16.75, 9, 16],
			"faces": {
				"north": {"uv": [15, 7, 16, 8], "texture": "#north"},
				"east": {"uv": [0, 7, 16, 8], "texture": "#north"},
				"south": {"uv": [0, 7, 1, 8], "texture": "#north"},
				"west": {"uv": [0, 0, 16, 1], "texture": "#missing"},
				"up": {"uv": [0, 7, 16, 8], "rotation": 270, "texture": "#north"},
				"down": {"uv": [0, 7, 16, 8], "rotation": 270, "texture": "#north"}
			}
		},
		{
			"from": [16, 4, 4],
			"to": [16.5, 10, 5],
			"faces": {
				"north": {"uv": [11, 6, 12, 12], "texture": "#north"},
				"east": {"uv": [11, 6, 12, 12], "texture": "#north"},
				"south": {"uv": [11, 6, 12, 12], "texture": "#north"},
				"west": {"uv": [11, 6, 12, 12], "texture": "#north"},
				"up": {"uv": [11, 6, 12, 7], "rotation": 180, "texture": "#north"},
				"down": {"uv": [11, 11, 12, 12], "rotation": 180, "texture": "#north"}
			}
		},
		{
			"from": [16, 3, 5],
			"to": [16.75, 5, 6],
			"faces": {
				"north": {"uv": [10, 11, 11, 13], "texture": "#north"},
				"east": {"uv": [10, 11, 11, 13], "texture": "#north"},
				"south": {"uv": [10, 11, 11, 13], "texture": "#north"},
				"west": {"uv": [10, 11, 11, 13], "texture": "#north"},
				"up": {"uv": [10, 11, 11, 12], "rotation": 180, "texture": "#north"},
				"down": {"uv": [10, 12, 11, 13], "rotation": 180, "texture": "#north"}
			}
		},
		{
			"from": [16, 2, 4],
			"to": [16.75, 4, 5],
			"faces": {
				"north": {"uv": [11, 12, 12, 14], "texture": "#north"},
				"east": {"uv": [11, 12, 12, 14], "texture": "#north"},
				"south": {"uv": [11, 12, 12, 14], "texture": "#north"},
				"west": {"uv": [11, 12, 12, 14], "texture": "#north"},
				"up": {"uv": [11, 12, 12, 13], "rotation": 180, "texture": "#north"},
				"down": {"uv": [11, 13, 12, 14], "rotation": 180, "texture": "#north"}
			}
		},
		{
			"from": [16, 3, 3],
			"to": [16.75, 5, 4],
			"faces": {
				"north": {"uv": [12, 11, 13, 13], "texture": "#north"},
				"east": {"uv": [12, 11, 13, 13], "texture": "#north"},
				"south": {"uv": [12, 11, 13, 13], "texture": "#north"},
				"west": {"uv": [12, 11, 13, 13], "texture": "#north"},
				"up": {"uv": [12, 11, 13, 12], "rotation": 180, "texture": "#north"},
				"down": {"uv": [12, 12, 13, 13], "rotation": 180, "texture": "#north"}
			}
		},
		{
			"from": [16, 10, 4],
			"to": [16.25, 13, 5],
			"faces": {
				"north": {"uv": [11, 3, 12, 6], "texture": "#north"},
				"east": {"uv": [11, 3, 12, 6], "texture": "#north"},
				"south": {"uv": [11, 3, 12, 6], "texture": "#north"},
				"west": {"uv": [11, 3, 12, 6], "texture": "#missing"},
				"up": {"uv": [11, 3, 12, 4], "rotation": 180, "texture": "#north"},
				"down": {"uv": [11, 5, 12, 6], "rotation": 180, "texture": "#north"}
			}
		},
		{
			"from": [16, 11, 3],
			"to": [16.25, 14, 4],
			"faces": {
				"north": {"uv": [12, 2, 13, 5], "texture": "#north"},
				"east": {"uv": [12, 2, 13, 5], "texture": "#north"},
				"south": {"uv": [12, 2, 13, 5], "texture": "#north"},
				"west": {"uv": [11, 3, 12, 6], "texture": "#missing"},
				"up": {"uv": [12, 2, 13, 3], "rotation": 180, "texture": "#north"},
				"down": {"uv": [12, 4, 13, 5], "rotation": 180, "texture": "#north"}
			}
		},
		{
			"from": [16, 11, 5],
			"to": [16.25, 14, 6],
			"faces": {
				"north": {"uv": [10, 2, 11, 5], "texture": "#north"},
				"east": {"uv": [10, 2, 11, 5], "texture": "#north"},
				"south": {"uv": [10, 2, 11, 5], "texture": "#north"},
				"west": {"uv": [11, 3, 12, 6], "texture": "#missing"},
				"up": {"uv": [10, 2, 11, 3], "rotation": 180, "texture": "#north"},
				"down": {"uv": [10, 4, 11, 5], "rotation": 180, "texture": "#north"}
			}
		},
		{
			"from": [16, 3, 10],
			"to": [16.25, 12, 11],
			"faces": {
				"north": {"uv": [5, 4, 6, 13], "texture": "#north"},
				"east": {"uv": [5, 4, 6, 13], "texture": "#north"},
				"south": {"uv": [5, 4, 6, 13], "texture": "#north"},
				"west": {"uv": [5, 4, 6, 13], "texture": "#north"},
				"up": {"uv": [5, 4, 6, 5], "rotation": 180, "texture": "#north"},
				"down": {"uv": [5, 12, 6, 13], "rotation": 180, "texture": "#north"}
			}
		},
		{
			"from": [16, 1, 10],
			"to": [16.5, 3, 12],
			"faces": {
				"north": {"uv": [5, 13, 6, 15], "texture": "#north"},
				"east": {"uv": [4, 13, 6, 15], "texture": "#north"},
				"south": {"uv": [4, 13, 5, 15], "texture": "#north"},
				"west": {"uv": [4, 13, 6, 15], "texture": "#missing"},
				"up": {"uv": [6, 13, 4, 14], "rotation": 90, "texture": "#north"},
				"down": {"uv": [4, 14, 6, 15], "rotation": 270, "texture": "#north"}
			}
		},
		{
			"from": [16, 12, 10],
			"to": [16.5, 14, 12],
			"faces": {
				"north": {"uv": [5, 2, 6, 4], "texture": "#north"},
				"east": {"uv": [4, 2, 6, 4], "texture": "#north"},
				"south": {"uv": [4, 2, 5, 4], "texture": "#north"},
				"west": {"uv": [4, 13, 6, 15], "texture": "#missing"},
				"up": {"uv": [6, 2, 4, 3], "rotation": 90, "texture": "#north"},
				"down": {"uv": [6, 3, 4, 4], "rotation": 270, "texture": "#north"}
			}
		},
		{
			"from": [16, 2, 12],
			"to": [16.5, 5, 13],
			"faces": {
				"north": {"uv": [3, 11, 4, 14], "texture": "#north"},
				"east": {"uv": [3, 11, 4, 14], "texture": "#north"},
				"south": {"uv": [3, 11, 4, 14], "texture": "#north"},
				"west": {"uv": [3, 11, 4, 14], "texture": "#missing"},
				"up": {"uv": [3, 11, 4, 12], "rotation": 180, "texture": "#north"},
				"down": {"uv": [3, 13, 4, 14], "rotation": 180, "texture": "#north"}
			}
		},
		{
			"from": [16, 10, 12],
			"to": [16.5, 13, 13],
			"faces": {
				"north": {"uv": [3, 3, 4, 6], "texture": "#north"},
				"east": {"uv": [3, 3, 4, 6], "texture": "#north"},
				"south": {"uv": [3, 3, 4, 6], "texture": "#north"},
				"west": {"uv": [3, 11, 4, 14], "texture": "#missing"},
				"up": {"uv": [3, 3, 4, 4], "rotation": 180, "texture": "#north"},
				"down": {"uv": [3, 5, 4, 6], "rotation": 180, "texture": "#north"}
			}
		},
		{
			"from": [16, 4, 13],
			"to": [16.5, 8, 14],
			"faces": {
				"north": {"uv": [2, 8, 3, 12], "texture": "#north"},
				"east": {"uv": [2, 8, 3, 12], "texture": "#north"},
				"south": {"uv": [2, 8, 3, 12], "texture": "#north"},
				"west": {"uv": [2, 8, 3, 12], "texture": "#north"},
				"up": {"uv": [2, 8, 3, 9], "rotation": 180, "texture": "#north"},
				"down": {"uv": [2, 11, 3, 12], "rotation": 180, "texture": "#north"}
			}
		},
		{
			"from": [16, 9, 13],
			"to": [16.5, 12, 14],
			"faces": {
				"north": {"uv": [2, 4, 3, 7], "texture": "#north"},
				"east": {"uv": [2, 4, 3, 7], "texture": "#north"},
				"south": {"uv": [2, 4, 3, 7], "texture": "#north"},
				"west": {"uv": [2, 4, 3, 7], "texture": "#north"},
				"up": {"uv": [2, 4, 3, 5], "rotation": 180, "texture": "#north"},
				"down": {"uv": [2, 6, 3, 7], "rotation": 180, "texture": "#north"}
			}
		}
	],
	"groups": [
		0,
		{
			"name": "top",
			"origin": [0, 0, 0],
			"color": 0,
			"children": [
				{
					"name": "group",
					"origin": [0, 0, 0],
					"color": 0,
					"children": [1, 2, 3, 4]
				},
				{
					"name": "group",
					"origin": [0, 0, 0],
					"color": 0,
					"children": [5, 6, 7, 8, 9, 10]
				},
				11,
				12,
				13,
				14
			]
		},
		{
			"name": "side_1",
			"origin": [0, 0, 0],
			"color": 0,
			"children": [
				15,
				{
					"name": "group",
					"origin": [0, 0, 0],
					"color": 0,
					"children": [16, 17, 18, 19, 20, 21, 22]
				},
				{
					"name": "group",
					"origin": [0, 0, 0],
					"color": 0,
					"children": [23, 24, 25, 26, 27, 28, 29]
				}
			]
		},
		{
			"name": "Side_2",
			"origin": [8, 8, 8],
			"color": 0,
			"children": [
				30,
				{
					"name": "group",
					"origin": [8, 8, 8],
					"color": 0,
					"children": [31, 32, 33, 34, 35, 36, 37]
				},
				{
					"name": "group",
					"origin": [8, 8, 8],
					"color": 0,
					"children": [38, 39, 40]
				}
			]
		},
		{
			"name": "Side_2",
			"origin": [8, 8, 8],
			"color": 0,
			"children": [
				41,
				{
					"name": "group",
					"origin": [8, 8, 8],
					"color": 0,
					"children": [42, 43, 44, 45, 46, 47, 48]
				},
				{
					"name": "group",
					"origin": [8, 8, 8],
					"color": 0,
					"children": [49, 50, 51]
				}
			]
		},
		{
			"name": "side_1",
			"origin": [0, 0, 0],
			"color": 0,
			"children": [
				52,
				{
					"name": "group",
					"origin": [0, 0, 0],
					"color": 0,
					"children": [53, 54, 55, 56, 57, 58, 59]
				},
				{
					"name": "group",
					"origin": [0, 0, 0],
					"color": 0,
					"children": [60, 61, 62, 63, 64, 65, 66]
				}
			]
		}
	]
}