{
	"credit": "Made with Blockbench",
	"parent": "block/block",
	"textures": {
		"bottom": "block/oak_planks",
		"front": "block/lectern_front",
		"base": "block/lectern_base",
		"particle": "block/lectern_sides",
		"sides": "block/lectern_sides",
		"top": "block/lectern_top"
	},
	"elements": [
		{
			"from": [0.0125, 12, 3],
			"to": [15.9875, 16, 16],
			"rotation": {"angle": -22.5, "axis": "x", "origin": [8, 8, 8]},
			"faces": {
				"north": {"uv": [0, 0, 16, 4], "texture": "#sides"},
				"east": {"uv": [0, 4, 13, 8], "texture": "#sides"},
				"south": {"uv": [0, 4, 16, 8], "texture": "#sides"},
				"west": {"uv": [0, 4, 13, 8], "texture": "#sides"},
				"up": {"uv": [0, 1, 16, 14], "rotation": 180, "texture": "#top"},
				"down": {"uv": [0, 0, 16, 13], "texture": "#bottom"}
			}
		},
		{
			"from": [0, 0, 0],
			"to": [16, 2, 16],
			"faces": {
				"north": {"uv": [0, 6, 16, 8], "texture": "#base", "cullface": "north"},
				"east": {"uv": [0, 6, 16, 8], "texture": "#base", "cullface": "east"},
				"south": {"uv": [0, 6, 16, 8], "texture": "#base", "cullface": "south"},
				"west": {"uv": [0, 6, 16, 8], "texture": "#base", "cullface": "west"},
				"up": {"uv": [0, 0, 16, 16], "rotation": 180, "texture": "#base"},
				"down": {"uv": [0, 0, 16, 16], "texture": "#bottom", "cullface": "down"}
			}
		},
		{
			"from": [5, 0.25, -0.25],
			"to": [11, 2.25, 4],
			"faces": {
				"north": {"uv": [5, 14, 11, 16], "texture": "#base"},
				"east": {"uv": [5, 12, 7, 16], "rotation": 270, "texture": "#base"},
				"south": {"uv": [0, 0, 6, 2], "texture": "#missing"},
				"west": {"uv": [5, 16, 7, 12], "rotation": 270, "texture": "#base"},
				"up": {"uv": [5, 16, 11, 12], "texture": "#base"},
				"down": {"uv": [5, 11.75, 11, 16], "texture": "#base"}
			}
		},
		{
			"from": [4, 2, 5],
			"to": [12, 15, 12],
			"faces": {
				"north": {"uv": [0, 0, 8, 13], "texture": "#front"},
				"east": {"uv": [2, 15, 15, 8], "rotation": 90, "texture": "#sides"},
				"south": {"uv": [8, 3, 16, 16], "texture": "#front"},
				"west": {"uv": [2, 8, 15, 15], "rotation": 90, "texture": "#sides"}
			}
		},
		{
			"from": [4, 2, 4],
			"to": [12, 3, 5],
			"faces": {
				"north": {"uv": [0, 12, 8, 13], "texture": "#front"},
				"east": {"uv": [14, 8, 15, 9], "texture": "#sides"},
				"south": {"uv": [0, 0, 8, 1], "texture": "#missing"},
				"west": {"uv": [14, 15, 15, 16], "texture": "#sides"},
				"up": {"uv": [0, 12, 8, 13], "texture": "#front"},
				"down": {"uv": [0, 0, 8, 1], "texture": "#missing"}
			}
		},
		{
			"from": [4, 3, 4],
			"to": [5, 8, 5],
			"faces": {
				"north": {"uv": [7, 7, 8, 12], "texture": "#front"},
				"east": {"uv": [7, 7, 8, 12], "texture": "#front"},
				"south": {"uv": [0, 0, 1, 5], "texture": "#missing"},
				"west": {"uv": [9, 15, 14, 16], "rotation": 90, "texture": "#sides"},
				"up": {"uv": [0, 0, 1, 1], "texture": "#missing"},
				"down": {"uv": [0, 0, 1, 1], "texture": "#missing"}
			}
		},
		{
			"from": [11, 3, 4],
			"to": [12, 8, 5],
			"faces": {
				"north": {"uv": [0, 7, 1, 12], "texture": "#front"},
				"east": {"uv": [9, 8, 14, 9], "rotation": 90, "texture": "#sides"},
				"south": {"uv": [0, 0, 1, 5], "texture": "#missing"},
				"west": {"uv": [0, 7, 1, 12], "texture": "#front"},
				"up": {"uv": [0, 0, 1, 1], "texture": "#missing"},
				"down": {"uv": [0, 0, 1, 1], "texture": "#missing"}
			}
		},
		{
			"from": [4, 8, 4],
			"to": [12, 12, 5],
			"faces": {
				"north": {"uv": [0, 3, 8, 7], "texture": "#front"},
				"east": {"uv": [5, 8, 9, 9], "rotation": 90, "texture": "#sides"},
				"south": {"uv": [0, 0, 8, 4], "texture": "#missing"},
				"west": {"uv": [5, 15, 9, 16], "rotation": 90, "texture": "#sides"},
				"up": {"uv": [0, 0, 8, 1], "texture": "#missing"},
				"down": {"uv": [0, 0, 8, 1], "texture": "#missing"}
			}
		},
		{
			"from": [5, 3, 4.25],
			"to": [6, 6, 5],
			"faces": {
				"north": {"uv": [6, 9, 7, 12], "texture": "#front"},
				"east": {"uv": [6, 9, 7, 12], "texture": "#front"},
				"south": {"uv": [0, 0, 1, 3], "texture": "#missing"},
				"west": {"uv": [0, 0, 1, 3], "texture": "#missing"},
				"up": {"uv": [6, 9, 7, 10], "texture": "#front"},
				"down": {"uv": [0, 0, 1, 1], "texture": "#missing"}
			}
		},
		{
			"from": [8, 3, 4.25],
			"to": [10, 7, 5],
			"faces": {
				"north": {"uv": [2, 8, 4, 12], "texture": "#front"},
				"east": {"uv": [2, 8, 3, 12], "texture": "#front"},
				"south": {"uv": [0, 0, 2, 4], "texture": "#missing"},
				"west": {"uv": [3, 8, 4, 12], "texture": "#front"},
				"up": {"uv": [2, 8, 4, 9], "texture": "#front"},
				"down": {"uv": [0, 0, 2, 1], "texture": "#missing"}
			}
		},
		{
			"from": [10, 3, 4.5],
			"to": [11, 7, 5],
			"faces": {
				"north": {"uv": [1, 8, 2, 12], "texture": "#front"},
				"east": {"uv": [0, 0, 1, 4], "texture": "#missing"},
				"south": {"uv": [0, 0, 1, 4], "texture": "#missing"},
				"west": {"uv": [0, 0, 1, 4], "texture": "#missing"},
				"up": {"uv": [1, 8, 2, 9], "texture": "#front"},
				"down": {"uv": [0, 0, 1, 1], "texture": "#missing"}
			}
		},
		{
			"from": [6, 3, 4.75],
			"to": [8, 7, 5],
			"faces": {
				"north": {"uv": [4, 8, 6, 12], "texture": "#front"},
				"east": {"uv": [0, 0, 1, 4], "texture": "#missing"},
				"south": {"uv": [0, 0, 2, 4], "texture": "#missing"},
				"west": {"uv": [5, 8, 6, 12], "texture": "#front"},
				"up": {"uv": [6, 8, 4, 9], "texture": "#front"},
				"down": {"uv": [0, 0, 2, 1], "texture": "#missing"}
			}
		}
	],
	"display": {
		"firstperson_righthand": {
			"rotation": [0, 135, 0],
			"scale": [0.4, 0.4, 0.4]
		}
	},
	"groups": [
		0,
		{
			"name": "group",
			"origin": [8, 8, 8],
			"color": 0,
			"children": [1, 2]
		},
		{
			"name": "group",
			"origin": [0, 0, 0],
			"color": 0,
			"children": [
				3,
				4,
				5,
				6,
				7,
				{
					"name": "group",
					"origin": [0, 0, 0],
					"color": 0,
					"children": [8, 9, 10, 11]
				}
			]
		}
	]
}