{
	"credit": "Made with Blockbench",
	"parent": "minecraft:block/cube_column",
	"textures": {
		"end": "block/lodestone_top",
		"side": "block/lodestone_side"
	},
	"elements": [
		{
			"from": [0, 0, 0],
			"to": [16, 1, 16],
			"faces": {
				"north": {"uv": [0, 15, 16, 16], "texture": "#side"},
				"east": {"uv": [0, 15, 16, 16], "texture": "#side"},
				"south": {"uv": [0, 15, 16, 16], "texture": "#side"},
				"west": {"uv": [0, 15, 16, 16], "texture": "#side"},
				"up": {"uv": [0, 0, 16, 16], "texture": "#end"},
				"down": {"uv": [0, 0, 16, 16], "texture": "#end"}
			}
		},
		{
			"from": [0, 1, 0],
			"to": [1, 15, 1],
			"faces": {
				"north": {"uv": [15, 1, 16, 15], "texture": "#side"},
				"east": {"uv": [15, 1, 16, 15], "texture": "#side"},
				"south": {"uv": [0, 1, 1, 15], "texture": "#side"},
				"west": {"uv": [0, 1, 1, 15], "texture": "#side"},
				"up": {"uv": [0, 0, 1, 1], "texture": "#missing"},
				"down": {"uv": [0, 0, 1, 1], "texture": "#missing"}
			}
		},
		{
			"from": [15, 1, 0],
			"to": [16, 15, 1],
			"faces": {
				"north": {"uv": [0, 1, 1, 15], "texture": "#side"},
				"east": {"uv": [15, 1, 16, 15], "texture": "#side"},
				"south": {"uv": [15, 1, 16, 15], "texture": "#side"},
				"west": {"uv": [0, 1, 1, 15], "texture": "#side"},
				"up": {"uv": [0, 0, 1, 1], "texture": "#missing"},
				"down": {"uv": [0, 0, 1, 1], "texture": "#missing"}
			}
		},
		{
			"from": [15, 1, 15],
			"to": [16, 15, 16],
			"faces": {
				"north": {"uv": [0, 1, 1, 15], "texture": "#side"},
				"east": {"uv": [0, 1, 1, 15], "texture": "#side"},
				"south": {"uv": [15, 1, 16, 15], "texture": "#side"},
				"west": {"uv": [15, 1, 16, 15], "texture": "#side"},
				"up": {"uv": [0, 0, 1, 1], "texture": "#missing"},
				"down": {"uv": [0, 0, 1, 1], "texture": "#missing"}
			}
		},
		{
			"from": [0, 1, 15],
			"to": [1, 15, 16],
			"faces": {
				"north": {"uv": [15, 1, 16, 15], "texture": "#side"},
				"east": {"uv": [0, 1, 1, 15], "texture": "#side"},
				"south": {"uv": [0, 1, 1, 15], "texture": "#side"},
				"west": {"uv": [15, 1, 16, 15], "texture": "#side"},
				"up": {"uv": [0, 0, 1, 1], "texture": "#missing"},
				"down": {"uv": [0, 0, 1, 1], "texture": "#missing"}
			}
		},
		{
			"from": [0, 15, 0],
			"to": [16, 15.75, 16],
			"faces": {
				"north": {"uv": [0, 0.25, 16, 1], "texture": "#side"},
				"east": {"uv": [0, 0.25, 16, 1], "texture": "#side"},
				"south": {"uv": [0, 0.25, 16, 1], "texture": "#side"},
				"west": {"uv": [0, 0.25, 16, 1], "texture": "#side"},
				"up": {"uv": [0, 0, 16, 16], "texture": "#end"},
				"down": {"uv": [0, 0, 16, 16], "texture": "#end"}
			}
		},
		{
			"from": [2, 15.75, 2],
			"to": [14, 16, 14],
			"faces": {
				"north": {"uv": [14, 13, 2, 13.25], "texture": "#end"},
				"east": {"uv": [14, 2, 13.25, 14], "rotation": 270, "texture": "#end"},
				"south": {"uv": [2, 2, 14, 2.25], "texture": "#end"},
				"west": {"uv": [2, 2, 2.25, 14], "rotation": 270, "texture": "#end"},
				"up": {"uv": [2, 2, 14, 14], "texture": "#end"},
				"down": {"uv": [2, 2, 14, 14], "texture": "#end"}
			}
		},
		{
			"from": [0, 15.75, 0],
			"to": [1, 16, 16],
			"faces": {
				"north": {"uv": [15, 0, 16, 1], "texture": "#side"},
				"east": {"uv": [1, 0, 0, 16], "rotation": 270, "texture": "#end"},
				"south": {"uv": [0, 0, 1, 1], "texture": "#side"},
				"west": {"uv": [0, 0, 16, 1], "texture": "#side"},
				"up": {"uv": [0, 0, 1, 16], "texture": "#end"},
				"down": {"uv": [0, 0, 1, 16], "texture": "#missing"}
			}
		},
		{
			"from": [15, 15.75, 0],
			"to": [16, 16, 16],
			"faces": {
				"north": {"uv": [0, 0, 1, 1], "texture": "#side"},
				"east": {"uv": [16, 0, 0, 1], "rotation": 180, "texture": "#side"},
				"south": {"uv": [15, 0, 16, 1], "texture": "#side"},
				"west": {"uv": [0, 0, 16, 1], "texture": "#end"},
				"up": {"uv": [15, 0, 16, 16], "texture": "#end"},
				"down": {"uv": [15, 0, 16, 16], "texture": "#missing"}
			}
		},
		{
			"from": [1, 15.75, 0],
			"to": [15, 16, 1],
			"faces": {
				"north": {"uv": [0, 0, 14, 1], "texture": "#side"},
				"east": {"uv": [0, 0, 1, 1], "texture": "#missing"},
				"south": {"uv": [1, 0, 15, 1], "texture": "#end"},
				"west": {"uv": [0, 0, 1, 1], "texture": "#missing"},
				"up": {"uv": [1, 0, 15, 1], "texture": "#end"},
				"down": {"uv": [0, 0, 14, 1], "texture": "#missing"}
			}
		},
		{
			"from": [1, 15.75, 15],
			"to": [15, 16, 16],
			"faces": {
				"north": {"uv": [15, 15, 1, 16], "texture": "#end"},
				"east": {"uv": [0, -0.75, 1, 0.25], "texture": "#missing"},
				"south": {"uv": [1, 0, 15, 1], "texture": "#side"},
				"west": {"uv": [15, -0.75, 16, 0.25], "texture": "#missing"},
				"up": {"uv": [1, 15, 15, 16], "texture": "#end"},
				"down": {"uv": [1, 0, 15, 1], "texture": "#missing"}
			}
		},
		{
			"from": [0, 1, 1],
			"to": [1, 3, 3],
			"faces": {
				"north": {"uv": [0, 0, 1, 2], "texture": "#missing"},
				"east": {"uv": [0, 0, 2, 2], "texture": "#missing"},
				"south": {"uv": [2, 13, 3, 15], "texture": "#side"},
				"west": {"uv": [1, 13, 3, 15], "texture": "#side"},
				"up": {"uv": [1, 13, 3, 14], "rotation": 270, "texture": "#side"},
				"down": {"uv": [0, 0, 1, 2], "texture": "#missing"}
			}
		},
		{
			"from": [0, 1, 13],
			"to": [1, 3, 15],
			"faces": {
				"north": {"uv": [13, 13, 14, 15], "texture": "#side"},
				"east": {"uv": [1, 13, 3, 15], "texture": "#missing"},
				"south": {"uv": [0, 13, 1, 15], "texture": "#side"},
				"west": {"uv": [13, 13, 15, 15], "texture": "#side"},
				"up": {"uv": [13, 13, 15, 14], "rotation": 180, "texture": "#side"},
				"down": {"uv": [0, 1, 1, 3], "texture": "#missing"}
			}
		},
		{
			"from": [0, 13, 13],
			"to": [1, 15, 15],
			"faces": {
				"north": {"uv": [13, 1, 14, 3], "texture": "#side"},
				"east": {"uv": [1, 1, 3, 3], "texture": "#missing"},
				"south": {"uv": [0, 1, 1, 3], "texture": "#side"},
				"west": {"uv": [13, 1, 15, 3], "texture": "#side"},
				"up": {"uv": [0, 13, 1, 15], "rotation": 180, "texture": "#side"},
				"down": {"uv": [13, 2, 15, 3], "rotation": 90, "texture": "#side"}
			}
		},
		{
			"from": [0, 13, 1],
			"to": [1, 15, 3],
			"faces": {
				"north": {"uv": [15, 1, 16, 3], "texture": "#side"},
				"east": {"uv": [13, 1, 15, 3], "texture": "#missing"},
				"south": {"uv": [2, 1, 3, 3], "texture": "#side"},
				"west": {"uv": [1, 1, 3, 3], "texture": "#side"},
				"up": {"uv": [0, 1, 1, 3], "rotation": 180, "texture": "#side"},
				"down": {"uv": [1, 2, 3, 3], "texture": "#side"}
			}
		},
		{
			"from": [13, 1, 0],
			"to": [15, 3, 1],
			"faces": {
				"north": {"uv": [1, 13, 3, 15], "texture": "#side"},
				"east": {"uv": [0, 0, 1, 2], "texture": "#missing"},
				"south": {"uv": [0, 0, 2, 2], "texture": "#missing"},
				"west": {"uv": [2, 13, 3, 15], "texture": "#side"},
				"up": {"uv": [1, 13, 3, 14], "texture": "#side"},
				"down": {"uv": [0, 0, 1, 2], "rotation": 270, "texture": "#missing"}
			}
		},
		{
			"from": [1, 1, 0],
			"to": [3, 3, 1],
			"faces": {
				"north": {"uv": [13, 13, 15, 15], "texture": "#side"},
				"east": {"uv": [13, 13, 14, 15], "texture": "#side"},
				"south": {"uv": [1, 13, 3, 15], "texture": "#missing"},
				"west": {"uv": [0, 13, 1, 15], "texture": "#side"},
				"up": {"uv": [13, 13, 15, 14], "rotation": 270, "texture": "#side"},
				"down": {"uv": [0, 1, 1, 3], "rotation": 270, "texture": "#missing"}
			}
		},
		{
			"from": [1, 13, 0],
			"to": [3, 15, 1],
			"faces": {
				"north": {"uv": [13, 1, 15, 3], "texture": "#side"},
				"east": {"uv": [13, 1, 14, 3], "texture": "#side"},
				"south": {"uv": [1, 1, 3, 3], "texture": "#missing"},
				"west": {"uv": [0, 1, 1, 3], "texture": "#side"},
				"up": {"uv": [0, 13, 1, 15], "rotation": 270, "texture": "#side"},
				"down": {"uv": [13, 2, 15, 3], "texture": "#side"}
			}
		},
		{
			"from": [13, 13, 0],
			"to": [15, 15, 1],
			"faces": {
				"north": {"uv": [1, 1, 3, 3], "texture": "#side"},
				"east": {"uv": [15, 1, 16, 3], "texture": "#side"},
				"south": {"uv": [13, 1, 15, 3], "texture": "#missing"},
				"west": {"uv": [2, 1, 3, 3], "texture": "#side"},
				"up": {"uv": [0, 1, 1, 3], "rotation": 270, "texture": "#side"},
				"down": {"uv": [1, 2, 3, 3], "rotation": 270, "texture": "#side"}
			}
		},
		{
			"from": [15, 1, 13],
			"to": [16, 3, 15],
			"faces": {
				"north": {"uv": [2, 13, 3, 15], "texture": "#side"},
				"east": {"uv": [1, 13, 3, 15], "texture": "#side"},
				"south": {"uv": [0, 0, 1, 2], "texture": "#missing"},
				"west": {"uv": [0, 0, 2, 2], "texture": "#missing"},
				"up": {"uv": [1, 13, 3, 14], "rotation": 90, "texture": "#side"},
				"down": {"uv": [0, 0, 1, 2], "rotation": 180, "texture": "#missing"}
			}
		},
		{
			"from": [15, 1, 1],
			"to": [16, 3, 3],
			"faces": {
				"north": {"uv": [0, 13, 1, 15], "texture": "#side"},
				"east": {"uv": [13, 13, 15, 15], "texture": "#side"},
				"south": {"uv": [13, 13, 14, 15], "texture": "#side"},
				"west": {"uv": [1, 13, 3, 15], "texture": "#missing"},
				"up": {"uv": [13, 13, 15, 14], "texture": "#side"},
				"down": {"uv": [0, 1, 1, 3], "rotation": 180, "texture": "#missing"}
			}
		},
		{
			"from": [15, 13, 1],
			"to": [16, 15, 3],
			"faces": {
				"north": {"uv": [0, 1, 1, 3], "texture": "#side"},
				"east": {"uv": [13, 1, 15, 3], "texture": "#side"},
				"south": {"uv": [13, 1, 14, 3], "texture": "#side"},
				"west": {"uv": [1, 1, 3, 3], "texture": "#missing"},
				"up": {"uv": [0, 13, 1, 15], "texture": "#side"},
				"down": {"uv": [13, 2, 15, 3], "rotation": 270, "texture": "#side"}
			}
		},
		{
			"from": [15, 13, 13],
			"to": [16, 15, 15],
			"faces": {
				"north": {"uv": [2, 1, 3, 3], "texture": "#side"},
				"east": {"uv": [1, 1, 3, 3], "texture": "#side"},
				"south": {"uv": [15, 1, 16, 3], "texture": "#side"},
				"west": {"uv": [13, 1, 15, 3], "texture": "#missing"},
				"up": {"uv": [0, 1, 1, 3], "texture": "#side"},
				"down": {"uv": [1, 2, 3, 3], "rotation": 180, "texture": "#side"}
			}
		},
		{
			"from": [1, 1, 15],
			"to": [3, 3, 16],
			"faces": {
				"north": {"uv": [0, 0, 2, 2], "texture": "#missing"},
				"east": {"uv": [2, 13, 3, 15], "texture": "#side"},
				"south": {"uv": [1, 13, 3, 15], "texture": "#side"},
				"west": {"uv": [0, 0, 1, 2], "texture": "#missing"},
				"up": {"uv": [1, 13, 3, 14], "rotation": 180, "texture": "#side"},
				"down": {"uv": [0, 0, 1, 2], "rotation": 90, "texture": "#missing"}
			}
		},
		{
			"from": [13, 1, 15],
			"to": [15, 3, 16],
			"faces": {
				"north": {"uv": [1, 13, 3, 15], "texture": "#missing"},
				"east": {"uv": [0, 13, 1, 15], "texture": "#side"},
				"south": {"uv": [13, 13, 15, 15], "texture": "#side"},
				"west": {"uv": [13, 13, 14, 15], "texture": "#side"},
				"up": {"uv": [13, 13, 15, 14], "rotation": 90, "texture": "#side"},
				"down": {"uv": [0, 1, 1, 3], "rotation": 90, "texture": "#missing"}
			}
		},
		{
			"from": [13, 13, 15],
			"to": [15, 15, 16],
			"faces": {
				"north": {"uv": [1, 1, 3, 3], "texture": "#missing"},
				"east": {"uv": [0, 1, 1, 3], "texture": "#side"},
				"south": {"uv": [13, 1, 15, 3], "texture": "#side"},
				"west": {"uv": [13, 1, 14, 3], "texture": "#side"},
				"up": {"uv": [0, 13, 1, 15], "rotation": 90, "texture": "#side"},
				"down": {"uv": [13, 2, 15, 3], "rotation": 180, "texture": "#side"}
			}
		},
		{
			"from": [1, 13, 15],
			"to": [3, 15, 16],
			"faces": {
				"north": {"uv": [13, 1, 15, 3], "texture": "#missing"},
				"east": {"uv": [2, 1, 3, 3], "texture": "#side"},
				"south": {"uv": [1, 1, 3, 3], "texture": "#side"},
				"west": {"uv": [15, 1, 16, 3], "texture": "#side"},
				"up": {"uv": [0, 1, 1, 3], "rotation": 90, "texture": "#side"},
				"down": {"uv": [1, 2, 3, 3], "rotation": 90, "texture": "#side"}
			}
		},
		{
			"from": [0.5, 3, 0.5],
			"to": [3, 13, 3],
			"faces": {
				"north": {"uv": [13, 3, 15.5, 13], "texture": "#side"},
				"east": {"uv": [15.5, 3, 13, 13], "texture": "#side"},
				"south": {"uv": [3, 3, 0.5, 13], "texture": "#side"},
				"west": {"uv": [0.5, 3, 3, 13], "texture": "#side"},
				"up": {"uv": [1, 1, 3, 3], "texture": "#missing"},
				"down": {"uv": [1, 13, 3, 15], "texture": "#missing"}
			}
		},
		{
			"from": [0.5, 3, 13],
			"to": [3, 13, 15.5],
			"faces": {
				"north": {"uv": [15, 3, 13, 13], "texture": "#side"},
				"east": {"uv": [3, 3, 0.5, 13], "texture": "#side"},
				"south": {"uv": [0.5, 3, 3, 13], "texture": "#side"},
				"west": {"uv": [13, 3, 15.5, 13], "texture": "#side"},
				"up": {"uv": [1, 13, 3, 15], "texture": "#missing"},
				"down": {"uv": [1, 1, 3, 3], "texture": "#missing"}
			}
		},
		{
			"from": [13, 3, 13],
			"to": [15.5, 13, 15.5],
			"faces": {
				"north": {"uv": [3, 3, 0.5, 13], "texture": "#side"},
				"east": {"uv": [0.5, 3, 3, 13], "texture": "#side"},
				"south": {"uv": [13, 3, 15.5, 13], "texture": "#side"},
				"west": {"uv": [15.5, 3, 13, 13], "texture": "#side"},
				"up": {"uv": [13, 13, 15, 15], "texture": "#missing"},
				"down": {"uv": [13, 1, 15, 3], "texture": "#missing"}
			}
		},
		{
			"from": [13, 3, 0.5],
			"to": [15.5, 13, 3],
			"faces": {
				"north": {"uv": [0.5, 3, 3, 13], "texture": "#side"},
				"east": {"uv": [13, 3, 15.5, 13], "texture": "#side"},
				"south": {"uv": [15.5, 3, 13, 13], "texture": "#side"},
				"west": {"uv": [3, 3, 0.5, 13], "texture": "#side"},
				"up": {"uv": [13, 1, 15, 3], "texture": "#missing"},
				"down": {"uv": [13, 13, 15, 15], "texture": "#missing"}
			}
		},
		{
			"from": [0.5, 13, 0.5],
			"to": [15.5, 15, 15.5],
			"faces": {
				"north": {"uv": [0.5, 1, 15.5, 3], "texture": "#side"},
				"east": {"uv": [0.5, 1, 15.5, 3], "texture": "#side"},
				"south": {"uv": [0.5, 1, 15.5, 3], "texture": "#side"},
				"west": {"uv": [0.5, 1, 15.5, 3], "texture": "#side"},
				"up": {"uv": [0.5, 0.5, 15.5, 15.5], "texture": "#missing"},
				"down": {"uv": [0.5, 0.5, 15.5, 15.5], "texture": "#side"}
			}
		},
		{
			"from": [0.5, 1, 0.5],
			"to": [15.5, 3, 15.5],
			"faces": {
				"north": {"uv": [0.5, 13, 15.5, 15], "texture": "#side"},
				"east": {"uv": [0.5, 13, 15.5, 15], "texture": "#side"},
				"south": {"uv": [0.5, 13, 15.5, 15], "texture": "#side"},
				"west": {"uv": [0.5, 13, 15.5, 15], "texture": "#side"},
				"up": {"uv": [0.5, 0.5, 15.5, 15.5], "rotation": 180, "texture": "#side"},
				"down": {"uv": [0.5, 0.5, 15.5, 15.5], "texture": "#missing"}
			}
		},
		{
			"from": [3, 3, 0.5],
			"to": [5, 6, 1.5],
			"faces": {
				"north": {"uv": [11, 10, 13, 13], "texture": "#side"},
				"east": {"uv": [11, 10, 12, 13], "texture": "#side"},
				"south": {"uv": [11, 10, 13, 13], "texture": "#side"},
				"west": {"uv": [11, 10, 13, 13], "texture": "#side"},
				"up": {"uv": [11, 10, 13, 11], "texture": "#side"},
				"down": {"uv": [11, 10, 13, 13], "texture": "#side"}
			}
		},
		{
			"from": [11, 3, 0.5],
			"to": [13, 6, 1.5],
			"faces": {
				"north": {"uv": [3, 10, 5, 13], "texture": "#side"},
				"east": {"uv": [4, 10, 5, 13], "texture": "#side"},
				"south": {"uv": [3, 10, 5, 13], "texture": "#side"},
				"west": {"uv": [4, 10, 5, 13], "texture": "#side"},
				"up": {"uv": [3, 10, 5, 11], "texture": "#side"},
				"down": {"uv": [3, 12, 5, 13], "texture": "#side"}
			}
		},
		{
			"from": [11, 10, 0.5],
			"to": [13, 13, 1.5],
			"faces": {
				"north": {"uv": [3, 3, 5, 6], "texture": "#side"},
				"east": {"uv": [4, 3, 5, 6], "texture": "#side"},
				"south": {"uv": [3, 3, 5, 6], "texture": "#side"},
				"west": {"uv": [4, 3, 5, 6], "texture": "#side"},
				"up": {"uv": [3, 3, 5, 4], "texture": "#side"},
				"down": {"uv": [3, 5, 5, 6], "texture": "#side"}
			}
		},
		{
			"from": [3, 10, 0.5],
			"to": [5, 13, 1.5],
			"faces": {
				"north": {"uv": [11, 3, 13, 6], "texture": "#side"},
				"east": {"uv": [11, 3, 12, 6], "texture": "#side"},
				"south": {"uv": [11, 3, 13, 6], "texture": "#side"},
				"west": {"uv": [12, 3, 13, 6], "texture": "#side"},
				"up": {"uv": [11, 3, 13, 4], "texture": "#side"},
				"down": {"uv": [11, 5, 13, 6], "texture": "#side"}
			}
		},
		{
			"from": [5, 3, 0.5],
			"to": [6, 5, 1.5],
			"faces": {
				"north": {"uv": [10, 11, 11, 13], "texture": "#side"},
				"east": {"uv": [10, 11, 11, 13], "texture": "#side"},
				"south": {"uv": [10, 11, 11, 13], "texture": "#side"},
				"west": {"uv": [10, 11, 11, 13], "texture": "#side"},
				"up": {"uv": [10, 11, 11, 12], "texture": "#side"},
				"down": {"uv": [10, 12, 11, 13], "texture": "#side"}
			}
		},
		{
			"from": [10, 3, 0.5],
			"to": [11, 5, 1.5],
			"faces": {
				"north": {"uv": [5, 11, 6, 13], "texture": "#side"},
				"east": {"uv": [5, 11, 6, 13], "texture": "#side"},
				"south": {"uv": [5, 11, 6, 13], "texture": "#side"},
				"west": {"uv": [5, 11, 6, 13], "texture": "#side"},
				"up": {"uv": [5, 11, 6, 12], "texture": "#side"},
				"down": {"uv": [5, 12, 6, 13], "texture": "#side"}
			}
		},
		{
			"from": [10, 11, 0.5],
			"to": [11, 13, 1.5],
			"faces": {
				"north": {"uv": [5, 3, 6, 5], "texture": "#side"},
				"east": {"uv": [5, 3, 6, 5], "texture": "#side"},
				"south": {"uv": [5, 3, 6, 5], "texture": "#side"},
				"west": {"uv": [5, 3, 6, 5], "texture": "#side"},
				"up": {"uv": [5, 3, 6, 4], "texture": "#side"},
				"down": {"uv": [5, 4, 6, 5], "texture": "#side"}
			}
		},
		{
			"from": [5, 11, 0.5],
			"to": [6, 13, 1.5],
			"faces": {
				"north": {"uv": [10, 3, 11, 5], "texture": "#side"},
				"east": {"uv": [10, 3, 11, 5], "texture": "#side"},
				"south": {"uv": [10, 3, 11, 5], "texture": "#side"},
				"west": {"uv": [10, 3, 11, 5], "texture": "#side"},
				"up": {"uv": [10, 3, 11, 4], "texture": "#side"},
				"down": {"uv": [10, 4, 11, 5], "texture": "#side"}
			}
		},
		{
			"from": [0.5, 3, 11],
			"to": [1.5, 6, 13],
			"faces": {
				"north": {"uv": [11, 10, 12, 13], "texture": "#side"},
				"east": {"uv": [11, 10, 13, 13], "texture": "#side"},
				"south": {"uv": [11, 10, 13, 13], "texture": "#side"},
				"west": {"uv": [11, 10, 13, 13], "texture": "#side"},
				"up": {"uv": [11, 10, 13, 11], "rotation": 270, "texture": "#side"},
				"down": {"uv": [11, 10, 13, 13], "rotation": 90, "texture": "#side"}
			}
		},
		{
			"from": [0.5, 3, 3],
			"to": [1.5, 6, 5],
			"faces": {
				"north": {"uv": [4, 10, 5, 13], "texture": "#side"},
				"east": {"uv": [3, 10, 5, 13], "texture": "#side"},
				"south": {"uv": [4, 10, 5, 13], "texture": "#side"},
				"west": {"uv": [3, 10, 5, 13], "texture": "#side"},
				"up": {"uv": [3, 10, 5, 11], "rotation": 270, "texture": "#side"},
				"down": {"uv": [3, 12, 5, 13], "rotation": 90, "texture": "#side"}
			}
		},
		{
			"from": [0.5, 10, 3],
			"to": [1.5, 13, 5],
			"faces": {
				"north": {"uv": [4, 3, 5, 6], "texture": "#side"},
				"east": {"uv": [3, 3, 5, 6], "texture": "#side"},
				"south": {"uv": [4, 3, 5, 6], "texture": "#side"},
				"west": {"uv": [3, 3, 5, 6], "texture": "#side"},
				"up": {"uv": [3, 3, 5, 4], "rotation": 270, "texture": "#side"},
				"down": {"uv": [3, 5, 5, 6], "rotation": 90, "texture": "#side"}
			}
		},
		{
			"from": [0.5, 10, 11],
			"to": [1.5, 13, 13],
			"faces": {
				"north": {"uv": [11, 3, 12, 6], "texture": "#side"},
				"east": {"uv": [11, 3, 13, 6], "texture": "#side"},
				"south": {"uv": [12, 3, 13, 6], "texture": "#side"},
				"west": {"uv": [11, 3, 13, 6], "texture": "#side"},
				"up": {"uv": [11, 3, 13, 4], "rotation": 270, "texture": "#side"},
				"down": {"uv": [11, 5, 13, 6], "rotation": 90, "texture": "#side"}
			}
		},
		{
			"from": [0.5, 3, 10],
			"to": [1.5, 5, 11],
			"faces": {
				"north": {"uv": [10, 11, 11, 13], "texture": "#side"},
				"east": {"uv": [10, 11, 11, 13], "texture": "#side"},
				"south": {"uv": [10, 11, 11, 13], "texture": "#side"},
				"west": {"uv": [10, 11, 11, 13], "texture": "#side"},
				"up": {"uv": [10, 11, 11, 12], "rotation": 270, "texture": "#side"},
				"down": {"uv": [10, 12, 11, 13], "rotation": 90, "texture": "#side"}
			}
		},
		{
			"from": [0.5, 3, 5],
			"to": [1.5, 5, 6],
			"faces": {
				"north": {"uv": [5, 11, 6, 13], "texture": "#side"},
				"east": {"uv": [5, 11, 6, 13], "texture": "#side"},
				"south": {"uv": [5, 11, 6, 13], "texture": "#side"},
				"west": {"uv": [5, 11, 6, 13], "texture": "#side"},
				"up": {"uv": [5, 11, 6, 12], "rotation": 270, "texture": "#side"},
				"down": {"uv": [5, 12, 6, 13], "rotation": 90, "texture": "#side"}
			}
		},
		{
			"from": [0.5, 11, 5],
			"to": [1.5, 13, 6],
			"faces": {
				"north": {"uv": [5, 3, 6, 5], "texture": "#side"},
				"east": {"uv": [5, 3, 6, 5], "texture": "#side"},
				"south": {"uv": [5, 3, 6, 5], "texture": "#side"},
				"west": {"uv": [5, 3, 6, 5], "texture": "#side"},
				"up": {"uv": [5, 3, 6, 4], "rotation": 270, "texture": "#side"},
				"down": {"uv": [5, 4, 6, 5], "rotation": 90, "texture": "#side"}
			}
		},
		{
			"from": [0.5, 11, 10],
			"to": [1.5, 13, 11],
			"faces": {
				"north": {"uv": [10, 3, 11, 5], "texture": "#side"},
				"east": {"uv": [10, 3, 11, 5], "texture": "#side"},
				"south": {"uv": [10, 3, 11, 5], "texture": "#side"},
				"west": {"uv": [10, 3, 11, 5], "texture": "#side"},
				"up": {"uv": [10, 3, 11, 4], "rotation": 270, "texture": "#side"},
				"down": {"uv": [10, 4, 11, 5], "rotation": 90, "texture": "#side"}
			}
		},
		{
			"from": [11, 3, 14.5],
			"to": [13, 6, 15.5],
			"faces": {
				"north": {"uv": [11, 10, 13, 13], "texture": "#side"},
				"east": {"uv": [11, 10, 13, 13], "texture": "#side"},
				"south": {"uv": [11, 10, 13, 13], "texture": "#side"},
				"west": {"uv": [11, 10, 12, 13], "texture": "#side"},
				"up": {"uv": [11, 10, 13, 11], "rotation": 180, "texture": "#side"},
				"down": {"uv": [11, 10, 13, 13], "rotation": 180, "texture": "#side"}
			}
		},
		{
			"from": [3, 3, 14.5],
			"to": [5, 6, 15.5],
			"faces": {
				"north": {"uv": [3, 10, 5, 13], "texture": "#side"},
				"east": {"uv": [4, 10, 5, 13], "texture": "#side"},
				"south": {"uv": [3, 10, 5, 13], "texture": "#side"},
				"west": {"uv": [4, 10, 5, 13], "texture": "#side"},
				"up": {"uv": [3, 10, 5, 11], "rotation": 180, "texture": "#side"},
				"down": {"uv": [3, 12, 5, 13], "rotation": 180, "texture": "#side"}
			}
		},
		{
			"from": [3, 10, 14.5],
			"to": [5, 13, 15.5],
			"faces": {
				"north": {"uv": [3, 3, 5, 6], "texture": "#side"},
				"east": {"uv": [4, 3, 5, 6], "texture": "#side"},
				"south": {"uv": [3, 3, 5, 6], "texture": "#side"},
				"west": {"uv": [4, 3, 5, 6], "texture": "#side"},
				"up": {"uv": [3, 3, 5, 4], "rotation": 180, "texture": "#side"},
				"down": {"uv": [3, 5, 5, 6], "rotation": 180, "texture": "#side"}
			}
		},
		{
			"from": [11, 10, 14.5],
			"to": [13, 13, 15.5],
			"faces": {
				"north": {"uv": [11, 3, 13, 6], "texture": "#side"},
				"east": {"uv": [12, 3, 13, 6], "texture": "#side"},
				"south": {"uv": [11, 3, 13, 6], "texture": "#side"},
				"west": {"uv": [11, 3, 12, 6], "texture": "#side"},
				"up": {"uv": [11, 3, 13, 4], "rotation": 180, "texture": "#side"},
				"down": {"uv": [11, 5, 13, 6], "rotation": 180, "texture": "#side"}
			}
		},
		{
			"from": [10, 3, 14.5],
			"to": [11, 5, 15.5],
			"faces": {
				"north": {"uv": [10, 11, 11, 13], "texture": "#side"},
				"east": {"uv": [10, 11, 11, 13], "texture": "#side"},
				"south": {"uv": [10, 11, 11, 13], "texture": "#side"},
				"west": {"uv": [10, 11, 11, 13], "texture": "#side"},
				"up": {"uv": [10, 11, 11, 12], "rotation": 180, "texture": "#side"},
				"down": {"uv": [10, 12, 11, 13], "rotation": 180, "texture": "#side"}
			}
		},
		{
			"from": [5, 3, 14.5],
			"to": [6, 5, 15.5],
			"faces": {
				"north": {"uv": [5, 11, 6, 13], "texture": "#side"},
				"east": {"uv": [5, 11, 6, 13], "texture": "#side"},
				"south": {"uv": [5, 11, 6, 13], "texture": "#side"},
				"west": {"uv": [5, 11, 6, 13], "texture": "#side"},
				"up": {"uv": [5, 11, 6, 12], "rotation": 180, "texture": "#side"},
				"down": {"uv": [5, 12, 6, 13], "rotation": 180, "texture": "#side"}
			}
		},
		{
			"from": [5, 11, 14.5],
			"to": [6, 13, 15.5],
			"faces": {
				"north": {"uv": [5, 3, 6, 5], "texture": "#side"},
				"east": {"uv": [5, 3, 6, 5], "texture": "#side"},
				"south": {"uv": [5, 3, 6, 5], "texture": "#side"},
				"west": {"uv": [5, 3, 6, 5], "texture": "#side"},
				"up": {"uv": [5, 3, 6, 4], "rotation": 180, "texture": "#side"},
				"down": {"uv": [5, 4, 6, 5], "rotation": 180, "texture": "#side"}
			}
		},
		{
			"from": [10, 11, 14.5],
			"to": [11, 13, 15.5],
			"faces": {
				"north": {"uv": [10, 3, 11, 5], "texture": "#side"},
				"east": {"uv": [10, 3, 11, 5], "texture": "#side"},
				"south": {"uv": [10, 3, 11, 5], "texture": "#side"},
				"west": {"uv": [10, 3, 11, 5], "texture": "#side"},
				"up": {"uv": [10, 3, 11, 4], "rotation": 180, "texture": "#side"},
				"down": {"uv": [10, 4, 11, 5], "rotation": 180, "texture": "#side"}
			}
		},
		{
			"from": [14.5, 3, 3],
			"to": [15.5, 6, 5],
			"faces": {
				"north": {"uv": [11, 10, 13, 13], "texture": "#side"},
				"east": {"uv": [11, 10, 13, 13], "texture": "#side"},
				"south": {"uv": [11, 10, 12, 13], "texture": "#side"},
				"west": {"uv": [11, 10, 13, 13], "texture": "#side"},
				"up": {"uv": [11, 10, 13, 11], "rotation": 90, "texture": "#side"},
				"down": {"uv": [11, 10, 13, 13], "rotation": 270, "texture": "#side"}
			}
		},
		{
			"from": [14.5, 3, 11],
			"to": [15.5, 6, 13],
			"faces": {
				"north": {"uv": [4, 10, 5, 13], "texture": "#side"},
				"east": {"uv": [3, 10, 5, 13], "texture": "#side"},
				"south": {"uv": [4, 10, 5, 13], "texture": "#side"},
				"west": {"uv": [3, 10, 5, 13], "texture": "#side"},
				"up": {"uv": [3, 10, 5, 11], "rotation": 90, "texture": "#side"},
				"down": {"uv": [3, 12, 5, 13], "rotation": 270, "texture": "#side"}
			}
		},
		{
			"from": [14.5, 10, 11],
			"to": [15.5, 13, 13],
			"faces": {
				"north": {"uv": [4, 3, 5, 6], "texture": "#side"},
				"east": {"uv": [3, 3, 5, 6], "texture": "#side"},
				"south": {"uv": [4, 3, 5, 6], "texture": "#side"},
				"west": {"uv": [3, 3, 5, 6], "texture": "#side"},
				"up": {"uv": [3, 3, 5, 4], "rotation": 90, "texture": "#side"},
				"down": {"uv": [3, 5, 5, 6], "rotation": 270, "texture": "#side"}
			}
		},
		{
			"from": [14.5, 10, 3],
			"to": [15.5, 13, 5],
			"faces": {
				"north": {"uv": [12, 3, 13, 6], "texture": "#side"},
				"east": {"uv": [11, 3, 13, 6], "texture": "#side"},
				"south": {"uv": [11, 3, 12, 6], "texture": "#side"},
				"west": {"uv": [11, 3, 13, 6], "texture": "#side"},
				"up": {"uv": [11, 3, 13, 4], "rotation": 90, "texture": "#side"},
				"down": {"uv": [11, 5, 13, 6], "rotation": 270, "texture": "#side"}
			}
		},
		{
			"from": [14.5, 3, 5],
			"to": [15.5, 5, 6],
			"faces": {
				"north": {"uv": [10, 11, 11, 13], "texture": "#side"},
				"east": {"uv": [10, 11, 11, 13], "texture": "#side"},
				"south": {"uv": [10, 11, 11, 13], "texture": "#side"},
				"west": {"uv": [10, 11, 11, 13], "texture": "#side"},
				"up": {"uv": [10, 11, 11, 12], "rotation": 90, "texture": "#side"},
				"down": {"uv": [10, 12, 11, 13], "rotation": 270, "texture": "#side"}
			}
		},
		{
			"from": [14.5, 3, 10],
			"to": [15.5, 5, 11],
			"faces": {
				"north": {"uv": [5, 11, 6, 13], "texture": "#side"},
				"east": {"uv": [5, 11, 6, 13], "texture": "#side"},
				"south": {"uv": [5, 11, 6, 13], "texture": "#side"},
				"west": {"uv": [5, 11, 6, 13], "texture": "#side"},
				"up": {"uv": [5, 11, 6, 12], "rotation": 90, "texture": "#side"},
				"down": {"uv": [5, 12, 6, 13], "rotation": 270, "texture": "#side"}
			}
		},
		{
			"from": [14.5, 11, 10],
			"to": [15.5, 13, 11],
			"faces": {
				"north": {"uv": [5, 3, 6, 5], "texture": "#side"},
				"east": {"uv": [5, 3, 6, 5], "texture": "#side"},
				"south": {"uv": [5, 3, 6, 5], "texture": "#side"},
				"west": {"uv": [5, 3, 6, 5], "texture": "#side"},
				"up": {"uv": [5, 3, 6, 4], "rotation": 90, "texture": "#side"},
				"down": {"uv": [5, 4, 6, 5], "rotation": 270, "texture": "#side"}
			}
		},
		{
			"from": [14.5, 11, 5],
			"to": [15.5, 13, 6],
			"faces": {
				"north": {"uv": [10, 3, 11, 5], "texture": "#side"},
				"east": {"uv": [10, 3, 11, 5], "texture": "#side"},
				"south": {"uv": [10, 3, 11, 5], "texture": "#side"},
				"west": {"uv": [10, 3, 11, 5], "texture": "#side"},
				"up": {"uv": [10, 3, 11, 4], "rotation": 90, "texture": "#side"},
				"down": {"uv": [10, 4, 11, 5], "rotation": 270, "texture": "#side"}
			}
		},
		{
			"from": [6, 3, 1],
			"to": [10, 6, 2],
			"faces": {
				"north": {"uv": [6, 10, 10, 13], "texture": "#side"},
				"east": {"uv": [9, 10, 10, 13], "texture": "#side"},
				"south": {"uv": [6, 10, 10, 13], "texture": "#side"},
				"west": {"uv": [6, 10, 7, 13], "texture": "#side"},
				"up": {"uv": [6, 10, 10, 11], "texture": "#side"},
				"down": {"uv": [6, 12, 10, 13], "texture": "#side"}
			}
		},
		{
			"from": [6, 10, 1],
			"to": [10, 13, 2],
			"faces": {
				"north": {"uv": [6, 3, 10, 6], "texture": "#side"},
				"east": {"uv": [9, 3, 10, 6], "texture": "#side"},
				"south": {"uv": [6, 3, 10, 6], "texture": "#side"},
				"west": {"uv": [6, 3, 7, 6], "texture": "#side"},
				"up": {"uv": [6, 3, 10, 4], "texture": "#side"},
				"down": {"uv": [6, 5, 10, 6], "texture": "#side"}
			}
		},
		{
			"from": [3, 6, 1],
			"to": [6, 10, 2],
			"faces": {
				"north": {"uv": [10, 6, 13, 10], "texture": "#side"},
				"east": {"uv": [10, 6, 11, 10], "texture": "#side"},
				"south": {"uv": [10, 6, 13, 10], "texture": "#side"},
				"west": {"uv": [12, 6, 13, 10], "texture": "#side"},
				"up": {"uv": [10, 6, 13, 7], "texture": "#side"},
				"down": {"uv": [10, 9, 13, 10], "texture": "#side"}
			}
		},
		{
			"from": [10, 6, 1],
			"to": [13, 10, 2],
			"faces": {
				"north": {"uv": [3, 6, 6, 10], "texture": "#side"},
				"east": {"uv": [3, 6, 4, 10], "texture": "#side"},
				"south": {"uv": [3, 6, 6, 10], "texture": "#side"},
				"west": {"uv": [5, 6, 6, 10], "texture": "#side"},
				"up": {"uv": [3, 6, 6, 7], "texture": "#side"},
				"down": {"uv": [3, 9, 6, 10], "texture": "#side"}
			}
		},
		{
			"from": [10, 5, 1],
			"to": [11, 6, 2],
			"faces": {
				"north": {"uv": [5, 10, 6, 11], "texture": "#side"},
				"east": {"uv": [5, 10, 6, 11], "texture": "#side"},
				"south": {"uv": [5, 10, 6, 11], "texture": "#side"},
				"west": {"uv": [5, 10, 6, 11], "texture": "#side"},
				"up": {"uv": [5, 10, 6, 11], "texture": "#side"},
				"down": {"uv": [5, 10, 6, 11], "texture": "#side"}
			}
		},
		{
			"from": [10, 10, 1],
			"to": [11, 11, 2],
			"faces": {
				"north": {"uv": [5, 5, 6, 6], "texture": "#side"},
				"east": {"uv": [5, 5, 6, 6], "texture": "#side"},
				"south": {"uv": [5, 5, 6, 6], "texture": "#side"},
				"west": {"uv": [5, 5, 6, 6], "texture": "#side"},
				"up": {"uv": [5, 5, 6, 6], "texture": "#side"},
				"down": {"uv": [5, 5, 6, 6], "texture": "#side"}
			}
		},
		{
			"from": [5, 10, 1],
			"to": [6, 11, 2],
			"faces": {
				"north": {"uv": [10, 5, 11, 6], "texture": "#side"},
				"east": {"uv": [10, 5, 11, 6], "texture": "#side"},
				"south": {"uv": [10, 5, 11, 6], "texture": "#side"},
				"west": {"uv": [10, 5, 11, 6], "texture": "#side"},
				"up": {"uv": [10, 5, 11, 6], "texture": "#side"},
				"down": {"uv": [10, 5, 11, 6], "texture": "#side"}
			}
		},
		{
			"from": [5, 5, 1],
			"to": [6, 6, 2],
			"faces": {
				"north": {"uv": [10, 10, 11, 11], "texture": "#side"},
				"east": {"uv": [10, 10, 11, 11], "texture": "#side"},
				"south": {"uv": [10, 10, 11, 11], "texture": "#side"},
				"west": {"uv": [10, 10, 11, 11], "texture": "#side"},
				"up": {"uv": [10, 10, 11, 11], "texture": "#side"},
				"down": {"uv": [10, 10, 11, 11], "texture": "#side"}
			}
		},
		{
			"from": [6, 6, 1],
			"to": [7, 7, 2],
			"faces": {
				"north": {"uv": [9, 9, 10, 10], "texture": "#side"},
				"east": {"uv": [9, 9, 10, 10], "texture": "#side"},
				"south": {"uv": [9, 9, 10, 10], "texture": "#side"},
				"west": {"uv": [9, 9, 10, 10], "texture": "#side"},
				"up": {"uv": [9, 9, 10, 10], "texture": "#side"},
				"down": {"uv": [9, 9, 10, 10], "texture": "#side"}
			}
		},
		{
			"from": [9, 6, 1],
			"to": [10, 7, 2],
			"faces": {
				"north": {"uv": [6, 9, 7, 10], "texture": "#side"},
				"east": {"uv": [6, 9, 7, 10], "texture": "#side"},
				"south": {"uv": [6, 9, 7, 10], "texture": "#side"},
				"west": {"uv": [6, 9, 7, 10], "texture": "#side"},
				"up": {"uv": [6, 9, 7, 10], "texture": "#side"},
				"down": {"uv": [6, 9, 7, 10], "texture": "#side"}
			}
		},
		{
			"from": [9, 9, 1],
			"to": [10, 10, 2],
			"faces": {
				"north": {"uv": [6, 6, 7, 7], "texture": "#side"},
				"east": {"uv": [6, 6, 7, 7], "texture": "#side"},
				"south": {"uv": [6, 6, 7, 7], "texture": "#side"},
				"west": {"uv": [6, 6, 7, 7], "texture": "#side"},
				"up": {"uv": [6, 6, 7, 7], "texture": "#side"},
				"down": {"uv": [6, 6, 7, 7], "texture": "#side"}
			}
		},
		{
			"from": [6, 9, 1],
			"to": [7, 10, 2],
			"faces": {
				"north": {"uv": [9, 6, 10, 7], "texture": "#side"},
				"east": {"uv": [9, 6, 10, 7], "texture": "#side"},
				"south": {"uv": [9, 6, 10, 7], "texture": "#side"},
				"west": {"uv": [9, 6, 10, 7], "texture": "#side"},
				"up": {"uv": [9, 6, 10, 7], "texture": "#side"},
				"down": {"uv": [9, 6, 10, 7], "texture": "#side"}
			}
		},
		{
			"from": [1, 3, 6],
			"to": [2, 6, 10],
			"faces": {
				"north": {"uv": [9, 10, 10, 13], "texture": "#side"},
				"east": {"uv": [6, 10, 10, 13], "texture": "#side"},
				"south": {"uv": [6, 10, 7, 13], "texture": "#side"},
				"west": {"uv": [6, 10, 10, 13], "texture": "#side"},
				"up": {"uv": [6, 10, 10, 11], "rotation": 270, "texture": "#side"},
				"down": {"uv": [6, 12, 10, 13], "rotation": 90, "texture": "#side"}
			}
		},
		{
			"from": [1, 10, 6],
			"to": [2, 13, 10],
			"faces": {
				"north": {"uv": [9, 3, 10, 6], "texture": "#side"},
				"east": {"uv": [6, 3, 10, 6], "texture": "#side"},
				"south": {"uv": [6, 3, 7, 6], "texture": "#side"},
				"west": {"uv": [6, 3, 10, 6], "texture": "#side"},
				"up": {"uv": [6, 3, 10, 4], "rotation": 270, "texture": "#side"},
				"down": {"uv": [6, 5, 10, 6], "rotation": 90, "texture": "#side"}
			}
		},
		{
			"from": [1, 6, 10],
			"to": [2, 10, 13],
			"faces": {
				"north": {"uv": [10, 6, 11, 10], "texture": "#side"},
				"east": {"uv": [10, 6, 13, 10], "texture": "#side"},
				"south": {"uv": [12, 6, 13, 10], "texture": "#side"},
				"west": {"uv": [10, 6, 13, 10], "texture": "#side"},
				"up": {"uv": [10, 6, 13, 7], "rotation": 270, "texture": "#side"},
				"down": {"uv": [10, 9, 13, 10], "rotation": 90, "texture": "#side"}
			}
		},
		{
			"from": [1, 6, 3],
			"to": [2, 10, 6],
			"faces": {
				"north": {"uv": [3, 6, 4, 10], "texture": "#side"},
				"east": {"uv": [3, 6, 6, 10], "texture": "#side"},
				"south": {"uv": [5, 6, 6, 10], "texture": "#side"},
				"west": {"uv": [3, 6, 6, 10], "texture": "#side"},
				"up": {"uv": [3, 6, 6, 7], "rotation": 270, "texture": "#side"},
				"down": {"uv": [3, 9, 6, 10], "rotation": 90, "texture": "#side"}
			}
		},
		{
			"from": [1, 5, 5],
			"to": [2, 6, 6],
			"faces": {
				"north": {"uv": [5, 10, 6, 11], "texture": "#side"},
				"east": {"uv": [5, 10, 6, 11], "texture": "#side"},
				"south": {"uv": [5, 10, 6, 11], "texture": "#side"},
				"west": {"uv": [5, 10, 6, 11], "texture": "#side"},
				"up": {"uv": [5, 10, 6, 11], "rotation": 270, "texture": "#side"},
				"down": {"uv": [5, 10, 6, 11], "rotation": 90, "texture": "#side"}
			}
		},
		{
			"from": [1, 10, 5],
			"to": [2, 11, 6],
			"faces": {
				"north": {"uv": [5, 5, 6, 6], "texture": "#side"},
				"east": {"uv": [5, 5, 6, 6], "texture": "#side"},
				"south": {"uv": [5, 5, 6, 6], "texture": "#side"},
				"west": {"uv": [5, 5, 6, 6], "texture": "#side"},
				"up": {"uv": [5, 5, 6, 6], "rotation": 270, "texture": "#side"},
				"down": {"uv": [5, 5, 6, 6], "rotation": 90, "texture": "#side"}
			}
		},
		{
			"from": [1, 10, 10],
			"to": [2, 11, 11],
			"faces": {
				"north": {"uv": [10, 5, 11, 6], "texture": "#side"},
				"east": {"uv": [10, 5, 11, 6], "texture": "#side"},
				"south": {"uv": [10, 5, 11, 6], "texture": "#side"},
				"west": {"uv": [10, 5, 11, 6], "texture": "#side"},
				"up": {"uv": [10, 5, 11, 6], "rotation": 270, "texture": "#side"},
				"down": {"uv": [10, 5, 11, 6], "rotation": 90, "texture": "#side"}
			}
		},
		{
			"from": [1, 5, 10],
			"to": [2, 6, 11],
			"faces": {
				"north": {"uv": [10, 10, 11, 11], "texture": "#side"},
				"east": {"uv": [10, 10, 11, 11], "texture": "#side"},
				"south": {"uv": [10, 10, 11, 11], "texture": "#side"},
				"west": {"uv": [10, 10, 11, 11], "texture": "#side"},
				"up": {"uv": [10, 10, 11, 11], "rotation": 270, "texture": "#side"},
				"down": {"uv": [10, 10, 11, 11], "rotation": 90, "texture": "#side"}
			}
		},
		{
			"from": [1, 6, 9],
			"to": [2, 7, 10],
			"faces": {
				"north": {"uv": [9, 9, 10, 10], "texture": "#side"},
				"east": {"uv": [9, 9, 10, 10], "texture": "#side"},
				"south": {"uv": [9, 9, 10, 10], "texture": "#side"},
				"west": {"uv": [9, 9, 10, 10], "texture": "#side"},
				"up": {"uv": [9, 9, 10, 10], "rotation": 270, "texture": "#side"},
				"down": {"uv": [9, 9, 10, 10], "rotation": 90, "texture": "#side"}
			}
		},
		{
			"from": [1, 6, 6],
			"to": [2, 7, 7],
			"faces": {
				"north": {"uv": [6, 9, 7, 10], "texture": "#side"},
				"east": {"uv": [6, 9, 7, 10], "texture": "#side"},
				"south": {"uv": [6, 9, 7, 10], "texture": "#side"},
				"west": {"uv": [6, 9, 7, 10], "texture": "#side"},
				"up": {"uv": [6, 9, 7, 10], "rotation": 270, "texture": "#side"},
				"down": {"uv": [6, 9, 7, 10], "rotation": 90, "texture": "#side"}
			}
		},
		{
			"from": [1, 9, 6],
			"to": [2, 10, 7],
			"faces": {
				"north": {"uv": [6, 6, 7, 7], "texture": "#side"},
				"east": {"uv": [6, 6, 7, 7], "texture": "#side"},
				"south": {"uv": [6, 6, 7, 7], "texture": "#side"},
				"west": {"uv": [6, 6, 7, 7], "texture": "#side"},
				"up": {"uv": [6, 6, 7, 7], "rotation": 270, "texture": "#side"},
				"down": {"uv": [6, 6, 7, 7], "rotation": 90, "texture": "#side"}
			}
		},
		{
			"from": [1, 9, 9],
			"to": [2, 10, 10],
			"faces": {
				"north": {"uv": [9, 6, 10, 7], "texture": "#side"},
				"east": {"uv": [9, 6, 10, 7], "texture": "#side"},
				"south": {"uv": [9, 6, 10, 7], "texture": "#side"},
				"west": {"uv": [9, 6, 10, 7], "texture": "#side"},
				"up": {"uv": [9, 6, 10, 7], "rotation": 270, "texture": "#side"},
				"down": {"uv": [9, 6, 10, 7], "rotation": 90, "texture": "#side"}
			}
		},
		{
			"from": [6, 3, 14],
			"to": [10, 6, 15],
			"faces": {
				"north": {"uv": [6, 10, 10, 13], "texture": "#side"},
				"east": {"uv": [6, 10, 7, 13], "texture": "#side"},
				"south": {"uv": [6, 10, 10, 13], "texture": "#side"},
				"west": {"uv": [9, 10, 10, 13], "texture": "#side"},
				"up": {"uv": [6, 10, 10, 11], "rotation": 180, "texture": "#side"},
				"down": {"uv": [6, 12, 10, 13], "rotation": 180, "texture": "#side"}
			}
		},
		{
			"from": [6, 10, 14],
			"to": [10, 13, 15],
			"faces": {
				"north": {"uv": [6, 3, 10, 6], "texture": "#side"},
				"east": {"uv": [6, 3, 7, 6], "texture": "#side"},
				"south": {"uv": [6, 3, 10, 6], "texture": "#side"},
				"west": {"uv": [9, 3, 10, 6], "texture": "#side"},
				"up": {"uv": [6, 3, 10, 4], "rotation": 180, "texture": "#side"},
				"down": {"uv": [6, 5, 10, 6], "rotation": 180, "texture": "#side"}
			}
		},
		{
			"from": [10, 6, 14],
			"to": [13, 10, 15],
			"faces": {
				"north": {"uv": [10, 6, 13, 10], "texture": "#side"},
				"east": {"uv": [12, 6, 13, 10], "texture": "#side"},
				"south": {"uv": [10, 6, 13, 10], "texture": "#side"},
				"west": {"uv": [10, 6, 11, 10], "texture": "#side"},
				"up": {"uv": [10, 6, 13, 7], "rotation": 180, "texture": "#side"},
				"down": {"uv": [10, 9, 13, 10], "rotation": 180, "texture": "#side"}
			}
		},
		{
			"from": [3, 6, 14],
			"to": [6, 10, 15],
			"faces": {
				"north": {"uv": [3, 6, 6, 10], "texture": "#side"},
				"east": {"uv": [5, 6, 6, 10], "texture": "#side"},
				"south": {"uv": [3, 6, 6, 10], "texture": "#side"},
				"west": {"uv": [3, 6, 4, 10], "texture": "#side"},
				"up": {"uv": [3, 6, 6, 7], "rotation": 180, "texture": "#side"},
				"down": {"uv": [3, 9, 6, 10], "rotation": 180, "texture": "#side"}
			}
		},
		{
			"from": [5, 5, 14],
			"to": [6, 6, 15],
			"faces": {
				"north": {"uv": [5, 10, 6, 11], "texture": "#side"},
				"east": {"uv": [5, 10, 6, 11], "texture": "#side"},
				"south": {"uv": [5, 10, 6, 11], "texture": "#side"},
				"west": {"uv": [5, 10, 6, 11], "texture": "#side"},
				"up": {"uv": [5, 10, 6, 11], "rotation": 180, "texture": "#side"},
				"down": {"uv": [5, 10, 6, 11], "rotation": 180, "texture": "#side"}
			}
		},
		{
			"from": [5, 10, 14],
			"to": [6, 11, 15],
			"faces": {
				"north": {"uv": [5, 5, 6, 6], "texture": "#side"},
				"east": {"uv": [5, 5, 6, 6], "texture": "#side"},
				"south": {"uv": [5, 5, 6, 6], "texture": "#side"},
				"west": {"uv": [5, 5, 6, 6], "texture": "#side"},
				"up": {"uv": [5, 5, 6, 6], "rotation": 180, "texture": "#side"},
				"down": {"uv": [5, 5, 6, 6], "rotation": 180, "texture": "#side"}
			}
		},
		{
			"from": [10, 10, 14],
			"to": [11, 11, 15],
			"faces": {
				"north": {"uv": [10, 5, 11, 6], "texture": "#side"},
				"east": {"uv": [10, 5, 11, 6], "texture": "#side"},
				"south": {"uv": [10, 5, 11, 6], "texture": "#side"},
				"west": {"uv": [10, 5, 11, 6], "texture": "#side"},
				"up": {"uv": [10, 5, 11, 6], "rotation": 180, "texture": "#side"},
				"down": {"uv": [10, 5, 11, 6], "rotation": 180, "texture": "#side"}
			}
		},
		{
			"from": [10, 5, 14],
			"to": [11, 6, 15],
			"faces": {
				"north": {"uv": [10, 10, 11, 11], "texture": "#side"},
				"east": {"uv": [10, 10, 11, 11], "texture": "#side"},
				"south": {"uv": [10, 10, 11, 11], "texture": "#side"},
				"west": {"uv": [10, 10, 11, 11], "texture": "#side"},
				"up": {"uv": [10, 10, 11, 11], "rotation": 180, "texture": "#side"},
				"down": {"uv": [10, 10, 11, 11], "rotation": 180, "texture": "#side"}
			}
		},
		{
			"from": [9, 6, 14],
			"to": [10, 7, 15],
			"faces": {
				"north": {"uv": [9, 9, 10, 10], "texture": "#side"},
				"east": {"uv": [9, 9, 10, 10], "texture": "#side"},
				"south": {"uv": [9, 9, 10, 10], "texture": "#side"},
				"west": {"uv": [9, 9, 10, 10], "texture": "#side"},
				"up": {"uv": [9, 9, 10, 10], "rotation": 180, "texture": "#side"},
				"down": {"uv": [9, 9, 10, 10], "rotation": 180, "texture": "#side"}
			}
		},
		{
			"from": [6, 6, 14],
			"to": [7, 7, 15],
			"faces": {
				"north": {"uv": [6, 9, 7, 10], "texture": "#side"},
				"east": {"uv": [6, 9, 7, 10], "texture": "#side"},
				"south": {"uv": [6, 9, 7, 10], "texture": "#side"},
				"west": {"uv": [6, 9, 7, 10], "texture": "#side"},
				"up": {"uv": [6, 9, 7, 10], "rotation": 180, "texture": "#side"},
				"down": {"uv": [6, 9, 7, 10], "rotation": 180, "texture": "#side"}
			}
		},
		{
			"from": [6, 9, 14],
			"to": [7, 10, 15],
			"faces": {
				"north": {"uv": [6, 6, 7, 7], "texture": "#side"},
				"east": {"uv": [6, 6, 7, 7], "texture": "#side"},
				"south": {"uv": [6, 6, 7, 7], "texture": "#side"},
				"west": {"uv": [6, 6, 7, 7], "texture": "#side"},
				"up": {"uv": [6, 6, 7, 7], "rotation": 180, "texture": "#side"},
				"down": {"uv": [6, 6, 7, 7], "rotation": 180, "texture": "#side"}
			}
		},
		{
			"from": [9, 9, 14],
			"to": [10, 10, 15],
			"faces": {
				"north": {"uv": [9, 6, 10, 7], "texture": "#side"},
				"east": {"uv": [9, 6, 10, 7], "texture": "#side"},
				"south": {"uv": [9, 6, 10, 7], "texture": "#side"},
				"west": {"uv": [9, 6, 10, 7], "texture": "#side"},
				"up": {"uv": [9, 6, 10, 7], "rotation": 180, "texture": "#side"},
				"down": {"uv": [9, 6, 10, 7], "rotation": 180, "texture": "#side"}
			}
		},
		{
			"from": [14, 3, 6],
			"to": [15, 6, 10],
			"faces": {
				"north": {"uv": [6, 10, 7, 13], "texture": "#side"},
				"east": {"uv": [6, 10, 10, 13], "texture": "#side"},
				"south": {"uv": [9, 10, 10, 13], "texture": "#side"},
				"west": {"uv": [6, 10, 10, 13], "texture": "#side"},
				"up": {"uv": [6, 10, 10, 11], "rotation": 90, "texture": "#side"},
				"down": {"uv": [6, 12, 10, 13], "rotation": 270, "texture": "#side"}
			}
		},
		{
			"from": [14, 10, 6],
			"to": [15, 13, 10],
			"faces": {
				"north": {"uv": [6, 3, 7, 6], "texture": "#side"},
				"east": {"uv": [6, 3, 10, 6], "texture": "#side"},
				"south": {"uv": [9, 3, 10, 6], "texture": "#side"},
				"west": {"uv": [6, 3, 10, 6], "texture": "#side"},
				"up": {"uv": [6, 3, 10, 4], "rotation": 90, "texture": "#side"},
				"down": {"uv": [6, 5, 10, 6], "rotation": 270, "texture": "#side"}
			}
		},
		{
			"from": [14, 6, 3],
			"to": [15, 10, 6],
			"faces": {
				"north": {"uv": [12, 6, 13, 10], "texture": "#side"},
				"east": {"uv": [10, 6, 13, 10], "texture": "#side"},
				"south": {"uv": [10, 6, 11, 10], "texture": "#side"},
				"west": {"uv": [10, 6, 13, 10], "texture": "#side"},
				"up": {"uv": [10, 6, 13, 7], "rotation": 90, "texture": "#side"},
				"down": {"uv": [10, 9, 13, 10], "rotation": 270, "texture": "#side"}
			}
		},
		{
			"from": [14, 6, 10],
			"to": [15, 10, 13],
			"faces": {
				"north": {"uv": [5, 6, 6, 10], "texture": "#side"},
				"east": {"uv": [3, 6, 6, 10], "texture": "#side"},
				"south": {"uv": [3, 6, 4, 10], "texture": "#side"},
				"west": {"uv": [3, 6, 6, 10], "texture": "#side"},
				"up": {"uv": [3, 6, 6, 7], "rotation": 90, "texture": "#side"},
				"down": {"uv": [3, 9, 6, 10], "rotation": 270, "texture": "#side"}
			}
		},
		{
			"from": [14, 5, 10],
			"to": [15, 6, 11],
			"faces": {
				"north": {"uv": [5, 10, 6, 11], "texture": "#side"},
				"east": {"uv": [5, 10, 6, 11], "texture": "#side"},
				"south": {"uv": [5, 10, 6, 11], "texture": "#side"},
				"west": {"uv": [5, 10, 6, 11], "texture": "#side"},
				"up": {"uv": [5, 10, 6, 11], "rotation": 90, "texture": "#side"},
				"down": {"uv": [5, 10, 6, 11], "rotation": 270, "texture": "#side"}
			}
		},
		{
			"from": [14, 10, 10],
			"to": [15, 11, 11],
			"faces": {
				"north": {"uv": [5, 5, 6, 6], "texture": "#side"},
				"east": {"uv": [5, 5, 6, 6], "texture": "#side"},
				"south": {"uv": [5, 5, 6, 6], "texture": "#side"},
				"west": {"uv": [5, 5, 6, 6], "texture": "#side"},
				"up": {"uv": [5, 5, 6, 6], "rotation": 90, "texture": "#side"},
				"down": {"uv": [5, 5, 6, 6], "rotation": 270, "texture": "#side"}
			}
		},
		{
			"from": [14, 10, 5],
			"to": [15, 11, 6],
			"faces": {
				"north": {"uv": [10, 5, 11, 6], "texture": "#side"},
				"east": {"uv": [10, 5, 11, 6], "texture": "#side"},
				"south": {"uv": [10, 5, 11, 6], "texture": "#side"},
				"west": {"uv": [10, 5, 11, 6], "texture": "#side"},
				"up": {"uv": [10, 5, 11, 6], "rotation": 90, "texture": "#side"},
				"down": {"uv": [10, 5, 11, 6], "rotation": 270, "texture": "#side"}
			}
		},
		{
			"from": [14, 5, 5],
			"to": [15, 6, 6],
			"faces": {
				"north": {"uv": [10, 10, 11, 11], "texture": "#side"},
				"east": {"uv": [10, 10, 11, 11], "texture": "#side"},
				"south": {"uv": [10, 10, 11, 11], "texture": "#side"},
				"west": {"uv": [10, 10, 11, 11], "texture": "#side"},
				"up": {"uv": [10, 10, 11, 11], "rotation": 90, "texture": "#side"},
				"down": {"uv": [10, 10, 11, 11], "rotation": 270, "texture": "#side"}
			}
		},
		{
			"from": [14, 6, 6],
			"to": [15, 7, 7],
			"faces": {
				"north": {"uv": [9, 9, 10, 10], "texture": "#side"},
				"east": {"uv": [9, 9, 10, 10], "texture": "#side"},
				"south": {"uv": [9, 9, 10, 10], "texture": "#side"},
				"west": {"uv": [9, 9, 10, 10], "texture": "#side"},
				"up": {"uv": [9, 9, 10, 10], "rotation": 90, "texture": "#side"},
				"down": {"uv": [9, 9, 10, 10], "rotation": 270, "texture": "#side"}
			}
		},
		{
			"from": [14, 6, 9],
			"to": [15, 7, 10],
			"faces": {
				"north": {"uv": [6, 9, 7, 10], "texture": "#side"},
				"east": {"uv": [6, 9, 7, 10], "texture": "#side"},
				"south": {"uv": [6, 9, 7, 10], "texture": "#side"},
				"west": {"uv": [6, 9, 7, 10], "texture": "#side"},
				"up": {"uv": [6, 9, 7, 10], "rotation": 90, "texture": "#side"},
				"down": {"uv": [6, 9, 7, 10], "rotation": 270, "texture": "#side"}
			}
		},
		{
			"from": [14, 9, 9],
			"to": [15, 10, 10],
			"faces": {
				"north": {"uv": [6, 6, 7, 7], "texture": "#side"},
				"east": {"uv": [6, 6, 7, 7], "texture": "#side"},
				"south": {"uv": [6, 6, 7, 7], "texture": "#side"},
				"west": {"uv": [6, 6, 7, 7], "texture": "#side"},
				"up": {"uv": [6, 6, 7, 7], "rotation": 90, "texture": "#side"},
				"down": {"uv": [6, 6, 7, 7], "rotation": 270, "texture": "#side"}
			}
		},
		{
			"from": [14, 9, 6],
			"to": [15, 10, 7],
			"faces": {
				"north": {"uv": [9, 6, 10, 7], "texture": "#side"},
				"east": {"uv": [9, 6, 10, 7], "texture": "#side"},
				"south": {"uv": [9, 6, 10, 7], "texture": "#side"},
				"west": {"uv": [9, 6, 10, 7], "texture": "#side"},
				"up": {"uv": [9, 6, 10, 7], "rotation": 90, "texture": "#side"},
				"down": {"uv": [9, 6, 10, 7], "rotation": 270, "texture": "#side"}
			}
		},
		{
			"from": [6, 6, 1.5],
			"to": [10, 10, 2.5],
			"faces": {
				"north": {"uv": [6, 6, 10, 10], "texture": "#side"},
				"east": {"uv": [9, 6, 10, 10], "texture": "#side"},
				"south": {"uv": [6, 6, 10, 10], "texture": "#side"},
				"west": {"uv": [6, 6, 7, 10], "texture": "#side"},
				"up": {"uv": [6, 6, 10, 7], "texture": "#side"},
				"down": {"uv": [6, 9, 10, 10], "texture": "#side"}
			}
		},
		{
			"from": [1.5, 6, 6],
			"to": [2.5, 10, 10],
			"faces": {
				"north": {"uv": [9, 6, 10, 10], "texture": "#side"},
				"east": {"uv": [6, 6, 10, 10], "texture": "#side"},
				"south": {"uv": [6, 6, 7, 10], "texture": "#side"},
				"west": {"uv": [6, 6, 10, 10], "texture": "#side"},
				"up": {"uv": [6, 6, 10, 7], "rotation": 270, "texture": "#side"},
				"down": {"uv": [6, 9, 10, 10], "rotation": 90, "texture": "#side"}
			}
		},
		{
			"from": [6, 6, 13.5],
			"to": [10, 10, 14.5],
			"faces": {
				"north": {"uv": [6, 6, 10, 10], "texture": "#side"},
				"east": {"uv": [6, 6, 7, 10], "texture": "#side"},
				"south": {"uv": [6, 6, 10, 10], "texture": "#side"},
				"west": {"uv": [9, 6, 10, 10], "texture": "#side"},
				"up": {"uv": [6, 6, 10, 7], "rotation": 180, "texture": "#side"},
				"down": {"uv": [6, 9, 10, 10], "rotation": 180, "texture": "#side"}
			}
		},
		{
			"from": [13.5, 6, 6],
			"to": [14.5, 10, 10],
			"faces": {
				"north": {"uv": [6, 6, 7, 10], "texture": "#side"},
				"east": {"uv": [6, 6, 10, 10], "texture": "#side"},
				"south": {"uv": [9, 6, 10, 10], "texture": "#side"},
				"west": {"uv": [6, 6, 10, 10], "texture": "#side"},
				"up": {"uv": [6, 6, 10, 7], "rotation": 90, "texture": "#side"},
				"down": {"uv": [6, 9, 10, 10], "rotation": 270, "texture": "#side"}
			}
		}
	],
	"groups": [
		{
			"name": "group",
			"origin": [8, 8, 8],
			"color": 0,
			"children": [
				{
					"name": "group",
					"origin": [0, 0, 0],
					"color": 0,
					"children": [
						0,
						1,
						2,
						3,
						4,
						5,
						{
							"name": "group",
							"origin": [0, 0, 0],
							"color": 0,
							"children": [6, 7, 8, 9, 10]
						},
						{
							"name": "group",
							"origin": [0, 0, 0],
							"color": 0,
							"children": [11, 12, 13, 14]
						},
						{
							"name": "group",
							"origin": [0, 0, 0],
							"color": 0,
							"children": [15, 16, 17, 18]
						},
						{
							"name": "group",
							"origin": [0, 0, 0],
							"color": 0,
							"children": [19, 20, 21, 22]
						},
						{
							"name": "group",
							"origin": [0, 0, 0],
							"color": 0,
							"children": [23, 24, 25, 26]
						}
					]
				},
				{
					"name": "group",
					"origin": [8, 8, 8],
					"color": 0,
					"children": [27, 28, 29, 30, 31, 32]
				},
				{
					"name": "group",
					"origin": [8, 8, 8],
					"color": 0,
					"children": [
						{
							"name": "group",
							"origin": [8, 8, 8],
							"color": 0,
							"children": [33, 34, 35, 36, 37, 38, 39, 40]
						},
						{
							"name": "group",
							"origin": [8, 8, 8],
							"color": 0,
							"children": [41, 42, 43, 44, 45, 46, 47, 48]
						},
						{
							"name": "group",
							"origin": [8, 8, 8],
							"color": 0,
							"children": [49, 50, 51, 52, 53, 54, 55, 56]
						},
						{
							"name": "group",
							"origin": [8, 8, 8],
							"color": 0,
							"children": [57, 58, 59, 60, 61, 62, 63, 64]
						}
					]
				},
				{
					"name": "group",
					"origin": [8, 8, 8],
					"color": 0,
					"children": [
						{
							"name": "group",
							"origin": [8, 8, 8],
							"color": 0,
							"children": [65, 66, 67, 68, 69, 70, 71, 72, 73, 74, 75, 76]
						},
						{
							"name": "group",
							"origin": [8, 8, 8],
							"color": 0,
							"children": [77, 78, 79, 80, 81, 82, 83, 84, 85, 86, 87, 88]
						},
						{
							"name": "group",
							"origin": [8, 8, 8],
							"color": 0,
							"children": [89, 90, 91, 92, 93, 94, 95, 96, 97, 98, 99, 100]
						},
						{
							"name": "group",
							"origin": [8, 8, 8],
							"color": 0,
							"children": [101, 102, 103, 104, 105, 106, 107, 108, 109, 110, 111, 112]
						}
					]
				},
				{
					"name": "group",
					"origin": [8, 8, 8],
					"color": 0,
					"children": [113, 114, 115, 116]
				}
			]
		}
	]
}