{
	"credit": "Made with Blockbench",
	"parent": "minecraft:block/cube_bottom_top",
	"textures": {
		"3": "block/respawn_anchor_side0",
		"5": "block/respawn_anchor_top_off",
		"top": "block/respawn_anchor_top",
		"bottom": "block/respawn_anchor_bottom",
		"side": "block/respawn_anchor_side1",
		"particle": "block/respawn_anchor_side0"
	},
	"elements": [
		{
			"from": [0, 0, 0],
			"to": [16, 9, 16],
			"faces": {
				"north": {"uv": [0, 7, 16, 16], "texture": "#side"},
				"east": {"uv": [0, 7, 16, 16], "texture": "#side"},
				"south": {"uv": [0, 7, 16, 16], "texture": "#side"},
				"west": {"uv": [0, 7, 16, 16], "texture": "#side"},
				"up": {"uv": [0, 0, 16, 16], "texture": "#bottom"},
				"down": {"uv": [0, 0, 16, 16], "texture": "#bottom"}
			}
		},
		{
			"from": [0, 9, 0],
			"to": [6, 15, 6],
			"faces": {
				"north": {"uv": [10, 1, 16, 7], "texture": "#side"},
				"east": {"uv": [16, 1, 10, 7], "texture": "#side"},
				"south": {"uv": [6, 1, 0, 7], "texture": "#side"},
				"west": {"uv": [0, 1, 6, 7], "texture": "#side"},
				"up": {"uv": [0, 0, 6, 6], "texture": "#bottom"},
				"down": {"uv": [0, 5, 3, 8], "texture": "#missing"}
			}
		},
		{
			"from": [10, 9, 0],
			"to": [16, 15, 6],
			"faces": {
				"north": {"uv": [0, 1, 6, 7], "texture": "#side"},
				"east": {"uv": [10, 1, 16, 7], "texture": "#side"},
				"south": {"uv": [16, 1, 10, 7], "texture": "#side"},
				"west": {"uv": [6, 1, 0, 7], "texture": "#side"},
				"up": {"uv": [10, 0, 16, 6], "texture": "#bottom"},
				"down": {"uv": [5, 5, 8, 8], "texture": "#missing"}
			}
		},
		{
			"from": [10, 9, 10],
			"to": [16, 15, 16],
			"faces": {
				"north": {"uv": [0, 1, 6, 7], "texture": "#side"},
				"east": {"uv": [0, 1, 6, 7], "texture": "#side"},
				"south": {"uv": [10, 1, 16, 7], "texture": "#side"},
				"west": {"uv": [16, 1, 10, 7], "texture": "#side"},
				"up": {"uv": [10, 10, 16, 16], "texture": "#bottom"},
				"down": {"uv": [5, 0, 8, 3], "texture": "#missing"}
			}
		},
		{
			"from": [0, 9, 10],
			"to": [6, 15, 16],
			"faces": {
				"north": {"uv": [16, 1, 10, 7], "texture": "#side"},
				"east": {"uv": [6, 1, 0, 7], "texture": "#side"},
				"south": {"uv": [0, 1, 6, 7], "texture": "#side"},
				"west": {"uv": [10, 1, 16, 7], "texture": "#side"},
				"up": {"uv": [0, 10, 6, 16], "texture": "#bottom"},
				"down": {"uv": [0, 0, 3, 3], "texture": "#missing"}
			}
		},
		{
			"from": [9, 9, 0],
			"to": [10, 10, 1],
			"faces": {
				"north": {"uv": [6, 6, 7, 7], "texture": "#side"},
				"east": {"uv": [6, 6, 7, 7], "texture": "#side"},
				"south": {"uv": [6, 6, 7, 7], "texture": "#side"},
				"west": {"uv": [6, 6, 7, 7], "texture": "#side"},
				"up": {"uv": [6, 6, 7, 7], "texture": "#side"},
				"down": {"uv": [6, 6, 7, 7], "texture": "#side"}
			}
		},
		{
			"from": [15, 9, 9],
			"to": [16, 10, 10],
			"faces": {
				"north": {"uv": [6, 6, 7, 7], "texture": "#side"},
				"east": {"uv": [6, 6, 7, 7], "texture": "#side"},
				"south": {"uv": [6, 6, 7, 7], "texture": "#side"},
				"west": {"uv": [6, 6, 7, 7], "texture": "#side"},
				"up": {"uv": [6, 6, 7, 7], "texture": "#side"},
				"down": {"uv": [6, 6, 7, 7], "texture": "#side"}
			}
		},
		{
			"from": [6, 9, 15],
			"to": [7, 10, 16],
			"faces": {
				"north": {"uv": [6, 6, 7, 7], "texture": "#side"},
				"east": {"uv": [6, 6, 7, 7], "texture": "#side"},
				"south": {"uv": [6, 6, 7, 7], "texture": "#side"},
				"west": {"uv": [6, 6, 7, 7], "texture": "#side"},
				"up": {"uv": [6, 6, 7, 7], "texture": "#side"},
				"down": {"uv": [6, 6, 7, 7], "texture": "#side"}
			}
		},
		{
			"from": [0, 9, 6],
			"to": [1, 10, 7],
			"faces": {
				"north": {"uv": [6, 6, 7, 7], "texture": "#side"},
				"east": {"uv": [6, 6, 7, 7], "texture": "#side"},
				"south": {"uv": [6, 6, 7, 7], "texture": "#side"},
				"west": {"uv": [6, 6, 7, 7], "texture": "#side"},
				"up": {"uv": [6, 6, 7, 7], "texture": "#side"},
				"down": {"uv": [6, 6, 7, 7], "texture": "#side"}
			}
		},
		{
			"from": [6, 9, 0],
			"to": [7, 10, 1],
			"faces": {
				"north": {"uv": [9, 6, 10, 7], "texture": "#side"},
				"east": {"uv": [9, 6, 10, 7], "texture": "#side"},
				"south": {"uv": [9, 6, 10, 7], "texture": "#side"},
				"west": {"uv": [9, 6, 10, 7], "texture": "#side"},
				"up": {"uv": [9, 6, 10, 7], "texture": "#side"},
				"down": {"uv": [9, 6, 10, 7], "texture": "#side"}
			}
		},
		{
			"from": [15, 9, 6],
			"to": [16, 10, 7],
			"faces": {
				"north": {"uv": [9, 6, 10, 7], "texture": "#side"},
				"east": {"uv": [9, 6, 10, 7], "texture": "#side"},
				"south": {"uv": [9, 6, 10, 7], "texture": "#side"},
				"west": {"uv": [9, 6, 10, 7], "texture": "#side"},
				"up": {"uv": [9, 6, 10, 7], "texture": "#side"},
				"down": {"uv": [9, 6, 10, 7], "texture": "#side"}
			}
		},
		{
			"from": [9, 9, 15],
			"to": [10, 10, 16],
			"faces": {
				"north": {"uv": [9, 6, 10, 7], "texture": "#side"},
				"east": {"uv": [9, 6, 10, 7], "texture": "#side"},
				"south": {"uv": [9, 6, 10, 7], "texture": "#side"},
				"west": {"uv": [9, 6, 10, 7], "texture": "#side"},
				"up": {"uv": [9, 6, 10, 7], "texture": "#side"},
				"down": {"uv": [9, 6, 10, 7], "texture": "#side"}
			}
		},
		{
			"from": [0, 9, 9],
			"to": [1, 10, 10],
			"faces": {
				"north": {"uv": [9, 6, 10, 7], "texture": "#side"},
				"east": {"uv": [9, 6, 10, 7], "texture": "#side"},
				"south": {"uv": [9, 6, 10, 7], "texture": "#side"},
				"west": {"uv": [9, 6, 10, 7], "texture": "#side"},
				"up": {"uv": [9, 6, 10, 7], "texture": "#side"},
				"down": {"uv": [9, 6, 10, 7], "texture": "#side"}
			}
		},
		{
			"from": [6, 13, 15],
			"to": [10, 15, 16],
			"faces": {
				"north": {"uv": [6, 1, 10, 3], "texture": "#side"},
				"east": {"uv": [6, 1, 10, 3], "texture": "#side"},
				"south": {"uv": [6, 1, 10, 3], "texture": "#side"},
				"west": {"uv": [6, 1, 10, 3], "texture": "#side"},
				"up": {"uv": [6, 1, 10, 3], "texture": "#side"},
				"down": {"uv": [6, 1, 10, 3], "texture": "#side"}
			}
		},
		{
			"from": [15, 13, 6],
			"to": [16, 15, 10],
			"faces": {
				"north": {"uv": [6, 1, 10, 3], "texture": "#side"},
				"east": {"uv": [6, 1, 10, 3], "texture": "#side"},
				"south": {"uv": [6, 1, 10, 3], "texture": "#side"},
				"west": {"uv": [6, 1, 10, 3], "texture": "#side"},
				"up": {"uv": [6, 1, 10, 3], "rotation": 270, "texture": "#side"},
				"down": {"uv": [6, 1, 10, 3], "rotation": 90, "texture": "#side"}
			}
		},
		{
			"from": [6, 13, 0],
			"to": [10, 15, 1],
			"faces": {
				"north": {"uv": [6, 1, 10, 3], "texture": "#side"},
				"east": {"uv": [6, 1, 10, 3], "texture": "#side"},
				"south": {"uv": [6, 1, 10, 3], "texture": "#side"},
				"west": {"uv": [6, 1, 10, 3], "texture": "#side"},
				"up": {"uv": [6, 1, 10, 3], "rotation": 180, "texture": "#side"},
				"down": {"uv": [6, 1, 10, 3], "rotation": 180, "texture": "#side"}
			}
		},
		{
			"from": [0, 13, 6],
			"to": [1, 15, 10],
			"faces": {
				"north": {"uv": [6, 1, 10, 3], "texture": "#side"},
				"east": {"uv": [6, 1, 10, 3], "texture": "#side"},
				"south": {"uv": [6, 1, 10, 3], "texture": "#side"},
				"west": {"uv": [6, 1, 10, 3], "texture": "#side"},
				"up": {"uv": [6, 1, 10, 3], "rotation": 90, "texture": "#side"},
				"down": {"uv": [6, 1, 10, 3], "rotation": 270, "texture": "#side"}
			}
		},
		{
			"from": [0, 12, 9],
			"to": [1, 13, 10],
			"faces": {
				"north": {"uv": [9, 3, 10, 4], "texture": "#side"},
				"east": {"uv": [9, 3, 10, 4], "texture": "#side"},
				"south": {"uv": [9, 3, 10, 4], "texture": "#side"},
				"west": {"uv": [9, 3, 10, 4], "texture": "#side"},
				"up": {"uv": [9, 3, 10, 4], "texture": "#side"},
				"down": {"uv": [9, 3, 10, 4], "texture": "#side"}
			}
		},
		{
			"from": [0, 12, 6],
			"to": [1, 13, 7],
			"faces": {
				"north": {"uv": [6, 3, 7, 4], "texture": "#side"},
				"east": {"uv": [6, 3, 7, 4], "texture": "#side"},
				"south": {"uv": [6, 3, 7, 4], "texture": "#side"},
				"west": {"uv": [6, 3, 7, 4], "texture": "#side"},
				"up": {"uv": [6, 3, 7, 4], "texture": "#side"},
				"down": {"uv": [6, 3, 7, 4], "texture": "#side"}
			}
		},
		{
			"from": [6, 12, 15],
			"to": [7, 13, 16],
			"faces": {
				"north": {"uv": [6, 3, 7, 4], "texture": "#side"},
				"east": {"uv": [6, 3, 7, 4], "texture": "#side"},
				"south": {"uv": [6, 3, 7, 4], "texture": "#side"},
				"west": {"uv": [6, 3, 7, 4], "texture": "#side"},
				"up": {"uv": [6, 3, 7, 4], "texture": "#side"},
				"down": {"uv": [6, 3, 7, 4], "texture": "#side"}
			}
		},
		{
			"from": [15, 12, 9],
			"to": [16, 13, 10],
			"faces": {
				"north": {"uv": [6, 3, 7, 4], "texture": "#side"},
				"east": {"uv": [6, 3, 7, 4], "texture": "#side"},
				"south": {"uv": [6, 3, 7, 4], "texture": "#side"},
				"west": {"uv": [6, 3, 7, 4], "texture": "#side"},
				"up": {"uv": [6, 3, 7, 4], "texture": "#side"},
				"down": {"uv": [6, 3, 7, 4], "texture": "#side"}
			}
		},
		{
			"from": [9, 12, 0],
			"to": [10, 13, 1],
			"faces": {
				"north": {"uv": [6, 3, 7, 4], "texture": "#side"},
				"east": {"uv": [6, 3, 7, 4], "texture": "#side"},
				"south": {"uv": [6, 3, 7, 4], "texture": "#side"},
				"west": {"uv": [6, 3, 7, 4], "texture": "#side"},
				"up": {"uv": [6, 3, 7, 4], "texture": "#side"},
				"down": {"uv": [6, 3, 7, 4], "texture": "#side"}
			}
		},
		{
			"from": [9, 12, 15],
			"to": [10, 13, 16],
			"faces": {
				"north": {"uv": [9, 3, 10, 4], "texture": "#side"},
				"east": {"uv": [9, 3, 10, 4], "texture": "#side"},
				"south": {"uv": [9, 3, 10, 4], "texture": "#side"},
				"west": {"uv": [9, 3, 10, 4], "texture": "#side"},
				"up": {"uv": [9, 3, 10, 4], "texture": "#side"},
				"down": {"uv": [9, 3, 10, 4], "texture": "#side"}
			}
		},
		{
			"from": [15, 12, 6],
			"to": [16, 13, 7],
			"faces": {
				"north": {"uv": [9, 3, 10, 4], "texture": "#side"},
				"east": {"uv": [9, 3, 10, 4], "texture": "#side"},
				"south": {"uv": [9, 3, 10, 4], "texture": "#side"},
				"west": {"uv": [9, 3, 10, 4], "texture": "#side"},
				"up": {"uv": [9, 3, 10, 4], "texture": "#side"},
				"down": {"uv": [9, 3, 10, 4], "texture": "#side"}
			}
		},
		{
			"from": [6, 12, 0],
			"to": [7, 13, 1],
			"faces": {
				"north": {"uv": [9, 3, 10, 4], "texture": "#side"},
				"east": {"uv": [9, 3, 10, 4], "texture": "#side"},
				"south": {"uv": [9, 3, 10, 4], "texture": "#side"},
				"west": {"uv": [9, 3, 10, 4], "texture": "#side"},
				"up": {"uv": [9, 3, 10, 4], "texture": "#side"},
				"down": {"uv": [9, 3, 10, 4], "texture": "#side"}
			}
		},
		{
			"from": [0.5, 9, 6],
			"to": [1.5, 13, 10],
			"faces": {
				"north": {"uv": [6, 3, 10, 7], "texture": "#3"},
				"east": {"uv": [6, 3, 10, 7], "texture": "#3"},
				"south": {"uv": [6, 3, 10, 7], "texture": "#3"},
				"west": {"uv": [6, 3, 10, 7], "texture": "#3"},
				"up": {"uv": [6, 3, 10, 7], "texture": "#3"},
				"down": {"uv": [6, 3, 10, 7], "texture": "#3"}
			}
		},
		{
			"from": [6, 9, 14.5],
			"to": [10, 13, 15.5],
			"faces": {
				"north": {"uv": [6, 3, 10, 7], "texture": "#3"},
				"east": {"uv": [6, 3, 10, 7], "texture": "#3"},
				"south": {"uv": [6, 3, 10, 7], "texture": "#3"},
				"west": {"uv": [6, 3, 10, 7], "texture": "#3"},
				"up": {"uv": [6, 3, 10, 7], "texture": "#3"},
				"down": {"uv": [6, 3, 10, 7], "texture": "#3"}
			}
		},
		{
			"from": [14.5, 9, 6],
			"to": [15.5, 13, 10],
			"faces": {
				"north": {"uv": [6, 3, 10, 7], "texture": "#3"},
				"east": {"uv": [6, 3, 10, 7], "texture": "#3"},
				"south": {"uv": [6, 3, 10, 7], "texture": "#3"},
				"west": {"uv": [6, 3, 10, 7], "texture": "#3"},
				"up": {"uv": [6, 3, 10, 7], "texture": "#3"},
				"down": {"uv": [6, 3, 10, 7], "texture": "#3"}
			}
		},
		{
			"from": [6, 9, 0.5],
			"to": [10, 13, 1.5],
			"faces": {
				"north": {"uv": [6, 3, 10, 7], "texture": "#3"},
				"east": {"uv": [6, 3, 10, 7], "texture": "#3"},
				"south": {"uv": [6, 3, 10, 7], "texture": "#3"},
				"west": {"uv": [6, 3, 10, 7], "texture": "#3"},
				"up": {"uv": [6, 3, 10, 7], "texture": "#3"},
				"down": {"uv": [6, 3, 10, 7], "texture": "#3"}
			}
		},
		{
			"from": [0, 15, 0],
			"to": [16, 16, 2],
			"faces": {
				"north": {"uv": [0, 0, 16, 1], "texture": "#side"},
				"east": {"uv": [14, 0, 16, 1], "texture": "#side"},
				"south": {"uv": [16, 14, 0, 15], "texture": "#top"},
				"west": {"uv": [0, 0, 2, 1], "texture": "#side"},
				"up": {"uv": [16, 16, 0, 14], "texture": "#top"},
				"down": {"uv": [0, 0, 8, 1], "texture": "#missing"}
			}
		},
		{
			"from": [14, 15, 2],
			"to": [16, 16, 14],
			"faces": {
				"north": {"uv": [0, 0, 1, 0.5], "texture": "#missing"},
				"east": {"uv": [2, 0, 14, 1], "texture": "#side"},
				"south": {"uv": [0, 0, 1, 0.5], "texture": "#missing"},
				"west": {"uv": [1, 14, 2, 2], "rotation": 90, "texture": "#top"},
				"up": {"uv": [2, 2, 0, 14], "texture": "#top"},
				"down": {"uv": [0, 0, 1, 6], "texture": "#missing"}
			}
		},
		{
			"from": [0, 15, 14],
			"to": [16, 16, 16],
			"faces": {
				"north": {"uv": [0, 1, 16, 2], "texture": "#top"},
				"east": {"uv": [0, 0, 2, 1], "texture": "#side"},
				"south": {"uv": [0, 0, 16, 1], "texture": "#side"},
				"west": {"uv": [14, 0, 16, 1], "texture": "#side"},
				"up": {"uv": [16, 2, 0, 0], "texture": "#top"},
				"down": {"uv": [0, 0, 8, 1], "texture": "#missing"}
			}
		},
		{
			"from": [0, 15, 2],
			"to": [2, 16, 14],
			"faces": {
				"north": {"uv": [0, 0, 1, 0.5], "texture": "#missing"},
				"east": {"uv": [14, 2, 15, 14], "rotation": 90, "texture": "#top"},
				"south": {"uv": [0, 0, 1, 0.5], "texture": "#missing"},
				"west": {"uv": [2, 0, 14, 1], "texture": "#side"},
				"up": {"uv": [16, 2, 14, 14], "texture": "#top"},
				"down": {"uv": [0, 0, 1, 6], "texture": "#missing"}
			}
		},
		{
			"from": [2, 14.5, 2],
			"to": [14, 15.5, 14],
			"faces": {
				"north": {"uv": [14, 14, 2, 2], "texture": "#top"},
				"east": {"uv": [14, 14, 2, 2], "texture": "#top"},
				"south": {"uv": [14, 14, 2, 2], "texture": "#top"},
				"west": {"uv": [14, 14, 2, 2], "texture": "#top"},
				"up": {"uv": [14, 14, 2, 2], "texture": "#5"},
				"down": {"uv": [14, 14, 2, 2], "texture": "#top"}
			}
		}
	],
	"groups": [
		{
			"name": "group",
			"origin": [8, 8, 8],
			"color": 0,
			"children": [
				0,
				1,
				2,
				3,
				4,
				{
					"name": "group",
					"origin": [8, 8, 8],
					"color": 0,
					"children": [5, 6, 7, 8, 9, 10, 11, 12, 13, 14, 15, 16, 17, 18, 19, 20, 21, 22, 23, 24]
				},
				{
					"name": "group",
					"origin": [8, 8, 8],
					"color": 0,
					"children": [25, 26, 27, 28]
				}
			]
		},
		{
			"name": "group",
			"origin": [0, 0, 0],
			"color": 0,
			"children": [29, 30, 31, 32, 33]
		}
	]
}