{
	"credit": "Made with Blockbench",
	"parent": "minecraft:block/cube",
	"textures": {
		"particle": "block/smithing_table_front",
		"north": "block/smithing_table_front",
		"east": "block/smithing_table_side",
		"up": "block/smithing_table_top",
		"down": "block/smithing_table_bottom"
	},
	"elements": [
		{
			"from": [0, 0, 0],
			"to": [16, 15.75, 16],
			"faces": {
				"north": {"uv": [0, 0.25, 16, 16], "texture": "#east"},
				"east": {"uv": [0, 0.25, 16, 16], "texture": "#north"},
				"south": {"uv": [0, 0.25, 16, 16], "texture": "#east"},
				"west": {"uv": [0, 0.25, 16, 16], "texture": "#north"},
				"up": {"uv": [0, 0, 16, 16], "texture": "#up"},
				"down": {"uv": [0, 0, 16, 16], "texture": "#down"}
			}
		},
		{
			"from": [10, 3, -0.5],
			"to": [11, 11, 0],
			"faces": {
				"north": {"uv": [5, 5, 6, 13], "texture": "#east"},
				"east": {"uv": [5, 5, 6, 13], "texture": "#east"},
				"south": {"uv": [5, 5, 6, 13], "texture": "#east"},
				"west": {"uv": [5, 5, 6, 13], "texture": "#east"},
				"up": {"uv": [5, 5, 6, 6], "texture": "#east"},
				"down": {"uv": [5, 12, 6, 13], "texture": "#east"}
			}
		},
		{
			"from": [8, 7, -1],
			"to": [13, 10, 0],
			"faces": {
				"north": {"uv": [3, 6, 8, 9], "texture": "#east"},
				"east": {"uv": [3, 6, 4, 9], "texture": "#east"},
				"south": {"uv": [3, 6, 8, 9], "texture": "#missing"},
				"west": {"uv": [7, 6, 8, 9], "texture": "#east"},
				"up": {"uv": [8, 6, 3, 7], "texture": "#east"},
				"down": {"uv": [8, 8, 3, 9], "texture": "#east"}
			}
		},
		{
			"from": [5, 3, 16],
			"to": [6, 11, 16.5],
			"faces": {
				"north": {"uv": [5, 5, 6, 13], "texture": "#east"},
				"east": {"uv": [5, 5, 6, 13], "texture": "#east"},
				"south": {"uv": [5, 5, 6, 13], "texture": "#east"},
				"west": {"uv": [5, 5, 6, 13], "texture": "#east"},
				"up": {"uv": [5, 5, 6, 6], "rotation": 180, "texture": "#east"},
				"down": {"uv": [5, 12, 6, 13], "rotation": 180, "texture": "#east"}
			}
		},
		{
			"from": [3, 7, 16],
			"to": [8, 10, 17],
			"faces": {
				"north": {"uv": [3, 6, 8, 9], "texture": "#missing"},
				"east": {"uv": [7, 6, 8, 9], "texture": "#east"},
				"south": {"uv": [3, 6, 8, 9], "texture": "#east"},
				"west": {"uv": [3, 6, 4, 9], "texture": "#east"},
				"up": {"uv": [8, 6, 3, 7], "rotation": 180, "texture": "#east"},
				"down": {"uv": [8, 8, 3, 9], "rotation": 180, "texture": "#east"}
			}
		},
		{
			"from": [-0.75, 9, 8],
			"to": [0, 10, 10],
			"faces": {
				"north": {"uv": [8, 6, 9, 7], "texture": "#north"},
				"east": {"uv": [8, 6, 10, 7], "texture": "#north"},
				"south": {"uv": [9, 6, 10, 7], "texture": "#north"},
				"west": {"uv": [8, 6, 10, 7], "texture": "#north"},
				"up": {"uv": [8, 6, 10, 7], "rotation": 90, "texture": "#north"},
				"down": {"uv": [10, 6, 8, 7], "rotation": 90, "texture": "#north"}
			}
		},
		{
			"from": [-0.75, 9, 11],
			"to": [0, 10, 13],
			"faces": {
				"north": {"uv": [11, 6, 12, 7], "texture": "#north"},
				"east": {"uv": [11, 6, 13, 7], "texture": "#north"},
				"south": {"uv": [12, 6, 13, 7], "texture": "#north"},
				"west": {"uv": [11, 6, 13, 7], "texture": "#north"},
				"up": {"uv": [11, 6, 13, 7], "rotation": 90, "texture": "#north"},
				"down": {"uv": [13, 6, 11, 7], "rotation": 90, "texture": "#north"}
			}
		},
		{
			"from": [-0.75, 7, 12],
			"to": [0, 9, 13],
			"faces": {
				"north": {"uv": [12, 7, 13, 9], "texture": "#north"},
				"east": {"uv": [12, 7, 13, 9], "texture": "#north"},
				"south": {"uv": [12, 7, 13, 9], "texture": "#north"},
				"west": {"uv": [12, 7, 13, 9], "texture": "#north"},
				"up": {"uv": [12, 7, 13, 8], "texture": "#north"},
				"down": {"uv": [12, 8, 13, 9], "texture": "#north"}
			}
		},
		{
			"from": [-0.75, 5, 11],
			"to": [0, 7, 12],
			"faces": {
				"north": {"uv": [11, 9, 12, 11], "texture": "#north"},
				"east": {"uv": [11, 9, 12, 11], "texture": "#north"},
				"south": {"uv": [11, 9, 12, 11], "texture": "#north"},
				"west": {"uv": [11, 9, 12, 11], "texture": "#north"},
				"up": {"uv": [11, 9, 12, 10], "texture": "#north"},
				"down": {"uv": [11, 10, 12, 11], "texture": "#north"}
			}
		},
		{
			"from": [-0.75, 5, 9],
			"to": [0, 7, 10],
			"faces": {
				"north": {"uv": [9, 9, 10, 11], "texture": "#north"},
				"east": {"uv": [9, 9, 10, 11], "texture": "#north"},
				"south": {"uv": [9, 9, 10, 11], "texture": "#north"},
				"west": {"uv": [9, 9, 10, 11], "texture": "#north"},
				"up": {"uv": [9, 9, 10, 10], "texture": "#north"},
				"down": {"uv": [9, 10, 10, 11], "texture": "#north"}
			}
		},
		{
			"from": [-0.75, 3, 10],
			"to": [0, 5, 11],
			"faces": {
				"north": {"uv": [10, 11, 11, 13], "texture": "#north"},
				"east": {"uv": [10, 11, 11, 13], "texture": "#north"},
				"south": {"uv": [10, 11, 11, 13], "texture": "#north"},
				"west": {"uv": [10, 11, 11, 13], "texture": "#north"},
				"up": {"uv": [10, 11, 11, 12], "texture": "#north"},
				"down": {"uv": [10, 12, 11, 13], "texture": "#north"}
			}
		},
		{
			"from": [-0.75, 7, 8],
			"to": [0, 9, 9],
			"faces": {
				"north": {"uv": [8, 7, 9, 9], "texture": "#north"},
				"east": {"uv": [8, 7, 9, 9], "texture": "#north"},
				"south": {"uv": [8, 7, 9, 9], "texture": "#north"},
				"west": {"uv": [8, 7, 9, 9], "texture": "#north"},
				"up": {"uv": [8, 7, 9, 8], "texture": "#north"},
				"down": {"uv": [8, 8, 9, 9], "texture": "#north"}
			}
		},
		{
			"from": [-0.5, 3.9, 3],
			"to": [0, 10, 4],
			"faces": {
				"north": {"uv": [3, 6, 4, 12], "texture": "#north"},
				"east": {"uv": [3, 6, 4, 12], "texture": "#north"},
				"south": {"uv": [3, 6, 4, 12], "texture": "#north"},
				"west": {"uv": [3, 6, 4, 12], "texture": "#north"},
				"up": {"uv": [3, 6, 4, 7], "texture": "#north"},
				"down": {"uv": [3, 8, 4, 9], "texture": "#north"}
			}
		},
		{
			"from": [-0.5, 4, 5],
			"to": [0, 11, 6],
			"faces": {
				"north": {"uv": [5, 5, 6, 12], "texture": "#north"},
				"east": {"uv": [5, 5, 6, 12], "texture": "#north"},
				"south": {"uv": [5, 5, 6, 12], "texture": "#north"},
				"west": {"uv": [5, 5, 6, 12], "texture": "#north"},
				"up": {"uv": [5, 5, 6, 6], "texture": "#north"},
				"down": {"uv": [5, 11, 6, 12], "texture": "#north"}
			}
		},
		{
			"from": [-0.75, 4, 2.75],
			"to": [0, 7, 4.25],
			"faces": {
				"north": {"uv": [3, 9, 4, 12], "texture": "#north"},
				"east": {"uv": [0, 0, 1.5, 3], "texture": "#missing"},
				"south": {"uv": [3, 9, 4, 12], "texture": "#north"},
				"west": {"uv": [3, 9, 4, 12], "texture": "#north"},
				"up": {"uv": [3, 9, 4, 10], "texture": "#north"},
				"down": {"uv": [3, 11, 4, 12], "texture": "#north"}
			}
		},
		{
			"from": [-0.75, 5, 4.75],
			"to": [0, 8, 6.25],
			"faces": {
				"north": {"uv": [5, 8, 6, 11], "texture": "#north"},
				"east": {"uv": [0, 0, 1.5, 3], "texture": "#missing"},
				"south": {"uv": [5, 8, 6, 11], "texture": "#north"},
				"west": {"uv": [5, 8, 6, 11], "texture": "#north"},
				"up": {"uv": [5, 8, 6, 9], "texture": "#north"},
				"down": {"uv": [5, 10, 6, 11], "texture": "#north"}
			}
		},
		{
			"from": [16, 9, 6],
			"to": [16.75, 10, 8],
			"faces": {
				"north": {"uv": [9, 6, 10, 7], "texture": "#north"},
				"east": {"uv": [8, 6, 10, 7], "texture": "#north"},
				"south": {"uv": [8, 6, 9, 7], "texture": "#north"},
				"west": {"uv": [8, 6, 10, 7], "texture": "#north"},
				"up": {"uv": [8, 6, 10, 7], "rotation": 270, "texture": "#north"},
				"down": {"uv": [10, 6, 8, 7], "rotation": 270, "texture": "#north"}
			}
		},
		{
			"from": [16, 9, 3],
			"to": [16.75, 10, 5],
			"faces": {
				"north": {"uv": [12, 6, 13, 7], "texture": "#north"},
				"east": {"uv": [11, 6, 13, 7], "texture": "#north"},
				"south": {"uv": [11, 6, 12, 7], "texture": "#north"},
				"west": {"uv": [11, 6, 13, 7], "texture": "#north"},
				"up": {"uv": [11, 6, 13, 7], "rotation": 270, "texture": "#north"},
				"down": {"uv": [13, 6, 11, 7], "rotation": 270, "texture": "#north"}
			}
		},
		{
			"from": [16, 7, 3],
			"to": [16.75, 9, 4],
			"faces": {
				"north": {"uv": [12, 7, 13, 9], "texture": "#north"},
				"east": {"uv": [12, 7, 13, 9], "texture": "#north"},
				"south": {"uv": [12, 7, 13, 9], "texture": "#north"},
				"west": {"uv": [12, 7, 13, 9], "texture": "#north"},
				"up": {"uv": [12, 7, 13, 8], "rotation": 180, "texture": "#north"},
				"down": {"uv": [12, 8, 13, 9], "rotation": 180, "texture": "#north"}
			}
		},
		{
			"from": [16, 5, 4],
			"to": [16.75, 7, 5],
			"faces": {
				"north": {"uv": [11, 9, 12, 11], "texture": "#north"},
				"east": {"uv": [11, 9, 12, 11], "texture": "#north"},
				"south": {"uv": [11, 9, 12, 11], "texture": "#north"},
				"west": {"uv": [11, 9, 12, 11], "texture": "#north"},
				"up": {"uv": [11, 9, 12, 10], "rotation": 180, "texture": "#north"},
				"down": {"uv": [11, 10, 12, 11], "rotation": 180, "texture": "#north"}
			}
		},
		{
			"from": [16, 5, 6],
			"to": [16.75, 7, 7],
			"faces": {
				"north": {"uv": [9, 9, 10, 11], "texture": "#north"},
				"east": {"uv": [9, 9, 10, 11], "texture": "#north"},
				"south": {"uv": [9, 9, 10, 11], "texture": "#north"},
				"west": {"uv": [9, 9, 10, 11], "texture": "#north"},
				"up": {"uv": [9, 9, 10, 10], "rotation": 180, "texture": "#north"},
				"down": {"uv": [9, 10, 10, 11], "rotation": 180, "texture": "#north"}
			}
		},
		{
			"from": [16, 3, 5],
			"to": [16.75, 5, 6],
			"faces": {
				"north": {"uv": [10, 11, 11, 13], "texture": "#north"},
				"east": {"uv": [10, 11, 11, 13], "texture": "#north"},
				"south": {"uv": [10, 11, 11, 13], "texture": "#north"},
				"west": {"uv": [10, 11, 11, 13], "texture": "#north"},
				"up": {"uv": [10, 11, 11, 12], "rotation": 180, "texture": "#north"},
				"down": {"uv": [10, 12, 11, 13], "rotation": 180, "texture": "#north"}
			}
		},
		{
			"from": [16, 7, 7],
			"to": [16.75, 9, 8],
			"faces": {
				"north": {"uv": [8, 7, 9, 9], "texture": "#north"},
				"east": {"uv": [8, 7, 9, 9], "texture": "#north"},
				"south": {"uv": [8, 7, 9, 9], "texture": "#north"},
				"west": {"uv": [8, 7, 9, 9], "texture": "#north"},
				"up": {"uv": [8, 7, 9, 8], "rotation": 180, "texture": "#north"},
				"down": {"uv": [8, 8, 9, 9], "rotation": 180, "texture": "#north"}
			}
		},
		{
			"from": [16, 3.9, 12],
			"to": [16.5, 10, 13],
			"faces": {
				"north": {"uv": [3, 6, 4, 12], "texture": "#north"},
				"east": {"uv": [3, 6, 4, 12], "texture": "#north"},
				"south": {"uv": [3, 6, 4, 12], "texture": "#north"},
				"west": {"uv": [3, 6, 4, 12], "texture": "#north"},
				"up": {"uv": [3, 6, 4, 7], "rotation": 180, "texture": "#north"},
				"down": {"uv": [3, 8, 4, 9], "rotation": 180, "texture": "#north"}
			}
		},
		{
			"from": [16, 4, 10],
			"to": [16.5, 11, 11],
			"faces": {
				"north": {"uv": [5, 5, 6, 12], "texture": "#north"},
				"east": {"uv": [5, 5, 6, 12], "texture": "#north"},
				"south": {"uv": [5, 5, 6, 12], "texture": "#north"},
				"west": {"uv": [5, 5, 6, 12], "texture": "#north"},
				"up": {"uv": [5, 5, 6, 6], "rotation": 180, "texture": "#north"},
				"down": {"uv": [5, 11, 6, 12], "rotation": 180, "texture": "#north"}
			}
		},
		{
			"from": [16, 4, 11.75],
			"to": [16.75, 7, 13.25],
			"faces": {
				"north": {"uv": [3, 9, 4, 12], "texture": "#north"},
				"east": {"uv": [3, 9, 4, 12], "texture": "#north"},
				"south": {"uv": [3, 9, 4, 12], "texture": "#north"},
				"west": {"uv": [0, 0, 1.5, 3], "texture": "#missing"},
				"up": {"uv": [3, 9, 4, 10], "rotation": 180, "texture": "#north"},
				"down": {"uv": [3, 11, 4, 12], "rotation": 180, "texture": "#north"}
			}
		},
		{
			"from": [16, 5, 9.75],
			"to": [16.75, 8, 11.25],
			"faces": {
				"north": {"uv": [5, 8, 6, 11], "texture": "#north"},
				"east": {"uv": [5, 8, 6, 11], "texture": "#north"},
				"south": {"uv": [5, 8, 6, 11], "texture": "#north"},
				"west": {"uv": [0, 0, 1.5, 3], "texture": "#missing"},
				"up": {"uv": [5, 8, 6, 9], "rotation": 180, "texture": "#north"},
				"down": {"uv": [5, 10, 6, 11], "rotation": 180, "texture": "#north"}
			}
		},
		{
			"from": [-0.25, 0.025, -0.25],
			"to": [2, 12, 2],
			"faces": {
				"north": {"uv": [14, 4, 16, 16], "texture": "#east"},
				"east": {"uv": [14, 4, 16, 16], "texture": "#east"},
				"south": {"uv": [0, 4, 2, 16], "texture": "#north"},
				"west": {"uv": [0, 4, 2, 16], "texture": "#north"},
				"up": {"uv": [14, 14, 16, 16], "rotation": 180, "texture": "#up"},
				"down": {"uv": [0, 2, 2, 0], "texture": "#down"}
			}
		},
		{
			"from": [14, 0.025, 14],
			"to": [16.25, 12, 16.25],
			"faces": {
				"north": {"uv": [0, 4, 2, 16], "texture": "#north"},
				"east": {"uv": [0, 4, 2, 16], "texture": "#north"},
				"south": {"uv": [14, 4, 16, 16], "texture": "#east"},
				"west": {"uv": [14, 4, 16, 16], "texture": "#east"},
				"up": {"uv": [14, 14, 16, 16], "texture": "#up"},
				"down": {"uv": [0, 2, 2, 0], "rotation": 180, "texture": "#down"}
			}
		},
		{
			"from": [-0.25, 0.025, 14],
			"to": [2, 12, 16.25],
			"faces": {
				"north": {"uv": [14, 4, 16, 16], "texture": "#north"},
				"east": {"uv": [0, 4, 2, 16], "texture": "#east"},
				"south": {"uv": [0, 4, 2, 16], "texture": "#east"},
				"west": {"uv": [14, 4, 16, 16], "texture": "#north"},
				"up": {"uv": [14, 14, 16, 16], "texture": "#up"},
				"down": {"uv": [0, 2, 2, 0], "rotation": 180, "texture": "#down"}
			}
		},
		{
			"from": [14, 0.025, -0.25],
			"to": [16.25, 12, 2],
			"faces": {
				"north": {"uv": [0, 4, 2, 16], "texture": "#east"},
				"east": {"uv": [14, 4, 16, 16], "texture": "#north"},
				"south": {"uv": [14, 4, 16, 16], "texture": "#north"},
				"west": {"uv": [0, 4, 2, 16], "texture": "#east"},
				"up": {"uv": [14, 14, 16, 16], "rotation": 180, "texture": "#up"},
				"down": {"uv": [0, 2, 2, 0], "texture": "#down"}
			}
		},
		{
			"from": [-0.25, 12, -0.25],
			"to": [16.25, 13, 16.25],
			"faces": {
				"north": {"uv": [0, 3, 16, 4], "texture": "#east"},
				"east": {"uv": [0, 3, 16, 4], "texture": "#north"},
				"south": {"uv": [0, 3, 16, 4], "texture": "#east"},
				"west": {"uv": [0, 3, 16, 4], "texture": "#north"},
				"up": {"uv": [0, 0, 16, 16], "texture": "#up"},
				"down": {"uv": [0, 0, 16, 16], "texture": "#up"}
			}
		},
		{
			"from": [-0.5, 13, -0.5],
			"to": [16.5, 16, 16.5],
			"faces": {
				"north": {"uv": [0, 0, 16, 3], "texture": "#east"},
				"east": {"uv": [0, 0, 16, 3], "texture": "#north"},
				"south": {"uv": [0, 0, 16, 3], "texture": "#east"},
				"west": {"uv": [0, 0, 16, 3], "texture": "#north"},
				"up": {"uv": [0, 0, 16, 16], "texture": "#up"},
				"down": {"uv": [0, 0, 16, 16], "texture": "#up"}
			}
		}
	],
	"groups": [
		{
			"name": "group",
			"origin": [8, 8, 8],
			"color": 0,
			"children": [
				0,
				{
					"name": "side 1",
					"origin": [8, 8, 8],
					"color": 0,
					"children": [1, 2]
				},
				{
					"name": "side 1",
					"origin": [8, 8, 8],
					"color": 0,
					"children": [3, 4]
				},
				{
					"name": "side 2",
					"origin": [8, 8, 8],
					"color": 0,
					"children": [
						{
							"name": "group",
							"origin": [8, 8, 8],
							"color": 0,
							"children": [5, 6, 7, 8, 9, 10, 11]
						},
						{
							"name": "group",
							"origin": [8, 8, 8],
							"color": 0,
							"children": [12, 13, 14, 15]
						}
					]
				},
				{
					"name": "side 2",
					"origin": [8, 8, 8],
					"color": 0,
					"children": [
						{
							"name": "group",
							"origin": [8, 8, 8],
							"color": 0,
							"children": [16, 17, 18, 19, 20, 21, 22]
						},
						{
							"name": "group",
							"origin": [8, 8, 8],
							"color": 0,
							"children": [23, 24, 25, 26]
						}
					]
				},
				{
					"name": "group",
					"origin": [0, 0, 0],
					"color": 0,
					"children": [27, 28, 29, 30, 31, 32]
				}
			]
		}
	]
}