{
	"credit": "Made with Blockbench",
	"parent": "block/block",
	"textures": {
		"particle": "block/stonecutter_bottom",
		"bottom": "block/stonecutter_bottom",
		"top": "block/stonecutter_top",
		"side": "block/stonecutter_side",
		"saw": "block/stonecutter_saw"
	},
	"elements": [
		{
			"from": [0, 0, 0],
			"to": [16, 9, 16],
			"faces": {
				"north": {"uv": [0, 7, 16, 16], "texture": "#side", "cullface": "north"},
				"east": {"uv": [0, 7, 16, 16], "texture": "#side", "cullface": "east"},
				"south": {"uv": [0, 7, 16, 16], "texture": "#side", "cullface": "south"},
				"west": {"uv": [0, 7, 16, 16], "texture": "#side", "cullface": "west"},
				"up": {"uv": [0, 0, 16, 16], "texture": "#top"},
				"down": {"uv": [0, 0, 16, 16], "texture": "#bottom", "cullface": "down"}
			}
		},
		{
			"from": [5, 9, 7.875],
			"to": [11, 16, 8.125],
			"faces": {
				"north": {"uv": [11, 9, 5, 16], "texture": "#saw", "tintindex": 0},
				"east": {"uv": [10.5, 9, 11, 16], "texture": "#saw"},
				"south": {"uv": [5, 9, 11, 16], "texture": "#saw", "tintindex": 0},
				"west": {"uv": [5, 9, 5.5, 16], "texture": "#saw"},
				"up": {"uv": [5, 9, 11, 9.5], "texture": "#saw"}
			}
		},
		{
			"from": [3, 9, 7.875],
			"to": [5, 15, 8.125],
			"faces": {
				"north": {"uv": [5, 10, 3, 16], "texture": "#saw"},
				"east": {"uv": [0, 0, 0.25, 6], "texture": "#missing"},
				"south": {"uv": [3, 10, 5, 16], "texture": "#saw"},
				"west": {"uv": [3, 10, 3.25, 16], "texture": "#saw"},
				"up": {"uv": [3, 10, 5, 10.25], "texture": "#saw"},
				"down": {"uv": [0, 0, 1, 0.25], "texture": "#missing"}
			}
		},
		{
			"from": [2, 9, 7.875],
			"to": [3, 14, 8.125],
			"faces": {
				"north": {"uv": [3, 11, 2, 16], "texture": "#saw"},
				"east": {"uv": [0, 0, 0.25, 6], "texture": "#missing"},
				"south": {"uv": [2, 11, 3, 16], "texture": "#saw"},
				"west": {"uv": [2, 11, 2.25, 16], "texture": "#saw"},
				"up": {"uv": [2, 11, 3, 11.25], "texture": "#saw"},
				"down": {"uv": [0, 0, 1, 0.25], "texture": "#missing"}
			}
		},
		{
			"from": [13, 9, 7.875],
			"to": [14, 14, 8.125],
			"faces": {
				"north": {"uv": [14, 11, 13, 16], "texture": "#saw"},
				"east": {"uv": [13, 11, 13.25, 16], "texture": "#saw"},
				"south": {"uv": [13, 11, 14, 16], "texture": "#saw"},
				"west": {"uv": [13, 11, 13.25, 16], "texture": "#saw"},
				"up": {"uv": [13, 11, 14, 11.25], "texture": "#saw"},
				"down": {"uv": [0, 0, 1, 0.25], "texture": "#missing"}
			}
		},
		{
			"from": [14, 9, 7.875],
			"to": [15, 12, 8.125],
			"faces": {
				"north": {"uv": [15, 13, 14, 16], "texture": "#saw"},
				"east": {"uv": [14, 13, 14.25, 16], "texture": "#saw"},
				"south": {"uv": [14, 13, 15, 16], "texture": "#saw"},
				"west": {"uv": [14, 13, 14.25, 16], "texture": "#saw"},
				"up": {"uv": [14, 13, 15, 13.25], "texture": "#saw"},
				"down": {"uv": [0, 0, 1, 0.25], "texture": "#missing"}
			}
		},
		{
			"from": [1, 9, 7.875],
			"to": [2, 12, 8.125],
			"faces": {
				"north": {"uv": [2, 13, 1, 16], "texture": "#saw"},
				"east": {"uv": [0, 0, 0.25, 6], "texture": "#missing"},
				"south": {"uv": [1, 13, 2, 16], "texture": "#saw"},
				"west": {"uv": [1, 13, 1.25, 16], "texture": "#saw"},
				"up": {"uv": [1, 13, 2, 13.25], "texture": "#saw"},
				"down": {"uv": [0, 0, 1, 0.25], "texture": "#missing"}
			}
		},
		{
			"from": [11, 9, 7.875],
			"to": [13, 15, 8.125],
			"faces": {
				"north": {"uv": [13, 10, 11, 16], "texture": "#saw"},
				"east": {"uv": [12, 10, 12.25, 16], "texture": "#saw"},
				"south": {"uv": [11, 10, 13, 16], "texture": "#saw"},
				"west": {"uv": [0, 0, 0.25, 6], "texture": "#saw"},
				"up": {"uv": [13, 10, 11, 10.25], "rotation": 180, "texture": "#saw"},
				"down": {"uv": [0, 0, 1, 0.25], "rotation": 180, "texture": "#missing"}
			}
		},
		{
			"from": [-0.5, 0.025, 0],
			"to": [0.5, 9, 3],
			"faces": {
				"north": {"uv": [0, 7, 1, 16], "texture": "#side"},
				"east": {"uv": [0, 0, 3, 9], "texture": "#missing"},
				"south": {"uv": [2, 7, 3, 16], "texture": "#side"},
				"west": {"uv": [0, 7, 3, 16], "texture": "#side"},
				"up": {"uv": [3, 7, 0, 8], "rotation": 270, "texture": "#side"},
				"down": {"uv": [0, 15, 3, 16], "rotation": 270, "texture": "#side"}
			}
		},
		{
			"from": [0, 0.025, -0.5],
			"to": [3, 9, 0.5],
			"faces": {
				"north": {"uv": [13, 7, 16, 16], "texture": "#side"},
				"east": {"uv": [13, 7, 14, 16], "texture": "#side"},
				"south": {"uv": [0, 0, 3, 9], "texture": "#missing"},
				"west": {"uv": [15, 7, 16, 16], "texture": "#side"},
				"up": {"uv": [16, 7, 13, 8], "texture": "#side"},
				"down": {"uv": [13, 15, 16, 16], "rotation": 180, "texture": "#side"}
			}
		},
		{
			"from": [-0.5, 0.025, -0.5],
			"to": [0, 9, 0],
			"faces": {
				"north": {"uv": [15.5, 7, 16, 16], "texture": "#side"},
				"east": {"uv": [0, 0, 0.5, 9], "texture": "#missing"},
				"south": {"uv": [0, 0, 0.5, 9], "texture": "#missing"},
				"west": {"uv": [0, 7, 0.5, 16], "texture": "#side"},
				"up": {"uv": [1, 7, 1.5, 7.5], "texture": "#side"},
				"down": {"uv": [0, 15.5, 0.5, 16], "texture": "#side"}
			}
		},
		{
			"from": [0, 9, 0],
			"to": [3, 9.5, 3],
			"faces": {
				"north": {"uv": [13, 7, 16, 7.5], "texture": "#side"},
				"east": {"uv": [2, 3, 2.5, 0], "rotation": 270, "texture": "#top"},
				"south": {"uv": [0, 2, 3, 2.5], "texture": "#top"},
				"west": {"uv": [0, 7, 3, 7.5], "texture": "#side"},
				"up": {"uv": [0, 0, 3, 3], "texture": "#top"},
				"down": {"uv": [0, 0, 3.5, 3.5], "texture": "#missing"}
			}
		},
		{
			"from": [0, 9, -0.5],
			"to": [3, 9.5, 0],
			"faces": {
				"north": {"uv": [13, 7, 16, 7.5], "texture": "#side"},
				"east": {"uv": [13, 7, 13.5, 7.5], "texture": "#side"},
				"south": {"uv": [0, 0, 3, 0.5], "texture": "#missing"},
				"west": {"uv": [0, 0, 0.5, 0.5], "texture": "#missing"},
				"up": {"uv": [0, 0, 3, 0.5], "texture": "#top"},
				"down": {"uv": [0, 0, 3, 0.5], "texture": "#missing"}
			}
		},
		{
			"from": [-0.5, 9, 0],
			"to": [0, 9.5, 3],
			"faces": {
				"north": {"uv": [0, 0, 0.5, 0.5], "texture": "#missing"},
				"east": {"uv": [0, 0, 3, 0.5], "texture": "#missing"},
				"south": {"uv": [2, 7, 2.5, 7.5], "texture": "#side"},
				"west": {"uv": [0, 7, 3, 7.5], "texture": "#side"},
				"up": {"uv": [0, 0, 0.5, 3], "texture": "#top"},
				"down": {"uv": [0, 0, 0.5, 3], "texture": "#missing"}
			}
		},
		{
			"from": [-0.5, 9, -0.5],
			"to": [0, 9.5, 0],
			"faces": {
				"north": {"uv": [15, 7, 15.5, 7.5], "texture": "#side"},
				"east": {"uv": [0, 0, 0.5, 0.5], "texture": "#missing"},
				"south": {"uv": [0, 0, 0.5, 0.5], "texture": "#missing"},
				"west": {"uv": [0, 7, 0.5, 7.5], "texture": "#side"},
				"up": {"uv": [0, 0, 0.5, 0.5], "texture": "#top"},
				"down": {"uv": [0, 0, 0.5, 0.5], "texture": "#missing"}
			}
		},
		{
			"from": [-0.5, 5, 3],
			"to": [0, 7, 13],
			"faces": {
				"north": {"uv": [0, 0, 0.5, 2], "texture": "#missing"},
				"east": {"uv": [0, 0, 10, 2], "texture": "#missing"},
				"south": {"uv": [0, 0, 0.5, 2], "texture": "#missing"},
				"west": {"uv": [3, 9, 13, 11], "texture": "#side"},
				"up": {"uv": [13, 9, 3, 9.5], "rotation": 270, "texture": "#side"},
				"down": {"uv": [3, 10, 13, 10.5], "rotation": 270, "texture": "#side"}
			}
		},
		{
			"from": [0, 0.025, 15.5],
			"to": [3, 9, 16.5],
			"faces": {
				"north": {"uv": [0, 0, 3, 9], "texture": "#missing"},
				"east": {"uv": [2, 7, 3, 16], "texture": "#side"},
				"south": {"uv": [0, 7, 3, 16], "texture": "#side"},
				"west": {"uv": [0, 7, 1, 16], "texture": "#side"},
				"up": {"uv": [3, 7, 0, 8], "rotation": 180, "texture": "#side"},
				"down": {"uv": [0, 15, 3, 16], "texture": "#side"}
			}
		},
		{
			"from": [-0.5, 0.025, 13],
			"to": [0.5, 9, 16],
			"faces": {
				"north": {"uv": [13, 7, 14, 16], "texture": "#side"},
				"east": {"uv": [0, 0, 3, 9], "texture": "#missing"},
				"south": {"uv": [15, 7, 16, 16], "texture": "#side"},
				"west": {"uv": [13, 7, 16, 16], "texture": "#side"},
				"up": {"uv": [16, 7, 13, 8], "rotation": 270, "texture": "#side"},
				"down": {"uv": [13, 15, 16, 16], "rotation": 270, "texture": "#side"}
			}
		},
		{
			"from": [-0.5, 0.025, 16],
			"to": [0, 9, 16.5],
			"faces": {
				"north": {"uv": [0, 0, 0.5, 9], "texture": "#missing"},
				"east": {"uv": [0, 0, 0.5, 9], "texture": "#missing"},
				"south": {"uv": [0, 7, 0.5, 16], "texture": "#side"},
				"west": {"uv": [15.5, 7, 16, 16], "texture": "#side"},
				"up": {"uv": [1, 7, 1.5, 7.5], "rotation": 270, "texture": "#side"},
				"down": {"uv": [0, 15.5, 0.5, 16], "rotation": 90, "texture": "#side"}
			}
		},
		{
			"from": [0, 9, 13],
			"to": [3, 9.5, 16],
			"faces": {
				"north": {"uv": [2, 3, 2.5, 0], "rotation": 270, "texture": "#top"},
				"east": {"uv": [0, 2, 3, 2.5], "texture": "#top"},
				"south": {"uv": [0, 7, 3, 7.5], "texture": "#side"},
				"west": {"uv": [13, 7, 16, 7.5], "texture": "#side"},
				"up": {"uv": [0, 0, 3, 3], "rotation": 270, "texture": "#top"},
				"down": {"uv": [0, 0, 3.5, 3.5], "rotation": 90, "texture": "#missing"}
			}
		},
		{
			"from": [-0.5, 9, 13],
			"to": [0, 9.5, 16],
			"faces": {
				"north": {"uv": [13, 7, 13.5, 7.5], "texture": "#side"},
				"east": {"uv": [0, 0, 3, 0.5], "texture": "#missing"},
				"south": {"uv": [0, 0, 0.5, 0.5], "texture": "#missing"},
				"west": {"uv": [13, 7, 16, 7.5], "texture": "#side"},
				"up": {"uv": [0, 0, 3, 0.5], "rotation": 270, "texture": "#top"},
				"down": {"uv": [0, 0, 3, 0.5], "rotation": 90, "texture": "#missing"}
			}
		},
		{
			"from": [0, 9, 16],
			"to": [3, 9.5, 16.5],
			"faces": {
				"north": {"uv": [0, 0, 3, 0.5], "texture": "#missing"},
				"east": {"uv": [2, 7, 2.5, 7.5], "texture": "#side"},
				"south": {"uv": [0, 7, 3, 7.5], "texture": "#side"},
				"west": {"uv": [0, 0, 0.5, 0.5], "texture": "#missing"},
				"up": {"uv": [0, 0, 0.5, 3], "rotation": 270, "texture": "#top"},
				"down": {"uv": [0, 0, 0.5, 3], "rotation": 90, "texture": "#missing"}
			}
		},
		{
			"from": [-0.5, 9, 16],
			"to": [0, 9.5, 16.5],
			"faces": {
				"north": {"uv": [0, 0, 0.5, 0.5], "texture": "#missing"},
				"east": {"uv": [0, 0, 0.5, 0.5], "texture": "#missing"},
				"south": {"uv": [0, 7, 0.5, 7.5], "texture": "#side"},
				"west": {"uv": [15, 7, 15.5, 7.5], "texture": "#side"},
				"up": {"uv": [0, 0, 0.5, 0.5], "rotation": 270, "texture": "#top"},
				"down": {"uv": [0, 0, 0.5, 0.5], "rotation": 90, "texture": "#missing"}
			}
		},
		{
			"from": [3, 5, 16],
			"to": [13, 7, 16.5],
			"faces": {
				"north": {"uv": [0, 0, 10, 2], "texture": "#missing"},
				"east": {"uv": [0, 0, 0.5, 2], "texture": "#missing"},
				"south": {"uv": [3, 9, 13, 11], "texture": "#side"},
				"west": {"uv": [0, 0, 0.5, 2], "texture": "#missing"},
				"up": {"uv": [13, 9, 3, 9.5], "rotation": 180, "texture": "#side"},
				"down": {"uv": [3, 10, 13, 10.5], "texture": "#side"}
			}
		},
		{
			"from": [15.5, 0.025, 13],
			"to": [16.5, 9, 16],
			"faces": {
				"north": {"uv": [2, 7, 3, 16], "texture": "#side"},
				"east": {"uv": [0, 7, 3, 16], "texture": "#side"},
				"south": {"uv": [0, 7, 1, 16], "texture": "#side"},
				"west": {"uv": [0, 0, 3, 9], "texture": "#missing"},
				"up": {"uv": [3, 7, 0, 8], "rotation": 90, "texture": "#side"},
				"down": {"uv": [0, 15, 3, 16], "rotation": 90, "texture": "#side"}
			}
		},
		{
			"from": [13, 0.025, 15.5],
			"to": [16, 9, 16.5],
			"faces": {
				"north": {"uv": [0, 0, 3, 9], "texture": "#missing"},
				"east": {"uv": [15, 7, 16, 16], "texture": "#side"},
				"south": {"uv": [13, 7, 16, 16], "texture": "#side"},
				"west": {"uv": [13, 7, 14, 16], "texture": "#side"},
				"up": {"uv": [16, 7, 13, 8], "rotation": 180, "texture": "#side"},
				"down": {"uv": [13, 15, 16, 16], "texture": "#side"}
			}
		},
		{
			"from": [16, 0.025, 16],
			"to": [16.5, 9, 16.5],
			"faces": {
				"north": {"uv": [0, 0, 0.5, 9], "texture": "#missing"},
				"east": {"uv": [0, 7, 0.5, 16], "texture": "#side"},
				"south": {"uv": [15.5, 7, 16, 16], "texture": "#side"},
				"west": {"uv": [0, 0, 0.5, 9], "texture": "#missing"},
				"up": {"uv": [1, 7, 1.5, 7.5], "rotation": 180, "texture": "#side"},
				"down": {"uv": [0, 15.5, 0.5, 16], "rotation": 180, "texture": "#side"}
			}
		},
		{
			"from": [13, 9, 13],
			"to": [16, 9.5, 16],
			"faces": {
				"north": {"uv": [0, 2, 3, 2.5], "texture": "#top"},
				"east": {"uv": [0, 7, 3, 7.5], "texture": "#side"},
				"south": {"uv": [13, 7, 16, 7.5], "texture": "#side"},
				"west": {"uv": [2, 3, 2.5, 0], "rotation": 270, "texture": "#top"},
				"up": {"uv": [0, 0, 3, 3], "rotation": 180, "texture": "#top"},
				"down": {"uv": [0, 0, 3.5, 3.5], "rotation": 180, "texture": "#missing"}
			}
		},
		{
			"from": [13, 9, 16],
			"to": [16, 9.5, 16.5],
			"faces": {
				"north": {"uv": [0, 0, 3, 0.5], "texture": "#missing"},
				"east": {"uv": [0, 0, 0.5, 0.5], "texture": "#missing"},
				"south": {"uv": [13, 7, 16, 7.5], "texture": "#side"},
				"west": {"uv": [13, 7, 13.5, 7.5], "texture": "#side"},
				"up": {"uv": [0, 0, 3, 0.5], "rotation": 180, "texture": "#top"},
				"down": {"uv": [0, 0, 3, 0.5], "rotation": 180, "texture": "#missing"}
			}
		},
		{
			"from": [16, 9, 13],
			"to": [16.5, 9.5, 16],
			"faces": {
				"north": {"uv": [2, 7, 2.5, 7.5], "texture": "#side"},
				"east": {"uv": [0, 7, 3, 7.5], "texture": "#side"},
				"south": {"uv": [0, 0, 0.5, 0.5], "texture": "#missing"},
				"west": {"uv": [0, 0, 3, 0.5], "texture": "#missing"},
				"up": {"uv": [0, 0, 0.5, 3], "rotation": 180, "texture": "#top"},
				"down": {"uv": [0, 0, 0.5, 3], "rotation": 180, "texture": "#missing"}
			}
		},
		{
			"from": [16, 9, 16],
			"to": [16.5, 9.5, 16.5],
			"faces": {
				"north": {"uv": [0, 0, 0.5, 0.5], "texture": "#missing"},
				"east": {"uv": [0, 7, 0.5, 7.5], "texture": "#side"},
				"south": {"uv": [15, 7, 15.5, 7.5], "texture": "#side"},
				"west": {"uv": [0, 0, 0.5, 0.5], "texture": "#missing"},
				"up": {"uv": [0, 0, 0.5, 0.5], "rotation": 180, "texture": "#top"},
				"down": {"uv": [0, 0, 0.5, 0.5], "rotation": 180, "texture": "#missing"}
			}
		},
		{
			"from": [16, 5, 3],
			"to": [16.5, 7, 13],
			"faces": {
				"north": {"uv": [0, 0, 0.5, 2], "texture": "#missing"},
				"east": {"uv": [3, 9, 13, 11], "texture": "#side"},
				"south": {"uv": [0, 0, 0.5, 2], "texture": "#missing"},
				"west": {"uv": [0, 0, 10, 2], "texture": "#missing"},
				"up": {"uv": [13, 9, 3, 9.5], "rotation": 90, "texture": "#side"},
				"down": {"uv": [3, 10, 13, 10.5], "rotation": 90, "texture": "#side"}
			}
		},
		{
			"from": [13, 0.025, -0.5],
			"to": [16, 9, 0.5],
			"faces": {
				"north": {"uv": [0, 7, 3, 16], "texture": "#side"},
				"east": {"uv": [0, 7, 1, 16], "texture": "#side"},
				"south": {"uv": [0, 0, 3, 9], "texture": "#missing"},
				"west": {"uv": [2, 7, 3, 16], "texture": "#side"},
				"up": {"uv": [3, 7, 0, 8], "texture": "#side"},
				"down": {"uv": [0, 15, 3, 16], "rotation": 180, "texture": "#side"}
			}
		},
		{
			"from": [15.5, 0.025, 0],
			"to": [16.5, 9, 3],
			"faces": {
				"north": {"uv": [15, 7, 16, 16], "texture": "#side"},
				"east": {"uv": [13, 7, 16, 16], "texture": "#side"},
				"south": {"uv": [13, 7, 14, 16], "texture": "#side"},
				"west": {"uv": [0, 0, 3, 9], "texture": "#missing"},
				"up": {"uv": [16, 7, 13, 8], "rotation": 90, "texture": "#side"},
				"down": {"uv": [13, 15, 16, 16], "rotation": 90, "texture": "#side"}
			}
		},
		{
			"from": [16, 0.025, -0.5],
			"to": [16.5, 9, 0],
			"faces": {
				"north": {"uv": [0, 7, 0.5, 16], "texture": "#side"},
				"east": {"uv": [15.5, 7, 16, 16], "texture": "#side"},
				"south": {"uv": [0, 0, 0.5, 9], "texture": "#missing"},
				"west": {"uv": [0, 0, 0.5, 9], "texture": "#missing"},
				"up": {"uv": [1, 7, 1.5, 7.5], "rotation": 90, "texture": "#side"},
				"down": {"uv": [0, 15.5, 0.5, 16], "rotation": 270, "texture": "#side"}
			}
		},
		{
			"from": [13, 9, 0],
			"to": [16, 9.5, 3],
			"faces": {
				"north": {"uv": [0, 7, 3, 7.5], "texture": "#side"},
				"east": {"uv": [13, 7, 16, 7.5], "texture": "#side"},
				"south": {"uv": [2, 3, 2.5, 0], "rotation": 270, "texture": "#top"},
				"west": {"uv": [0, 2, 3, 2.5], "texture": "#top"},
				"up": {"uv": [0, 0, 3, 3], "rotation": 90, "texture": "#top"},
				"down": {"uv": [0, 0, 3.5, 3.5], "rotation": 270, "texture": "#missing"}
			}
		},
		{
			"from": [16, 9, 0],
			"to": [16.5, 9.5, 3],
			"faces": {
				"north": {"uv": [0, 0, 0.5, 0.5], "texture": "#missing"},
				"east": {"uv": [13, 7, 16, 7.5], "texture": "#side"},
				"south": {"uv": [13, 7, 13.5, 7.5], "texture": "#side"},
				"west": {"uv": [0, 0, 3, 0.5], "texture": "#missing"},
				"up": {"uv": [0, 0, 3, 0.5], "rotation": 90, "texture": "#top"},
				"down": {"uv": [0, 0, 3, 0.5], "rotation": 270, "texture": "#missing"}
			}
		},
		{
			"from": [13, 9, -0.5],
			"to": [16, 9.5, 0],
			"faces": {
				"north": {"uv": [0, 7, 3, 7.5], "texture": "#side"},
				"east": {"uv": [0, 0, 0.5, 0.5], "texture": "#missing"},
				"south": {"uv": [0, 0, 3, 0.5], "texture": "#missing"},
				"west": {"uv": [2, 7, 2.5, 7.5], "texture": "#side"},
				"up": {"uv": [0, 0, 0.5, 3], "rotation": 90, "texture": "#top"},
				"down": {"uv": [0, 0, 0.5, 3], "rotation": 270, "texture": "#missing"}
			}
		},
		{
			"from": [16, 9, -0.5],
			"to": [16.5, 9.5, 0],
			"faces": {
				"north": {"uv": [0, 7, 0.5, 7.5], "texture": "#side"},
				"east": {"uv": [15, 7, 15.5, 7.5], "texture": "#side"},
				"south": {"uv": [0, 0, 0.5, 0.5], "texture": "#missing"},
				"west": {"uv": [0, 0, 0.5, 0.5], "texture": "#missing"},
				"up": {"uv": [0, 0, 0.5, 0.5], "rotation": 90, "texture": "#top"},
				"down": {"uv": [0, 0, 0.5, 0.5], "rotation": 270, "texture": "#missing"}
			}
		},
		{
			"from": [3, 5, -0.5],
			"to": [13, 7, 0],
			"faces": {
				"north": {"uv": [3, 9, 13, 11], "texture": "#side"},
				"east": {"uv": [0, 0, 0.5, 2], "texture": "#missing"},
				"south": {"uv": [0, 0, 10, 2], "texture": "#missing"},
				"west": {"uv": [0, 0, 0.5, 2], "texture": "#missing"},
				"up": {"uv": [13, 9, 3, 9.5], "texture": "#side"},
				"down": {"uv": [3, 10, 13, 10.5], "rotation": 180, "texture": "#side"}
			}
		}
	],
	"groups": [
		0,
		{
			"name": "group",
			"origin": [0, 0, 0],
			"color": 0,
			"children": [1, 2, 3, 4, 5, 6, 7]
		},
		{
			"name": "group",
			"origin": [0, 0, 0],
			"color": 0,
			"children": [8, 9, 10, 11, 12, 13, 14, 15]
		},
		{
			"name": "group",
			"origin": [0, 0, 0],
			"color": 0,
			"children": [16, 17, 18, 19, 20, 21, 22, 23]
		},
		{
			"name": "group",
			"origin": [0, 0, 0],
			"color": 0,
			"children": [24, 25, 26, 27, 28, 29, 30, 31]
		},
		{
			"name": "group",
			"origin": [0, 0, 0],
			"color": 0,
			"children": [32, 33, 34, 35, 36, 37, 38, 39]
		}
	]
}