{
  "variants": {
    "half=lower": [
	{"model": "minecraft:block/tall_flowers/lilac_bottom"},
	{"model": "minecraft:block/tall_flowers/lilac_bottom", "y": 90},
	{"model": "minecraft:block/tall_flowers/lilac_bottom", "y": 180},
	{"model": "minecraft:block/tall_flowers/lilac_bottom", "y": 270}
	],
    "half=upper": [
	{"model": "minecraft:block/tall_flowers/lilac_top"},
	{"model": "minecraft:block/tall_flowers/lilac_top", "y": 90},
	{"model": "minecraft:block/tall_flowers/lilac_top", "y": 180},
	{"model": "minecraft:block/tall_flowers/lilac_top", "y": 270},
	{"model": "minecraft:block/tall_flowers/lilac_top1"},
	{"model": "minecraft:block/tall_flowers/lilac_top1", "y": 90},
	{"model": "minecraft:block/tall_flowers/lilac_top1", "y": 180},
	{"model": "minecraft:block/tall_flowers/lilac_top1", "y": 270}
	]
  }
}