{
	"credit": "Made with Blockbench",
	"ambientocclusion": false,
	"textures": {
		"particle": "block/iron_bars",
		"edge": "block/iron_bars"
	},
	"elements": [
		{
			"from": [7, 0, 6],
			"to": [9, 16, 7],
			"rotation": {"angle": 0, "axis": "y", "origin": [8, 7.999, 13.75]},
			"faces": {
				"north": {"uv": [2, 0, 4, 16], "texture": "#edge"},
				"east": {"uv": [12, 0, 14, 16], "texture": "#edge"},
				"south": {"uv": [2, 0, 4, 16], "texture": "#edge"},
				"west": {"uv": [9, 0, 7, 16], "texture": "#edge"},
				"up": {"uv": [7, 4, 9, 6], "texture": "#edge"},
				"down": {"uv": [9, 4, 7, 6], "texture": "#edge"}
			}
		},
		{
			"from": [7, 0, 0],
			"to": [9, 16, 1],
			"rotation": {"angle": 0, "axis": "y", "origin": [8, 7.999, 13.75]},
			"faces": {
				"north": {"uv": [7, 0, 9, 16], "texture": "#edge", "cullface": "north"},
				"east": {"uv": [8, 0, 9, 16], "texture": "#edge"},
				"south": {"uv": [7, 0, 9, 16], "texture": "#edge"},
				"west": {"uv": [7, 0, 8, 16], "texture": "#edge"},
				"up": {"uv": [7, 0, 9, 1], "texture": "#edge"},
				"down": {"uv": [7, 0, 9, 1], "texture": "#edge"}
			}
		},
		{
			"from": [7, 14.999, 1],
			"to": [9, 15.999, 3],
			"rotation": {"angle": 0, "axis": "y", "origin": [8, 7.999, 13.75]},
			"faces": {
				"east": {"uv": [7, 6, 8, 8], "rotation": 90, "texture": "#edge"},
				"west": {"uv": [3, 8, 4, 10], "rotation": 90, "texture": "#edge"},
				"up": {"uv": [7, 0, 9, 2], "texture": "#edge"},
				"down": {"uv": [9, 0, 7, 2], "texture": "#edge"}
			}
		},
		{
			"from": [7, 14.999, 3],
			"to": [9, 15.999, 6],
			"rotation": {"angle": 0, "axis": "y", "origin": [8, 7.999, 13.75]},
			"faces": {
				"east": {"uv": [7, 0, 8, 3], "rotation": 90, "texture": "#edge"},
				"south": {"uv": [0, 0, 2, 1], "texture": "#edge"},
				"west": {"uv": [8, 8, 9, 11], "rotation": 90, "texture": "#edge"},
				"up": {"uv": [7, 6, 9, 9], "texture": "#edge"},
				"down": {"uv": [9, 0, 7, 3], "texture": "#edge"}
			}
		},
		{
			"from": [7, -0.001, 1],
			"to": [9, 0.999, 3],
			"rotation": {"angle": 0, "axis": "y", "origin": [8, 7.999, 13.75]},
			"faces": {
				"east": {"uv": [14, 6, 13, 8], "rotation": 90, "texture": "#edge"},
				"west": {"uv": [2, 10, 3, 12], "rotation": 90, "texture": "#edge"},
				"up": {"uv": [7, 14, 9, 16], "texture": "#edge"},
				"down": {"uv": [9, 6, 7, 8], "texture": "#edge"}
			}
		},
		{
			"from": [7, -0.001, 3],
			"to": [9, 0.999, 6],
			"rotation": {"angle": 0, "axis": "y", "origin": [8, 7.999, 13.75]},
			"faces": {
				"east": {"uv": [13, 3, 12, 6], "rotation": 90, "texture": "#edge"},
				"south": {"uv": [0, 0, 2, 1], "texture": "#edge"},
				"west": {"uv": [8, 11, 9, 14], "rotation": 90, "texture": "#edge"},
				"up": {"uv": [12, 0, 14, 3], "texture": "#edge"},
				"down": {"uv": [9, 2, 7, 5], "texture": "#edge"}
			}
		}
	]
}