{
	"credit": "Made with Blockbench",
	"parent": "block/block",
	"textures": {
		"1": "block/stripped_bamboo_block",
		"2": "block/stripped_bamboo_block_top",
		"3": "block/bamboo_planks",
		"particle": "block/stripped_bamboo_block"
	},
	"elements": [
		{
			"name": "Left post",
			"from": [6, 0, 0],
			"to": [10, 16, 4],
			"faces": {
				"north": {"uv": [4, 0, 8, 16], "texture": "#1"},
				"east": {"uv": [4, 0, 8, 16], "texture": "#1"},
				"south": {"uv": [4, 0, 8, 16], "texture": "#1"},
				"west": {"uv": [4, 0, 8, 16], "texture": "#1"},
				"up": {"uv": [0, 0, 4, 4], "texture": "#2"},
				"down": {"uv": [0, 8, 4, 12], "texture": "#2", "cullface": "down"}
			}
		},
		{
			"name": "Right post",
			"from": [6, 0, 12],
			"to": [10, 16, 16],
			"faces": {
				"north": {"uv": [8, 0, 12, 16], "texture": "#1"},
				"east": {"uv": [8, 0, 12, 16], "texture": "#1"},
				"south": {"uv": [8, 0, 12, 16], "texture": "#1"},
				"west": {"uv": [8, 0, 12, 16], "texture": "#1"},
				"up": {"uv": [8, 8, 12, 12], "texture": "#2"},
				"down": {"uv": [4, 4, 8, 8], "texture": "#2", "cullface": "down"}
			}
		},
		{
			"name": "Top bar",
			"from": [7, 12, 4],
			"to": [9, 15, 12],
			"faces": {
				"east": {"uv": [4, 4, 12, 7], "texture": "#3"},
				"west": {"uv": [8, 0, 16, 3], "texture": "#3"},
				"up": {"uv": [5, 6, 7, 14], "texture": "#1"},
				"down": {"uv": [11, 15, 13, 7], "texture": "#1"}
			}
		},
		{
			"name": "Top bar left",
			"from": [7, 12, -2],
			"to": [9, 15, 0],
			"faces": {
				"north": {"uv": [13, 4, 15, 7], "texture": "#2"},
				"east": {"uv": [8, 0, 10, 3], "texture": "#3"},
				"west": {"uv": [8, 0, 10, 3], "texture": "#3"},
				"up": {"uv": [11, 7, 13, 9], "texture": "#1"},
				"down": {"uv": [11, 7, 13, 9], "texture": "#1"}
			}
		},
		{
			"name": "Top bar right",
			"from": [7, 12, 16],
			"to": [9, 15, 18],
			"faces": {
				"east": {"uv": [14, 0, 16, 3], "texture": "#3"},
				"south": {"uv": [13, 4, 15, 7], "texture": "#2"},
				"west": {"uv": [14, 0, 16, 3], "texture": "#3"},
				"up": {"uv": [11, 13, 13, 15], "texture": "#1"},
				"down": {"uv": [11, 13, 13, 15], "texture": "#1"}
			}
		},
		{
			"name": "Lower bar",
			"from": [7, 6, 4],
			"to": [9, 9, 12],
			"faces": {
				"east": {"uv": [6, 8, 14, 11], "texture": "#3"},
				"west": {"uv": [4, 4, 12, 7], "texture": "#3"},
				"up": {"uv": [9, 0, 11, 8], "texture": "#1"},
				"down": {"uv": [6, 12, 8, 4], "texture": "#1"}
			}
		},
		{
			"name": "Lower bar left",
			"from": [7, 6, -2],
			"to": [9, 9, 0],
			"faces": {
				"north": {"uv": [13, 4, 15, 7], "texture": "#2"},
				"east": {"uv": [8, 0, 10, 3], "texture": "#3"},
				"west": {"uv": [8, 0, 10, 3], "texture": "#3"},
				"up": {"uv": [11, 13, 13, 15], "texture": "#1"},
				"down": {"uv": [11, 13, 13, 15], "texture": "#1"}
			}
		},
		{
			"name": "Lower bar right",
			"from": [7, 6, 16],
			"to": [9, 9, 18],
			"faces": {
				"east": {"uv": [14, 0, 16, 3], "texture": "#3"},
				"south": {"uv": [13, 4, 15, 7], "texture": "#2"},
				"west": {"uv": [14, 0, 16, 3], "texture": "#3"},
				"up": {"uv": [11, 13, 13, 15], "texture": "#1"},
				"down": {"uv": [11, 13, 13, 15], "texture": "#1"}
			}
		}
	],
	"display": {
		"gui": {
			"rotation": [30, 135, 0],
			"scale": [0.625, 0.625, 0.625]
		},
		"fixed": {
			"rotation": [0, 90, 0],
			"scale": [0.5, 0.5, 0.5]
		}
	}
}