{
	"credit": "Made with Blockbench",
	"textures": {
		"1": "block/bamboo_planks",
		"particle": "#1"
	},
	"elements": [
		{
			"name": "top bar",
			"from": [7, 12, 0],
			"to": [9, 15, 7],
			"faces": {
				"north": {"uv": [12, 5, 14, 8], "texture": "#1", "cullface": "north"},
				"east": {"uv": [12, 4, 5, 7], "texture": "#1"},
				"west": {"uv": [5, 4, 12, 7], "texture": "#1"},
				"up": {"uv": [5, 5, 12, 7], "rotation": 90, "texture": "#1"},
				"down": {"uv": [5, 5, 12, 7], "rotation": 270, "texture": "#1"}
			}
		},
		{
			"name": "lower bar",
			"from": [7, 6, 0],
			"to": [9, 9, 7],
			"faces": {
				"north": {"uv": [8, 5, 10, 8], "texture": "#1", "cullface": "north"},
				"east": {"uv": [9, 12, 2, 15], "texture": "#1"},
				"west": {"uv": [2, 12, 9, 15], "texture": "#1"},
				"up": {"uv": [6, 9, 13, 11], "rotation": 270, "texture": "#1"},
				"down": {"uv": [5, 5, 12, 7], "rotation": 270, "texture": "#1"}
			}
		}
	]
}