{
	"credit": "Made with Blockbench",
	"textures": {
		"1": "block/stripped_bamboo_block",
		"2": "block/stripped_bamboo_block_top",
		"particle": "block/stripped_bamboo_block"
	},
	"elements": [
		{
			"name": "Center post",
			"from": [6, 0, 6],
			"to": [10, 16, 10],
			"faces": {
				"north": {"uv": [4, 0, 8, 16], "texture": "#1"},
				"east": {"uv": [4, 0, 8, 16], "texture": "#1"},
				"south": {"uv": [4, 0, 8, 16], "texture": "#1"},
				"west": {"uv": [4, 0, 8, 16], "texture": "#1"},
				"up": {"uv": [0, 0, 4, 4], "texture": "#2", "cullface": "up"},
				"down": {"uv": [0, 0, 4, 4], "texture": "#2", "cullface": "down"}
			}
		}
	]
}