{
	"credit": "Made with Blockbench",
	"parent": "block/block",
	"textures": {
		"3": "block/beacon_cage",
		"4": "block/soul_campfire_fire",
		"particle": "block/soul_campfire_fire",
		"obsidian": "block/obsidian",
		"beacon": "block/beacon"
	},
	"elements": [
		{
			"name": "Obsidian base",
			"from": [2, 0.1, 2],
			"to": [14, 3, 14],
			"faces": {
				"north": {"uv": [2, 13, 14, 16], "texture": "#obsidian"},
				"east": {"uv": [2, 13, 14, 16], "texture": "#obsidian"},
				"south": {"uv": [2, 13, 14, 16], "texture": "#obsidian"},
				"west": {"uv": [2, 13, 14, 16], "texture": "#obsidian"},
				"up": {"uv": [2, 2, 14, 14], "texture": "#obsidian"},
				"down": {"uv": [2, 2, 14, 14], "texture": "#obsidian"}
			}
		},
		{
			"name": "Inner beacon texture",
			"from": [4, 3, 4],
			"to": [12, 11, 12],
			"faces": {
				"north": {"uv": [4, 7, 12, 15], "texture": "#beacon"},
				"east": {"uv": [4, 7, 12, 15], "texture": "#beacon"},
				"south": {"uv": [4, 7, 12, 15], "texture": "#beacon"},
				"west": {"uv": [4, 7, 12, 15], "texture": "#beacon"},
				"up": {"uv": [4, 2, 12, 10], "texture": "#beacon"}
			}
		},
		{
			"from": [0, 0, 14.01],
			"to": [16, 16, 14.01],
			"faces": {
				"north": {"uv": [0, 0, 16, 16], "texture": "#3"},
				"south": {"uv": [0, 0, 16, 16], "texture": "#3"}
			}
		},
		{
			"from": [14.01, 0, 0],
			"to": [14.01, 16, 16],
			"faces": {
				"east": {"uv": [0, 0, 16, 16], "texture": "#3"},
				"west": {"uv": [0, 0, 16, 16], "texture": "#3"}
			}
		},
		{
			"from": [1.99, 0, 0],
			"to": [1.99, 16, 16],
			"faces": {
				"east": {"uv": [0, 0, 16, 16], "texture": "#3"},
				"west": {"uv": [0, 0, 16, 16], "texture": "#3"}
			}
		},
		{
			"from": [0, 0, 1.99],
			"to": [16, 16, 1.99],
			"faces": {
				"north": {"uv": [0, 0, 16, 16], "texture": "#3"},
				"south": {"uv": [0, 0, 16, 16], "texture": "#3"}
			}
		},
		{
			"from": [8, 3, 0.8],
			"to": [8, 19, 15.2],
			"rotation": {"angle": 45, "axis": "y", "origin": [8, 8, 8]},
			"faces": {
				"east": {"uv": [1, 0, 15.4, 16], "texture": "#4"},
				"west": {"uv": [1, 0, 15.4, 16], "texture": "#4"}
			}
		},
		{
			"from": [8, 3, 0.8],
			"to": [8, 19, 15.2],
			"rotation": {"angle": -45, "axis": "y", "origin": [8, 8, 8]},
			"faces": {
				"east": {"uv": [1, 0, 15.4, 16], "texture": "#4"},
				"west": {"uv": [1, 0, 15.4, 16], "texture": "#4"}
			}
		}
	],
	"groups": [
		0,
		1,
		{
			"name": "cage",
			"origin": [8, 8, 8],
			"color": 0,
			"children": [2, 3, 4, 5]
		},
		6,
		7
	]
}