{
	"credit": "Made with Blockbench",
	"parent": "block/block",
	"textures": {
		"3": "block/end_portal_frame_eye",
		"bottom": "block/end_stone",
		"top": "block/end_portal_frame_top",
		"particle": "block/end_portal_frame_side",
		"side": "block/end_portal_frame_side"
	},
	"elements": [
		{
			"from": [0, 0, 0],
			"to": [16, 12.5, 16],
			"faces": {
				"north": {"uv": [0, 3.5, 16, 16], "texture": "#side", "cullface": "north"},
				"east": {"uv": [0, 3.5, 16, 16], "texture": "#side", "cullface": "east"},
				"south": {"uv": [0, 3.5, 16, 16], "texture": "#side", "cullface": "south"},
				"west": {"uv": [0, 3.5, 16, 16], "texture": "#side", "cullface": "west"},
				"up": {"uv": [0, 0, 16, 16], "texture": "#top"},
				"down": {"uv": [0, 0, 16, 16], "texture": "#bottom", "cullface": "down"}
			}
		},
		{
			"from": [0, 12.5, 0],
			"to": [16, 13, 5],
			"faces": {
				"north": {"uv": [0, 0, 16, 1], "texture": "#top"},
				"east": {"uv": [0, 0, 1, 5], "rotation": 270, "texture": "#top"},
				"south": {"uv": [0, 5, 16, 6], "texture": "#top"},
				"west": {"uv": [15, 0, 16, 5], "rotation": 270, "texture": "#top"},
				"up": {"uv": [0, 0, 16, 5], "texture": "#top"},
				"down": {"uv": [0, 0, 16, 5], "texture": "#top"}
			}
		},
		{
			"from": [0, 12.5, 11],
			"to": [16, 13, 16],
			"faces": {
				"north": {"uv": [0, 10, 16, 11], "texture": "#top"},
				"east": {"uv": [0, 11, 1, 16], "rotation": 270, "texture": "#top"},
				"south": {"uv": [0, 15, 16, 16], "texture": "#top"},
				"west": {"uv": [15, 11, 16, 16], "rotation": 270, "texture": "#top"},
				"up": {"uv": [0, 11, 16, 16], "texture": "#top"},
				"down": {"uv": [0, 11, 16, 16], "texture": "#top"}
			}
		},
		{
			"from": [0, 12.5, 5],
			"to": [5, 13, 11],
			"faces": {
				"north": {"uv": [0, 5, 5, 6], "texture": "#top"},
				"east": {"uv": [5, 5, 6, 11], "rotation": 270, "texture": "#top"},
				"south": {"uv": [0, 10, 5, 11], "texture": "#top"},
				"west": {"uv": [0, 5, 1, 11], "rotation": 270, "texture": "#top"},
				"up": {"uv": [0, 5, 5, 11], "texture": "#top"},
				"down": {"uv": [0, 5, 5, 11], "texture": "#top"}
			}
		},
		{
			"from": [11, 12.5, 5],
			"to": [16, 13, 11],
			"faces": {
				"north": {"uv": [11, 5, 16, 6], "texture": "#top"},
				"east": {"uv": [15, 5, 16, 11], "rotation": 270, "texture": "#top"},
				"south": {"uv": [11, 10, 16, 11], "texture": "#top"},
				"west": {"uv": [10, 5, 11, 11], "rotation": 270, "texture": "#top"},
				"up": {"uv": [11, 5, 16, 11], "texture": "#top"},
				"down": {"uv": [11, 5, 16, 11], "texture": "#top"}
			}
		},
		{
			"from": [-0.25, 11, 0],
			"to": [0, 13, 16],
			"faces": {
				"north": {"uv": [0, 3, 1, 5], "texture": "#side"},
				"east": {"uv": [0, 3, 16, 5], "texture": "#side"},
				"south": {"uv": [15, 3, 16, 5], "texture": "#side"},
				"west": {"uv": [0, 3, 16, 5], "texture": "#side"},
				"up": {"uv": [0, 15, 16, 16], "rotation": 90, "texture": "#top"},
				"down": {"uv": [0, 4, 16, 5], "rotation": 90, "texture": "#side"}
			}
		},
		{
			"from": [-0.25, 10, 0],
			"to": [0, 11, 3],
			"faces": {
				"north": {"uv": [0, 5, 1, 6], "texture": "#side"},
				"east": {"uv": [0, 5, 3, 6], "texture": "#side"},
				"south": {"uv": [2, 5, 3, 6], "texture": "#side"},
				"west": {"uv": [0, 5, 3, 6], "texture": "#side"},
				"up": {"uv": [0, 5, 3, 6], "rotation": 270, "texture": "#side"},
				"down": {"uv": [0, 5, 3, 6], "rotation": 270, "texture": "#side"}
			}
		},
		{
			"from": [-0.25, 10, 13],
			"to": [0, 11, 16],
			"faces": {
				"north": {"uv": [13, 5, 14, 6], "texture": "#side"},
				"east": {"uv": [13, 5, 16, 6], "texture": "#side"},
				"south": {"uv": [15, 5, 16, 6], "texture": "#side"},
				"west": {"uv": [13, 5, 16, 6], "texture": "#side"},
				"up": {"uv": [13, 5, 16, 6], "rotation": 270, "texture": "#side"},
				"down": {"uv": [13, 5, 16, 6], "rotation": 270, "texture": "#side"}
			}
		},
		{
			"from": [-0.25, 9, 0],
			"to": [0, 10, 2],
			"faces": {
				"north": {"uv": [0, 6, 1, 7], "texture": "#side"},
				"east": {"uv": [0, 6, 2, 7], "texture": "#side"},
				"south": {"uv": [1, 6, 2, 7], "texture": "#side"},
				"west": {"uv": [0, 6, 2, 7], "texture": "#side"},
				"up": {"uv": [0, 6, 2, 7], "rotation": 270, "texture": "#side"},
				"down": {"uv": [0, 6, 2, 7], "rotation": 270, "texture": "#side"}
			}
		},
		{
			"from": [-0.25, 9, 14],
			"to": [0, 10, 16],
			"faces": {
				"north": {"uv": [14, 6, 15, 7], "texture": "#side"},
				"east": {"uv": [14, 6, 16, 7], "texture": "#side"},
				"south": {"uv": [15, 6, 16, 7], "texture": "#side"},
				"west": {"uv": [14, 6, 16, 7], "texture": "#side"},
				"up": {"uv": [14, 6, 16, 7], "rotation": 270, "texture": "#side"},
				"down": {"uv": [14, 6, 16, 7], "rotation": 270, "texture": "#side"}
			}
		},
		{
			"from": [-0.25, 8, 0],
			"to": [0, 9, 3],
			"faces": {
				"north": {"uv": [0, 7, 1, 8], "texture": "#side"},
				"east": {"uv": [0, 7, 3, 8], "texture": "#side"},
				"south": {"uv": [2, 7, 3, 8], "texture": "#side"},
				"west": {"uv": [0, 7, 3, 8], "texture": "#side"},
				"up": {"uv": [0, 8, 3, 7], "rotation": 270, "texture": "#side"},
				"down": {"uv": [0, 7, 3, 8], "rotation": 270, "texture": "#side"}
			}
		},
		{
			"from": [-0.25, 8, 13],
			"to": [0, 9, 16],
			"faces": {
				"north": {"uv": [13, 7, 14, 8], "texture": "#side"},
				"east": {"uv": [13, 7, 16, 8], "texture": "#side"},
				"south": {"uv": [15, 7, 16, 8], "texture": "#side"},
				"west": {"uv": [13, 7, 16, 8], "texture": "#side"},
				"up": {"uv": [16, 7, 13, 8], "rotation": 270, "texture": "#side"},
				"down": {"uv": [13, 7, 16, 8], "rotation": 270, "texture": "#side"}
			}
		},
		{
			"from": [-0.25, 7, 1],
			"to": [0, 8, 15],
			"faces": {
				"north": {"uv": [1, 8, 2, 9], "texture": "#side"},
				"east": {"uv": [1, 8, 15, 9], "texture": "#side"},
				"south": {"uv": [14, 8, 15, 9], "texture": "#side"},
				"west": {"uv": [1, 8, 15, 9], "texture": "#side"},
				"up": {"uv": [1, 8, 15, 9], "rotation": 90, "texture": "#side"},
				"down": {"uv": [15, 8, 1, 9], "rotation": 90, "texture": "#side"}
			}
		},
		{
			"from": [-0.25, 6, 2],
			"to": [0, 7, 14],
			"faces": {
				"north": {"uv": [2, 9, 3, 10], "texture": "#side"},
				"east": {"uv": [2, 9, 14, 10], "texture": "#side"},
				"south": {"uv": [13, 9, 14, 10], "texture": "#side"},
				"west": {"uv": [2, 9, 14, 10], "texture": "#side"},
				"up": {"uv": [2, 9, 14, 10], "rotation": 270, "texture": "#side"},
				"down": {"uv": [2, 9, 14, 10], "rotation": 90, "texture": "#side"}
			}
		},
		{
			"from": [-0.25, 8, -0.25],
			"to": [0, 13, 0],
			"faces": {
				"north": {"uv": [15, 3, 16, 8], "texture": "#side"},
				"east": {"uv": [15, 3, 16, 8], "texture": "#side"},
				"south": {"uv": [15, 3, 16, 8], "texture": "#side"},
				"west": {"uv": [0, 3, 1, 8], "texture": "#side"},
				"up": {"uv": [0, 3, 1, 4], "texture": "#side"},
				"down": {"uv": [0, 7, 1, 8], "texture": "#side"}
			}
		},
		{
			"from": [-0.25, 13, 0],
			"to": [0, 13.25, 16],
			"faces": {
				"north": {"uv": [0, 0, 1, 1], "texture": "#top"},
				"east": {"uv": [0, 0, 16, 1], "texture": "#top"},
				"south": {"uv": [0, 0, 1, 1], "texture": "#top"},
				"west": {"uv": [0, 3, 16, 4], "texture": "#side"},
				"up": {"uv": [0, 0, 1, 16], "texture": "#top"},
				"down": {"uv": [0, 0, 1, 16], "texture": "#top"}
			}
		},
		{
			"from": [-0.25, 13, -0.25],
			"to": [0, 13.25, 0],
			"faces": {
				"north": {"uv": [0, 0, 1, 1], "texture": "#top"},
				"east": {"uv": [0, 0, 1, 1], "texture": "#top"},
				"south": {"uv": [0, 0, 1, 1], "texture": "#top"},
				"west": {"uv": [0, 0, 1, 1], "texture": "#top"},
				"up": {"uv": [0, 0, 1, 1], "texture": "#top"},
				"down": {"uv": [0, 0, 1, 1], "texture": "#top"}
			}
		},
		{
			"from": [0, 11, 16],
			"to": [16, 13, 16.25],
			"faces": {
				"north": {"uv": [0, 3, 16, 5], "texture": "#side"},
				"east": {"uv": [15, 3, 16, 5], "texture": "#side"},
				"south": {"uv": [0, 3, 16, 5], "texture": "#side"},
				"west": {"uv": [0, 3, 1, 5], "texture": "#side"},
				"up": {"uv": [0, 15, 16, 16], "texture": "#top"},
				"down": {"uv": [0, 4, 16, 5], "rotation": 180, "texture": "#side"}
			}
		},
		{
			"from": [0, 10, 16],
			"to": [3, 11, 16.25],
			"faces": {
				"north": {"uv": [0, 5, 3, 6], "texture": "#side"},
				"east": {"uv": [2, 5, 3, 6], "texture": "#side"},
				"south": {"uv": [0, 5, 3, 6], "texture": "#side"},
				"west": {"uv": [0, 5, 1, 6], "texture": "#side"},
				"up": {"uv": [0, 5, 3, 6], "rotation": 180, "texture": "#side"},
				"down": {"uv": [0, 5, 3, 6], "texture": "#side"}
			}
		},
		{
			"from": [13, 10, 16],
			"to": [16, 11, 16.25],
			"faces": {
				"north": {"uv": [13, 5, 16, 6], "texture": "#side"},
				"east": {"uv": [15, 5, 16, 6], "texture": "#side"},
				"south": {"uv": [13, 5, 16, 6], "texture": "#side"},
				"west": {"uv": [13, 5, 14, 6], "texture": "#side"},
				"up": {"uv": [13, 5, 16, 6], "rotation": 180, "texture": "#side"},
				"down": {"uv": [13, 5, 16, 6], "texture": "#side"}
			}
		},
		{
			"from": [0, 9, 16],
			"to": [2, 10, 16.25],
			"faces": {
				"north": {"uv": [0, 6, 2, 7], "texture": "#side"},
				"east": {"uv": [1, 6, 2, 7], "texture": "#side"},
				"south": {"uv": [0, 6, 2, 7], "texture": "#side"},
				"west": {"uv": [0, 6, 1, 7], "texture": "#side"},
				"up": {"uv": [0, 6, 2, 7], "rotation": 180, "texture": "#side"},
				"down": {"uv": [0, 6, 2, 7], "texture": "#side"}
			}
		},
		{
			"from": [14, 9, 16],
			"to": [16, 10, 16.25],
			"faces": {
				"north": {"uv": [14, 6, 16, 7], "texture": "#side"},
				"east": {"uv": [15, 6, 16, 7], "texture": "#side"},
				"south": {"uv": [14, 6, 16, 7], "texture": "#side"},
				"west": {"uv": [14, 6, 15, 7], "texture": "#side"},
				"up": {"uv": [14, 6, 16, 7], "rotation": 180, "texture": "#side"},
				"down": {"uv": [14, 6, 16, 7], "texture": "#side"}
			}
		},
		{
			"from": [0, 8, 16],
			"to": [3, 9, 16.25],
			"faces": {
				"north": {"uv": [0, 7, 3, 8], "texture": "#side"},
				"east": {"uv": [2, 7, 3, 8], "texture": "#side"},
				"south": {"uv": [0, 7, 3, 8], "texture": "#side"},
				"west": {"uv": [0, 7, 1, 8], "texture": "#side"},
				"up": {"uv": [0, 8, 3, 7], "rotation": 180, "texture": "#side"},
				"down": {"uv": [0, 7, 3, 8], "texture": "#side"}
			}
		},
		{
			"from": [13, 8, 16],
			"to": [16, 9, 16.25],
			"faces": {
				"north": {"uv": [13, 7, 16, 8], "texture": "#side"},
				"east": {"uv": [15, 7, 16, 8], "texture": "#side"},
				"south": {"uv": [13, 7, 16, 8], "texture": "#side"},
				"west": {"uv": [13, 7, 14, 8], "texture": "#side"},
				"up": {"uv": [16, 7, 13, 8], "rotation": 180, "texture": "#side"},
				"down": {"uv": [13, 7, 16, 8], "texture": "#side"}
			}
		},
		{
			"from": [1, 7, 16],
			"to": [15, 8, 16.25],
			"faces": {
				"north": {"uv": [1, 8, 15, 9], "texture": "#side"},
				"east": {"uv": [14, 8, 15, 9], "texture": "#side"},
				"south": {"uv": [1, 8, 15, 9], "texture": "#side"},
				"west": {"uv": [1, 8, 2, 9], "texture": "#side"},
				"up": {"uv": [1, 8, 15, 9], "texture": "#side"},
				"down": {"uv": [15, 8, 1, 9], "rotation": 180, "texture": "#side"}
			}
		},
		{
			"from": [2, 6, 16],
			"to": [14, 7, 16.25],
			"faces": {
				"north": {"uv": [2, 9, 14, 10], "texture": "#side"},
				"east": {"uv": [13, 9, 14, 10], "texture": "#side"},
				"south": {"uv": [2, 9, 14, 10], "texture": "#side"},
				"west": {"uv": [2, 9, 3, 10], "texture": "#side"},
				"up": {"uv": [2, 9, 14, 10], "rotation": 180, "texture": "#side"},
				"down": {"uv": [2, 9, 14, 10], "rotation": 180, "texture": "#side"}
			}
		},
		{
			"from": [-0.25, 8, 16],
			"to": [0, 13, 16.25],
			"faces": {
				"north": {"uv": [15, 3, 16, 8], "texture": "#side"},
				"east": {"uv": [15, 3, 16, 8], "texture": "#side"},
				"south": {"uv": [0, 3, 1, 8], "texture": "#side"},
				"west": {"uv": [15, 3, 16, 8], "texture": "#side"},
				"up": {"uv": [0, 3, 1, 4], "rotation": 270, "texture": "#side"},
				"down": {"uv": [0, 7, 1, 8], "rotation": 90, "texture": "#side"}
			}
		},
		{
			"from": [0, 13, 16],
			"to": [16, 13.25, 16.25],
			"faces": {
				"north": {"uv": [0, 0, 16, 1], "texture": "#top"},
				"east": {"uv": [0, 0, 1, 1], "texture": "#top"},
				"south": {"uv": [0, 3, 16, 4], "texture": "#side"},
				"west": {"uv": [0, 0, 1, 1], "texture": "#top"},
				"up": {"uv": [0, 0, 1, 16], "rotation": 270, "texture": "#top"},
				"down": {"uv": [0, 0, 1, 16], "rotation": 90, "texture": "#top"}
			}
		},
		{
			"from": [-0.25, 13, 16],
			"to": [0, 13.25, 16.25],
			"faces": {
				"north": {"uv": [0, 0, 1, 1], "texture": "#top"},
				"east": {"uv": [0, 0, 1, 1], "texture": "#top"},
				"south": {"uv": [0, 0, 1, 1], "texture": "#top"},
				"west": {"uv": [0, 0, 1, 1], "texture": "#top"},
				"up": {"uv": [0, 0, 1, 1], "rotation": 270, "texture": "#top"},
				"down": {"uv": [0, 0, 1, 1], "rotation": 90, "texture": "#top"}
			}
		},
		{
			"from": [16, 11, 0],
			"to": [16.25, 13, 16],
			"faces": {
				"north": {"uv": [15, 3, 16, 5], "texture": "#side"},
				"east": {"uv": [0, 3, 16, 5], "texture": "#side"},
				"south": {"uv": [0, 3, 1, 5], "texture": "#side"},
				"west": {"uv": [0, 3, 16, 5], "texture": "#side"},
				"up": {"uv": [0, 15, 16, 16], "rotation": 270, "texture": "#top"},
				"down": {"uv": [0, 4, 16, 5], "rotation": 270, "texture": "#side"}
			}
		},
		{
			"from": [16, 10, 13],
			"to": [16.25, 11, 16],
			"faces": {
				"north": {"uv": [2, 5, 3, 6], "texture": "#side"},
				"east": {"uv": [0, 5, 3, 6], "texture": "#side"},
				"south": {"uv": [0, 5, 1, 6], "texture": "#side"},
				"west": {"uv": [0, 5, 3, 6], "texture": "#side"},
				"up": {"uv": [0, 5, 3, 6], "rotation": 90, "texture": "#side"},
				"down": {"uv": [0, 5, 3, 6], "rotation": 90, "texture": "#side"}
			}
		},
		{
			"from": [16, 10, 0],
			"to": [16.25, 11, 3],
			"faces": {
				"north": {"uv": [15, 5, 16, 6], "texture": "#side"},
				"east": {"uv": [13, 5, 16, 6], "texture": "#side"},
				"south": {"uv": [13, 5, 14, 6], "texture": "#side"},
				"west": {"uv": [13, 5, 16, 6], "texture": "#side"},
				"up": {"uv": [13, 5, 16, 6], "rotation": 90, "texture": "#side"},
				"down": {"uv": [13, 5, 16, 6], "rotation": 90, "texture": "#side"}
			}
		},
		{
			"from": [16, 9, 14],
			"to": [16.25, 10, 16],
			"faces": {
				"north": {"uv": [1, 6, 2, 7], "texture": "#side"},
				"east": {"uv": [0, 6, 2, 7], "texture": "#side"},
				"south": {"uv": [0, 6, 1, 7], "texture": "#side"},
				"west": {"uv": [0, 6, 2, 7], "texture": "#side"},
				"up": {"uv": [0, 6, 2, 7], "rotation": 90, "texture": "#side"},
				"down": {"uv": [0, 6, 2, 7], "rotation": 90, "texture": "#side"}
			}
		},
		{
			"from": [16, 9, 0],
			"to": [16.25, 10, 2],
			"faces": {
				"north": {"uv": [15, 6, 16, 7], "texture": "#side"},
				"east": {"uv": [14, 6, 16, 7], "texture": "#side"},
				"south": {"uv": [14, 6, 15, 7], "texture": "#side"},
				"west": {"uv": [14, 6, 16, 7], "texture": "#side"},
				"up": {"uv": [14, 6, 16, 7], "rotation": 90, "texture": "#side"},
				"down": {"uv": [14, 6, 16, 7], "rotation": 90, "texture": "#side"}
			}
		},
		{
			"from": [16, 8, 13],
			"to": [16.25, 9, 16],
			"faces": {
				"north": {"uv": [2, 7, 3, 8], "texture": "#side"},
				"east": {"uv": [0, 7, 3, 8], "texture": "#side"},
				"south": {"uv": [0, 7, 1, 8], "texture": "#side"},
				"west": {"uv": [0, 7, 3, 8], "texture": "#side"},
				"up": {"uv": [0, 8, 3, 7], "rotation": 90, "texture": "#side"},
				"down": {"uv": [0, 7, 3, 8], "rotation": 90, "texture": "#side"}
			}
		},
		{
			"from": [16, 8, 0],
			"to": [16.25, 9, 3],
			"faces": {
				"north": {"uv": [15, 7, 16, 8], "texture": "#side"},
				"east": {"uv": [13, 7, 16, 8], "texture": "#side"},
				"south": {"uv": [13, 7, 14, 8], "texture": "#side"},
				"west": {"uv": [13, 7, 16, 8], "texture": "#side"},
				"up": {"uv": [16, 7, 13, 8], "rotation": 90, "texture": "#side"},
				"down": {"uv": [13, 7, 16, 8], "rotation": 90, "texture": "#side"}
			}
		},
		{
			"from": [16, 7, 1],
			"to": [16.25, 8, 15],
			"faces": {
				"north": {"uv": [14, 8, 15, 9], "texture": "#side"},
				"east": {"uv": [1, 8, 15, 9], "texture": "#side"},
				"south": {"uv": [1, 8, 2, 9], "texture": "#side"},
				"west": {"uv": [1, 8, 15, 9], "texture": "#side"},
				"up": {"uv": [1, 8, 15, 9], "rotation": 270, "texture": "#side"},
				"down": {"uv": [15, 8, 1, 9], "rotation": 270, "texture": "#side"}
			}
		},
		{
			"from": [16, 6, 2],
			"to": [16.25, 7, 14],
			"faces": {
				"north": {"uv": [13, 9, 14, 10], "texture": "#side"},
				"east": {"uv": [2, 9, 14, 10], "texture": "#side"},
				"south": {"uv": [2, 9, 3, 10], "texture": "#side"},
				"west": {"uv": [2, 9, 14, 10], "texture": "#side"},
				"up": {"uv": [2, 9, 14, 10], "rotation": 90, "texture": "#side"},
				"down": {"uv": [2, 9, 14, 10], "rotation": 270, "texture": "#side"}
			}
		},
		{
			"from": [16, 8, 16],
			"to": [16.25, 13, 16.25],
			"faces": {
				"north": {"uv": [15, 3, 16, 8], "texture": "#side"},
				"east": {"uv": [0, 3, 1, 8], "texture": "#side"},
				"south": {"uv": [15, 3, 16, 8], "texture": "#side"},
				"west": {"uv": [15, 3, 16, 8], "texture": "#side"},
				"up": {"uv": [0, 3, 1, 4], "rotation": 180, "texture": "#side"},
				"down": {"uv": [0, 7, 1, 8], "rotation": 180, "texture": "#side"}
			}
		},
		{
			"from": [16, 13, 0],
			"to": [16.25, 13.25, 16],
			"faces": {
				"north": {"uv": [0, 0, 1, 1], "texture": "#top"},
				"east": {"uv": [0, 3, 16, 4], "texture": "#side"},
				"south": {"uv": [0, 0, 1, 1], "texture": "#top"},
				"west": {"uv": [0, 0, 16, 1], "texture": "#top"},
				"up": {"uv": [0, 0, 1, 16], "rotation": 180, "texture": "#top"},
				"down": {"uv": [0, 0, 1, 16], "rotation": 180, "texture": "#top"}
			}
		},
		{
			"from": [16, 13, 16],
			"to": [16.25, 13.25, 16.25],
			"faces": {
				"north": {"uv": [0, 0, 1, 1], "texture": "#top"},
				"east": {"uv": [0, 0, 1, 1], "texture": "#top"},
				"south": {"uv": [0, 0, 1, 1], "texture": "#top"},
				"west": {"uv": [0, 0, 1, 1], "texture": "#top"},
				"up": {"uv": [0, 0, 1, 1], "rotation": 180, "texture": "#top"},
				"down": {"uv": [0, 0, 1, 1], "rotation": 180, "texture": "#top"}
			}
		},
		{
			"from": [0, 11, -0.25],
			"to": [16, 13, 0],
			"faces": {
				"north": {"uv": [0, 3, 16, 5], "texture": "#side"},
				"east": {"uv": [0, 3, 1, 5], "texture": "#side"},
				"south": {"uv": [0, 3, 16, 5], "texture": "#side"},
				"west": {"uv": [15, 3, 16, 5], "texture": "#side"},
				"up": {"uv": [0, 15, 16, 16], "rotation": 180, "texture": "#top"},
				"down": {"uv": [0, 4, 16, 5], "texture": "#side"}
			}
		},
		{
			"from": [13, 10, -0.25],
			"to": [16, 11, 0],
			"faces": {
				"north": {"uv": [0, 5, 3, 6], "texture": "#side"},
				"east": {"uv": [0, 5, 1, 6], "texture": "#side"},
				"south": {"uv": [0, 5, 3, 6], "texture": "#side"},
				"west": {"uv": [2, 5, 3, 6], "texture": "#side"},
				"up": {"uv": [0, 5, 3, 6], "texture": "#side"},
				"down": {"uv": [0, 5, 3, 6], "rotation": 180, "texture": "#side"}
			}
		},
		{
			"from": [0, 10, -0.25],
			"to": [3, 11, 0],
			"faces": {
				"north": {"uv": [13, 5, 16, 6], "texture": "#side"},
				"east": {"uv": [13, 5, 14, 6], "texture": "#side"},
				"south": {"uv": [13, 5, 16, 6], "texture": "#side"},
				"west": {"uv": [15, 5, 16, 6], "texture": "#side"},
				"up": {"uv": [13, 5, 16, 6], "texture": "#side"},
				"down": {"uv": [13, 5, 16, 6], "rotation": 180, "texture": "#side"}
			}
		},
		{
			"from": [14, 9, -0.25],
			"to": [16, 10, 0],
			"faces": {
				"north": {"uv": [0, 6, 2, 7], "texture": "#side"},
				"east": {"uv": [0, 6, 1, 7], "texture": "#side"},
				"south": {"uv": [0, 6, 2, 7], "texture": "#side"},
				"west": {"uv": [1, 6, 2, 7], "texture": "#side"},
				"up": {"uv": [0, 6, 2, 7], "texture": "#side"},
				"down": {"uv": [0, 6, 2, 7], "rotation": 180, "texture": "#side"}
			}
		},
		{
			"from": [0, 9, -0.25],
			"to": [2, 10, 0],
			"faces": {
				"north": {"uv": [14, 6, 16, 7], "texture": "#side"},
				"east": {"uv": [14, 6, 15, 7], "texture": "#side"},
				"south": {"uv": [14, 6, 16, 7], "texture": "#side"},
				"west": {"uv": [15, 6, 16, 7], "texture": "#side"},
				"up": {"uv": [14, 6, 16, 7], "texture": "#side"},
				"down": {"uv": [14, 6, 16, 7], "rotation": 180, "texture": "#side"}
			}
		},
		{
			"from": [13, 8, -0.25],
			"to": [16, 9, 0],
			"faces": {
				"north": {"uv": [0, 7, 3, 8], "texture": "#side"},
				"east": {"uv": [0, 7, 1, 8], "texture": "#side"},
				"south": {"uv": [0, 7, 3, 8], "texture": "#side"},
				"west": {"uv": [2, 7, 3, 8], "texture": "#side"},
				"up": {"uv": [0, 8, 3, 7], "texture": "#side"},
				"down": {"uv": [0, 7, 3, 8], "rotation": 180, "texture": "#side"}
			}
		},
		{
			"from": [0, 8, -0.25],
			"to": [3, 9, 0],
			"faces": {
				"north": {"uv": [13, 7, 16, 8], "texture": "#side"},
				"east": {"uv": [13, 7, 14, 8], "texture": "#side"},
				"south": {"uv": [13, 7, 16, 8], "texture": "#side"},
				"west": {"uv": [15, 7, 16, 8], "texture": "#side"},
				"up": {"uv": [16, 7, 13, 8], "texture": "#side"},
				"down": {"uv": [13, 7, 16, 8], "rotation": 180, "texture": "#side"}
			}
		},
		{
			"from": [1, 7, -0.25],
			"to": [15, 8, 0],
			"faces": {
				"north": {"uv": [1, 8, 15, 9], "texture": "#side"},
				"east": {"uv": [1, 8, 2, 9], "texture": "#side"},
				"south": {"uv": [1, 8, 15, 9], "texture": "#side"},
				"west": {"uv": [14, 8, 15, 9], "texture": "#side"},
				"up": {"uv": [1, 8, 15, 9], "rotation": 180, "texture": "#side"},
				"down": {"uv": [15, 8, 1, 9], "texture": "#side"}
			}
		},
		{
			"from": [2, 6, -0.25],
			"to": [14, 7, 0],
			"faces": {
				"north": {"uv": [2, 9, 14, 10], "texture": "#side"},
				"east": {"uv": [2, 9, 3, 10], "texture": "#side"},
				"south": {"uv": [2, 9, 14, 10], "texture": "#side"},
				"west": {"uv": [13, 9, 14, 10], "texture": "#side"},
				"up": {"uv": [2, 9, 14, 10], "texture": "#side"},
				"down": {"uv": [2, 9, 14, 10], "texture": "#side"}
			}
		},
		{
			"from": [16, 8, -0.25],
			"to": [16.25, 13, 0],
			"faces": {
				"north": {"uv": [0, 3, 1, 8], "texture": "#side"},
				"east": {"uv": [15, 3, 16, 8], "texture": "#side"},
				"south": {"uv": [15, 3, 16, 8], "texture": "#side"},
				"west": {"uv": [15, 3, 16, 8], "texture": "#side"},
				"up": {"uv": [0, 3, 1, 4], "rotation": 90, "texture": "#side"},
				"down": {"uv": [0, 7, 1, 8], "rotation": 270, "texture": "#side"}
			}
		},
		{
			"from": [0, 13, -0.25],
			"to": [16, 13.25, 0],
			"faces": {
				"north": {"uv": [0, 3, 16, 4], "texture": "#side"},
				"east": {"uv": [0, 0, 1, 1], "texture": "#top"},
				"south": {"uv": [0, 0, 16, 1], "texture": "#top"},
				"west": {"uv": [0, 0, 1, 1], "texture": "#top"},
				"up": {"uv": [0, 0, 1, 16], "rotation": 90, "texture": "#top"},
				"down": {"uv": [0, 0, 1, 16], "rotation": 270, "texture": "#top"}
			}
		},
		{
			"from": [16, 13, -0.25],
			"to": [16.25, 13.25, 0],
			"faces": {
				"north": {"uv": [0, 0, 1, 1], "texture": "#top"},
				"east": {"uv": [0, 0, 1, 1], "texture": "#top"},
				"south": {"uv": [0, 0, 1, 1], "texture": "#top"},
				"west": {"uv": [0, 0, 1, 1], "texture": "#top"},
				"up": {"uv": [0, 0, 1, 1], "rotation": 90, "texture": "#top"},
				"down": {"uv": [0, 0, 1, 1], "rotation": 270, "texture": "#top"}
			}
		},
		{
			"from": [0, 13, 0],
			"to": [6, 13.25, 2],
			"faces": {
				"north": {"uv": [0, 0, 6, 1], "texture": "#top"},
				"east": {"uv": [5, 0, 6, 2], "rotation": 90, "texture": "#top"},
				"south": {"uv": [0, 1, 6, 2], "texture": "#top"},
				"west": {"uv": [0, 0, 1, 2], "rotation": 270, "texture": "#top"},
				"up": {"uv": [0, 0, 6, 2], "texture": "#top"},
				"down": {"uv": [0, 0, 6, 2], "texture": "#missing"}
			}
		},
		{
			"from": [0, 13, 14],
			"to": [6, 13.25, 16],
			"faces": {
				"north": {"uv": [6, 14, 0, 15], "texture": "#top"},
				"east": {"uv": [5, 14, 6, 16], "rotation": 90, "texture": "#top"},
				"south": {"uv": [0, 15, 6, 16], "texture": "#top"},
				"west": {"uv": [0, 14, 1, 16], "rotation": 270, "texture": "#top"},
				"up": {"uv": [0, 14, 6, 16], "texture": "#top"},
				"down": {"uv": [0, 14, 6, 16], "texture": "#missing"}
			}
		},
		{
			"from": [10, 13, 0],
			"to": [16, 13.25, 2],
			"faces": {
				"north": {"uv": [10, 0, 16, 1], "texture": "#top"},
				"east": {"uv": [15, 0, 16, 2], "rotation": 90, "texture": "#top"},
				"south": {"uv": [10, 1, 16, 2], "texture": "#top"},
				"west": {"uv": [10, 0, 11, 2], "rotation": 270, "texture": "#top"},
				"up": {"uv": [10, 0, 16, 2], "texture": "#top"},
				"down": {"uv": [10, 0, 16, 2], "texture": "#missing"}
			}
		},
		{
			"from": [10, 13, 14],
			"to": [16, 13.25, 16],
			"faces": {
				"north": {"uv": [16, 14, 10, 15], "texture": "#top"},
				"east": {"uv": [15, 14, 16, 16], "rotation": 90, "texture": "#top"},
				"south": {"uv": [10, 15, 16, 16], "texture": "#top"},
				"west": {"uv": [10, 14, 11, 16], "rotation": 270, "texture": "#top"},
				"up": {"uv": [10, 14, 16, 16], "texture": "#top"},
				"down": {"uv": [10, 14, 16, 16], "texture": "#missing"}
			}
		},
		{
			"from": [6, 13, 0],
			"to": [10, 13.25, 1],
			"faces": {
				"north": {"uv": [6, 0, 10, 1], "texture": "#top"},
				"east": {"uv": [6, 0, 7, 1], "texture": "#top"},
				"south": {"uv": [6, 0, 10, 1], "texture": "#top"},
				"west": {"uv": [9, 0, 10, 1], "texture": "#top"},
				"up": {"uv": [6, 0, 10, 1], "texture": "#top"},
				"down": {"uv": [6, 0, 10, 1], "texture": "#top"}
			}
		},
		{
			"from": [6, 13, 15],
			"to": [10, 13.25, 16],
			"faces": {
				"north": {"uv": [6, 15, 10, 16], "texture": "#top"},
				"east": {"uv": [6, 15, 7, 16], "texture": "#top"},
				"south": {"uv": [6, 15, 10, 16], "texture": "#top"},
				"west": {"uv": [9, 15, 10, 16], "texture": "#top"},
				"up": {"uv": [6, 15, 10, 16], "texture": "#top"},
				"down": {"uv": [6, 15, 10, 16], "texture": "#top"}
			}
		},
		{
			"from": [7, 13, 1],
			"to": [9, 13.25, 2],
			"faces": {
				"north": {"uv": [7, 1, 9, 2], "texture": "#top"},
				"east": {"uv": [7, 1, 8, 2], "texture": "#top"},
				"south": {"uv": [7, 1, 9, 2], "texture": "#top"},
				"west": {"uv": [8, 1, 9, 2], "texture": "#top"},
				"up": {"uv": [7, 1, 9, 2], "texture": "#top"},
				"down": {"uv": [7, 1, 9, 2], "texture": "#top"}
			}
		},
		{
			"from": [7, 13, 14],
			"to": [9, 13.25, 15],
			"faces": {
				"north": {"uv": [7, 14, 9, 15], "texture": "#top"},
				"east": {"uv": [7, 14, 8, 15], "texture": "#top"},
				"south": {"uv": [7, 14, 9, 15], "texture": "#top"},
				"west": {"uv": [8, 14, 9, 15], "texture": "#top"},
				"up": {"uv": [7, 14, 9, 15], "texture": "#top"},
				"down": {"uv": [7, 14, 9, 15], "texture": "#top"}
			}
		},
		{
			"from": [0, 13, 2],
			"to": [2, 13.25, 14],
			"faces": {
				"north": {"uv": [0, 2, 2, 3], "texture": "#top"},
				"east": {"uv": [1, 14, 2, 2], "rotation": 270, "texture": "#top"},
				"south": {"uv": [0, 13, 2, 14], "texture": "#top"},
				"west": {"uv": [0, 2, 1, 14], "rotation": 270, "texture": "#top"},
				"up": {"uv": [0, 2, 2, 14], "texture": "#top"},
				"down": {"uv": [0, 2, 2, 14], "texture": "#top"}
			}
		},
		{
			"from": [14, 13, 2],
			"to": [16, 13.25, 14],
			"faces": {
				"north": {"uv": [14, 2, 16, 3], "texture": "#top"},
				"east": {"uv": [15, 14, 16, 2], "rotation": 270, "texture": "#top"},
				"south": {"uv": [14, 13, 16, 14], "texture": "#top"},
				"west": {"uv": [14, 2, 15, 14], "rotation": 270, "texture": "#top"},
				"up": {"uv": [14, 2, 16, 14], "texture": "#top"},
				"down": {"uv": [14, 2, 16, 14], "texture": "#top"}
			}
		},
		{
			"from": [2, 13, 2],
			"to": [3, 13.25, 3],
			"faces": {
				"north": {"uv": [2, 2, 3, 3], "texture": "#top"},
				"east": {"uv": [2, 2, 3, 3], "texture": "#top"},
				"south": {"uv": [2, 2, 3, 3], "texture": "#top"},
				"west": {"uv": [2, 2, 3, 3], "texture": "#top"},
				"up": {"uv": [2, 2, 3, 3], "texture": "#top"},
				"down": {"uv": [2, 2, 3, 3], "texture": "#top"}
			}
		},
		{
			"from": [2, 13, 13],
			"to": [3, 13.25, 14],
			"faces": {
				"north": {"uv": [2, 13, 3, 14], "texture": "#top"},
				"east": {"uv": [2, 13, 3, 14], "texture": "#top"},
				"south": {"uv": [2, 13, 3, 14], "texture": "#top"},
				"west": {"uv": [2, 13, 3, 14], "texture": "#top"},
				"up": {"uv": [2, 13, 3, 14], "texture": "#top"},
				"down": {"uv": [2, 13, 3, 14], "texture": "#top"}
			}
		},
		{
			"from": [13, 13, 13],
			"to": [14, 13.25, 14],
			"faces": {
				"north": {"uv": [13, 13, 14, 14], "texture": "#top"},
				"east": {"uv": [13, 13, 14, 14], "texture": "#top"},
				"south": {"uv": [13, 13, 14, 14], "texture": "#top"},
				"west": {"uv": [13, 13, 14, 14], "texture": "#top"},
				"up": {"uv": [13, 13, 14, 14], "texture": "#top"},
				"down": {"uv": [13, 13, 14, 14], "texture": "#top"}
			}
		},
		{
			"from": [13, 13, 2],
			"to": [14, 13.25, 3],
			"faces": {
				"north": {"uv": [13, 2, 14, 3], "texture": "#top"},
				"east": {"uv": [13, 2, 14, 3], "texture": "#top"},
				"south": {"uv": [13, 2, 14, 3], "texture": "#top"},
				"west": {"uv": [13, 2, 14, 3], "texture": "#top"},
				"up": {"uv": [13, 2, 14, 3], "texture": "#top"},
				"down": {"uv": [13, 2, 14, 3], "texture": "#top"}
			}
		},
		{
			"from": [5, 13, 2],
			"to": [7, 13.25, 3],
			"faces": {
				"north": {"uv": [5, 2, 7, 3], "texture": "#top"},
				"east": {"uv": [6, 2, 7, 3], "texture": "#top"},
				"south": {"uv": [5, 2, 7, 3], "texture": "#top"},
				"west": {"uv": [5, 2, 6, 3], "texture": "#top"},
				"up": {"uv": [5, 2, 7, 3], "texture": "#top"},
				"down": {"uv": [5, 2, 7, 3], "texture": "#top"}
			}
		},
		{
			"from": [9, 13, 2],
			"to": [11, 13.25, 3],
			"faces": {
				"north": {"uv": [9, 2, 11, 3], "texture": "#top"},
				"east": {"uv": [10, 2, 11, 3], "texture": "#top"},
				"south": {"uv": [9, 2, 11, 3], "texture": "#top"},
				"west": {"uv": [9, 2, 10, 3], "texture": "#top"},
				"up": {"uv": [9, 2, 11, 3], "texture": "#top"},
				"down": {"uv": [9, 2, 11, 3], "texture": "#top"}
			}
		},
		{
			"from": [9, 13, 13],
			"to": [11, 13.25, 14],
			"faces": {
				"north": {"uv": [9, 13, 11, 14], "texture": "#top"},
				"east": {"uv": [10, 13, 11, 14], "texture": "#top"},
				"south": {"uv": [9, 13, 11, 14], "texture": "#top"},
				"west": {"uv": [9, 13, 10, 14], "texture": "#top"},
				"up": {"uv": [9, 13, 11, 14], "texture": "#top"},
				"down": {"uv": [9, 13, 11, 14], "texture": "#top"}
			}
		},
		{
			"from": [5, 13, 13],
			"to": [7, 13.25, 14],
			"faces": {
				"north": {"uv": [5, 13, 7, 14], "texture": "#top"},
				"east": {"uv": [6, 13, 7, 14], "texture": "#top"},
				"south": {"uv": [5, 13, 7, 14], "texture": "#top"},
				"west": {"uv": [5, 13, 6, 14], "texture": "#top"},
				"up": {"uv": [5, 13, 7, 14], "texture": "#top"},
				"down": {"uv": [5, 13, 7, 14], "texture": "#top"}
			}
		},
		{
			"from": [6, 13, 3],
			"to": [10, 13.25, 4],
			"faces": {
				"north": {"uv": [10, 3, 6, 4], "texture": "#top"},
				"east": {"uv": [9, 3, 10, 4], "texture": "#top"},
				"south": {"uv": [6, 3, 10, 4], "texture": "#top"},
				"west": {"uv": [6, 3, 7, 4], "texture": "#top"},
				"up": {"uv": [6, 3, 10, 4], "texture": "#top"},
				"down": {"uv": [6, 3, 10, 4], "texture": "#top"}
			}
		},
		{
			"from": [6, 13, 12],
			"to": [10, 13.25, 13],
			"faces": {
				"north": {"uv": [10, 12, 6, 13], "texture": "#top"},
				"east": {"uv": [9, 12, 10, 13], "texture": "#top"},
				"south": {"uv": [6, 12, 10, 13], "texture": "#top"},
				"west": {"uv": [6, 12, 7, 13], "texture": "#top"},
				"up": {"uv": [6, 12, 10, 13], "texture": "#top"},
				"down": {"uv": [6, 12, 10, 13], "texture": "#top"}
			}
		},
		{
			"from": [4, 13, 4],
			"to": [12, 16, 12],
			"faces": {
				"north": {"uv": [4, 0, 12, 3], "texture": "#3"},
				"east": {"uv": [4, 0, 12, 3], "texture": "#3"},
				"south": {"uv": [4, 0, 12, 3], "texture": "#3"},
				"west": {"uv": [4, 0, 12, 3], "texture": "#3"},
				"up": {"uv": [4, 4, 12, 12], "texture": "#3", "cullface": "up"},
				"down": {"uv": [4, 4, 12, 12], "texture": "#3"}
			}
		}
	],
	"groups": [
		{
			"name": "group",
			"origin": [8, 8, 8],
			"color": 0,
			"children": [
				0,
				1,
				2,
				3,
				4,
				{
					"name": "group",
					"origin": [8, 8, 8],
					"color": 0,
					"children": [5, 6, 7, 8, 9, 10, 11, 12, 13, 14, 15, 16]
				},
				{
					"name": "group",
					"origin": [8, 8, 8],
					"color": 0,
					"children": [17, 18, 19, 20, 21, 22, 23, 24, 25, 26, 27, 28]
				},
				{
					"name": "group",
					"origin": [8, 8, 8],
					"color": 0,
					"children": [29, 30, 31, 32, 33, 34, 35, 36, 37, 38, 39, 40]
				},
				{
					"name": "group",
					"origin": [8, 8, 8],
					"color": 0,
					"children": [41, 42, 43, 44, 45, 46, 47, 48, 49, 50, 51, 52]
				},
				{
					"name": "group",
					"origin": [8, 8, 8],
					"color": 0,
					"children": [53, 54, 55, 56, 57, 58, 59, 60, 61, 62, 63, 64, 65, 66, 67, 68, 69, 70, 71, 72]
				},
				73
			]
		}
	]
}