{
	"credit": "Made with Blockbench",
	"parent": "minecraft:block/orientable",
	"textures": {
		"3": "block/jack_o_lantern",
		"top": "block/pumpkin_top",
		"front": "block/carved_pumpkin",
		"side": "block/pumpkin_side",
		"particle": "block/jack_o_lantern"
	},
	"elements": [
		{
			"from": [0, 0, 1],
			"to": [16, 16, 16],
			"faces": {
				"north": {"uv": [0, 0, 16, 16], "texture": "#3"},
				"east": {"uv": [0, 0, 15, 16], "texture": "#side"},
				"south": {"uv": [0, 0, 16, 16], "texture": "#side"},
				"west": {"uv": [0, 0, 15, 16], "texture": "#side"},
				"up": {"uv": [0, 1, 16, 16], "texture": "#top"},
				"down": {"uv": [0, 0, 16, 15], "texture": "#top"}
			}
		},
		{
			"from": [14, 0, 0],
			"to": [16, 16, 1],
			"faces": {
				"north": {"uv": [0, 0, 2, 16], "texture": "#3"},
				"east": {"uv": [15, 0, 16, 16], "texture": "#side"},
				"south": {"uv": [14, 0, 16, 16], "texture": "#side"},
				"west": {"uv": [1, 0, 2, 16], "texture": "#front"},
				"up": {"uv": [14, 0, 16, 1], "texture": "#top"},
				"down": {"uv": [14, 15, 16, 16], "texture": "#top"}
			}
		},
		{
			"from": [0, 0, 0],
			"to": [1, 16, 1],
			"faces": {
				"north": {"uv": [15, 0, 16, 16], "texture": "#3"},
				"east": {"uv": [15, 0, 16, 16], "texture": "#front"},
				"south": {"uv": [0, 0, 1, 16], "texture": "#side"},
				"west": {"uv": [0, 0, 1, 16], "texture": "#side"},
				"up": {"uv": [0, 0, 1, 1], "texture": "#top"},
				"down": {"uv": [0, 15, 1, 16], "texture": "#top"}
			}
		},
		{
			"from": [1, 5, 0],
			"to": [2, 16, 1],
			"faces": {
				"north": {"uv": [14, 0, 15, 11], "texture": "#3"},
				"east": {"uv": [14, 0, 15, 11], "texture": "#3"},
				"south": {"uv": [1, 0, 2, 11], "texture": "#side"},
				"west": {"uv": [0, 0, 1, 11], "texture": "#side"},
				"up": {"uv": [1, 0, 2, 1], "texture": "#top"},
				"down": {"uv": [14, 10, 15, 11], "texture": "#3"}
			}
		},
		{
			"from": [2, 14, 0],
			"to": [14, 16, 1],
			"faces": {
				"north": {"uv": [2, 0, 14, 2], "texture": "#3"},
				"east": {"uv": [15, 0, 16, 2], "texture": "#side"},
				"south": {"uv": [2, 0, 14, 2], "texture": "#side"},
				"west": {"uv": [0, 0, 1, 2], "texture": "#side"},
				"up": {"uv": [2, 0, 14, 1], "texture": "#top"},
				"down": {"uv": [2, 1, 14, 2], "texture": "#3"}
			}
		},
		{
			"from": [7, 8, 0],
			"to": [9, 14, 1],
			"faces": {
				"north": {"uv": [7, 2, 9, 8], "texture": "#3"},
				"east": {"uv": [7, 2, 8, 8], "texture": "#3"},
				"south": {"uv": [7, 2, 9, 8], "texture": "#side"},
				"west": {"uv": [8, 2, 9, 8], "texture": "#3"},
				"up": {"uv": [7, 0, 9, 1], "texture": "#top"},
				"down": {"uv": [7, 15, 9, 16], "texture": "#top"}
			}
		},
		{
			"from": [2, 7, 0],
			"to": [14, 8, 1],
			"faces": {
				"north": {"uv": [2, 8, 14, 9], "texture": "#3"},
				"east": {"uv": [15, 8, 16, 9], "texture": "#side"},
				"south": {"uv": [2, 8, 14, 9], "texture": "#side"},
				"west": {"uv": [0, 8, 1, 9], "texture": "#side"},
				"up": {"uv": [14, 8, 2, 9], "texture": "#3"},
				"down": {"uv": [14, 8, 2, 9], "texture": "#3"}
			}
		},
		{
			"from": [1, 0, 0],
			"to": [14, 2, 1],
			"faces": {
				"north": {"uv": [2, 14, 15, 16], "texture": "#3"},
				"east": {"uv": [15, 14, 16, 16], "texture": "#side"},
				"south": {"uv": [1, 14, 14, 16], "texture": "#side"},
				"west": {"uv": [0, 14, 1, 16], "texture": "#side"},
				"up": {"uv": [15, 14, 2, 15], "texture": "#3"},
				"down": {"uv": [1, 15, 14, 16], "texture": "#top"}
			}
		},
		{
			"from": [13, 8, 0],
			"to": [14, 14, 1],
			"faces": {
				"north": {"uv": [2, 2, 3, 8], "texture": "#front"},
				"east": {"uv": [15, 2, 16, 8], "texture": "#side"},
				"south": {"uv": [13, 2, 14, 8], "texture": "#side"},
				"west": {"uv": [0, 2, 1, 8], "texture": "#side"},
				"up": {"uv": [13, 0, 14, 1], "texture": "#top"},
				"down": {"uv": [13, 15, 14, 16], "texture": "#top"}
			}
		},
		{
			"from": [13, 2, 0],
			"to": [14, 4, 1],
			"faces": {
				"north": {"uv": [2, 12, 3, 14], "texture": "#3"},
				"east": {"uv": [15, 12, 16, 14], "texture": "#side"},
				"south": {"uv": [13, 12, 14, 14], "texture": "#side"},
				"west": {"uv": [2, 12, 3, 14], "texture": "#3"},
				"up": {"uv": [2, 12, 3, 13], "texture": "#3"},
				"down": {"uv": [13, 15, 14, 16], "texture": "#top"}
			}
		},
		{
			"from": [13, 6, 0],
			"to": [14, 7, 1],
			"faces": {
				"north": {"uv": [2, 9, 3, 10], "texture": "#3"},
				"east": {"uv": [2, 9, 3, 10], "texture": "#3"},
				"south": {"uv": [2, 9, 3, 10], "texture": "#3"},
				"west": {"uv": [2, 9, 3, 10], "texture": "#3"},
				"up": {"uv": [2, 9, 3, 10], "texture": "#3"},
				"down": {"uv": [2, 9, 3, 10], "texture": "#3"}
			}
		},
		{
			"from": [11, 6, 0],
			"to": [12, 7, 1],
			"faces": {
				"north": {"uv": [4, 9, 5, 10], "texture": "#3"},
				"east": {"uv": [4, 9, 5, 10], "texture": "#3"},
				"south": {"uv": [4, 9, 5, 10], "texture": "#3"},
				"west": {"uv": [4, 9, 5, 10], "texture": "#3"},
				"up": {"uv": [4, 9, 5, 10], "texture": "#3"},
				"down": {"uv": [4, 9, 5, 10], "texture": "#3"}
			}
		},
		{
			"from": [12, 8, 0],
			"to": [13, 9, 1],
			"faces": {
				"north": {"uv": [3, 7, 4, 8], "texture": "#3"},
				"east": {"uv": [3, 7, 4, 8], "texture": "#3"},
				"south": {"uv": [3, 7, 4, 8], "texture": "#3"},
				"west": {"uv": [3, 7, 4, 8], "texture": "#3"},
				"up": {"uv": [3, 7, 4, 8], "texture": "#3"},
				"down": {"uv": [3, 7, 4, 8], "texture": "#3"}
			}
		},
		{
			"from": [9, 8, 0],
			"to": [10, 9, 1],
			"faces": {
				"north": {"uv": [6, 7, 7, 8], "texture": "#3"},
				"east": {"uv": [6, 7, 7, 8], "texture": "#3"},
				"south": {"uv": [6, 7, 7, 8], "texture": "#3"},
				"west": {"uv": [6, 7, 7, 8], "texture": "#3"},
				"up": {"uv": [6, 7, 7, 8], "texture": "#3"},
				"down": {"uv": [6, 7, 7, 8], "texture": "#3"}
			}
		},
		{
			"from": [9, 13, 0],
			"to": [10, 14, 1],
			"faces": {
				"north": {"uv": [6, 2, 7, 3], "texture": "#3"},
				"east": {"uv": [6, 2, 7, 3], "texture": "#3"},
				"south": {"uv": [6, 2, 7, 3], "texture": "#3"},
				"west": {"uv": [6, 2, 7, 3], "texture": "#3"},
				"up": {"uv": [6, 2, 7, 3], "texture": "#3"},
				"down": {"uv": [6, 2, 7, 3], "texture": "#3"}
			}
		},
		{
			"from": [6, 13, 0],
			"to": [7, 14, 1],
			"faces": {
				"north": {"uv": [9, 2, 10, 3], "texture": "#3"},
				"east": {"uv": [9, 2, 10, 3], "texture": "#3"},
				"south": {"uv": [9, 2, 10, 3], "texture": "#3"},
				"west": {"uv": [9, 2, 10, 3], "texture": "#3"},
				"up": {"uv": [9, 2, 10, 3], "texture": "#3"},
				"down": {"uv": [9, 2, 10, 3], "texture": "#3"}
			}
		},
		{
			"from": [6, 8, 0],
			"to": [7, 9, 1],
			"faces": {
				"north": {"uv": [9, 7, 10, 8], "texture": "#3"},
				"east": {"uv": [9, 7, 10, 8], "texture": "#3"},
				"south": {"uv": [9, 7, 10, 8], "texture": "#3"},
				"west": {"uv": [9, 7, 10, 8], "texture": "#3"},
				"up": {"uv": [9, 7, 10, 8], "texture": "#3"},
				"down": {"uv": [9, 7, 10, 8], "texture": "#3"}
			}
		},
		{
			"from": [12, 12, 0],
			"to": [13, 14, 1],
			"faces": {
				"north": {"uv": [3, 2, 4, 4], "texture": "#3"},
				"east": {"uv": [15, 2, 16, 4], "texture": "#side"},
				"south": {"uv": [12, 2, 13, 4], "texture": "#side"},
				"west": {"uv": [3, 2, 4, 4], "texture": "#3"},
				"up": {"uv": [12, 0, 13, 1], "texture": "#top"},
				"down": {"uv": [3, 3, 4, 4], "texture": "#front"}
			}
		},
		{
			"from": [3, 12, 0],
			"to": [4, 14, 1],
			"faces": {
				"north": {"uv": [12, 2, 13, 4], "texture": "#3"},
				"east": {"uv": [12, 2, 13, 4], "texture": "#3"},
				"south": {"uv": [3, 2, 4, 4], "texture": "#side"},
				"west": {"uv": [0, 2, 1, 4], "texture": "#side"},
				"up": {"uv": [3, 0, 4, 1], "texture": "#top"},
				"down": {"uv": [12, 3, 13, 4], "texture": "#3"}
			}
		},
		{
			"from": [2, 10, 0],
			"to": [3, 14, 1],
			"faces": {
				"north": {"uv": [13, 2, 14, 6], "texture": "#3"},
				"east": {"uv": [13, 2, 14, 6], "texture": "#3"},
				"south": {"uv": [2, 2, 3, 6], "texture": "#side"},
				"west": {"uv": [0, 2, 1, 6], "texture": "#side"},
				"up": {"uv": [2, 0, 3, 1], "texture": "#top"},
				"down": {"uv": [13, 5, 14, 6], "texture": "#3"}
			}
		},
		{
			"from": [4, 13, 0],
			"to": [5, 14, 1],
			"faces": {
				"north": {"uv": [11, 2, 12, 3], "texture": "#3"},
				"east": {"uv": [11, 2, 12, 3], "texture": "#3"},
				"south": {"uv": [11, 2, 12, 3], "texture": "#3"},
				"west": {"uv": [11, 2, 12, 3], "texture": "#3"},
				"up": {"uv": [11, 2, 12, 3], "texture": "#3"},
				"down": {"uv": [11, 2, 12, 3], "texture": "#3"}
			}
		},
		{
			"from": [6, 13, 0],
			"to": [7, 14, 1],
			"faces": {
				"north": {"uv": [9, 2, 10, 3], "texture": "#front"},
				"east": {"uv": [15, 2, 16, 3], "texture": "#side"},
				"south": {"uv": [6, 2, 7, 3], "texture": "#side"},
				"west": {"uv": [0, 2, 1, 3], "texture": "#side"},
				"up": {"uv": [6, 0, 7, 1], "texture": "#top"},
				"down": {"uv": [6, 15, 7, 16], "texture": "#top"}
			}
		},
		{
			"from": [8, 6, 0],
			"to": [10, 7, 1],
			"faces": {
				"north": {"uv": [6, 9, 8, 10], "texture": "#3"},
				"east": {"uv": [15, 9, 16, 10], "texture": "#side"},
				"south": {"uv": [8, 9, 10, 10], "texture": "#side"},
				"west": {"uv": [0, 9, 1, 10], "texture": "#side"},
				"up": {"uv": [8, 0, 10, 1], "texture": "#top"},
				"down": {"uv": [8, 10, 6, 9], "texture": "#3"}
			}
		},
		{
			"from": [5, 6, 0],
			"to": [7, 7, 1],
			"faces": {
				"north": {"uv": [9, 9, 11, 10], "texture": "#3"},
				"east": {"uv": [15, 9, 16, 10], "texture": "#side"},
				"south": {"uv": [5, 9, 7, 10], "texture": "#side"},
				"west": {"uv": [0, 9, 1, 10], "texture": "#side"},
				"up": {"uv": [5, 0, 7, 1], "texture": "#top"},
				"down": {"uv": [9, 9, 11, 10], "texture": "#3"}
			}
		},
		{
			"from": [3, 6, 0],
			"to": [4, 7, 1],
			"faces": {
				"north": {"uv": [12, 9, 13, 10], "texture": "#3"},
				"east": {"uv": [12, 9, 13, 10], "texture": "#3"},
				"south": {"uv": [12, 9, 13, 10], "texture": "#3"},
				"west": {"uv": [12, 9, 13, 10], "texture": "#3"},
				"up": {"uv": [12, 9, 13, 10], "texture": "#3"},
				"down": {"uv": [12, 9, 13, 10], "texture": "#3"}
			}
		},
		{
			"from": [3, 3, 0],
			"to": [4, 4, 1],
			"faces": {
				"north": {"uv": [12, 12, 13, 13], "texture": "#3"},
				"east": {"uv": [12, 12, 13, 13], "texture": "#front"},
				"south": {"uv": [12, 12, 13, 13], "texture": "#front"},
				"west": {"uv": [12, 12, 13, 13], "texture": "#front"},
				"up": {"uv": [12, 12, 13, 13], "texture": "#3"},
				"down": {"uv": [12, 12, 13, 13], "texture": "#front"}
			}
		},
		{
			"from": [1, 2, 0],
			"to": [4, 3, 1],
			"faces": {
				"north": {"uv": [12, 13, 15, 14], "texture": "#3"},
				"east": {"uv": [12, 13, 13, 14], "texture": "#front"},
				"south": {"uv": [1, 13, 4, 14], "texture": "#side"},
				"west": {"uv": [0, 13, 1, 14], "texture": "#side"},
				"up": {"uv": [15, 13, 12, 14], "texture": "#3"},
				"down": {"uv": [1, 15, 4, 16], "texture": "#top"}
			}
		},
		{
			"from": [5, 2, 0],
			"to": [9, 3, 1],
			"faces": {
				"north": {"uv": [7, 13, 11, 14], "texture": "#3"},
				"east": {"uv": [7, 13, 8, 14], "texture": "#3"},
				"south": {"uv": [5, 13, 9, 14], "texture": "#side"},
				"west": {"uv": [10, 13, 11, 14], "texture": "#3"},
				"up": {"uv": [11, 13, 7, 14], "texture": "#3"},
				"down": {"uv": [5, 15, 9, 16], "texture": "#top"}
			}
		},
		{
			"from": [7, 3, 0],
			"to": [8, 4, 1],
			"faces": {
				"north": {"uv": [7, 0, 8, 1], "texture": "#top"},
				"east": {"uv": [7, 0, 8, 1], "texture": "#top"},
				"south": {"uv": [7, 0, 8, 1], "texture": "#top"},
				"west": {"uv": [7, 0, 8, 1], "texture": "#top"},
				"up": {"uv": [8, 12, 9, 13], "texture": "#3"},
				"down": {"uv": [7, 0, 8, 1], "texture": "#top"}
			}
		},
		{
			"from": [10, 3, 0],
			"to": [11, 4, 1],
			"faces": {
				"north": {"uv": [5, 12, 6, 13], "texture": "#3"},
				"east": {"uv": [5, 12, 6, 13], "texture": "#3"},
				"south": {"uv": [5, 12, 6, 13], "texture": "#3"},
				"west": {"uv": [5, 12, 6, 13], "texture": "#3"},
				"up": {"uv": [5, 12, 6, 13], "texture": "#3"},
				"down": {"uv": [5, 12, 6, 13], "texture": "#3"}
			}
		},
		{
			"from": [10, 2, 0],
			"to": [12, 3, 1],
			"faces": {
				"north": {"uv": [4, 13, 6, 14], "texture": "#3"},
				"east": {"uv": [4, 13, 5, 14], "texture": "#3"},
				"south": {"uv": [10, 13, 12, 14], "texture": "#side"},
				"west": {"uv": [5, 13, 6, 14], "texture": "#3"},
				"up": {"uv": [4, 13, 6, 14], "texture": "#3"},
				"down": {"uv": [10, 15, 12, 16], "texture": "#top"}
			}
		},
		{
			"from": [5, 16, 5],
			"to": [7, 16.5, 7],
			"faces": {
				"north": {"uv": [7, 5, 5, 6], "texture": "#top"},
				"east": {"uv": [6, 5, 7, 7], "rotation": 90, "texture": "#top"},
				"south": {"uv": [5, 6, 7, 7], "texture": "#top"},
				"west": {"uv": [5, 7, 6, 5], "rotation": 90, "texture": "#top"},
				"up": {"uv": [5, 5, 7, 7], "texture": "#top"},
				"down": {"uv": [0, 0, 2, 2], "texture": "#missing"}
			}
		},
		{
			"from": [7, 16, 7],
			"to": [9, 16.5, 9],
			"faces": {
				"north": {"uv": [7, 8, 9, 9], "texture": "#top"},
				"east": {"uv": [8, 7, 9, 9], "rotation": 90, "texture": "#top"},
				"south": {"uv": [7, 8, 9, 9], "texture": "#top"},
				"west": {"uv": [7, 9, 8, 7], "rotation": 90, "texture": "#top"},
				"up": {"uv": [7, 7, 9, 9], "texture": "#top"},
				"down": {"uv": [0, 0, 2, 2], "texture": "#missing"}
			}
		},
		{
			"from": [7, 16, 6],
			"to": [8, 16.5, 7],
			"faces": {
				"north": {"uv": [7, 6, 8, 7], "texture": "#top"},
				"east": {"uv": [7, 6, 8, 7], "texture": "#top"},
				"south": {"uv": [7, 6, 8, 7], "texture": "#top"},
				"west": {"uv": [7, 6, 8, 7], "texture": "#top"},
				"up": {"uv": [7, 6, 8, 7], "texture": "#top"},
				"down": {"uv": [7, 6, 8, 7], "texture": "#top"}
			}
		},
		{
			"from": [6, 16, 7],
			"to": [7, 16.5, 8],
			"faces": {
				"north": {"uv": [6, 7, 7, 8], "texture": "#top"},
				"east": {"uv": [6, 7, 7, 8], "texture": "#top"},
				"south": {"uv": [6, 7, 7, 8], "texture": "#top"},
				"west": {"uv": [6, 7, 7, 8], "texture": "#top"},
				"up": {"uv": [6, 7, 7, 8], "texture": "#top"},
				"down": {"uv": [6, 7, 7, 8], "texture": "#top"}
			}
		}
	],
	"groups": [
		{
			"name": "group",
			"origin": [8, 8, 8],
			"color": 0,
			"children": [
				0,
				{
					"name": "group",
					"origin": [8, 8, 8],
					"color": 0,
					"children": [1, 2, 3, 4, 5, 6, 7, 8, 9, 10, 11, 12, 13, 14, 15, 16, 17, 18, 19, 20, 21, 22, 23, 24, 25, 26, 27, 28, 29, 30]
				},
				{
					"name": "group",
					"origin": [8, 8, 8],
					"color": 0,
					"children": [31, 32, 33, 34]
				}
			]
		}
	]
}