{
	"credit": "Made with Blockbench",
	"parent": "minecraft:block/cube_bottom_top",
	"textures": {
		"top": "block/tnt_top",
		"bottom": "block/tnt_bottom",
		"side": "block/tnt_side"
	},
	"elements": [
		{
			"from": [0, 0.5, 0],
			"to": [16, 15.5, 16],
			"faces": {
				"north": {"uv": [0, 0.5, 16, 15.5], "texture": "#side"},
				"east": {"uv": [0, 0.5, 16, 15.5], "texture": "#side"},
				"south": {"uv": [0, 0.5, 16, 15.5], "texture": "#side"},
				"west": {"uv": [0, 0.5, 16, 15.5], "texture": "#side"},
				"up": {"uv": [0, 0, 16, 16], "texture": "#top"},
				"down": {"uv": [0, 0, 16, 16], "texture": "#bottom"}
			}
		},
		{
			"from": [16, 5, 0],
			"to": [16.5, 11, 16],
			"faces": {
				"north": {"uv": [0, 0, 1, 6], "texture": "#missing"},
				"east": {"uv": [0, 5, 16, 11], "texture": "#side"},
				"south": {"uv": [0, 0, 1, 6], "texture": "#missing"},
				"west": {"uv": [0, 0, 16, 6], "texture": "#missing"},
				"up": {"uv": [16, 5, 0, 6], "rotation": 90, "texture": "#side"},
				"down": {"uv": [0, 10, 16, 11], "rotation": 270, "texture": "#side"}
			}
		},
		{
			"from": [16, 5, -0.5],
			"to": [16.5, 11, 0],
			"faces": {
				"north": {"uv": [0, 5, 1, 11], "texture": "#side"},
				"east": {"uv": [15, 5, 16, 11], "texture": "#side"},
				"south": {"uv": [0, 0, 1, 6], "texture": "#missing"},
				"west": {"uv": [0, 0, 1, 6], "texture": "#missing"},
				"up": {"uv": [0, 5, 1, 6], "rotation": 90, "texture": "#side"},
				"down": {"uv": [0, 10, 1, 11], "rotation": 270, "texture": "#side"}
			}
		},
		{
			"from": [0, 5, 16],
			"to": [16, 11, 16.5],
			"faces": {
				"north": {"uv": [0, 0, 16, 6], "texture": "#missing"},
				"east": {"uv": [0, 0, 1, 6], "texture": "#missing"},
				"south": {"uv": [0, 5, 16, 11], "texture": "#side"},
				"west": {"uv": [0, 0, 1, 6], "texture": "#missing"},
				"up": {"uv": [16, 5, 0, 6], "rotation": 180, "texture": "#side"},
				"down": {"uv": [0, 10, 16, 11], "rotation": 180, "texture": "#side"}
			}
		},
		{
			"from": [16, 5, 16],
			"to": [16.5, 11, 16.5],
			"faces": {
				"north": {"uv": [0, 0, 1, 6], "texture": "#missing"},
				"east": {"uv": [0, 5, 1, 11], "texture": "#side"},
				"south": {"uv": [15, 5, 16, 11], "texture": "#side"},
				"west": {"uv": [0, 0, 1, 6], "texture": "#missing"},
				"up": {"uv": [0, 5, 1, 6], "rotation": 180, "texture": "#side"},
				"down": {"uv": [0, 10, 1, 11], "rotation": 180, "texture": "#side"}
			}
		},
		{
			"from": [-0.5, 5, 0],
			"to": [0, 11, 16],
			"faces": {
				"north": {"uv": [0, 0, 1, 6], "texture": "#missing"},
				"east": {"uv": [0, 0, 16, 6], "texture": "#missing"},
				"south": {"uv": [0, 0, 1, 6], "texture": "#missing"},
				"west": {"uv": [0, 5, 16, 11], "texture": "#side"},
				"up": {"uv": [16, 5, 0, 6], "rotation": 270, "texture": "#side"},
				"down": {"uv": [0, 10, 16, 11], "rotation": 90, "texture": "#side"}
			}
		},
		{
			"from": [-0.5, 5, 16],
			"to": [0, 11, 16.5],
			"faces": {
				"north": {"uv": [0, 0, 1, 6], "texture": "#missing"},
				"east": {"uv": [0, 0, 1, 6], "texture": "#missing"},
				"south": {"uv": [0, 5, 1, 11], "texture": "#side"},
				"west": {"uv": [15, 5, 16, 11], "texture": "#side"},
				"up": {"uv": [0, 5, 1, 6], "rotation": 270, "texture": "#side"},
				"down": {"uv": [0, 10, 1, 11], "rotation": 90, "texture": "#side"}
			}
		},
		{
			"from": [0, 5, -0.5],
			"to": [16, 11, 0],
			"faces": {
				"north": {"uv": [0, 5, 16, 11], "texture": "#side"},
				"east": {"uv": [0, 0, 1, 6], "texture": "#missing"},
				"south": {"uv": [0, 0, 16, 6], "texture": "#missing"},
				"west": {"uv": [0, 0, 1, 6], "texture": "#missing"},
				"up": {"uv": [16, 5, 0, 6], "texture": "#side"},
				"down": {"uv": [0, 10, 16, 11], "texture": "#side"}
			}
		},
		{
			"from": [-0.5, 5, -0.5],
			"to": [0, 11, 0],
			"faces": {
				"north": {"uv": [15, 5, 16, 11], "texture": "#side"},
				"east": {"uv": [0, 0, 1, 6], "texture": "#missing"},
				"south": {"uv": [0, 0, 1, 6], "texture": "#missing"},
				"west": {"uv": [0, 5, 1, 11], "texture": "#side"},
				"up": {"uv": [0, 5, 1, 6], "texture": "#side"},
				"down": {"uv": [0, 10, 1, 11], "texture": "#side"}
			}
		},
		{
			"from": [0, 0, 0],
			"to": [16, 0.5, 1],
			"faces": {
				"north": {"uv": [0, 15.5, 16, 16], "texture": "#side"},
				"east": {"uv": [15, 15.5, 16, 16], "texture": "#side"},
				"south": {"uv": [0, 0, 16, 0.5], "texture": "#bottom"},
				"west": {"uv": [0, 15.5, 1, 16], "texture": "#side"},
				"up": {"uv": [0, 0, 16, 1], "texture": "#missing"},
				"down": {"uv": [0, 0, 16, 1], "texture": "#bottom"}
			}
		},
		{
			"from": [0, 0, 3],
			"to": [16, 0.5, 5],
			"faces": {
				"north": {"uv": [0, 12, 16, 12.5], "texture": "#bottom"},
				"east": {"uv": [11, 15.5, 13, 16], "texture": "#side"},
				"south": {"uv": [0, 11, 16, 11.5], "texture": "#bottom"},
				"west": {"uv": [3, 15.5, 5, 16], "texture": "#side"},
				"up": {"uv": [0, 3, 16, 5], "texture": "#missing"},
				"down": {"uv": [0, 11, 16, 13], "texture": "#bottom"}
			}
		},
		{
			"from": [0, 0, 7],
			"to": [16, 0.5, 9],
			"faces": {
				"north": {"uv": [0, 8.5, 16, 9], "texture": "#bottom"},
				"east": {"uv": [7, 15.5, 9, 16], "texture": "#side"},
				"south": {"uv": [0, 7.5, 16, 8], "texture": "#bottom"},
				"west": {"uv": [7, 15.5, 9, 16], "texture": "#side"},
				"up": {"uv": [0, 7, 16, 9], "texture": "#missing"},
				"down": {"uv": [0, 7, 16, 9], "texture": "#bottom"}
			}
		},
		{
			"from": [0, 0, 11],
			"to": [16, 0.5, 13],
			"faces": {
				"north": {"uv": [0, 12.5, 16, 13], "texture": "#bottom"},
				"east": {"uv": [4, 15.5, 2, 16], "texture": "#side"},
				"south": {"uv": [0, 11.5, 16, 12], "texture": "#bottom"},
				"west": {"uv": [12, 15.5, 10, 16], "texture": "#side"},
				"up": {"uv": [0, 11, 16, 13], "texture": "#missing"},
				"down": {"uv": [0, 11, 16, 13], "texture": "#bottom"}
			}
		},
		{
			"from": [0, 0, 15],
			"to": [16, 0.5, 16],
			"faces": {
				"north": {"uv": [0, 15.5, 16, 16], "texture": "#bottom"},
				"east": {"uv": [0, 15.5, 1, 16], "texture": "#side"},
				"south": {"uv": [0, 15.5, 16, 16], "texture": "#bottom"},
				"west": {"uv": [15, 15.5, 16, 16], "texture": "#side"},
				"up": {"uv": [0, 11, 16, 13], "texture": "#missing"},
				"down": {"uv": [0, 15, 16, 16], "texture": "#bottom"}
			}
		},
		{
			"from": [0, 0, 1],
			"to": [1, 0.5, 3],
			"faces": {
				"north": {"uv": [0, 0, 1, 0.5], "texture": "#missing"},
				"east": {"uv": [0, 1, 0.5, 3], "rotation": 90, "texture": "#bottom"},
				"south": {"uv": [0, 0, 1, 0.5], "texture": "#missing"},
				"west": {"uv": [1, 15.5, 3, 16], "rotation": 180, "texture": "#side"},
				"up": {"uv": [0, 0, 1, 2], "texture": "#missing"},
				"down": {"uv": [0, 1, 1, 3], "texture": "#bottom"}
			}
		},
		{
			"from": [0, 0, 5],
			"to": [1, 0.5, 7],
			"faces": {
				"north": {"uv": [0, 0, 1, 0.5], "texture": "#missing"},
				"east": {"uv": [0, 5, 0.5, 7], "rotation": 90, "texture": "#bottom"},
				"south": {"uv": [0, 0, 1, 0.5], "texture": "#missing"},
				"west": {"uv": [5, 15.5, 7, 16], "rotation": 180, "texture": "#side"},
				"up": {"uv": [0, 4, 1, 6], "texture": "#missing"},
				"down": {"uv": [0, 5, 1, 7], "texture": "#bottom"}
			}
		},
		{
			"from": [0, 0, 9],
			"to": [1, 0.5, 11],
			"faces": {
				"north": {"uv": [0, 0, 1, 0.5], "texture": "#missing"},
				"east": {"uv": [0, 9, 0.5, 11], "rotation": 90, "texture": "#bottom"},
				"south": {"uv": [0, 0, 1, 0.5], "texture": "#missing"},
				"west": {"uv": [9, 15.5, 11, 16], "rotation": 180, "texture": "#side"},
				"up": {"uv": [0, 8, 1, 10], "texture": "#missing"},
				"down": {"uv": [0, 9, 1, 11], "texture": "#bottom"}
			}
		},
		{
			"from": [0, 0, 13],
			"to": [1, 0.5, 15],
			"faces": {
				"north": {"uv": [0, 0, 1, 0.5], "texture": "#missing"},
				"east": {"uv": [0, 13, 0.5, 15], "rotation": 90, "texture": "#bottom"},
				"south": {"uv": [0, 0, 1, 0.5], "texture": "#missing"},
				"west": {"uv": [13, 15.5, 15, 16], "rotation": 180, "texture": "#side"},
				"up": {"uv": [0, 12, 1, 14], "texture": "#missing"},
				"down": {"uv": [0, 13, 1, 15], "texture": "#bottom"}
			}
		},
		{
			"from": [3, 0, 13],
			"to": [5, 0.5, 15],
			"faces": {
				"north": {"uv": [0, 0, 1, 0.5], "texture": "#missing"},
				"east": {"uv": [4.5, 13, 5, 15], "rotation": 90, "texture": "#bottom"},
				"south": {"uv": [0, 0, 1, 0.5], "texture": "#missing"},
				"west": {"uv": [3, 13, 3.5, 15], "rotation": 270, "texture": "#bottom"},
				"up": {"uv": [0, 12, 1, 14], "texture": "#missing"},
				"down": {"uv": [3, 13, 5, 15], "texture": "#bottom"}
			}
		},
		{
			"from": [3, 0, 9],
			"to": [5, 0.5, 11],
			"faces": {
				"north": {"uv": [0, 0, 1, 0.5], "texture": "#missing"},
				"east": {"uv": [4.5, 9, 5, 11], "rotation": 90, "texture": "#bottom"},
				"south": {"uv": [0, 0, 1, 0.5], "texture": "#missing"},
				"west": {"uv": [3, 9, 3.5, 11], "rotation": 270, "texture": "#bottom"},
				"up": {"uv": [0, 12, 1, 14], "texture": "#missing"},
				"down": {"uv": [3, 9, 5, 11], "texture": "#bottom"}
			}
		},
		{
			"from": [3, 0, 5],
			"to": [5, 0.5, 7],
			"faces": {
				"north": {"uv": [0, 0, 1, 0.5], "texture": "#missing"},
				"east": {"uv": [4.5, 5, 5, 7], "rotation": 90, "texture": "#bottom"},
				"south": {"uv": [0, 0, 1, 0.5], "texture": "#missing"},
				"west": {"uv": [3, 5, 3.5, 7], "rotation": 270, "texture": "#bottom"},
				"up": {"uv": [0, 12, 1, 14], "texture": "#missing"},
				"down": {"uv": [3, 5, 5, 7], "texture": "#bottom"}
			}
		},
		{
			"from": [3, 0, 1],
			"to": [5, 0.5, 3],
			"faces": {
				"north": {"uv": [0, 0, 1, 0.5], "texture": "#missing"},
				"east": {"uv": [4.5, 1, 5, 3], "rotation": 90, "texture": "#bottom"},
				"south": {"uv": [0, 0, 1, 0.5], "texture": "#missing"},
				"west": {"uv": [3, 1, 3.5, 3], "rotation": 270, "texture": "#bottom"},
				"up": {"uv": [0, 12, 1, 14], "texture": "#missing"},
				"down": {"uv": [3, 1, 5, 3], "texture": "#bottom"}
			}
		},
		{
			"from": [7, 0, 1],
			"to": [9, 0.5, 3],
			"faces": {
				"north": {"uv": [0, 0, 1, 0.5], "texture": "#missing"},
				"east": {"uv": [8.5, 1, 9, 3], "rotation": 90, "texture": "#bottom"},
				"south": {"uv": [0, 0, 1, 0.5], "texture": "#missing"},
				"west": {"uv": [7, 1, 7.5, 3], "rotation": 270, "texture": "#bottom"},
				"up": {"uv": [0, 12, 1, 14], "texture": "#missing"},
				"down": {"uv": [7, 1, 9, 3], "texture": "#bottom"}
			}
		},
		{
			"from": [7, 0, 5],
			"to": [9, 0.5, 7],
			"faces": {
				"north": {"uv": [0, 0, 1, 0.5], "texture": "#missing"},
				"east": {"uv": [8.5, 5, 9, 7], "rotation": 90, "texture": "#bottom"},
				"south": {"uv": [0, 0, 1, 0.5], "texture": "#missing"},
				"west": {"uv": [7, 5, 7.5, 7], "rotation": 270, "texture": "#bottom"},
				"up": {"uv": [0, 12, 1, 14], "texture": "#missing"},
				"down": {"uv": [7, 5, 9, 7], "texture": "#bottom"}
			}
		},
		{
			"from": [7, 0, 9],
			"to": [9, 0.5, 11],
			"faces": {
				"north": {"uv": [0, 0, 1, 0.5], "texture": "#missing"},
				"east": {"uv": [8.5, 9, 9, 11], "rotation": 90, "texture": "#bottom"},
				"south": {"uv": [0, 0, 1, 0.5], "texture": "#missing"},
				"west": {"uv": [7, 9, 7.5, 11], "rotation": 270, "texture": "#bottom"},
				"up": {"uv": [0, 12, 1, 14], "texture": "#missing"},
				"down": {"uv": [7, 9, 9, 11], "texture": "#bottom"}
			}
		},
		{
			"from": [7, 0, 13],
			"to": [9, 0.5, 15],
			"faces": {
				"north": {"uv": [0, 0, 1, 0.5], "texture": "#missing"},
				"east": {"uv": [8.5, 13, 9, 15], "rotation": 90, "texture": "#bottom"},
				"south": {"uv": [0, 0, 1, 0.5], "texture": "#missing"},
				"west": {"uv": [7, 13, 7.5, 15], "rotation": 270, "texture": "#bottom"},
				"up": {"uv": [0, 12, 1, 14], "texture": "#missing"},
				"down": {"uv": [7, 13, 9, 15], "texture": "#bottom"}
			}
		},
		{
			"from": [11, 0, 13],
			"to": [13, 0.5, 15],
			"faces": {
				"north": {"uv": [0, 0, 1, 0.5], "texture": "#missing"},
				"east": {"uv": [12.5, 13, 13, 15], "rotation": 90, "texture": "#bottom"},
				"south": {"uv": [0, 0, 1, 0.5], "texture": "#missing"},
				"west": {"uv": [11, 13, 11.5, 15], "rotation": 270, "texture": "#bottom"},
				"up": {"uv": [0, 12, 1, 14], "texture": "#missing"},
				"down": {"uv": [11, 13, 13, 15], "texture": "#bottom"}
			}
		},
		{
			"from": [11, 0, 9],
			"to": [13, 0.5, 11],
			"faces": {
				"north": {"uv": [0, 0, 1, 0.5], "texture": "#missing"},
				"east": {"uv": [12.5, 9, 13, 11], "rotation": 90, "texture": "#bottom"},
				"south": {"uv": [0, 0, 1, 0.5], "texture": "#missing"},
				"west": {"uv": [11, 9, 11.5, 11], "rotation": 270, "texture": "#bottom"},
				"up": {"uv": [0, 12, 1, 14], "texture": "#missing"},
				"down": {"uv": [11, 9, 13, 11], "texture": "#bottom"}
			}
		},
		{
			"from": [11, 0, 5],
			"to": [13, 0.5, 7],
			"faces": {
				"north": {"uv": [0, 0, 1, 0.5], "texture": "#missing"},
				"east": {"uv": [12.5, 5, 13, 7], "rotation": 90, "texture": "#bottom"},
				"south": {"uv": [0, 0, 1, 0.5], "texture": "#missing"},
				"west": {"uv": [11, 5, 11.5, 7], "rotation": 270, "texture": "#bottom"},
				"up": {"uv": [0, 12, 1, 14], "texture": "#missing"},
				"down": {"uv": [11, 5, 13, 7], "texture": "#bottom"}
			}
		},
		{
			"from": [11, 0, 1],
			"to": [13, 0.5, 3],
			"faces": {
				"north": {"uv": [0, 0, 1, 0.5], "texture": "#missing"},
				"east": {"uv": [12.5, 1, 13, 3], "rotation": 90, "texture": "#bottom"},
				"south": {"uv": [0, 0, 1, 0.5], "texture": "#missing"},
				"west": {"uv": [11, 1, 11.5, 3], "rotation": 270, "texture": "#bottom"},
				"up": {"uv": [0, 12, 1, 14], "texture": "#missing"},
				"down": {"uv": [11, 1, 13, 3], "texture": "#bottom"}
			}
		},
		{
			"from": [15, 0, 1],
			"to": [16, 0.5, 3],
			"faces": {
				"north": {"uv": [0, 0, 1, 0.5], "texture": "#missing"},
				"east": {"uv": [13, 15.5, 15, 16], "texture": "#side"},
				"south": {"uv": [0, 0, 1, 0.5], "texture": "#missing"},
				"west": {"uv": [15.5, 1, 16, 3], "rotation": 270, "texture": "#bottom"},
				"up": {"uv": [0, 0, 1, 2], "texture": "#missing"},
				"down": {"uv": [15, 1, 16, 3], "texture": "#bottom"}
			}
		},
		{
			"from": [15, 0, 5],
			"to": [16, 0.5, 7],
			"faces": {
				"north": {"uv": [0, 0, 1, 0.5], "texture": "#missing"},
				"east": {"uv": [9, 15.5, 11, 16], "texture": "#side"},
				"south": {"uv": [0, 0, 1, 0.5], "texture": "#missing"},
				"west": {"uv": [15.5, 5, 16, 7], "rotation": 270, "texture": "#bottom"},
				"up": {"uv": [0, 0, 1, 2], "texture": "#missing"},
				"down": {"uv": [15, 5, 16, 7], "texture": "#bottom"}
			}
		},
		{
			"from": [15, 0, 9],
			"to": [16, 0.5, 11],
			"faces": {
				"north": {"uv": [0, 0, 1, 0.5], "texture": "#missing"},
				"east": {"uv": [5, 15.5, 7, 16], "texture": "#side"},
				"south": {"uv": [0, 0, 1, 0.5], "texture": "#missing"},
				"west": {"uv": [15.5, 9, 16, 11], "rotation": 270, "texture": "#bottom"},
				"up": {"uv": [0, 0, 1, 2], "texture": "#missing"},
				"down": {"uv": [15, 9, 16, 11], "texture": "#bottom"}
			}
		},
		{
			"from": [15, 0, 13],
			"to": [16, 0.5, 15],
			"faces": {
				"north": {"uv": [0, 0, 1, 0.5], "texture": "#missing"},
				"east": {"uv": [1, 15.5, 3, 16], "texture": "#side"},
				"south": {"uv": [0, 0, 1, 0.5], "texture": "#missing"},
				"west": {"uv": [15.5, 13, 16, 15], "rotation": 270, "texture": "#bottom"},
				"up": {"uv": [0, 0, 1, 2], "texture": "#missing"},
				"down": {"uv": [15, 13, 16, 15], "texture": "#bottom"}
			}
		},
		{
			"from": [0, 15.5, 0],
			"to": [1, 16, 16],
			"faces": {
				"north": {"uv": [15, 0, 16, 0.5], "texture": "#side"},
				"east": {"uv": [0.5, 16, 1, 0], "rotation": 270, "texture": "#top"},
				"south": {"uv": [0, 0, 1, 0.5], "texture": "#side"},
				"west": {"uv": [0, 0, 16, 0.5], "texture": "#side"},
				"up": {"uv": [0, 0, 1, 16], "texture": "#top"},
				"down": {"uv": [0, 0, 1, 16], "texture": "#missing"}
			}
		},
		{
			"from": [15, 15.5, 0],
			"to": [16, 16, 16],
			"faces": {
				"north": {"uv": [15, 0, 16, 0.5], "texture": "#side"},
				"east": {"uv": [0, 0, 16, 0.5], "texture": "#side"},
				"south": {"uv": [0, 0, 1, 0.5], "texture": "#side"},
				"west": {"uv": [15, 0, 15.5, 16], "rotation": 270, "texture": "#top"},
				"up": {"uv": [15, 0, 16, 16], "texture": "#top"},
				"down": {"uv": [0, 0, 1, 16], "texture": "#missing"}
			}
		},
		{
			"from": [1, 15.5, 0],
			"to": [15, 16, 1],
			"faces": {
				"north": {"uv": [1, 0, 15, 0.5], "texture": "#side"},
				"east": {"uv": [0, 0, 1, 0.5], "texture": "#missing"},
				"south": {"uv": [1, 0, 15, 0.5], "texture": "#top"},
				"west": {"uv": [0, 0, 1, 0.5], "texture": "#missing"},
				"up": {"uv": [1, 0, 15, 1], "texture": "#top"},
				"down": {"uv": [0, 0, 14, 1], "texture": "#missing"}
			}
		},
		{
			"from": [1, 15.5, 15],
			"to": [15, 16, 16],
			"faces": {
				"north": {"uv": [15, 15, 1, 15.5], "texture": "#top"},
				"east": {"uv": [0, 0, 1, 0.5], "texture": "#missing"},
				"south": {"uv": [1, 0, 15, 0.5], "texture": "#side"},
				"west": {"uv": [0, 0, 1, 0.5], "texture": "#missing"},
				"up": {"uv": [1, 15, 15, 16], "texture": "#top"},
				"down": {"uv": [0, 0, 14, 1], "texture": "#missing"}
			}
		},
		{
			"from": [1, 15.5, 3],
			"to": [3, 16, 5],
			"faces": {
				"north": {"uv": [3, 3, 1, 3.5], "texture": "#top"},
				"east": {"uv": [2.5, 5, 3, 3], "rotation": 270, "texture": "#top"},
				"south": {"uv": [1, 4, 3, 4.5], "texture": "#top"},
				"west": {"uv": [0, 0, 2, 0.5], "texture": "#missing"},
				"up": {"uv": [1, 3, 3, 5], "texture": "#top"},
				"down": {"uv": [0, 0, 2, 2], "texture": "#missing"}
			}
		},
		{
			"from": [1, 15.5, 7],
			"to": [3, 16, 9],
			"faces": {
				"north": {"uv": [3, 7, 1, 7.5], "texture": "#top"},
				"east": {"uv": [2.5, 9, 3, 7], "rotation": 270, "texture": "#top"},
				"south": {"uv": [1, 8, 3, 8.5], "texture": "#top"},
				"west": {"uv": [0, 0, 2, 0.5], "texture": "#missing"},
				"up": {"uv": [1, 7, 3, 9], "texture": "#top"},
				"down": {"uv": [0, 0, 2, 2], "texture": "#missing"}
			}
		},
		{
			"from": [1, 15.5, 11],
			"to": [3, 16, 13],
			"faces": {
				"north": {"uv": [3, 11, 1, 11.5], "texture": "#top"},
				"east": {"uv": [2.5, 13, 3, 11], "rotation": 270, "texture": "#top"},
				"south": {"uv": [1, 12, 3, 12.5], "texture": "#top"},
				"west": {"uv": [0, 0, 2, 0.5], "texture": "#missing"},
				"up": {"uv": [1, 11, 3, 13], "texture": "#top"},
				"down": {"uv": [0, 0, 2, 2], "texture": "#missing"}
			}
		},
		{
			"from": [11, 15.5, 13],
			"to": [13, 16, 15],
			"faces": {
				"north": {"uv": [13, 13, 11, 13.5], "texture": "#top"},
				"east": {"uv": [12, 13, 12.5, 15], "rotation": 270, "texture": "#top"},
				"south": {"uv": [0, 0, 2, 0.5], "texture": "#missing"},
				"west": {"uv": [11, 13, 11.5, 15], "rotation": 270, "texture": "#top"},
				"up": {"uv": [11, 13, 13, 15], "texture": "#top"},
				"down": {"uv": [0, 0, 2, 2], "texture": "#missing"}
			}
		},
		{
			"from": [7, 15.5, 13],
			"to": [9, 16, 15],
			"faces": {
				"north": {"uv": [9, 13, 7, 13.5], "texture": "#top"},
				"east": {"uv": [8, 13, 8.5, 15], "rotation": 270, "texture": "#top"},
				"south": {"uv": [0, 0, 2, 0.5], "texture": "#missing"},
				"west": {"uv": [7, 13, 7.5, 15], "rotation": 270, "texture": "#top"},
				"up": {"uv": [7, 13, 9, 15], "texture": "#top"},
				"down": {"uv": [0, 0, 2, 2], "texture": "#missing"}
			}
		},
		{
			"from": [3, 15.5, 13],
			"to": [5, 16, 15],
			"faces": {
				"north": {"uv": [5, 13, 3, 13.5], "texture": "#top"},
				"east": {"uv": [4, 13, 4.5, 15], "rotation": 270, "texture": "#top"},
				"south": {"uv": [0, 0, 2, 0.5], "texture": "#missing"},
				"west": {"uv": [3, 13, 3.5, 15], "rotation": 270, "texture": "#top"},
				"up": {"uv": [3, 13, 5, 15], "texture": "#top"},
				"down": {"uv": [0, 0, 2, 2], "texture": "#missing"}
			}
		},
		{
			"from": [13, 15.5, 11],
			"to": [15, 16, 13],
			"faces": {
				"north": {"uv": [15, 11, 13, 11.5], "texture": "#top"},
				"east": {"uv": [0, 0, 2, 0.5], "texture": "#missing"},
				"south": {"uv": [13, 12, 15, 12.5], "texture": "#top"},
				"west": {"uv": [13, 11, 13.5, 13], "rotation": 270, "texture": "#top"},
				"up": {"uv": [13, 11, 15, 13], "texture": "#top"},
				"down": {"uv": [0, 0, 2, 2], "texture": "#missing"}
			}
		},
		{
			"from": [12, 15.5, 7],
			"to": [15, 16, 9],
			"faces": {
				"north": {"uv": [12, 7, 15, 7.5], "texture": "#top"},
				"east": {"uv": [13, 8, 15, 8.5], "texture": "#top"},
				"south": {"uv": [12, 8, 15, 8.5], "texture": "#top"},
				"west": {"uv": [12, 7, 12.5, 9], "rotation": 270, "texture": "#top"},
				"up": {"uv": [12, 7, 15, 9], "texture": "#top"},
				"down": {"uv": [12, 7, 15, 9], "texture": "#top"}
			}
		},
		{
			"from": [11, 15.5, 8],
			"to": [12, 16, 10],
			"faces": {
				"north": {"uv": [11, 8, 12, 8.5], "texture": "#top"},
				"east": {"uv": [11, 10, 11.5, 8], "rotation": 270, "texture": "#top"},
				"south": {"uv": [11, 9, 12, 9.5], "texture": "#top"},
				"west": {"uv": [11, 8, 11.5, 10], "rotation": 270, "texture": "#top"},
				"up": {"uv": [11, 8, 12, 10], "texture": "#top"},
				"down": {"uv": [11, 8, 12, 10], "texture": "#top"}
			}
		},
		{
			"from": [11, 15.5, 5],
			"to": [12, 16, 7],
			"faces": {
				"north": {"uv": [11, 5, 12, 5.5], "texture": "#top"},
				"east": {"uv": [11, 7, 11.5, 5], "rotation": 270, "texture": "#top"},
				"south": {"uv": [11, 6, 12, 6.5], "texture": "#top"},
				"west": {"uv": [11, 5, 11.5, 7], "rotation": 270, "texture": "#top"},
				"up": {"uv": [11, 5, 12, 7], "texture": "#top"},
				"down": {"uv": [11, 5, 12, 7], "texture": "#top"}
			}
		},
		{
			"from": [7, 15.5, 5],
			"to": [8, 16, 6],
			"faces": {
				"north": {"uv": [7, 5, 8, 5.5], "texture": "#top"},
				"east": {"uv": [7, 5, 8, 5.5], "rotation": 270, "texture": "#top"},
				"south": {"uv": [7, 5, 8, 5.5], "texture": "#top"},
				"west": {"uv": [7, 5, 8, 5.5], "rotation": 270, "texture": "#top"},
				"up": {"uv": [7, 5, 8, 6], "texture": "#top"},
				"down": {"uv": [7, 5, 8, 6], "texture": "#top"}
			}
		},
		{
			"from": [5, 15.5, 11],
			"to": [7, 16, 12],
			"faces": {
				"north": {"uv": [7, 11, 5, 11.5], "texture": "#top"},
				"east": {"uv": [6, 11, 7, 11.5], "rotation": 270, "texture": "#top"},
				"south": {"uv": [6, 11, 7, 11.5], "texture": "#top"},
				"west": {"uv": [5, 11, 5.5, 12], "rotation": 270, "texture": "#top"},
				"up": {"uv": [5, 11, 7, 12], "texture": "#top"},
				"down": {"uv": [6, 11, 7, 12], "texture": "#top"}
			}
		},
		{
			"from": [6, 15.5, 12],
			"to": [11, 16, 13],
			"faces": {
				"north": {"uv": [11, 12, 6, 12.5], "texture": "#top"},
				"east": {"uv": [10, 12, 11, 12.5], "rotation": 270, "texture": "#top"},
				"south": {"uv": [6, 12, 11, 12.5], "texture": "#top"},
				"west": {"uv": [6, 12, 7, 12.5], "rotation": 270, "texture": "#top"},
				"up": {"uv": [6, 12, 11, 13], "texture": "#top"},
				"down": {"uv": [6, 12, 11, 13], "texture": "#top"}
			}
		},
		{
			"from": [12, 15.5, 3],
			"to": [15, 16, 5],
			"faces": {
				"north": {"uv": [15, 3, 12, 3.5], "texture": "#top"},
				"east": {"uv": [0, 0, 2, 0.5], "texture": "#missing"},
				"south": {"uv": [12, 4, 15, 4.5], "texture": "#top"},
				"west": {"uv": [13, 3, 13.5, 5], "rotation": 270, "texture": "#top"},
				"up": {"uv": [12, 3, 15, 5], "texture": "#top"},
				"down": {"uv": [0, 0, 3, 2], "texture": "#missing"}
			}
		},
		{
			"from": [3, 15.5, 1],
			"to": [5, 16, 3],
			"faces": {
				"north": {"uv": [0, 0, 2, 0.5], "texture": "#missing"},
				"east": {"uv": [4, 3, 4.5, 1], "rotation": 270, "texture": "#top"},
				"south": {"uv": [3, 2, 5, 2.5], "texture": "#top"},
				"west": {"uv": [3, 1, 3.5, 3], "rotation": 270, "texture": "#top"},
				"up": {"uv": [3, 1, 5, 3], "texture": "#top"},
				"down": {"uv": [0, 0, 2, 2], "texture": "#missing"}
			}
		},
		{
			"from": [7, 15.5, 1],
			"to": [9, 16, 3],
			"faces": {
				"north": {"uv": [0, 0, 2, 0.5], "texture": "#missing"},
				"east": {"uv": [8, 3, 8.5, 1], "rotation": 270, "texture": "#top"},
				"south": {"uv": [7, 2, 9, 2.5], "texture": "#top"},
				"west": {"uv": [7, 1, 7.5, 3], "rotation": 270, "texture": "#top"},
				"up": {"uv": [7, 1, 9, 3], "texture": "#top"},
				"down": {"uv": [0, 0, 2, 2], "texture": "#missing"}
			}
		},
		{
			"from": [11, 15.5, 1],
			"to": [13, 16, 3],
			"faces": {
				"north": {"uv": [0, 0, 2, 0.5], "texture": "#missing"},
				"east": {"uv": [12, 3, 12.5, 1], "rotation": 270, "texture": "#top"},
				"south": {"uv": [11, 2, 13, 2.5], "texture": "#top"},
				"west": {"uv": [11, 1, 11.5, 3], "rotation": 270, "texture": "#top"},
				"up": {"uv": [11, 1, 13, 3], "texture": "#top"},
				"down": {"uv": [0, 0, 2, 2], "texture": "#missing"}
			}
		},
		{
			"from": [4, 15.5, 3],
			"to": [12, 16, 5],
			"faces": {
				"north": {"uv": [12, 3, 4, 3.5], "texture": "#top"},
				"east": {"uv": [11, 3, 11.5, 5], "rotation": 270, "texture": "#top"},
				"south": {"uv": [4, 4, 12, 4.5], "texture": "#top"},
				"west": {"uv": [4, 3, 4.5, 5], "rotation": 270, "texture": "#top"},
				"up": {"uv": [4, 3, 12, 5], "texture": "#top"},
				"down": {"uv": [0, 0, 8, 2], "texture": "#missing"}
			}
		},
		{
			"from": [13, 15.5, 2],
			"to": [14, 16, 3],
			"faces": {
				"north": {"uv": [13, 2, 14, 3], "texture": "#top"},
				"east": {"uv": [13, 2, 14, 3], "texture": "#top"},
				"south": {"uv": [13, 2, 14, 3], "texture": "#top"},
				"west": {"uv": [13, 2, 14, 3], "texture": "#top"},
				"up": {"uv": [13, 2, 14, 3], "texture": "#top"},
				"down": {"uv": [13, 2, 14, 3], "texture": "#top"}
			}
		},
		{
			"from": [3, 15.5, 4],
			"to": [4, 16.25, 5],
			"faces": {
				"north": {"uv": [3, 4, 4, 5], "texture": "#top"},
				"east": {"uv": [3, 4, 4, 5], "texture": "#top"},
				"south": {"uv": [3, 4, 4, 5], "texture": "#top"},
				"west": {"uv": [3, 4, 4, 5], "texture": "#top"},
				"up": {"uv": [3, 4, 4, 5], "texture": "#top"},
				"down": {"uv": [3, 4, 4, 5], "texture": "#top"}
			}
		},
		{
			"from": [3, 15.5, 8],
			"to": [4, 16, 9],
			"faces": {
				"north": {"uv": [3, 8, 4, 9], "texture": "#top"},
				"east": {"uv": [3, 8, 4, 9], "texture": "#top"},
				"south": {"uv": [3, 8, 4, 9], "texture": "#top"},
				"west": {"uv": [3, 8, 4, 9], "texture": "#top"},
				"up": {"uv": [3, 8, 4, 9], "texture": "#top"},
				"down": {"uv": [3, 8, 4, 9], "texture": "#top"}
			}
		},
		{
			"from": [3, 15.5, 11],
			"to": [4, 16, 12],
			"faces": {
				"north": {"uv": [3, 11, 4, 12], "texture": "#top"},
				"east": {"uv": [3, 11, 4, 12], "texture": "#top"},
				"south": {"uv": [3, 11, 4, 12], "texture": "#top"},
				"west": {"uv": [3, 11, 4, 12], "texture": "#top"},
				"up": {"uv": [3, 11, 4, 12], "texture": "#top"},
				"down": {"uv": [3, 11, 4, 12], "texture": "#top"}
			}
		},
		{
			"from": [3, 15.5, 5],
			"to": [5, 16, 6],
			"faces": {
				"north": {"uv": [3, 5, 5, 5.5], "texture": "#top"},
				"east": {"uv": [4, 5, 5, 5.5], "texture": "#top"},
				"south": {"uv": [3, 5, 5, 5.5], "texture": "#top"},
				"west": {"uv": [3, 5, 4, 5.5], "texture": "#top"},
				"up": {"uv": [3, 5, 5, 6], "texture": "#top"},
				"down": {"uv": [3, 5, 5, 6], "texture": "#top"}
			}
		},
		{
			"from": [3, 15.5, 7],
			"to": [5, 16, 8],
			"faces": {
				"north": {"uv": [5, 7, 3, 7.5], "texture": "#top"},
				"east": {"uv": [4, 7, 5, 7.5], "texture": "#top"},
				"south": {"uv": [3, 7, 5, 7.5], "texture": "#top"},
				"west": {"uv": [3, 7, 4, 7.5], "texture": "#top"},
				"up": {"uv": [3, 7, 5, 8], "texture": "#top"},
				"down": {"uv": [3, 7, 5, 8], "texture": "#top"}
			}
		},
		{
			"from": [3, 15.5, 10],
			"to": [6, 16, 11],
			"faces": {
				"north": {"uv": [6, 10, 3, 10.5], "texture": "#top"},
				"east": {"uv": [5, 10, 6, 10.5], "texture": "#top"},
				"south": {"uv": [3, 10, 6, 10.5], "texture": "#top"},
				"west": {"uv": [3, 10, 4, 10.5], "texture": "#top"},
				"up": {"uv": [3, 10, 6, 11], "texture": "#top"},
				"down": {"uv": [3, 10, 5, 11], "texture": "#top"}
			}
		},
		{
			"from": [4, 15.5, 12],
			"to": [6, 16, 13],
			"faces": {
				"north": {"uv": [6, 12, 4, 12.5], "texture": "#top"},
				"east": {"uv": [5, 12, 6, 12.5], "texture": "#top"},
				"south": {"uv": [4, 12, 6, 12.5], "texture": "#top"},
				"west": {"uv": [4, 12, 5, 12.5], "texture": "#top"},
				"up": {"uv": [4, 12, 6, 13], "texture": "#top"},
				"down": {"uv": [4, 12, 6, 13], "texture": "#top"}
			}
		},
		{
			"from": [9, 15.5, 11],
			"to": [13, 16, 12],
			"faces": {
				"north": {"uv": [13, 11, 9, 11.5], "texture": "#top"},
				"east": {"uv": [12, 11, 13, 11.5], "texture": "#top"},
				"south": {"uv": [9, 11, 13, 11.5], "texture": "#top"},
				"west": {"uv": [9, 11, 10, 11.5], "texture": "#top"},
				"up": {"uv": [9, 11, 13, 12], "texture": "#top"},
				"down": {"uv": [11, 11, 13, 12], "texture": "#top"}
			}
		},
		{
			"from": [4, 15.5, 9],
			"to": [5, 16.25, 10],
			"faces": {
				"north": {"uv": [4, 9, 5, 9.75], "texture": "#top"},
				"east": {"uv": [4, 9, 5, 9.75], "texture": "#top"},
				"south": {"uv": [4, 9, 5, 9.75], "texture": "#top"},
				"west": {"uv": [4, 9, 5, 9.75], "texture": "#top"},
				"up": {"uv": [4, 9, 5, 10], "texture": "#top"},
				"down": {"uv": [4, 9, 5, 10], "texture": "#top"}
			}
		},
		{
			"from": [5, 16, 10],
			"to": [6, 16.25, 12],
			"faces": {
				"north": {"uv": [4, 9, 5, 9.75], "texture": "#top"},
				"east": {"uv": [4, 9, 5, 9.75], "texture": "#top"},
				"south": {"uv": [4, 9, 5, 9.75], "texture": "#top"},
				"west": {"uv": [4, 9, 5, 9.75], "texture": "#top"},
				"up": {"uv": [4, 9, 5, 10], "texture": "#top"},
				"down": {"uv": [4, 9, 5, 10], "texture": "#top"}
			}
		},
		{
			"from": [6, 16, 12],
			"to": [7, 16.25, 13],
			"faces": {
				"north": {"uv": [4, 9, 5, 9.75], "texture": "#top"},
				"east": {"uv": [4, 9, 5, 9.75], "texture": "#top"},
				"south": {"uv": [4, 9, 5, 9.75], "texture": "#top"},
				"west": {"uv": [4, 9, 5, 9.75], "texture": "#top"},
				"up": {"uv": [4, 9, 5, 10], "texture": "#top"},
				"down": {"uv": [4, 9, 5, 10], "texture": "#top"}
			}
		},
		{
			"from": [10, 16, 11],
			"to": [11, 16.25, 12],
			"faces": {
				"north": {"uv": [4, 9, 5, 9.75], "texture": "#top"},
				"east": {"uv": [4, 9, 5, 9.75], "texture": "#top"},
				"south": {"uv": [4, 9, 5, 9.75], "texture": "#top"},
				"west": {"uv": [4, 9, 5, 9.75], "texture": "#top"},
				"up": {"uv": [4, 9, 5, 10], "texture": "#top"},
				"down": {"uv": [4, 9, 5, 10], "texture": "#top"}
			}
		},
		{
			"from": [12, 16, 8],
			"to": [13, 16.25, 9],
			"faces": {
				"north": {"uv": [4, 9, 5, 9.75], "texture": "#top"},
				"east": {"uv": [4, 9, 5, 9.75], "texture": "#top"},
				"south": {"uv": [4, 9, 5, 9.75], "texture": "#top"},
				"west": {"uv": [4, 9, 5, 9.75], "texture": "#top"},
				"up": {"uv": [4, 9, 5, 10], "texture": "#top"},
				"down": {"uv": [4, 9, 5, 10], "texture": "#top"}
			}
		},
		{
			"from": [13, 16, 7],
			"to": [14, 16.25, 8],
			"faces": {
				"north": {"uv": [4, 9, 5, 9.75], "texture": "#top"},
				"east": {"uv": [4, 9, 5, 9.75], "texture": "#top"},
				"south": {"uv": [4, 9, 5, 9.75], "texture": "#top"},
				"west": {"uv": [4, 9, 5, 9.75], "texture": "#top"},
				"up": {"uv": [4, 9, 5, 10], "texture": "#top"},
				"down": {"uv": [4, 9, 5, 10], "texture": "#top"}
			}
		},
		{
			"from": [5, 16, 3],
			"to": [6, 16.25, 4],
			"faces": {
				"north": {"uv": [4, 9, 5, 9.75], "texture": "#top"},
				"east": {"uv": [4, 9, 5, 9.75], "texture": "#top"},
				"south": {"uv": [4, 9, 5, 9.75], "texture": "#top"},
				"west": {"uv": [4, 9, 5, 9.75], "texture": "#top"},
				"up": {"uv": [4, 9, 5, 10], "texture": "#top"},
				"down": {"uv": [4, 9, 5, 10], "texture": "#top"}
			}
		},
		{
			"from": [4, 16, 4],
			"to": [5, 16.25, 5],
			"faces": {
				"north": {"uv": [4, 9, 5, 9.75], "texture": "#top"},
				"east": {"uv": [4, 9, 5, 9.75], "texture": "#top"},
				"south": {"uv": [4, 9, 5, 9.75], "texture": "#top"},
				"west": {"uv": [4, 9, 5, 9.75], "texture": "#top"},
				"up": {"uv": [4, 9, 5, 10], "texture": "#top"},
				"down": {"uv": [4, 9, 5, 10], "texture": "#top"}
			}
		},
		{
			"from": [11, 16, 4],
			"to": [12, 16.25, 5],
			"faces": {
				"north": {"uv": [4, 9, 5, 9.75], "texture": "#top"},
				"east": {"uv": [4, 9, 5, 9.75], "texture": "#top"},
				"south": {"uv": [4, 9, 5, 9.75], "texture": "#top"},
				"west": {"uv": [4, 9, 5, 9.75], "texture": "#top"},
				"up": {"uv": [4, 9, 5, 10], "texture": "#top"},
				"down": {"uv": [4, 9, 5, 10], "texture": "#top"}
			}
		},
		{
			"from": [7, 16, 2],
			"to": [9, 16.25, 3],
			"faces": {
				"north": {"uv": [4, 9, 5, 9.75], "texture": "#top"},
				"east": {"uv": [4, 9, 5, 9.75], "texture": "#top"},
				"south": {"uv": [4, 9, 5, 9.75], "texture": "#top"},
				"west": {"uv": [4, 9, 5, 9.75], "texture": "#top"},
				"up": {"uv": [4, 9, 5, 10], "texture": "#top"},
				"down": {"uv": [4, 9, 5, 10], "texture": "#top"}
			}
		},
		{
			"from": [8, 16, 12],
			"to": [10, 16.25, 13],
			"faces": {
				"north": {"uv": [4, 9, 5, 9.75], "texture": "#top"},
				"east": {"uv": [4, 9, 5, 9.75], "texture": "#top"},
				"south": {"uv": [4, 9, 5, 9.75], "texture": "#top"},
				"west": {"uv": [4, 9, 5, 9.75], "texture": "#top"},
				"up": {"uv": [4, 9, 5, 10], "texture": "#top"},
				"down": {"uv": [4, 9, 5, 10], "texture": "#top"}
			}
		},
		{
			"from": [12, 16, 2],
			"to": [14, 16.25, 3],
			"faces": {
				"north": {"uv": [4, 9, 5, 9.75], "texture": "#top"},
				"east": {"uv": [4, 9, 5, 9.75], "texture": "#top"},
				"south": {"uv": [4, 9, 5, 9.75], "texture": "#top"},
				"west": {"uv": [4, 9, 5, 9.75], "texture": "#top"},
				"up": {"uv": [4, 9, 5, 10], "texture": "#top"},
				"down": {"uv": [4, 9, 5, 10], "texture": "#top"}
			}
		},
		{
			"from": [10, 16, 3],
			"to": [12, 16.25, 4],
			"faces": {
				"north": {"uv": [4, 9, 5, 9.75], "texture": "#top"},
				"east": {"uv": [4, 9, 5, 9.75], "texture": "#top"},
				"south": {"uv": [4, 9, 5, 9.75], "texture": "#top"},
				"west": {"uv": [4, 9, 5, 9.75], "texture": "#top"},
				"up": {"uv": [4, 9, 5, 10], "texture": "#top"},
				"down": {"uv": [4, 9, 5, 10], "texture": "#top"}
			}
		},
		{
			"from": [5, 15.5, 8],
			"to": [6, 16.25, 9],
			"faces": {
				"north": {"uv": [4, 9, 5, 9.75], "texture": "#top"},
				"east": {"uv": [4, 9, 5, 9.75], "texture": "#top"},
				"south": {"uv": [4, 9, 5, 9.75], "texture": "#top"},
				"west": {"uv": [4, 9, 5, 9.75], "texture": "#top"},
				"up": {"uv": [4, 9, 5, 10], "texture": "#top"},
				"down": {"uv": [4, 9, 5, 10], "texture": "#top"}
			}
		},
		{
			"from": [9, 15.5, 6],
			"to": [10, 16.25, 7],
			"faces": {
				"north": {"uv": [4, 9, 5, 9.75], "texture": "#top"},
				"east": {"uv": [4, 9, 5, 9.75], "texture": "#top"},
				"south": {"uv": [4, 9, 5, 9.75], "texture": "#top"},
				"west": {"uv": [4, 9, 5, 9.75], "texture": "#top"},
				"up": {"uv": [4, 9, 5, 10], "texture": "#top"},
				"down": {"uv": [4, 9, 5, 10], "texture": "#top"}
			}
		},
		{
			"from": [9, 15.5, 8],
			"to": [11, 16.25, 9],
			"faces": {
				"north": {"uv": [4, 9, 5, 9.75], "texture": "#top"},
				"east": {"uv": [4, 9, 5, 9.75], "texture": "#top"},
				"south": {"uv": [4, 9, 5, 9.75], "texture": "#top"},
				"west": {"uv": [4, 9, 5, 9.75], "texture": "#top"},
				"up": {"uv": [4, 9, 5, 10], "texture": "#top"},
				"down": {"uv": [4, 9, 5, 10], "texture": "#top"}
			}
		},
		{
			"from": [11, 15.5, 10],
			"to": [12, 16.25, 11],
			"faces": {
				"north": {"uv": [4, 9, 5, 9.75], "texture": "#top"},
				"east": {"uv": [4, 9, 5, 9.75], "texture": "#top"},
				"south": {"uv": [4, 9, 5, 9.75], "texture": "#top"},
				"west": {"uv": [4, 9, 5, 9.75], "texture": "#top"},
				"up": {"uv": [4, 9, 5, 10], "texture": "#top"},
				"down": {"uv": [4, 9, 5, 10], "texture": "#top"}
			}
		},
		{
			"from": [12, 15.5, 9],
			"to": [13, 16.25, 10],
			"faces": {
				"north": {"uv": [4, 9, 5, 9.75], "texture": "#top"},
				"east": {"uv": [4, 9, 5, 9.75], "texture": "#top"},
				"south": {"uv": [4, 9, 5, 9.75], "texture": "#top"},
				"west": {"uv": [4, 9, 5, 9.75], "texture": "#top"},
				"up": {"uv": [4, 9, 5, 10], "texture": "#top"},
				"down": {"uv": [4, 9, 5, 10], "texture": "#top"}
			}
		},
		{
			"from": [12, 15.5, 5],
			"to": [13, 16.25, 6],
			"faces": {
				"north": {"uv": [4, 9, 5, 9.75], "texture": "#top"},
				"east": {"uv": [4, 9, 5, 9.75], "texture": "#top"},
				"south": {"uv": [4, 9, 5, 9.75], "texture": "#top"},
				"west": {"uv": [4, 9, 5, 9.75], "texture": "#top"},
				"up": {"uv": [4, 9, 5, 10], "texture": "#top"},
				"down": {"uv": [4, 9, 5, 10], "texture": "#top"}
			}
		},
		{
			"from": [13, 15.5, 6],
			"to": [14, 16.25, 7],
			"faces": {
				"north": {"uv": [4, 9, 5, 9.75], "texture": "#top"},
				"east": {"uv": [4, 9, 5, 9.75], "texture": "#top"},
				"south": {"uv": [4, 9, 5, 9.75], "texture": "#top"},
				"west": {"uv": [4, 9, 5, 9.75], "texture": "#top"},
				"up": {"uv": [4, 9, 5, 10], "texture": "#top"},
				"down": {"uv": [4, 9, 5, 10], "texture": "#top"}
			}
		},
		{
			"from": [7, 15.5, 6],
			"to": [9, 16.25, 11],
			"faces": {
				"north": {"uv": [4, 9, 5, 9.75], "texture": "#top"},
				"east": {"uv": [4, 9, 5, 9.75], "texture": "#top"},
				"south": {"uv": [4, 9, 5, 9.75], "texture": "#top"},
				"west": {"uv": [4, 9, 5, 9.75], "texture": "#top"},
				"up": {"uv": [4, 9, 5, 10], "texture": "#top"},
				"down": {"uv": [4, 9, 5, 10], "texture": "#top"}
			}
		},
		{
			"from": [6, 15.5, 5],
			"to": [7, 16.25, 10],
			"faces": {
				"north": {"uv": [4, 9, 5, 9.75], "texture": "#top"},
				"east": {"uv": [4, 9, 5, 9.75], "texture": "#top"},
				"south": {"uv": [4, 9, 5, 9.75], "texture": "#top"},
				"west": {"uv": [4, 9, 5, 9.75], "texture": "#top"},
				"up": {"uv": [4, 9, 5, 10], "texture": "#top"},
				"down": {"uv": [4, 9, 5, 10], "texture": "#top"}
			}
		}
	],
	"groups": [
		{
			"name": "group",
			"origin": [8, 8, 8],
			"color": 0,
			"children": [
				{
					"name": "group",
					"origin": [8, 8, 8],
					"color": 0,
					"children": [0]
				},
				{
					"name": "group",
					"origin": [8, 8, 8],
					"color": 0,
					"children": [
						{
							"name": "group",
							"origin": [8, 8, 8],
							"color": 0,
							"children": [1, 2]
						},
						{
							"name": "group",
							"origin": [8, 8, 8],
							"color": 0,
							"children": [3, 4]
						},
						{
							"name": "group",
							"origin": [8, 8, 8],
							"color": 0,
							"children": [5, 6]
						},
						{
							"name": "group",
							"origin": [8, 8, 8],
							"color": 0,
							"children": [7, 8]
						}
					]
				}
			]
		},
		{
			"name": "group",
			"origin": [8, 8, 8],
			"color": 0,
			"children": [9, 10, 11, 12, 13, 14, 15, 16, 17, 18, 19, 20, 21, 22, 23, 24, 25, 26, 27, 28, 29, 30, 31, 32, 33]
		},
		{
			"name": "group",
			"origin": [8, 8, 8],
			"color": 0,
			"children": [
				{
					"name": "group",
					"origin": [8, 8, 8],
					"color": 0,
					"children": [34, 35, 36, 37, 38, 39, 40, 41, 42, 43, 44, 45, 46, 47, 48, 49, 50, 51, 52, 53, 54, 55]
				},
				{
					"name": "group",
					"origin": [8, 8, 8],
					"color": 0,
					"children": [56, 57, 58, 59, 60, 61, 62, 63, 64]
				},
				{
					"name": "group",
					"origin": [8, 8, 8],
					"color": 0,
					"children": [65, 66, 67, 68, 69, 70, 71, 72, 73, 74, 75, 76, 77, 78, 79, 80, 81, 82, 83, 84, 85, 86]
				}
			]
		}
	]
}