{
    "parent": "item/handheld_rod",
    "textures": {
      "layer0": "item/carrot_on_a_stick"
    },
    "overrides": [
      {"predicate": {"damaged": 0,"damage": 0},"model": "item/carrot_on_a_stick"},
      {"predicate": {"damaged": 0,"custom_model_data": 1001},"model": "custom/handcuffs"},
      {"predicate": {"damaged": 0,"custom_model_data": 1002},"model": "custom/touristmap"},
      {"predicate": {"damaged": 0,"custom_model_data": 1003},"model": "custom/charcoal_tabs"},
      {"predicate": {"damaged": 0,"custom_model_data": 1004},"model": "custom/vitamin_bottle"},
      {"predicate": {"damaged": 1},"model": "item/carrot_on_a_stick"
      }
    ]
  }