{
  "type": "minecraft:range_choice",
  "input": {
    // Temporary hack to fix aquifer issues.
    // TODO: actually fix the issue
    "type": "minecraft:range_choice",
    "input": "minecraft:y",
    "min_inclusive": 48,
    "max_exclusive": 72,
    "when_in_range": {
      "type": "minecraft:spline",
      "min_value": -64,
      "max_value": 64,
      "spline": {
        "coordinate": "tectonic:overworld/continents",
        "points": [
          {
            "location": -0.24,
            "derivative": 0,
            "value": 0
          },
          {
            "location": -0.22,
            "derivative": 0,
            "value": 1
          },
          {
            "location": -0.12,
            "derivative": 0,
            "value": 1
          },
          {
            "location": -0.1,
            "derivative": 0,
            "value": {
              "coordinate": "tectonic:overworld/ridges",
              "points": [
                {
                  "location": -0.1,
                  "derivative": 0,
                  "value": 0
                },
                {
                  "location": -0.07,
                  "derivative": 0,
                  "value": 1
                },
                {
                  "location": 0.07,
                  "derivative": 0,
                  "value": 1
                },
                {
                  "location": 0.1,
                  "derivative": 0,
                  "value": 0
                }
              ]
            }
          }
        ]
      }
    },
    "when_out_of_range": 0
  },
  "min_inclusive": 0.9,
  "max_exclusive": 1.1,
  "when_in_range": 1,
  "when_out_of_range": {
    "type": "minecraft:range_choice",
    "input": "tectonic:overworld/cliff/parameters",
    "min_inclusive": -0.1,
    "max_exclusive": 0.1,
    "when_in_range": "tectonic:overworld/underground_river/parameters_3d",
    "when_out_of_range": "tectonic:overworld/cliff/parameters"
  }
}