{
  "type": "minecraft:smelting",
  "category": "misc",
  "cookingtime": 300,
  "experience": 0.1,
  "ingredient": [
    {
      "item": "minecraft:diamond_pickaxe"
    },
    {
      "item": "minecraft:diamond_axe"
    },
    {
      "item": "minecraft:diamond_hoe"
    },
    {
      "item": "minecraft:diamond_sword"
    },
    {
      "item": "minecraft:diamond_helmet"
    },
    {
      "item": "minecraft:diamond_chestplate"
    },
    {
      "item": "minecraft:diamond_leggings"
    },
    {
      "item": "minecraft:diamond_boots"
    },
    {
      "item": "minecraft:diamond_horse_armor"
    }
  ],
  "result": "minecraft:diamond"
}