{
  "type": "minecraft:blasting",
  "category": "misc",
  "cookingtime": 100,
  "experience": 0.1,
  "ingredient": [
    {
      "item": "minecraft:iron_shovel"
    },
    {
      "item": "minecraft:chainmail_helmet"
    },
    {
      "item": "minecraft:chainmail_chestplate"
    },
    {
      "item": "minecraft:chainmail_leggings"
    },
    {
      "item": "minecraft:chainmail_boots"
    },
    {
      "item": "minecraft:rail"
    },
    {
      "item": "minecraft:iron_bars"
    },
    {
      "item": "minecraft:chain"
    }
  ],
  "result": "minecraft:iron_nugget"
}