{
  "type": "minecraft:blasting",
  "category": "misc",
  "cookingtime": 300,
  "experience": 0.1,
  "ingredient": [
    {
      "item": "minecraft:netherite_pickaxe"
    },
    {
      "item": "minecraft:netherite_axe"
    },
    {
      "item": "minecraft:netherite_hoe"
    },
    {
      "item": "minecraft:netherite_sword"
    },
    {
      "item": "minecraft:netherite_helmet"
    },
    {
      "item": "minecraft:netherite_chestplate"
    },
    {
      "item": "minecraft:netherite_leggings"
    },
    {
      "item": "minecraft:netherite_boots"
    }
  ],
  "result": "minecraft:netherite_ingot"
}