{
	"credit": "Made with Blockbench",
	"parent": "minecraft:block/cube_column",
	"textures": {
		"end": "block/oak_planks",
		"side": "block/variated/bookshelf1"
	},
	"elements": [
		{
			"from": [0, 0, 0],
			"to": [16, 1, 16],
			"faces": {
				"north": {"uv": [0, 15, 16, 16], "texture": "#side"},
				"east": {"uv": [0, 15, 16, 16], "texture": "#side"},
				"south": {"uv": [0, 15, 16, 16], "texture": "#side"},
				"west": {"uv": [0, 15, 16, 16], "texture": "#side"},
				"up": {"uv": [0, 0, 16, 16], "texture": "#end"},
				"down": {"uv": [0, 0, 16, 16], "texture": "#end"}
			}
		},
		{
			"from": [0, 7, 0],
			"to": [16, 9, 16],
			"faces": {
				"north": {"uv": [0, 7, 16, 9], "texture": "#side"},
				"east": {"uv": [0, 7, 16, 9], "texture": "#side"},
				"south": {"uv": [0, 7, 16, 9], "texture": "#side"},
				"west": {"uv": [0, 7, 16, 9], "texture": "#side"},
				"up": {"uv": [0, 0, 16, 16], "texture": "#end"},
				"down": {"uv": [0, 0, 16, 16], "texture": "#end"}
			}
		},
		{
			"from": [0, 15, 0],
			"to": [16, 16, 16],
			"faces": {
				"north": {"uv": [0, 0, 16, 1], "texture": "#side"},
				"east": {"uv": [0, 0, 16, 1], "texture": "#side"},
				"south": {"uv": [0, 0, 16, 1], "texture": "#side"},
				"west": {"uv": [0, 0, 16, 1], "texture": "#side"},
				"up": {"uv": [0, 0, 16, 16], "texture": "#end"},
				"down": {"uv": [0, 0, 16, 16], "texture": "#end"}
			}
		},
		{
			"from": [0, 9, 0],
			"to": [1, 15, 1],
			"faces": {
				"north": {"uv": [15, 1, 16, 7], "texture": "#side"},
				"east": {"uv": [15, 1, 16, 7], "texture": "#side"},
				"south": {"uv": [0, 1, 1, 7], "texture": "#side"},
				"west": {"uv": [0, 1, 1, 7], "texture": "#side"},
				"up": {"uv": [0, 0, 1, 1], "texture": "#end"},
				"down": {"uv": [0, 15, 1, 16], "texture": "#end"}
			}
		},
		{
			"from": [0, 9, 15],
			"to": [1, 15, 16],
			"faces": {
				"north": {"uv": [15, 1, 16, 7], "texture": "#side"},
				"east": {"uv": [0, 1, 1, 7], "texture": "#side"},
				"south": {"uv": [0, 1, 1, 7], "texture": "#side"},
				"west": {"uv": [15, 1, 16, 7], "texture": "#side"},
				"up": {"uv": [0, 15, 1, 16], "texture": "#end"},
				"down": {"uv": [0, 0, 1, 1], "texture": "#end"}
			}
		},
		{
			"from": [15, 9, 15],
			"to": [16, 15, 16],
			"faces": {
				"north": {"uv": [0, 1, 1, 7], "texture": "#side"},
				"east": {"uv": [0, 1, 1, 7], "texture": "#side"},
				"south": {"uv": [15, 1, 16, 7], "texture": "#side"},
				"west": {"uv": [15, 1, 16, 7], "texture": "#side"},
				"up": {"uv": [15, 15, 16, 16], "texture": "#end"},
				"down": {"uv": [15, 0, 16, 1], "texture": "#end"}
			}
		},
		{
			"from": [15, 9, 0],
			"to": [16, 15, 1],
			"faces": {
				"north": {"uv": [0, 1, 1, 7], "texture": "#side"},
				"east": {"uv": [15, 1, 16, 7], "texture": "#side"},
				"south": {"uv": [15, 1, 16, 7], "texture": "#side"},
				"west": {"uv": [0, 1, 1, 7], "texture": "#side"},
				"up": {"uv": [15, 0, 16, 1], "texture": "#end"},
				"down": {"uv": [15, 15, 16, 16], "texture": "#end"}
			}
		},
		{
			"from": [15, 1, 0],
			"to": [16, 7, 1],
			"faces": {
				"north": {"uv": [0, 9, 1, 15], "texture": "#side"},
				"east": {"uv": [15, 9, 16, 15], "texture": "#side"},
				"south": {"uv": [15, 9, 16, 15], "texture": "#side"},
				"west": {"uv": [0, 9, 1, 15], "texture": "#side"},
				"up": {"uv": [15, 0, 16, 1], "texture": "#end"},
				"down": {"uv": [15, 15, 16, 16], "texture": "#end"}
			}
		},
		{
			"from": [15, 1, 15],
			"to": [16, 7, 16],
			"faces": {
				"north": {"uv": [0, 9, 1, 15], "texture": "#side"},
				"east": {"uv": [0, 9, 1, 15], "texture": "#side"},
				"south": {"uv": [15, 9, 16, 15], "texture": "#side"},
				"west": {"uv": [15, 9, 16, 15], "texture": "#side"},
				"up": {"uv": [15, 15, 16, 16], "texture": "#end"},
				"down": {"uv": [15, 0, 16, 1], "texture": "#end"}
			}
		},
		{
			"from": [0, 1, 15],
			"to": [1, 7, 16],
			"faces": {
				"north": {"uv": [15, 9, 16, 15], "texture": "#side"},
				"east": {"uv": [0, 9, 1, 15], "texture": "#side"},
				"south": {"uv": [0, 9, 1, 15], "texture": "#side"},
				"west": {"uv": [15, 9, 16, 15], "texture": "#side"},
				"up": {"uv": [0, 15, 1, 16], "texture": "#end"},
				"down": {"uv": [0, 0, 1, 1], "texture": "#end"}
			}
		},
		{
			"from": [0, 1, 0],
			"to": [1, 7, 1],
			"faces": {
				"north": {"uv": [15, 9, 16, 15], "texture": "#side"},
				"east": {"uv": [15, 9, 16, 15], "texture": "#side"},
				"south": {"uv": [0, 9, 1, 15], "texture": "#side"},
				"west": {"uv": [0, 9, 1, 15], "texture": "#side"},
				"up": {"uv": [0, 0, 1, 1], "texture": "#end"},
				"down": {"uv": [0, 15, 1, 16], "texture": "#end"}
			}
		},
		{
			"from": [1, 1, 1],
			"to": [15, 15, 15],
			"faces": {
				"north": {"uv": [1, 1, 15, 15], "texture": "#side", "cullface": "north"},
				"east": {"uv": [1, 1, 15, 15], "texture": "#side", "cullface": "east"},
				"south": {"uv": [1, 1, 15, 15], "texture": "#side", "cullface": "south"},
				"west": {"uv": [1, 1, 15, 15], "texture": "#side", "cullface": "west"}
			}
		},
		{
			"from": [1, 1, 0.75],
			"to": [3, 5, 1],
			"faces": {
				"north": {"uv": [13, 11, 15, 15], "texture": "#side", "cullface": "north"},
				"east": {"uv": [13, 11, 14, 15], "texture": "#side", "cullface": "north"},
				"south": {"uv": [13, 11, 15, 15], "texture": "#side", "cullface": "north"},
				"west": {"uv": [13, 11, 15, 15], "texture": "#side", "cullface": "north"},
				"up": {"uv": [15, 11, 13, 12], "texture": "#side", "cullface": "north"},
				"down": {"uv": [13, 11, 15, 15], "texture": "#side", "cullface": "north"}
			}
		},
		{
			"from": [3, 1, 0.25],
			"to": [5, 6, 1],
			"faces": {
				"north": {"uv": [11, 10, 13, 15], "texture": "#side", "cullface": "north"},
				"east": {"uv": [11, 10, 12, 15], "texture": "#side", "cullface": "north"},
				"south": {"uv": [11, 10, 13, 15], "texture": "#missing", "cullface": "north"},
				"west": {"uv": [12, 10, 13, 15], "texture": "#side", "cullface": "north"},
				"up": {"uv": [13, 10, 11, 11], "texture": "#side", "cullface": "north"},
				"down": {"uv": [0, 0, 2, 1], "texture": "#missing", "cullface": "north"}
			}
		},
		{
			"from": [8, 1, 0.25],
			"to": [10, 7, 1],
			"faces": {
				"north": {"uv": [6, 9, 8, 15], "texture": "#side", "cullface": "north"},
				"east": {"uv": [6, 9, 7, 15], "texture": "#side", "cullface": "north"},
				"south": {"uv": [6, 9, 8, 15], "texture": "#missing", "cullface": "north"},
				"west": {"uv": [7, 9, 8, 15], "texture": "#side", "cullface": "north"},
				"up": {"uv": [6, 9, 8, 10], "texture": "#side", "cullface": "north"},
				"down": {"uv": [0, 0, 2, 1], "texture": "#missing", "cullface": "north"}
			}
		},
		{
			"from": [10, 1, 0.75],
			"to": [12, 6, 1],
			"faces": {
				"north": {"uv": [4, 10, 6, 15], "texture": "#side", "cullface": "north"},
				"east": {"uv": [4, 10, 5, 15], "texture": "#side", "cullface": "north"},
				"south": {"uv": [4, 10, 6, 15], "texture": "#missing", "cullface": "north"},
				"west": {"uv": [5, 10, 6, 15], "texture": "#side", "cullface": "north"},
				"up": {"uv": [6, 10, 4, 11], "texture": "#side", "cullface": "north"},
				"down": {"uv": [0, 0, 2, 1], "texture": "#missing", "cullface": "north"}
			}
		},
		{
			"from": [12, 1, 0.25],
			"to": [13, 6, 1],
			"faces": {
				"north": {"uv": [3, 10, 4, 15], "texture": "#side", "cullface": "north"},
				"east": {"uv": [3, 10, 3.75, 15], "texture": "#side", "cullface": "north"},
				"south": {"uv": [0, 0, 1, 4], "texture": "#missing", "cullface": "north"},
				"west": {"uv": [3, 10, 3.75, 15], "texture": "#side", "cullface": "north"},
				"up": {"uv": [3, 11, 4, 11.75], "texture": "#side", "cullface": "north"},
				"down": {"uv": [0, 0, 1, 1], "texture": "#missing", "cullface": "north"}
			}
		},
		{
			"from": [13, 1, 0.5],
			"to": [15, 5, 1],
			"faces": {
				"north": {"uv": [1, 11, 3, 15], "texture": "#side", "cullface": "north"},
				"east": {"uv": [1, 11, 1.5, 15], "texture": "#side", "cullface": "north"},
				"south": {"uv": [1, 10, 3, 15], "texture": "#missing", "cullface": "north"},
				"west": {"uv": [2, 11, 2.5, 15], "texture": "#side", "cullface": "north"},
				"up": {"uv": [3, 11, 1, 12], "texture": "#side", "cullface": "north"},
				"down": {"uv": [0, 0, 2, 1], "texture": "#missing", "cullface": "north"}
			}
		},
		{
			"from": [5, 1, 0.5],
			"to": [6, 3, 1],
			"faces": {
				"north": {"uv": [10, 13, 11, 15], "texture": "#side", "cullface": "north"},
				"east": {"uv": [0, 0, 1, 3], "texture": "#missing", "cullface": "north"},
				"south": {"uv": [0, 0, 1, 3], "texture": "#missing", "cullface": "north"},
				"west": {"uv": [10, 13, 10.5, 15], "texture": "#side", "cullface": "north"},
				"up": {"uv": [10, 13, 11, 14], "texture": "#side", "cullface": "north"},
				"down": {"uv": [0, 0, 1, 1], "texture": "#missing", "cullface": "north"}
			}
		},
		{
			"from": [6, 1, 0.5],
			"to": [7, 5, 1],
			"faces": {
				"north": {"uv": [9, 11, 10, 15], "texture": "#side", "cullface": "north"},
				"east": {"uv": [9, 11, 10, 15], "texture": "#side", "cullface": "north"},
				"south": {"uv": [0, 0, 1, 4], "texture": "#missing", "cullface": "north"},
				"west": {"uv": [9, 11, 10, 15], "texture": "#side", "cullface": "north"},
				"up": {"uv": [9, 11, 10, 12], "texture": "#side", "cullface": "north"},
				"down": {"uv": [0, 0, 1, 1], "texture": "#missing", "cullface": "north"}
			}
		},
		{
			"from": [7, 3, 0.5],
			"to": [8, 6, 1],
			"faces": {
				"north": {"uv": [8, 10, 9, 13], "texture": "#side", "cullface": "north"},
				"east": {"uv": [8, 10, 9, 13], "texture": "#side", "cullface": "north"},
				"south": {"uv": [0, 0, 1, 3], "texture": "#missing", "cullface": "north"},
				"west": {"uv": [8, 10, 9, 13], "texture": "#side", "cullface": "north"},
				"up": {"uv": [8, 10, 9, 11], "texture": "#side", "cullface": "north"},
				"down": {"uv": [8, 12, 9, 13], "texture": "#side", "cullface": "north"}
			}
		},
		{
			"from": [1, 9, 0.25],
			"to": [7, 11, 1],
			"faces": {
				"north": {"uv": [9, 5, 15, 7], "texture": "#side", "cullface": "north"},
				"east": {"uv": [9, 5, 9.75, 7], "texture": "#side", "cullface": "north"},
				"south": {"uv": [0, 0, 1, 4], "texture": "#missing", "cullface": "north"},
				"west": {"uv": [0, 0, 1, 4], "texture": "#missing", "cullface": "north"},
				"up": {"uv": [9, 5, 15, 5.75], "texture": "#side", "cullface": "north"},
				"down": {"uv": [0, 0, 1, 1], "texture": "#missing", "cullface": "north"}
			}
		},
		{
			"from": [1, 11, 0.25],
			"to": [6, 13, 1],
			"faces": {
				"north": {"uv": [10, 3, 15, 5], "texture": "#side", "cullface": "north"},
				"east": {"uv": [10, 3, 10.75, 5], "texture": "#side", "cullface": "north"},
				"south": {"uv": [0, 0, 2, 5], "texture": "#missing", "cullface": "north"},
				"west": {"uv": [11, 3, 11.75, 5], "texture": "#side", "cullface": "north"},
				"up": {"uv": [10, 3, 15, 3.75], "texture": "#side", "cullface": "north"},
				"down": {"uv": [0, 0, 2, 1], "texture": "#missing", "cullface": "north"}
			}
		},
		{
			"from": [8, 9, 0.5],
			"to": [10, 15, 1],
			"faces": {
				"north": {"uv": [6, 1, 8, 7], "texture": "#side", "cullface": "north"},
				"east": {"uv": [6, 1, 6.5, 7], "texture": "#side", "cullface": "north"},
				"south": {"uv": [0, 0, 1, 3], "texture": "#missing", "cullface": "north"},
				"west": {"uv": [6, 1, 6.5, 7], "texture": "#side", "cullface": "north"},
				"up": {"uv": [6, 4, 7, 5], "texture": "#side", "cullface": "north"},
				"down": {"uv": [0, 0, 1, 1], "texture": "#missing", "cullface": "north"}
			}
		},
		{
			"from": [10, 9, 0.25],
			"to": [12, 13, 1],
			"faces": {
				"north": {"uv": [4, 3, 6, 7], "texture": "#side", "cullface": "north"},
				"east": {"uv": [4, 3, 4.75, 7], "texture": "#side", "cullface": "north"},
				"south": {"uv": [0, 0, 2, 5], "texture": "#missing", "cullface": "north"},
				"west": {"uv": [5, 3, 5.75, 7], "texture": "#side", "cullface": "north"},
				"up": {"uv": [4, 3, 6, 4], "texture": "#side", "cullface": "north"},
				"down": {"uv": [0, 0, 2, 1], "texture": "#missing", "cullface": "north"}
			}
		},
		{
			"from": [13, 9, 0.25],
			"to": [15, 14, 1],
			"faces": {
				"north": {"uv": [1, 2, 3, 7], "texture": "#side", "cullface": "north"},
				"east": {"uv": [1, 2, 1.75, 7], "texture": "#side", "cullface": "north"},
				"south": {"uv": [1, 3, 2, 7], "texture": "#missing", "cullface": "north"},
				"west": {"uv": [1, 2, 1.75, 7], "texture": "#side", "cullface": "north"},
				"up": {"uv": [1, 3, 3, 3.75], "texture": "#side", "cullface": "north"},
				"down": {"uv": [1, 6, 2, 7], "texture": "#missing", "cullface": "north"}
			}
		},
		{
			"from": [12, 9, 0.5],
			"to": [13, 12, 1],
			"faces": {
				"north": {"uv": [3, 4, 4, 7], "texture": "#side", "cullface": "north"},
				"east": {"uv": [0, 0, 1, 3], "texture": "#missing", "cullface": "north"},
				"south": {"uv": [0, 0, 1, 3], "texture": "#missing", "cullface": "north"},
				"west": {"uv": [3, 4, 4, 7], "texture": "#side", "cullface": "north"},
				"up": {"uv": [3, 4, 4, 5], "texture": "#side", "cullface": "north"},
				"down": {"uv": [3, 5, 4, 6], "texture": "#side", "cullface": "north"}
			}
		},
		{
			"from": [0.75, 1, 13],
			"to": [1, 5, 15],
			"faces": {
				"north": {"uv": [13, 11, 14, 15], "texture": "#side", "cullface": "west"},
				"east": {"uv": [13, 11, 15, 15], "texture": "#side", "cullface": "west"},
				"south": {"uv": [13, 11, 15, 15], "texture": "#side", "cullface": "west"},
				"west": {"uv": [13, 11, 15, 15], "texture": "#side", "cullface": "west"},
				"up": {"uv": [15, 11, 13, 12], "rotation": 270, "texture": "#side", "cullface": "west"},
				"down": {"uv": [13, 11, 15, 15], "rotation": 90, "texture": "#side", "cullface": "west"}
			}
		},
		{
			"from": [0.25, 1, 11],
			"to": [1, 6, 13],
			"faces": {
				"north": {"uv": [11, 10, 12, 15], "texture": "#side", "cullface": "west"},
				"east": {"uv": [11, 10, 13, 15], "texture": "#missing", "cullface": "west"},
				"south": {"uv": [12, 10, 13, 15], "texture": "#side", "cullface": "west"},
				"west": {"uv": [11, 10, 13, 15], "texture": "#side", "cullface": "west"},
				"up": {"uv": [13, 10, 11, 11], "rotation": 270, "texture": "#side", "cullface": "west"},
				"down": {"uv": [0, 0, 2, 1], "rotation": 90, "texture": "#missing", "cullface": "west"}
			}
		},
		{
			"from": [0.25, 1, 6],
			"to": [1, 7, 8],
			"faces": {
				"north": {"uv": [6, 9, 7, 15], "texture": "#side", "cullface": "west"},
				"east": {"uv": [6, 9, 8, 15], "texture": "#missing", "cullface": "west"},
				"south": {"uv": [7, 9, 8, 15], "texture": "#side", "cullface": "west"},
				"west": {"uv": [6, 9, 8, 15], "texture": "#side", "cullface": "west"},
				"up": {"uv": [6, 9, 8, 10], "rotation": 270, "texture": "#side", "cullface": "west"},
				"down": {"uv": [0, 0, 2, 1], "rotation": 90, "texture": "#missing", "cullface": "west"}
			}
		},
		{
			"from": [0.75, 1, 4],
			"to": [1, 6, 6],
			"faces": {
				"north": {"uv": [4, 10, 5, 15], "texture": "#side", "cullface": "west"},
				"east": {"uv": [4, 10, 6, 15], "texture": "#missing", "cullface": "west"},
				"south": {"uv": [5, 10, 6, 15], "texture": "#side", "cullface": "west"},
				"west": {"uv": [4, 10, 6, 15], "texture": "#side", "cullface": "west"},
				"up": {"uv": [6, 10, 4, 11], "rotation": 270, "texture": "#side", "cullface": "west"},
				"down": {"uv": [0, 0, 2, 1], "rotation": 90, "texture": "#missing", "cullface": "west"}
			}
		},
		{
			"from": [0.25, 1, 3],
			"to": [1, 6, 4],
			"faces": {
				"north": {"uv": [3, 10, 3.75, 15], "texture": "#side", "cullface": "west"},
				"east": {"uv": [0, 0, 1, 4], "texture": "#missing", "cullface": "west"},
				"south": {"uv": [3, 10, 3.75, 15], "texture": "#side", "cullface": "west"},
				"west": {"uv": [3, 10, 4, 15], "texture": "#side", "cullface": "west"},
				"up": {"uv": [3, 11, 4, 11.75], "rotation": 270, "texture": "#side", "cullface": "west"},
				"down": {"uv": [0, 0, 1, 1], "rotation": 90, "texture": "#missing", "cullface": "west"}
			}
		},
		{
			"from": [0.5, 1, 1],
			"to": [1, 5, 3],
			"faces": {
				"north": {"uv": [1, 11, 1.5, 15], "texture": "#side", "cullface": "west"},
				"east": {"uv": [1, 10, 3, 15], "texture": "#missing", "cullface": "west"},
				"south": {"uv": [2, 11, 2.5, 15], "texture": "#side", "cullface": "west"},
				"west": {"uv": [1, 11, 3, 15], "texture": "#side", "cullface": "west"},
				"up": {"uv": [3, 11, 1, 12], "rotation": 270, "texture": "#side", "cullface": "west"},
				"down": {"uv": [0, 0, 2, 1], "rotation": 90, "texture": "#missing", "cullface": "west"}
			}
		},
		{
			"from": [0.5, 1, 10],
			"to": [1, 3, 11],
			"faces": {
				"north": {"uv": [0, 0, 1, 3], "texture": "#missing", "cullface": "west"},
				"east": {"uv": [0, 0, 1, 3], "texture": "#missing", "cullface": "west"},
				"south": {"uv": [10, 13, 10.5, 15], "texture": "#side", "cullface": "west"},
				"west": {"uv": [10, 13, 11, 15], "texture": "#side", "cullface": "west"},
				"up": {"uv": [10, 13, 11, 14], "rotation": 270, "texture": "#side", "cullface": "west"},
				"down": {"uv": [0, 0, 1, 1], "rotation": 90, "texture": "#missing", "cullface": "west"}
			}
		},
		{
			"from": [0.5, 1, 9],
			"to": [1, 5, 10],
			"faces": {
				"north": {"uv": [9, 11, 10, 15], "texture": "#side", "cullface": "west"},
				"east": {"uv": [0, 0, 1, 4], "texture": "#missing", "cullface": "west"},
				"south": {"uv": [9, 11, 10, 15], "texture": "#side", "cullface": "west"},
				"west": {"uv": [9, 11, 10, 15], "texture": "#side", "cullface": "west"},
				"up": {"uv": [9, 11, 10, 12], "rotation": 270, "texture": "#side", "cullface": "west"},
				"down": {"uv": [0, 0, 1, 1], "rotation": 90, "texture": "#missing", "cullface": "west"}
			}
		},
		{
			"from": [0.5, 3, 8],
			"to": [1, 6, 9],
			"faces": {
				"north": {"uv": [8, 10, 9, 13], "texture": "#side", "cullface": "west"},
				"east": {"uv": [0, 0, 1, 3], "texture": "#missing", "cullface": "west"},
				"south": {"uv": [8, 10, 9, 13], "texture": "#side", "cullface": "west"},
				"west": {"uv": [8, 10, 9, 13], "texture": "#side", "cullface": "west"},
				"up": {"uv": [8, 10, 9, 11], "rotation": 270, "texture": "#side", "cullface": "west"},
				"down": {"uv": [8, 12, 9, 13], "rotation": 90, "texture": "#side", "cullface": "west"}
			}
		},
		{
			"from": [0.25, 9, 9],
			"to": [1, 11, 15],
			"faces": {
				"north": {"uv": [9, 5, 9.75, 7], "texture": "#side", "cullface": "west"},
				"east": {"uv": [0, 0, 1, 4], "texture": "#missing", "cullface": "west"},
				"south": {"uv": [0, 0, 1, 4], "texture": "#missing", "cullface": "west"},
				"west": {"uv": [9, 5, 15, 7], "texture": "#side", "cullface": "west"},
				"up": {"uv": [9, 5, 15, 5.75], "rotation": 270, "texture": "#side", "cullface": "west"},
				"down": {"uv": [0, 0, 1, 1], "rotation": 90, "texture": "#missing", "cullface": "west"}
			}
		},
		{
			"from": [0.25, 11, 10],
			"to": [1, 13, 15],
			"faces": {
				"north": {"uv": [10, 3, 10.75, 5], "texture": "#side", "cullface": "west"},
				"east": {"uv": [0, 0, 2, 5], "texture": "#missing", "cullface": "west"},
				"south": {"uv": [11, 3, 11.75, 5], "texture": "#side", "cullface": "west"},
				"west": {"uv": [10, 3, 15, 5], "texture": "#side", "cullface": "west"},
				"up": {"uv": [10, 3, 15, 3.75], "rotation": 270, "texture": "#side", "cullface": "west"},
				"down": {"uv": [0, 0, 2, 1], "rotation": 90, "texture": "#missing", "cullface": "west"}
			}
		},
		{
			"from": [0.5, 9, 6],
			"to": [1, 15, 8],
			"faces": {
				"north": {"uv": [6, 1, 6.5, 7], "texture": "#side", "cullface": "west"},
				"east": {"uv": [0, 0, 1, 3], "texture": "#missing", "cullface": "west"},
				"south": {"uv": [6, 1, 6.5, 7], "texture": "#side", "cullface": "west"},
				"west": {"uv": [6, 1, 8, 7], "texture": "#side", "cullface": "west"},
				"up": {"uv": [6, 4, 7, 5], "rotation": 270, "texture": "#side", "cullface": "west"},
				"down": {"uv": [0, 0, 1, 1], "rotation": 90, "texture": "#missing", "cullface": "west"}
			}
		},
		{
			"from": [0.25, 9, 4],
			"to": [1, 13, 6],
			"faces": {
				"north": {"uv": [4, 3, 4.75, 7], "texture": "#side", "cullface": "west"},
				"east": {"uv": [0, 0, 2, 5], "texture": "#missing", "cullface": "west"},
				"south": {"uv": [5, 3, 5.75, 7], "texture": "#side", "cullface": "west"},
				"west": {"uv": [4, 3, 6, 7], "texture": "#side", "cullface": "west"},
				"up": {"uv": [4, 3, 6, 4], "rotation": 270, "texture": "#side", "cullface": "west"},
				"down": {"uv": [0, 0, 2, 1], "rotation": 90, "texture": "#missing", "cullface": "west"}
			}
		},
		{
			"from": [0.25, 9, 1],
			"to": [1, 14, 3],
			"faces": {
				"north": {"uv": [1, 2, 1.75, 7], "texture": "#side", "cullface": "west"},
				"east": {"uv": [1, 3, 2, 7], "texture": "#missing", "cullface": "west"},
				"south": {"uv": [1, 2, 1.75, 7], "texture": "#side", "cullface": "west"},
				"west": {"uv": [1, 2, 3, 7], "texture": "#side", "cullface": "west"},
				"up": {"uv": [1, 3, 3, 3.75], "rotation": 270, "texture": "#side", "cullface": "west"},
				"down": {"uv": [1, 6, 2, 7], "rotation": 90, "texture": "#missing", "cullface": "west"}
			}
		},
		{
			"from": [0.5, 9, 3],
			"to": [1, 12, 4],
			"faces": {
				"north": {"uv": [0, 0, 1, 3], "texture": "#missing", "cullface": "west"},
				"east": {"uv": [0, 0, 1, 3], "texture": "#missing", "cullface": "west"},
				"south": {"uv": [3, 4, 4, 7], "texture": "#side", "cullface": "west"},
				"west": {"uv": [3, 4, 4, 7], "texture": "#side", "cullface": "west"},
				"up": {"uv": [3, 4, 4, 5], "rotation": 270, "texture": "#side", "cullface": "west"},
				"down": {"uv": [3, 5, 4, 6], "rotation": 90, "texture": "#side", "cullface": "west"}
			}
		},
		{
			"from": [13, 1, 15],
			"to": [15, 5, 15.25],
			"faces": {
				"north": {"uv": [13, 11, 15, 15], "texture": "#side", "cullface": "south"},
				"east": {"uv": [13, 11, 15, 15], "texture": "#side", "cullface": "south"},
				"south": {"uv": [13, 11, 15, 15], "texture": "#side", "cullface": "south"},
				"west": {"uv": [13, 11, 14, 15], "texture": "#side", "cullface": "south"},
				"up": {"uv": [15, 11, 13, 12], "rotation": 180, "texture": "#side", "cullface": "south"},
				"down": {"uv": [13, 11, 15, 15], "rotation": 180, "texture": "#side", "cullface": "south"}
			}
		},
		{
			"from": [11, 1, 15],
			"to": [13, 6, 15.75],
			"faces": {
				"north": {"uv": [11, 10, 13, 15], "texture": "#missing", "cullface": "south"},
				"east": {"uv": [12, 10, 13, 15], "texture": "#side", "cullface": "south"},
				"south": {"uv": [11, 10, 13, 15], "texture": "#side", "cullface": "south"},
				"west": {"uv": [11, 10, 12, 15], "texture": "#side", "cullface": "south"},
				"up": {"uv": [13, 10, 11, 11], "rotation": 180, "texture": "#side", "cullface": "south"},
				"down": {"uv": [0, 0, 2, 1], "rotation": 180, "texture": "#missing", "cullface": "south"}
			}
		},
		{
			"from": [6, 1, 15],
			"to": [8, 7, 15.75],
			"faces": {
				"north": {"uv": [6, 9, 8, 15], "texture": "#missing", "cullface": "south"},
				"east": {"uv": [7, 9, 8, 15], "texture": "#side", "cullface": "south"},
				"south": {"uv": [6, 9, 8, 15], "texture": "#side", "cullface": "south"},
				"west": {"uv": [6, 9, 7, 15], "texture": "#side", "cullface": "south"},
				"up": {"uv": [6, 9, 8, 10], "rotation": 180, "texture": "#side", "cullface": "south"},
				"down": {"uv": [0, 0, 2, 1], "rotation": 180, "texture": "#missing", "cullface": "south"}
			}
		},
		{
			"from": [4, 1, 15],
			"to": [6, 6, 15.25],
			"faces": {
				"north": {"uv": [4, 10, 6, 15], "texture": "#missing", "cullface": "south"},
				"east": {"uv": [5, 10, 6, 15], "texture": "#side", "cullface": "south"},
				"south": {"uv": [4, 10, 6, 15], "texture": "#side", "cullface": "south"},
				"west": {"uv": [4, 10, 5, 15], "texture": "#side", "cullface": "south"},
				"up": {"uv": [6, 10, 4, 11], "rotation": 180, "texture": "#side", "cullface": "south"},
				"down": {"uv": [0, 0, 2, 1], "rotation": 180, "texture": "#missing", "cullface": "south"}
			}
		},
		{
			"from": [3, 1, 15],
			"to": [4, 6, 15.75],
			"faces": {
				"north": {"uv": [0, 0, 1, 4], "texture": "#missing", "cullface": "south"},
				"east": {"uv": [3, 10, 3.75, 15], "texture": "#side", "cullface": "south"},
				"south": {"uv": [3, 10, 4, 15], "texture": "#side", "cullface": "south"},
				"west": {"uv": [3, 10, 3.75, 15], "texture": "#side", "cullface": "south"},
				"up": {"uv": [3, 11, 4, 11.75], "rotation": 180, "texture": "#side", "cullface": "south"},
				"down": {"uv": [0, 0, 1, 1], "rotation": 180, "texture": "#missing", "cullface": "south"}
			}
		},
		{
			"from": [1, 1, 15],
			"to": [3, 5, 15.5],
			"faces": {
				"north": {"uv": [1, 10, 3, 15], "texture": "#missing", "cullface": "south"},
				"east": {"uv": [2, 11, 2.5, 15], "texture": "#side", "cullface": "south"},
				"south": {"uv": [1, 11, 3, 15], "texture": "#side", "cullface": "south"},
				"west": {"uv": [1, 11, 1.5, 15], "texture": "#side", "cullface": "south"},
				"up": {"uv": [3, 11, 1, 12], "rotation": 180, "texture": "#side", "cullface": "south"},
				"down": {"uv": [0, 0, 2, 1], "rotation": 180, "texture": "#missing", "cullface": "south"}
			}
		},
		{
			"from": [10, 1, 15],
			"to": [11, 3, 15.5],
			"faces": {
				"north": {"uv": [0, 0, 1, 3], "texture": "#missing", "cullface": "south"},
				"east": {"uv": [10, 13, 10.5, 15], "texture": "#side", "cullface": "south"},
				"south": {"uv": [10, 13, 11, 15], "texture": "#side", "cullface": "south"},
				"west": {"uv": [0, 0, 1, 3], "texture": "#missing", "cullface": "south"},
				"up": {"uv": [10, 13, 11, 14], "rotation": 180, "texture": "#side", "cullface": "south"},
				"down": {"uv": [0, 0, 1, 1], "rotation": 180, "texture": "#missing", "cullface": "south"}
			}
		},
		{
			"from": [9, 1, 15],
			"to": [10, 5, 15.5],
			"faces": {
				"north": {"uv": [0, 0, 1, 4], "texture": "#missing", "cullface": "south"},
				"east": {"uv": [9, 11, 10, 15], "texture": "#side", "cullface": "south"},
				"south": {"uv": [9, 11, 10, 15], "texture": "#side", "cullface": "south"},
				"west": {"uv": [9, 11, 10, 15], "texture": "#side", "cullface": "south"},
				"up": {"uv": [9, 11, 10, 12], "rotation": 180, "texture": "#side", "cullface": "south"},
				"down": {"uv": [0, 0, 1, 1], "rotation": 180, "texture": "#missing", "cullface": "south"}
			}
		},
		{
			"from": [8, 3, 15],
			"to": [9, 6, 15.5],
			"faces": {
				"north": {"uv": [0, 0, 1, 3], "texture": "#missing", "cullface": "south"},
				"east": {"uv": [8, 10, 9, 13], "texture": "#side", "cullface": "south"},
				"south": {"uv": [8, 10, 9, 13], "texture": "#side", "cullface": "south"},
				"west": {"uv": [8, 10, 9, 13], "texture": "#side", "cullface": "south"},
				"up": {"uv": [8, 10, 9, 11], "rotation": 180, "texture": "#side", "cullface": "south"},
				"down": {"uv": [8, 12, 9, 13], "rotation": 180, "texture": "#side", "cullface": "south"}
			}
		},
		{
			"from": [9, 9, 15],
			"to": [15, 11, 15.75],
			"faces": {
				"north": {"uv": [0, 0, 1, 4], "texture": "#missing", "cullface": "south"},
				"east": {"uv": [0, 0, 1, 4], "texture": "#missing", "cullface": "south"},
				"south": {"uv": [9, 5, 15, 7], "texture": "#side", "cullface": "south"},
				"west": {"uv": [9, 5, 9.75, 7], "texture": "#side", "cullface": "south"},
				"up": {"uv": [9, 5, 15, 5.75], "rotation": 180, "texture": "#side", "cullface": "south"},
				"down": {"uv": [0, 0, 1, 1], "rotation": 180, "texture": "#missing", "cullface": "south"}
			}
		},
		{
			"from": [10, 11, 15],
			"to": [15, 13, 15.75],
			"faces": {
				"north": {"uv": [0, 0, 2, 5], "texture": "#missing", "cullface": "south"},
				"east": {"uv": [11, 3, 11.75, 5], "texture": "#side", "cullface": "south"},
				"south": {"uv": [10, 3, 15, 5], "texture": "#side", "cullface": "south"},
				"west": {"uv": [10, 3, 10.75, 5], "texture": "#side", "cullface": "south"},
				"up": {"uv": [10, 3, 15, 3.75], "rotation": 180, "texture": "#side", "cullface": "south"},
				"down": {"uv": [0, 0, 2, 1], "rotation": 180, "texture": "#missing", "cullface": "south"}
			}
		},
		{
			"from": [6, 9, 15],
			"to": [8, 15, 15.5],
			"faces": {
				"north": {"uv": [0, 0, 1, 3], "texture": "#missing", "cullface": "south"},
				"east": {"uv": [6, 1, 6.5, 7], "texture": "#side", "cullface": "south"},
				"south": {"uv": [6, 1, 8, 7], "texture": "#side", "cullface": "south"},
				"west": {"uv": [6, 1, 6.5, 7], "texture": "#side", "cullface": "south"},
				"up": {"uv": [6, 4, 7, 5], "rotation": 180, "texture": "#side", "cullface": "south"},
				"down": {"uv": [0, 0, 1, 1], "rotation": 180, "texture": "#missing", "cullface": "south"}
			}
		},
		{
			"from": [4, 9, 15],
			"to": [6, 13, 15.75],
			"faces": {
				"north": {"uv": [0, 0, 2, 5], "texture": "#missing", "cullface": "south"},
				"east": {"uv": [5, 3, 5.75, 7], "texture": "#side", "cullface": "south"},
				"south": {"uv": [4, 3, 6, 7], "texture": "#side", "cullface": "south"},
				"west": {"uv": [4, 3, 4.75, 7], "texture": "#side", "cullface": "south"},
				"up": {"uv": [4, 3, 6, 4], "rotation": 180, "texture": "#side", "cullface": "south"},
				"down": {"uv": [0, 0, 2, 1], "rotation": 180, "texture": "#missing", "cullface": "south"}
			}
		},
		{
			"from": [1, 9, 15],
			"to": [3, 14, 15.75],
			"faces": {
				"north": {"uv": [1, 3, 2, 7], "texture": "#missing", "cullface": "south"},
				"east": {"uv": [1, 2, 1.75, 7], "texture": "#side", "cullface": "south"},
				"south": {"uv": [1, 2, 3, 7], "texture": "#side", "cullface": "south"},
				"west": {"uv": [1, 2, 1.75, 7], "texture": "#side", "cullface": "south"},
				"up": {"uv": [1, 3, 3, 3.75], "rotation": 180, "texture": "#side", "cullface": "south"},
				"down": {"uv": [1, 6, 2, 7], "rotation": 180, "texture": "#missing", "cullface": "south"}
			}
		},
		{
			"from": [3, 9, 15],
			"to": [4, 12, 15.5],
			"faces": {
				"north": {"uv": [0, 0, 1, 3], "texture": "#missing", "cullface": "south"},
				"east": {"uv": [3, 4, 4, 7], "texture": "#side", "cullface": "south"},
				"south": {"uv": [3, 4, 4, 7], "texture": "#side", "cullface": "south"},
				"west": {"uv": [0, 0, 1, 3], "texture": "#missing", "cullface": "south"},
				"up": {"uv": [3, 4, 4, 5], "rotation": 180, "texture": "#side", "cullface": "south"},
				"down": {"uv": [3, 5, 4, 6], "rotation": 180, "texture": "#side", "cullface": "south"}
			}
		},
		{
			"from": [15, 1, 1],
			"to": [15.25, 5, 3],
			"faces": {
				"north": {"uv": [13, 11, 15, 15], "texture": "#side", "cullface": "east"},
				"east": {"uv": [13, 11, 15, 15], "texture": "#side", "cullface": "east"},
				"south": {"uv": [13, 11, 14, 15], "texture": "#side", "cullface": "east"},
				"west": {"uv": [13, 11, 15, 15], "texture": "#side", "cullface": "east"},
				"up": {"uv": [15, 11, 13, 12], "rotation": 90, "texture": "#side", "cullface": "east"},
				"down": {"uv": [13, 11, 15, 15], "rotation": 270, "texture": "#side", "cullface": "east"}
			}
		},
		{
			"from": [15, 1, 3],
			"to": [15.75, 6, 5],
			"faces": {
				"north": {"uv": [12, 10, 13, 15], "texture": "#side", "cullface": "east"},
				"east": {"uv": [11, 10, 13, 15], "texture": "#side", "cullface": "east"},
				"south": {"uv": [11, 10, 12, 15], "texture": "#side", "cullface": "east"},
				"west": {"uv": [11, 10, 13, 15], "texture": "#missing", "cullface": "east"},
				"up": {"uv": [13, 10, 11, 11], "rotation": 90, "texture": "#side", "cullface": "east"},
				"down": {"uv": [0, 0, 2, 1], "rotation": 270, "texture": "#missing", "cullface": "east"}
			}
		},
		{
			"from": [15, 1, 8],
			"to": [15.75, 7, 10],
			"faces": {
				"north": {"uv": [7, 9, 8, 15], "texture": "#side", "cullface": "east"},
				"east": {"uv": [6, 9, 8, 15], "texture": "#side", "cullface": "east"},
				"south": {"uv": [6, 9, 7, 15], "texture": "#side", "cullface": "east"},
				"west": {"uv": [6, 9, 8, 15], "texture": "#missing", "cullface": "east"},
				"up": {"uv": [6, 9, 8, 10], "rotation": 90, "texture": "#side", "cullface": "east"},
				"down": {"uv": [0, 0, 2, 1], "rotation": 270, "texture": "#missing", "cullface": "east"}
			}
		},
		{
			"from": [15, 1, 10],
			"to": [15.25, 6, 12],
			"faces": {
				"north": {"uv": [5, 10, 6, 15], "texture": "#side", "cullface": "east"},
				"east": {"uv": [4, 10, 6, 15], "texture": "#side", "cullface": "east"},
				"south": {"uv": [4, 10, 5, 15], "texture": "#side", "cullface": "east"},
				"west": {"uv": [4, 10, 6, 15], "texture": "#missing", "cullface": "east"},
				"up": {"uv": [6, 10, 4, 11], "rotation": 90, "texture": "#side", "cullface": "east"},
				"down": {"uv": [0, 0, 2, 1], "rotation": 270, "texture": "#missing", "cullface": "east"}
			}
		},
		{
			"from": [15, 1, 12],
			"to": [15.75, 6, 13],
			"faces": {
				"north": {"uv": [3, 10, 3.75, 15], "texture": "#side", "cullface": "east"},
				"east": {"uv": [3, 10, 4, 15], "texture": "#side", "cullface": "east"},
				"south": {"uv": [3, 10, 3.75, 15], "texture": "#side", "cullface": "east"},
				"west": {"uv": [0, 0, 1, 4], "texture": "#missing", "cullface": "east"},
				"up": {"uv": [3, 11, 4, 11.75], "rotation": 90, "texture": "#side", "cullface": "east"},
				"down": {"uv": [0, 0, 1, 1], "rotation": 270, "texture": "#missing", "cullface": "east"}
			}
		},
		{
			"from": [15, 1, 13],
			"to": [15.5, 5, 15],
			"faces": {
				"north": {"uv": [2, 11, 2.5, 15], "texture": "#side", "cullface": "east"},
				"east": {"uv": [1, 11, 3, 15], "texture": "#side", "cullface": "east"},
				"south": {"uv": [1, 11, 1.5, 15], "texture": "#side", "cullface": "east"},
				"west": {"uv": [1, 10, 3, 15], "texture": "#missing", "cullface": "east"},
				"up": {"uv": [3, 11, 1, 12], "rotation": 90, "texture": "#side", "cullface": "east"},
				"down": {"uv": [0, 0, 2, 1], "rotation": 270, "texture": "#missing", "cullface": "east"}
			}
		},
		{
			"from": [15, 1, 5],
			"to": [15.5, 3, 6],
			"faces": {
				"north": {"uv": [10, 13, 10.5, 15], "texture": "#side", "cullface": "east"},
				"east": {"uv": [10, 13, 11, 15], "texture": "#side", "cullface": "east"},
				"south": {"uv": [0, 0, 1, 3], "texture": "#missing", "cullface": "east"},
				"west": {"uv": [0, 0, 1, 3], "texture": "#missing", "cullface": "east"},
				"up": {"uv": [10, 13, 11, 14], "rotation": 90, "texture": "#side", "cullface": "east"},
				"down": {"uv": [0, 0, 1, 1], "rotation": 270, "texture": "#missing", "cullface": "east"}
			}
		},
		{
			"from": [15, 1, 6],
			"to": [15.5, 5, 7],
			"faces": {
				"north": {"uv": [9, 11, 10, 15], "texture": "#side", "cullface": "east"},
				"east": {"uv": [9, 11, 10, 15], "texture": "#side", "cullface": "east"},
				"south": {"uv": [9, 11, 10, 15], "texture": "#side", "cullface": "east"},
				"west": {"uv": [0, 0, 1, 4], "texture": "#missing", "cullface": "east"},
				"up": {"uv": [9, 11, 10, 12], "rotation": 90, "texture": "#side", "cullface": "east"},
				"down": {"uv": [0, 0, 1, 1], "rotation": 270, "texture": "#missing", "cullface": "east"}
			}
		},
		{
			"from": [15, 3, 7],
			"to": [15.5, 6, 8],
			"faces": {
				"north": {"uv": [8, 10, 9, 13], "texture": "#side", "cullface": "east"},
				"east": {"uv": [8, 10, 9, 13], "texture": "#side", "cullface": "east"},
				"south": {"uv": [8, 10, 9, 13], "texture": "#side", "cullface": "east"},
				"west": {"uv": [0, 0, 1, 3], "texture": "#missing", "cullface": "east"},
				"up": {"uv": [8, 10, 9, 11], "rotation": 90, "texture": "#side", "cullface": "east"},
				"down": {"uv": [8, 12, 9, 13], "rotation": 270, "texture": "#side", "cullface": "east"}
			}
		},
		{
			"from": [15, 9, 1],
			"to": [15.75, 11, 7],
			"faces": {
				"north": {"uv": [0, 0, 1, 4], "texture": "#missing", "cullface": "east"},
				"east": {"uv": [9, 5, 15, 7], "texture": "#side", "cullface": "east"},
				"south": {"uv": [9, 5, 9.75, 7], "texture": "#side", "cullface": "east"},
				"west": {"uv": [0, 0, 1, 4], "texture": "#missing", "cullface": "east"},
				"up": {"uv": [9, 5, 15, 5.75], "rotation": 90, "texture": "#side", "cullface": "east"},
				"down": {"uv": [0, 0, 1, 1], "rotation": 270, "texture": "#missing", "cullface": "east"}
			}
		},
		{
			"from": [15, 11, 1],
			"to": [15.75, 13, 6],
			"faces": {
				"north": {"uv": [11, 3, 11.75, 5], "texture": "#side", "cullface": "east"},
				"east": {"uv": [10, 3, 15, 5], "texture": "#side", "cullface": "east"},
				"south": {"uv": [10, 3, 10.75, 5], "texture": "#side", "cullface": "east"},
				"west": {"uv": [0, 0, 2, 5], "texture": "#missing", "cullface": "east"},
				"up": {"uv": [10, 3, 15, 3.75], "rotation": 90, "texture": "#side", "cullface": "east"},
				"down": {"uv": [0, 0, 2, 1], "rotation": 270, "texture": "#missing", "cullface": "east"}
			}
		},
		{
			"from": [15, 9, 8],
			"to": [15.5, 15, 10],
			"faces": {
				"north": {"uv": [6, 1, 6.5, 7], "texture": "#side", "cullface": "east"},
				"east": {"uv": [6, 1, 8, 7], "texture": "#side", "cullface": "east"},
				"south": {"uv": [6, 1, 6.5, 7], "texture": "#side", "cullface": "east"},
				"west": {"uv": [0, 0, 1, 3], "texture": "#missing", "cullface": "east"},
				"up": {"uv": [6, 4, 7, 5], "rotation": 90, "texture": "#side", "cullface": "east"},
				"down": {"uv": [0, 0, 1, 1], "rotation": 270, "texture": "#missing", "cullface": "east"}
			}
		},
		{
			"from": [15, 9, 10],
			"to": [15.75, 13, 12],
			"faces": {
				"north": {"uv": [5, 3, 5.75, 7], "texture": "#side", "cullface": "east"},
				"east": {"uv": [4, 3, 6, 7], "texture": "#side", "cullface": "east"},
				"south": {"uv": [4, 3, 4.75, 7], "texture": "#side", "cullface": "east"},
				"west": {"uv": [0, 0, 2, 5], "texture": "#missing", "cullface": "east"},
				"up": {"uv": [4, 3, 6, 4], "rotation": 90, "texture": "#side", "cullface": "east"},
				"down": {"uv": [0, 0, 2, 1], "rotation": 270, "texture": "#missing", "cullface": "east"}
			}
		},
		{
			"from": [15, 9, 13],
			"to": [15.75, 14, 15],
			"faces": {
				"north": {"uv": [1, 2, 1.75, 7], "texture": "#side", "cullface": "east"},
				"east": {"uv": [1, 2, 3, 7], "texture": "#side", "cullface": "east"},
				"south": {"uv": [1, 2, 1.75, 7], "texture": "#side", "cullface": "east"},
				"west": {"uv": [1, 3, 2, 7], "texture": "#missing", "cullface": "east"},
				"up": {"uv": [1, 3, 3, 3.75], "rotation": 90, "texture": "#side", "cullface": "east"},
				"down": {"uv": [1, 6, 2, 7], "rotation": 270, "texture": "#missing", "cullface": "east"}
			}
		},
		{
			"from": [15, 9, 12],
			"to": [15.5, 12, 13],
			"faces": {
				"north": {"uv": [3, 4, 4, 7], "texture": "#side", "cullface": "east"},
				"east": {"uv": [3, 4, 4, 7], "texture": "#side", "cullface": "east"},
				"south": {"uv": [0, 0, 1, 3], "texture": "#missing", "cullface": "east"},
				"west": {"uv": [0, 0, 1, 3], "texture": "#missing", "cullface": "east"},
				"up": {"uv": [3, 4, 4, 5], "rotation": 90, "texture": "#side", "cullface": "east"},
				"down": {"uv": [3, 5, 4, 6], "rotation": 270, "texture": "#side", "cullface": "east"}
			}
		}
	],
	"groups": [
		{
			"name": "group",
			"origin": [8, 8, 8],
			"color": 0,
			"children": [
				{
					"name": "group",
					"origin": [8, 8, 8],
					"color": 0,
					"children": [0, 1, 2, 3, 4, 5, 6, 7, 8, 9, 10]
				},
				{
					"name": "group",
					"origin": [8, 8, 8],
					"color": 0,
					"children": [11]
				},
				{
					"name": "group",
					"origin": [8, 8, 8],
					"color": 0,
					"children": [
						{
							"name": "group",
							"origin": [8, 8, 8],
							"color": 0,
							"children": [
								12,
								13,
								14,
								15,
								16,
								17,
								{
									"name": "group",
									"origin": [8, 8, 8],
									"color": 0,
									"children": [18, 19, 20]
								}
							]
						},
						{
							"name": "group",
							"origin": [8, 8, 8],
							"color": 0,
							"children": [21, 22, 23, 24, 25, 26]
						}
					]
				},
				{
					"name": "group",
					"origin": [8, 8, 8],
					"color": 0,
					"children": [
						{
							"name": "group",
							"origin": [8, 8, 8],
							"color": 0,
							"children": [
								27,
								28,
								29,
								30,
								31,
								32,
								{
									"name": "group",
									"origin": [8, 8, 8],
									"color": 0,
									"children": [33, 34, 35]
								}
							]
						},
						{
							"name": "group",
							"origin": [8, 8, 8],
							"color": 0,
							"children": [36, 37, 38, 39, 40, 41]
						}
					]
				},
				{
					"name": "group",
					"origin": [8, 8, 8],
					"color": 0,
					"children": [
						{
							"name": "group",
							"origin": [8, 8, 8],
							"color": 0,
							"children": [
								42,
								43,
								44,
								45,
								46,
								47,
								{
									"name": "group",
									"origin": [8, 8, 8],
									"color": 0,
									"children": [48, 49, 50]
								}
							]
						},
						{
							"name": "group",
							"origin": [8, 8, 8],
							"color": 0,
							"children": [51, 52, 53, 54, 55, 56]
						}
					]
				},
				{
					"name": "group",
					"origin": [8, 8, 8],
					"color": 0,
					"children": [
						{
							"name": "group",
							"origin": [8, 8, 8],
							"color": 0,
							"children": [
								57,
								58,
								59,
								60,
								61,
								62,
								{
									"name": "group",
									"origin": [8, 8, 8],
									"color": 0,
									"children": [63, 64, 65]
								}
							]
						},
						{
							"name": "group",
							"origin": [8, 8, 8],
							"color": 0,
							"children": [66, 67, 68, 69, 70, 71]
						}
					]
				}
			]
		}
	]
}