{
	"credit": "Made with Blockbench",
	"parent": "minecraft:block/cube_column",
	"textures": {
		"end": "block/oak_planks",
		"side": "block/variated/bookshelf6"
	},
	"elements": [
		{
			"from": [0, 0, 0],
			"to": [16, 1, 16],
			"faces": {
				"north": {"uv": [0, 15, 16, 16], "texture": "#side"},
				"east": {"uv": [0, 15, 16, 16], "texture": "#side"},
				"south": {"uv": [0, 15, 16, 16], "texture": "#side"},
				"west": {"uv": [0, 15, 16, 16], "texture": "#side"},
				"up": {"uv": [0, 0, 16, 16], "texture": "#end"},
				"down": {"uv": [0, 0, 16, 16], "texture": "#end"}
			}
		},
		{
			"from": [0, 7, 0],
			"to": [16, 9, 16],
			"faces": {
				"north": {"uv": [0, 7, 16, 9], "texture": "#side"},
				"east": {"uv": [0, 7, 16, 9], "texture": "#side"},
				"south": {"uv": [0, 7, 16, 9], "texture": "#side"},
				"west": {"uv": [0, 7, 16, 9], "texture": "#side"},
				"up": {"uv": [0, 0, 16, 16], "texture": "#end"},
				"down": {"uv": [0, 0, 16, 16], "texture": "#end"}
			}
		},
		{
			"from": [0, 15, 0],
			"to": [16, 16, 16],
			"faces": {
				"north": {"uv": [0, 0, 16, 1], "texture": "#side"},
				"east": {"uv": [0, 0, 16, 1], "texture": "#side"},
				"south": {"uv": [0, 0, 16, 1], "texture": "#side"},
				"west": {"uv": [0, 0, 16, 1], "texture": "#side"},
				"up": {"uv": [0, 0, 16, 16], "texture": "#end"},
				"down": {"uv": [0, 0, 16, 16], "texture": "#end"}
			}
		},
		{
			"from": [0, 9, 0],
			"to": [1, 15, 1],
			"faces": {
				"north": {"uv": [15, 1, 16, 7], "texture": "#side"},
				"east": {"uv": [15, 1, 16, 7], "texture": "#side"},
				"south": {"uv": [0, 1, 1, 7], "texture": "#side"},
				"west": {"uv": [0, 1, 1, 7], "texture": "#side"},
				"up": {"uv": [0, 0, 1, 1], "texture": "#end"},
				"down": {"uv": [0, 15, 1, 16], "texture": "#end"}
			}
		},
		{
			"from": [0, 9, 15],
			"to": [1, 15, 16],
			"faces": {
				"north": {"uv": [15, 1, 16, 7], "texture": "#side"},
				"east": {"uv": [0, 1, 1, 7], "texture": "#side"},
				"south": {"uv": [0, 1, 1, 7], "texture": "#side"},
				"west": {"uv": [15, 1, 16, 7], "texture": "#side"},
				"up": {"uv": [0, 15, 1, 16], "texture": "#end"},
				"down": {"uv": [0, 0, 1, 1], "texture": "#end"}
			}
		},
		{
			"from": [15, 9, 15],
			"to": [16, 15, 16],
			"faces": {
				"north": {"uv": [0, 1, 1, 7], "texture": "#side"},
				"east": {"uv": [0, 1, 1, 7], "texture": "#side"},
				"south": {"uv": [15, 1, 16, 7], "texture": "#side"},
				"west": {"uv": [15, 1, 16, 7], "texture": "#side"},
				"up": {"uv": [15, 15, 16, 16], "texture": "#end"},
				"down": {"uv": [15, 0, 16, 1], "texture": "#end"}
			}
		},
		{
			"from": [15, 9, 0],
			"to": [16, 15, 1],
			"faces": {
				"north": {"uv": [0, 1, 1, 7], "texture": "#side"},
				"east": {"uv": [15, 1, 16, 7], "texture": "#side"},
				"south": {"uv": [15, 1, 16, 7], "texture": "#side"},
				"west": {"uv": [0, 1, 1, 7], "texture": "#side"},
				"up": {"uv": [15, 0, 16, 1], "texture": "#end"},
				"down": {"uv": [15, 15, 16, 16], "texture": "#end"}
			}
		},
		{
			"from": [15, 1, 0],
			"to": [16, 7, 1],
			"faces": {
				"north": {"uv": [0, 9, 1, 15], "texture": "#side"},
				"east": {"uv": [15, 9, 16, 15], "texture": "#side"},
				"south": {"uv": [15, 9, 16, 15], "texture": "#side"},
				"west": {"uv": [0, 9, 1, 15], "texture": "#side"},
				"up": {"uv": [15, 0, 16, 1], "texture": "#end"},
				"down": {"uv": [15, 15, 16, 16], "texture": "#end"}
			}
		},
		{
			"from": [15, 1, 15],
			"to": [16, 7, 16],
			"faces": {
				"north": {"uv": [0, 9, 1, 15], "texture": "#side"},
				"east": {"uv": [0, 9, 1, 15], "texture": "#side"},
				"south": {"uv": [15, 9, 16, 15], "texture": "#side"},
				"west": {"uv": [15, 9, 16, 15], "texture": "#side"},
				"up": {"uv": [15, 15, 16, 16], "texture": "#end"},
				"down": {"uv": [15, 0, 16, 1], "texture": "#end"}
			}
		},
		{
			"from": [0, 1, 15],
			"to": [1, 7, 16],
			"faces": {
				"north": {"uv": [15, 9, 16, 15], "texture": "#side"},
				"east": {"uv": [0, 9, 1, 15], "texture": "#side"},
				"south": {"uv": [0, 9, 1, 15], "texture": "#side"},
				"west": {"uv": [15, 9, 16, 15], "texture": "#side"},
				"up": {"uv": [0, 15, 1, 16], "texture": "#end"},
				"down": {"uv": [0, 0, 1, 1], "texture": "#end"}
			}
		},
		{
			"from": [0, 1, 0],
			"to": [1, 7, 1],
			"faces": {
				"north": {"uv": [15, 9, 16, 15], "texture": "#side"},
				"east": {"uv": [15, 9, 16, 15], "texture": "#side"},
				"south": {"uv": [0, 9, 1, 15], "texture": "#side"},
				"west": {"uv": [0, 9, 1, 15], "texture": "#side"},
				"up": {"uv": [0, 0, 1, 1], "texture": "#end"},
				"down": {"uv": [0, 15, 1, 16], "texture": "#end"}
			}
		},
		{
			"from": [1, 1, 1],
			"to": [15, 15, 15],
			"faces": {
				"north": {"uv": [1, 1, 15, 15], "texture": "#side", "cullface": "north"},
				"east": {"uv": [1, 1, 15, 15], "texture": "#side", "cullface": "east"},
				"south": {"uv": [1, 1, 15, 15], "texture": "#side", "cullface": "south"},
				"west": {"uv": [1, 1, 15, 15], "texture": "#side", "cullface": "west"}
			}
		},
		{
			"from": [14, 1, 0.25],
			"to": [15, 6, 1],
			"faces": {
				"north": {"uv": [1, 10, 2, 15], "texture": "#side", "cullface": "north"},
				"east": {"uv": [1, 10, 1.75, 15], "texture": "#side", "cullface": "north"},
				"south": {"uv": [11, 10, 13, 15], "texture": "#missing", "cullface": "north"},
				"west": {"uv": [1, 10, 1.75, 15], "texture": "#side", "cullface": "north"},
				"up": {"uv": [2, 11, 1, 11.75], "texture": "#side", "cullface": "north"},
				"down": {"uv": [0, 0, 2, 1], "texture": "#missing", "cullface": "north"}
			}
		},
		{
			"from": [12, 1, 0.5],
			"to": [14, 5, 1.25],
			"faces": {
				"north": {"uv": [2, 11, 4, 15], "texture": "#side", "cullface": "north"},
				"east": {"uv": [2, 11, 2.75, 15], "texture": "#side", "cullface": "north"},
				"south": {"uv": [11, 10, 13, 15], "texture": "#missing", "cullface": "north"},
				"west": {"uv": [2, 11, 2.75, 15], "texture": "#side", "cullface": "north"},
				"up": {"uv": [4, 11, 2, 11.75], "texture": "#side", "cullface": "north"},
				"down": {"uv": [0, 0, 2, 1], "texture": "#missing", "cullface": "north"}
			}
		},
		{
			"from": [10, 1, -0.5],
			"to": [12, 7, 1.5],
			"faces": {
				"north": {"uv": [4, 9, 6, 15], "texture": "#side", "cullface": "north"},
				"east": {"uv": [4, 9, 5, 15], "texture": "#side", "cullface": "north"},
				"south": {"uv": [11, 10, 13, 15], "texture": "#missing", "cullface": "north"},
				"west": {"uv": [5, 9, 6, 15], "texture": "#side", "cullface": "north"},
				"up": {"uv": [6, 9, 4, 10], "texture": "#side", "cullface": "north"},
				"down": {"uv": [4, 14, 6, 15], "texture": "#side", "cullface": "north"}
			}
		},
		{
			"from": [9, 3, 0.5],
			"to": [10, 5, 1.5],
			"faces": {
				"north": {"uv": [6, 11, 7, 13], "texture": "#side", "cullface": "north"},
				"east": {"uv": [6, 11, 7, 13], "texture": "#side", "cullface": "north"},
				"south": {"uv": [11, 10, 13, 15], "texture": "#missing", "cullface": "north"},
				"west": {"uv": [6, 11, 7, 13], "texture": "#side", "cullface": "north"},
				"up": {"uv": [7, 11, 6, 12], "texture": "#side", "cullface": "north"},
				"down": {"uv": [6, 12, 7, 13], "texture": "#side", "cullface": "north"}
			}
		},
		{
			"from": [8, 1, 0.5],
			"to": [9, 6, 1.5],
			"faces": {
				"north": {"uv": [7, 10, 8, 15], "texture": "#side", "cullface": "north"},
				"east": {"uv": [7, 10, 8, 15], "texture": "#side", "cullface": "north"},
				"south": {"uv": [11, 10, 13, 15], "texture": "#missing", "cullface": "north"},
				"west": {"uv": [7, 10, 8, 15], "texture": "#side", "cullface": "north"},
				"up": {"uv": [8, 10, 7, 11], "texture": "#side", "cullface": "north"}
			}
		},
		{
			"from": [7, 1, 0.5],
			"to": [8, 5, 1.5],
			"faces": {
				"north": {"uv": [8, 11, 9, 15], "texture": "#side", "cullface": "north"},
				"east": {"uv": [8, 11, 9, 15], "texture": "#side", "cullface": "north"},
				"south": {"uv": [11, 10, 13, 15], "texture": "#missing", "cullface": "north"},
				"west": {"uv": [8, 11, 9, 15], "texture": "#side", "cullface": "north"},
				"up": {"uv": [8, 11, 9, 12], "texture": "#side", "cullface": "north"}
			}
		},
		{
			"from": [6, 1, 0.5],
			"to": [7, 3, 1.5],
			"faces": {
				"north": {"uv": [9, 13, 10, 15], "texture": "#side", "cullface": "north"},
				"east": {"uv": [9, 13, 10, 15], "texture": "#side", "cullface": "north"},
				"south": {"uv": [11, 10, 13, 15], "texture": "#missing", "cullface": "north"},
				"west": {"uv": [9, 13, 10, 15], "texture": "#side", "cullface": "north"},
				"up": {"uv": [9, 13, 10, 14], "texture": "#side", "cullface": "north"}
			}
		},
		{
			"from": [4, 1, 0.5],
			"to": [6, 6, 1.5],
			"faces": {
				"north": {"uv": [10, 10, 12, 15], "texture": "#side", "cullface": "north"},
				"east": {"uv": [10, 10, 11, 15], "texture": "#side", "cullface": "north"},
				"south": {"uv": [11, 10, 13, 15], "texture": "#missing", "cullface": "north"},
				"west": {"uv": [11, 10, 12, 15], "texture": "#side", "cullface": "north"},
				"up": {"uv": [10, 10, 12, 11], "texture": "#side", "cullface": "north"}
			}
		},
		{
			"from": [2, 1, 0.25],
			"to": [4, 7, 1.25],
			"faces": {
				"north": {"uv": [12, 9, 14, 15], "texture": "#side", "cullface": "north"},
				"east": {"uv": [12, 9, 13, 15], "texture": "#side", "cullface": "north"},
				"south": {"uv": [11, 10, 13, 15], "texture": "#missing", "cullface": "north"},
				"west": {"uv": [13, 9, 14, 15], "texture": "#side", "cullface": "north"},
				"up": {"uv": [12, 9, 14, 10], "texture": "#side", "cullface": "north"}
			}
		},
		{
			"from": [1, 1, 0.75],
			"to": [2, 5, 1.75],
			"faces": {
				"north": {"uv": [14, 11, 15, 15], "texture": "#side", "cullface": "north"},
				"east": {"uv": [14, 11, 15, 15], "texture": "#side", "cullface": "north"},
				"south": {"uv": [11, 10, 13, 15], "texture": "#missing", "cullface": "north"},
				"west": {"uv": [14, 11, 15, 15], "texture": "#side", "cullface": "north"},
				"up": {"uv": [14, 11, 15, 12], "texture": "#side", "cullface": "north"}
			}
		},
		{
			"from": [14, 9, 0],
			"to": [15, 14, 1],
			"faces": {
				"north": {"uv": [1, 2, 2, 7], "texture": "#side", "cullface": "north"},
				"east": {"uv": [1, 2, 2, 7], "texture": "#side", "cullface": "north"},
				"south": {"uv": [1, 3, 3, 8], "texture": "#missing", "cullface": "north"},
				"west": {"uv": [1, 2, 2, 7], "texture": "#side", "cullface": "north"},
				"up": {"uv": [1, 2, 2, 3], "texture": "#side", "cullface": "north"}
			}
		},
		{
			"from": [13, 9, 0.25],
			"to": [14, 13, 1.25],
			"faces": {
				"north": {"uv": [2, 3, 3, 7], "texture": "#side", "cullface": "north"},
				"east": {"uv": [2, 3, 3, 7], "texture": "#side", "cullface": "north"},
				"south": {"uv": [1, 3, 3, 8], "texture": "#missing", "cullface": "north"},
				"west": {"uv": [2, 3, 3, 7], "texture": "#side", "cullface": "north"},
				"up": {"uv": [2, 3, 3, 4], "texture": "#side", "cullface": "north"}
			}
		},
		{
			"from": [11, 9, 0.5],
			"to": [13, 14, 1.5],
			"faces": {
				"north": {"uv": [3, 2, 5, 7], "texture": "#side", "cullface": "north"},
				"east": {"uv": [3, 2, 4, 7], "texture": "#side", "cullface": "north"},
				"south": {"uv": [1, 3, 3, 8], "texture": "#missing", "cullface": "north"},
				"west": {"uv": [4, 2, 5, 7], "texture": "#side", "cullface": "north"},
				"up": {"uv": [3, 2, 5, 3], "texture": "#side", "cullface": "north"}
			}
		},
		{
			"from": [9, 9, 0],
			"to": [11, 15, 1],
			"faces": {
				"north": {"uv": [5, 1, 7, 7], "texture": "#side", "cullface": "north"},
				"east": {"uv": [5, 1, 6, 7], "texture": "#side", "cullface": "north"},
				"south": {"uv": [1, 3, 3, 8], "texture": "#missing", "cullface": "north"},
				"west": {"uv": [5, 1, 6, 7], "texture": "#side", "cullface": "north"},
				"up": {"uv": [5, 1, 7, 2], "texture": "#side", "cullface": "north"}
			}
		},
		{
			"from": [8, 9, 0.5],
			"to": [9, 11, 1.5],
			"faces": {
				"north": {"uv": [7, 5, 8, 7], "texture": "#side", "cullface": "north"},
				"east": {"uv": [7, 5, 8, 7], "texture": "#side", "cullface": "north"},
				"south": {"uv": [1, 3, 3, 8], "texture": "#missing", "cullface": "north"},
				"west": {"uv": [7, 5, 8, 7], "texture": "#side", "cullface": "north"},
				"up": {"uv": [7, 5, 8, 6], "texture": "#side", "cullface": "north"}
			}
		},
		{
			"from": [7, 10, 0.5],
			"to": [8, 13, 1.5],
			"faces": {
				"north": {"uv": [8, 3, 9, 6], "texture": "#side", "cullface": "north"},
				"east": {"uv": [8, 3, 9, 6], "texture": "#side", "cullface": "north"},
				"south": {"uv": [1, 3, 3, 8], "texture": "#missing", "cullface": "north"},
				"west": {"uv": [8, 3, 9, 6], "texture": "#side", "cullface": "north"},
				"up": {"uv": [8, 3, 9, 4], "texture": "#side", "cullface": "north"},
				"down": {"uv": [8, 5, 9, 6], "texture": "#side", "cullface": "north"}
			}
		},
		{
			"from": [5, 9, 0],
			"to": [7, 14, 1],
			"faces": {
				"north": {"uv": [9, 2, 11, 7], "texture": "#side", "cullface": "north"},
				"east": {"uv": [9, 2, 10, 7], "texture": "#side", "cullface": "north"},
				"south": {"uv": [1, 3, 3, 8], "texture": "#missing", "cullface": "north"},
				"west": {"uv": [10, 2, 11, 7], "texture": "#side", "cullface": "north"},
				"up": {"uv": [9, 2, 11, 3], "texture": "#side", "cullface": "north"}
			}
		},
		{
			"from": [4, 9, 0.5],
			"to": [5, 13, 1.5],
			"faces": {
				"north": {"uv": [11, 3, 12, 7], "texture": "#side", "cullface": "north"},
				"east": {"uv": [11, 3, 12, 7], "texture": "#side", "cullface": "north"},
				"south": {"uv": [1, 3, 3, 8], "texture": "#missing", "cullface": "north"},
				"west": {"uv": [11, 3, 12, 7], "texture": "#side", "cullface": "north"},
				"up": {"uv": [11, 3, 12, 4], "texture": "#side", "cullface": "north"}
			}
		},
		{
			"from": [2, 9, 0.25],
			"to": [4, 15, 1.25],
			"faces": {
				"north": {"uv": [12, 1, 14, 7], "texture": "#side", "cullface": "north"},
				"east": {"uv": [12, 1, 13, 7], "texture": "#side", "cullface": "north"},
				"south": {"uv": [1, 3, 3, 8], "texture": "#missing", "cullface": "north"},
				"west": {"uv": [13, 1, 14, 7], "texture": "#side", "cullface": "north"},
				"up": {"uv": [12, 1, 14, 2], "texture": "#side", "cullface": "north"}
			}
		},
		{
			"from": [1, 9, 0.5],
			"to": [2, 13, 1.5],
			"faces": {
				"north": {"uv": [14, 3, 15, 7], "texture": "#side", "cullface": "north"},
				"east": {"uv": [14, 3, 15, 7], "texture": "#side", "cullface": "north"},
				"south": {"uv": [1, 3, 3, 8], "texture": "#missing", "cullface": "north"},
				"west": {"uv": [14, 3, 15, 7], "texture": "#side", "cullface": "north"},
				"up": {"uv": [14, 3, 15, 4], "texture": "#side", "cullface": "north"}
			}
		},
		{
			"from": [0.25, 1, 1],
			"to": [1, 6, 2],
			"faces": {
				"north": {"uv": [1, 10, 1.75, 15], "texture": "#side", "cullface": "west"},
				"east": {"uv": [11, 10, 13, 15], "texture": "#missing", "cullface": "west"},
				"south": {"uv": [1, 10, 1.75, 15], "texture": "#side", "cullface": "west"},
				"west": {"uv": [1, 10, 2, 15], "texture": "#side", "cullface": "west"},
				"up": {"uv": [2, 11, 1, 11.75], "rotation": 270, "texture": "#side", "cullface": "west"},
				"down": {"uv": [0, 0, 2, 1], "rotation": 90, "texture": "#missing", "cullface": "west"}
			}
		},
		{
			"from": [0.5, 1, 2],
			"to": [1.25, 5, 4],
			"faces": {
				"north": {"uv": [2, 11, 2.75, 15], "texture": "#side", "cullface": "west"},
				"east": {"uv": [11, 10, 13, 15], "texture": "#missing", "cullface": "west"},
				"south": {"uv": [2, 11, 2.75, 15], "texture": "#side", "cullface": "west"},
				"west": {"uv": [2, 11, 4, 15], "texture": "#side", "cullface": "west"},
				"up": {"uv": [4, 11, 2, 11.75], "rotation": 270, "texture": "#side", "cullface": "west"},
				"down": {"uv": [0, 0, 2, 1], "rotation": 90, "texture": "#missing", "cullface": "west"}
			}
		},
		{
			"from": [-0.5, 1, 4],
			"to": [1.5, 7, 6],
			"faces": {
				"north": {"uv": [4, 9, 5, 15], "texture": "#side", "cullface": "west"},
				"east": {"uv": [11, 10, 13, 15], "texture": "#missing", "cullface": "west"},
				"south": {"uv": [5, 9, 6, 15], "texture": "#side", "cullface": "west"},
				"west": {"uv": [4, 9, 6, 15], "texture": "#side", "cullface": "west"},
				"up": {"uv": [6, 9, 4, 10], "rotation": 270, "texture": "#side", "cullface": "west"},
				"down": {"uv": [4, 14, 6, 15], "rotation": 90, "texture": "#side", "cullface": "west"}
			}
		},
		{
			"from": [0.5, 3, 6],
			"to": [1.5, 5, 7],
			"faces": {
				"north": {"uv": [6, 11, 7, 13], "texture": "#side", "cullface": "west"},
				"east": {"uv": [11, 10, 13, 15], "texture": "#missing", "cullface": "west"},
				"south": {"uv": [6, 11, 7, 13], "texture": "#side", "cullface": "west"},
				"west": {"uv": [6, 11, 7, 13], "texture": "#side", "cullface": "west"},
				"up": {"uv": [7, 11, 6, 12], "rotation": 270, "texture": "#side", "cullface": "west"},
				"down": {"uv": [6, 12, 7, 13], "rotation": 90, "texture": "#side", "cullface": "west"}
			}
		},
		{
			"from": [0.5, 1, 7],
			"to": [1.5, 6, 8],
			"faces": {
				"north": {"uv": [7, 10, 8, 15], "texture": "#side", "cullface": "west"},
				"east": {"uv": [11, 10, 13, 15], "texture": "#missing", "cullface": "west"},
				"south": {"uv": [7, 10, 8, 15], "texture": "#side", "cullface": "west"},
				"west": {"uv": [7, 10, 8, 15], "texture": "#side", "cullface": "west"},
				"up": {"uv": [8, 10, 7, 11], "rotation": 270, "texture": "#side", "cullface": "west"}
			}
		},
		{
			"from": [0.5, 1, 8],
			"to": [1.5, 5, 9],
			"faces": {
				"north": {"uv": [8, 11, 9, 15], "texture": "#side", "cullface": "west"},
				"east": {"uv": [11, 10, 13, 15], "texture": "#missing", "cullface": "west"},
				"south": {"uv": [8, 11, 9, 15], "texture": "#side", "cullface": "west"},
				"west": {"uv": [8, 11, 9, 15], "texture": "#side", "cullface": "west"},
				"up": {"uv": [8, 11, 9, 12], "rotation": 270, "texture": "#side", "cullface": "west"}
			}
		},
		{
			"from": [0.5, 1, 9],
			"to": [1.5, 3, 10],
			"faces": {
				"north": {"uv": [9, 13, 10, 15], "texture": "#side", "cullface": "west"},
				"east": {"uv": [11, 10, 13, 15], "texture": "#missing", "cullface": "west"},
				"south": {"uv": [9, 13, 10, 15], "texture": "#side", "cullface": "west"},
				"west": {"uv": [9, 13, 10, 15], "texture": "#side", "cullface": "west"},
				"up": {"uv": [9, 13, 10, 14], "rotation": 270, "texture": "#side", "cullface": "west"}
			}
		},
		{
			"from": [0.5, 1, 10],
			"to": [1.5, 6, 12],
			"faces": {
				"north": {"uv": [10, 10, 11, 15], "texture": "#side", "cullface": "west"},
				"east": {"uv": [11, 10, 13, 15], "texture": "#missing", "cullface": "west"},
				"south": {"uv": [11, 10, 12, 15], "texture": "#side", "cullface": "west"},
				"west": {"uv": [10, 10, 12, 15], "texture": "#side", "cullface": "west"},
				"up": {"uv": [10, 10, 12, 11], "rotation": 270, "texture": "#side", "cullface": "west"}
			}
		},
		{
			"from": [0.25, 1, 12],
			"to": [1.25, 7, 14],
			"faces": {
				"north": {"uv": [12, 9, 13, 15], "texture": "#side", "cullface": "west"},
				"east": {"uv": [11, 10, 13, 15], "texture": "#missing", "cullface": "west"},
				"south": {"uv": [13, 9, 14, 15], "texture": "#side", "cullface": "west"},
				"west": {"uv": [12, 9, 14, 15], "texture": "#side", "cullface": "west"},
				"up": {"uv": [12, 9, 14, 10], "rotation": 270, "texture": "#side", "cullface": "west"}
			}
		},
		{
			"from": [0.75, 1, 14],
			"to": [1.75, 5, 15],
			"faces": {
				"north": {"uv": [14, 11, 15, 15], "texture": "#side", "cullface": "west"},
				"east": {"uv": [11, 10, 13, 15], "texture": "#missing", "cullface": "west"},
				"south": {"uv": [14, 11, 15, 15], "texture": "#side", "cullface": "west"},
				"west": {"uv": [14, 11, 15, 15], "texture": "#side", "cullface": "west"},
				"up": {"uv": [14, 11, 15, 12], "rotation": 270, "texture": "#side", "cullface": "west"}
			}
		},
		{
			"from": [0, 9, 1],
			"to": [1, 14, 2],
			"faces": {
				"north": {"uv": [1, 2, 2, 7], "texture": "#side", "cullface": "west"},
				"east": {"uv": [1, 3, 3, 8], "texture": "#missing", "cullface": "west"},
				"south": {"uv": [1, 2, 2, 7], "texture": "#side", "cullface": "west"},
				"west": {"uv": [1, 2, 2, 7], "texture": "#side", "cullface": "west"},
				"up": {"uv": [1, 2, 2, 3], "rotation": 270, "texture": "#side", "cullface": "west"}
			}
		},
		{
			"from": [0.25, 9, 2],
			"to": [1.25, 13, 3],
			"faces": {
				"north": {"uv": [2, 3, 3, 7], "texture": "#side", "cullface": "west"},
				"east": {"uv": [1, 3, 3, 8], "texture": "#missing", "cullface": "west"},
				"south": {"uv": [2, 3, 3, 7], "texture": "#side", "cullface": "west"},
				"west": {"uv": [2, 3, 3, 7], "texture": "#side", "cullface": "west"},
				"up": {"uv": [2, 3, 3, 4], "rotation": 270, "texture": "#side", "cullface": "west"}
			}
		},
		{
			"from": [0.5, 9, 3],
			"to": [1.5, 14, 5],
			"faces": {
				"north": {"uv": [3, 2, 4, 7], "texture": "#side", "cullface": "west"},
				"east": {"uv": [1, 3, 3, 8], "texture": "#missing", "cullface": "west"},
				"south": {"uv": [4, 2, 5, 7], "texture": "#side", "cullface": "west"},
				"west": {"uv": [3, 2, 5, 7], "texture": "#side", "cullface": "west"},
				"up": {"uv": [3, 2, 5, 3], "rotation": 270, "texture": "#side", "cullface": "west"}
			}
		},
		{
			"from": [0, 9, 5],
			"to": [1, 15, 7],
			"faces": {
				"north": {"uv": [5, 1, 6, 7], "texture": "#side", "cullface": "west"},
				"east": {"uv": [1, 3, 3, 8], "texture": "#missing", "cullface": "west"},
				"south": {"uv": [5, 1, 6, 7], "texture": "#side", "cullface": "west"},
				"west": {"uv": [5, 1, 7, 7], "texture": "#side", "cullface": "west"},
				"up": {"uv": [5, 1, 7, 2], "rotation": 270, "texture": "#side", "cullface": "west"}
			}
		},
		{
			"from": [0.5, 9, 7],
			"to": [1.5, 11, 8],
			"faces": {
				"north": {"uv": [7, 5, 8, 7], "texture": "#side", "cullface": "west"},
				"east": {"uv": [1, 3, 3, 8], "texture": "#missing", "cullface": "west"},
				"south": {"uv": [7, 5, 8, 7], "texture": "#side", "cullface": "west"},
				"west": {"uv": [7, 5, 8, 7], "texture": "#side", "cullface": "west"},
				"up": {"uv": [7, 5, 8, 6], "rotation": 270, "texture": "#side", "cullface": "west"}
			}
		},
		{
			"from": [0.5, 10, 8],
			"to": [1.5, 13, 9],
			"faces": {
				"north": {"uv": [8, 3, 9, 6], "texture": "#side", "cullface": "west"},
				"east": {"uv": [1, 3, 3, 8], "texture": "#missing", "cullface": "west"},
				"south": {"uv": [8, 3, 9, 6], "texture": "#side", "cullface": "west"},
				"west": {"uv": [8, 3, 9, 6], "texture": "#side", "cullface": "west"},
				"up": {"uv": [8, 3, 9, 4], "rotation": 270, "texture": "#side", "cullface": "west"},
				"down": {"uv": [8, 5, 9, 6], "rotation": 90, "texture": "#side", "cullface": "west"}
			}
		},
		{
			"from": [0, 9, 9],
			"to": [1, 14, 11],
			"faces": {
				"north": {"uv": [9, 2, 10, 7], "texture": "#side", "cullface": "west"},
				"east": {"uv": [1, 3, 3, 8], "texture": "#missing", "cullface": "west"},
				"south": {"uv": [10, 2, 11, 7], "texture": "#side", "cullface": "west"},
				"west": {"uv": [9, 2, 11, 7], "texture": "#side", "cullface": "west"},
				"up": {"uv": [9, 2, 11, 3], "rotation": 270, "texture": "#side", "cullface": "west"}
			}
		},
		{
			"from": [0.5, 9, 11],
			"to": [1.5, 13, 12],
			"faces": {
				"north": {"uv": [11, 3, 12, 7], "texture": "#side", "cullface": "west"},
				"east": {"uv": [1, 3, 3, 8], "texture": "#missing", "cullface": "west"},
				"south": {"uv": [11, 3, 12, 7], "texture": "#side", "cullface": "west"},
				"west": {"uv": [11, 3, 12, 7], "texture": "#side", "cullface": "west"},
				"up": {"uv": [11, 3, 12, 4], "rotation": 270, "texture": "#side", "cullface": "west"}
			}
		},
		{
			"from": [0.25, 9, 12],
			"to": [1.25, 15, 14],
			"faces": {
				"north": {"uv": [12, 1, 13, 7], "texture": "#side", "cullface": "west"},
				"east": {"uv": [1, 3, 3, 8], "texture": "#missing", "cullface": "west"},
				"south": {"uv": [13, 1, 14, 7], "texture": "#side", "cullface": "west"},
				"west": {"uv": [12, 1, 14, 7], "texture": "#side", "cullface": "west"},
				"up": {"uv": [12, 1, 14, 2], "rotation": 270, "texture": "#side", "cullface": "west"}
			}
		},
		{
			"from": [0.5, 9, 14],
			"to": [1.5, 13, 15],
			"faces": {
				"north": {"uv": [14, 3, 15, 7], "texture": "#side", "cullface": "west"},
				"east": {"uv": [1, 3, 3, 8], "texture": "#missing", "cullface": "west"},
				"south": {"uv": [14, 3, 15, 7], "texture": "#side", "cullface": "west"},
				"west": {"uv": [14, 3, 15, 7], "texture": "#side", "cullface": "west"},
				"up": {"uv": [14, 3, 15, 4], "rotation": 270, "texture": "#side", "cullface": "west"}
			}
		},
		{
			"from": [1, 1, 15],
			"to": [2, 6, 15.75],
			"faces": {
				"north": {"uv": [11, 10, 13, 15], "texture": "#missing", "cullface": "south"},
				"east": {"uv": [1, 10, 1.75, 15], "texture": "#side", "cullface": "south"},
				"south": {"uv": [1, 10, 2, 15], "texture": "#side", "cullface": "south"},
				"west": {"uv": [1, 10, 1.75, 15], "texture": "#side", "cullface": "south"},
				"up": {"uv": [2, 11, 1, 11.75], "rotation": 180, "texture": "#side", "cullface": "south"},
				"down": {"uv": [0, 0, 2, 1], "rotation": 180, "texture": "#missing", "cullface": "south"}
			}
		},
		{
			"from": [2, 1, 14.75],
			"to": [4, 5, 15.5],
			"faces": {
				"north": {"uv": [11, 10, 13, 15], "texture": "#missing", "cullface": "south"},
				"east": {"uv": [2, 11, 2.75, 15], "texture": "#side", "cullface": "south"},
				"south": {"uv": [2, 11, 4, 15], "texture": "#side", "cullface": "south"},
				"west": {"uv": [2, 11, 2.75, 15], "texture": "#side", "cullface": "south"},
				"up": {"uv": [4, 11, 2, 11.75], "rotation": 180, "texture": "#side", "cullface": "south"},
				"down": {"uv": [0, 0, 2, 1], "rotation": 180, "texture": "#missing", "cullface": "south"}
			}
		},
		{
			"from": [4, 1, 14.5],
			"to": [6, 7, 16.5],
			"faces": {
				"north": {"uv": [11, 10, 13, 15], "texture": "#missing", "cullface": "south"},
				"east": {"uv": [5, 9, 6, 15], "texture": "#side", "cullface": "south"},
				"south": {"uv": [4, 9, 6, 15], "texture": "#side", "cullface": "south"},
				"west": {"uv": [4, 9, 5, 15], "texture": "#side", "cullface": "south"},
				"up": {"uv": [6, 9, 4, 10], "rotation": 180, "texture": "#side", "cullface": "south"},
				"down": {"uv": [4, 14, 6, 15], "rotation": 180, "texture": "#side", "cullface": "south"}
			}
		},
		{
			"from": [6, 3, 14.5],
			"to": [7, 5, 15.5],
			"faces": {
				"north": {"uv": [11, 10, 13, 15], "texture": "#missing", "cullface": "south"},
				"east": {"uv": [6, 11, 7, 13], "texture": "#side", "cullface": "south"},
				"south": {"uv": [6, 11, 7, 13], "texture": "#side", "cullface": "south"},
				"west": {"uv": [6, 11, 7, 13], "texture": "#side", "cullface": "south"},
				"up": {"uv": [7, 11, 6, 12], "rotation": 180, "texture": "#side", "cullface": "south"},
				"down": {"uv": [6, 12, 7, 13], "rotation": 180, "texture": "#side", "cullface": "south"}
			}
		},
		{
			"from": [7, 1, 14.5],
			"to": [8, 6, 15.5],
			"faces": {
				"north": {"uv": [11, 10, 13, 15], "texture": "#missing", "cullface": "south"},
				"east": {"uv": [7, 10, 8, 15], "texture": "#side", "cullface": "south"},
				"south": {"uv": [7, 10, 8, 15], "texture": "#side", "cullface": "south"},
				"west": {"uv": [7, 10, 8, 15], "texture": "#side", "cullface": "south"},
				"up": {"uv": [8, 10, 7, 11], "rotation": 180, "texture": "#side", "cullface": "south"}
			}
		},
		{
			"from": [8, 1, 14.5],
			"to": [9, 5, 15.5],
			"faces": {
				"north": {"uv": [11, 10, 13, 15], "texture": "#missing", "cullface": "south"},
				"east": {"uv": [8, 11, 9, 15], "texture": "#side", "cullface": "south"},
				"south": {"uv": [8, 11, 9, 15], "texture": "#side", "cullface": "south"},
				"west": {"uv": [8, 11, 9, 15], "texture": "#side", "cullface": "south"},
				"up": {"uv": [8, 11, 9, 12], "rotation": 180, "texture": "#side", "cullface": "south"}
			}
		},
		{
			"from": [9, 1, 14.5],
			"to": [10, 3, 15.5],
			"faces": {
				"north": {"uv": [11, 10, 13, 15], "texture": "#missing", "cullface": "south"},
				"east": {"uv": [9, 13, 10, 15], "texture": "#side", "cullface": "south"},
				"south": {"uv": [9, 13, 10, 15], "texture": "#side", "cullface": "south"},
				"west": {"uv": [9, 13, 10, 15], "texture": "#side", "cullface": "south"},
				"up": {"uv": [9, 13, 10, 14], "rotation": 180, "texture": "#side", "cullface": "south"}
			}
		},
		{
			"from": [10, 1, 14.5],
			"to": [12, 6, 15.5],
			"faces": {
				"north": {"uv": [11, 10, 13, 15], "texture": "#missing", "cullface": "south"},
				"east": {"uv": [11, 10, 12, 15], "texture": "#side", "cullface": "south"},
				"south": {"uv": [10, 10, 12, 15], "texture": "#side", "cullface": "south"},
				"west": {"uv": [10, 10, 11, 15], "texture": "#side", "cullface": "south"},
				"up": {"uv": [10, 10, 12, 11], "rotation": 180, "texture": "#side", "cullface": "south"}
			}
		},
		{
			"from": [12, 1, 14.75],
			"to": [14, 7, 15.75],
			"faces": {
				"north": {"uv": [11, 10, 13, 15], "texture": "#missing", "cullface": "south"},
				"east": {"uv": [13, 9, 14, 15], "texture": "#side", "cullface": "south"},
				"south": {"uv": [12, 9, 14, 15], "texture": "#side", "cullface": "south"},
				"west": {"uv": [12, 9, 13, 15], "texture": "#side", "cullface": "south"},
				"up": {"uv": [12, 9, 14, 10], "rotation": 180, "texture": "#side", "cullface": "south"}
			}
		},
		{
			"from": [14, 1, 14.25],
			"to": [15, 5, 15.25],
			"faces": {
				"north": {"uv": [11, 10, 13, 15], "texture": "#missing", "cullface": "south"},
				"east": {"uv": [14, 11, 15, 15], "texture": "#side", "cullface": "south"},
				"south": {"uv": [14, 11, 15, 15], "texture": "#side", "cullface": "south"},
				"west": {"uv": [14, 11, 15, 15], "texture": "#side", "cullface": "south"},
				"up": {"uv": [14, 11, 15, 12], "rotation": 180, "texture": "#side", "cullface": "south"}
			}
		},
		{
			"from": [1, 9, 15],
			"to": [2, 14, 16],
			"faces": {
				"north": {"uv": [1, 3, 3, 8], "texture": "#missing", "cullface": "south"},
				"east": {"uv": [1, 2, 2, 7], "texture": "#side", "cullface": "south"},
				"south": {"uv": [1, 2, 2, 7], "texture": "#side", "cullface": "south"},
				"west": {"uv": [1, 2, 2, 7], "texture": "#side", "cullface": "south"},
				"up": {"uv": [1, 2, 2, 3], "rotation": 180, "texture": "#side", "cullface": "south"}
			}
		},
		{
			"from": [2, 9, 14.75],
			"to": [3, 13, 15.75],
			"faces": {
				"north": {"uv": [1, 3, 3, 8], "texture": "#missing", "cullface": "south"},
				"east": {"uv": [2, 3, 3, 7], "texture": "#side", "cullface": "south"},
				"south": {"uv": [2, 3, 3, 7], "texture": "#side", "cullface": "south"},
				"west": {"uv": [2, 3, 3, 7], "texture": "#side", "cullface": "south"},
				"up": {"uv": [2, 3, 3, 4], "rotation": 180, "texture": "#side", "cullface": "south"}
			}
		},
		{
			"from": [3, 9, 14.5],
			"to": [5, 14, 15.5],
			"faces": {
				"north": {"uv": [1, 3, 3, 8], "texture": "#missing", "cullface": "south"},
				"east": {"uv": [4, 2, 5, 7], "texture": "#side", "cullface": "south"},
				"south": {"uv": [3, 2, 5, 7], "texture": "#side", "cullface": "south"},
				"west": {"uv": [3, 2, 4, 7], "texture": "#side", "cullface": "south"},
				"up": {"uv": [3, 2, 5, 3], "rotation": 180, "texture": "#side", "cullface": "south"}
			}
		},
		{
			"from": [5, 9, 15],
			"to": [7, 15, 16],
			"faces": {
				"north": {"uv": [1, 3, 3, 8], "texture": "#missing", "cullface": "south"},
				"east": {"uv": [5, 1, 6, 7], "texture": "#side", "cullface": "south"},
				"south": {"uv": [5, 1, 7, 7], "texture": "#side", "cullface": "south"},
				"west": {"uv": [5, 1, 6, 7], "texture": "#side", "cullface": "south"},
				"up": {"uv": [5, 1, 7, 2], "rotation": 180, "texture": "#side", "cullface": "south"}
			}
		},
		{
			"from": [7, 9, 14.5],
			"to": [8, 11, 15.5],
			"faces": {
				"north": {"uv": [1, 3, 3, 8], "texture": "#missing", "cullface": "south"},
				"east": {"uv": [7, 5, 8, 7], "texture": "#side", "cullface": "south"},
				"south": {"uv": [7, 5, 8, 7], "texture": "#side", "cullface": "south"},
				"west": {"uv": [7, 5, 8, 7], "texture": "#side", "cullface": "south"},
				"up": {"uv": [7, 5, 8, 6], "rotation": 180, "texture": "#side", "cullface": "south"}
			}
		},
		{
			"from": [8, 10, 14.5],
			"to": [9, 13, 15.5],
			"faces": {
				"north": {"uv": [1, 3, 3, 8], "texture": "#missing", "cullface": "south"},
				"east": {"uv": [8, 3, 9, 6], "texture": "#side", "cullface": "south"},
				"south": {"uv": [8, 3, 9, 6], "texture": "#side", "cullface": "south"},
				"west": {"uv": [8, 3, 9, 6], "texture": "#side", "cullface": "south"},
				"up": {"uv": [8, 3, 9, 4], "rotation": 180, "texture": "#side", "cullface": "south"},
				"down": {"uv": [8, 5, 9, 6], "rotation": 180, "texture": "#side", "cullface": "south"}
			}
		},
		{
			"from": [9, 9, 15],
			"to": [11, 14, 16],
			"faces": {
				"north": {"uv": [1, 3, 3, 8], "texture": "#missing", "cullface": "south"},
				"east": {"uv": [10, 2, 11, 7], "texture": "#side", "cullface": "south"},
				"south": {"uv": [9, 2, 11, 7], "texture": "#side", "cullface": "south"},
				"west": {"uv": [9, 2, 10, 7], "texture": "#side", "cullface": "south"},
				"up": {"uv": [9, 2, 11, 3], "rotation": 180, "texture": "#side", "cullface": "south"}
			}
		},
		{
			"from": [11, 9, 14.5],
			"to": [12, 13, 15.5],
			"faces": {
				"north": {"uv": [1, 3, 3, 8], "texture": "#missing", "cullface": "south"},
				"east": {"uv": [11, 3, 12, 7], "texture": "#side", "cullface": "south"},
				"south": {"uv": [11, 3, 12, 7], "texture": "#side", "cullface": "south"},
				"west": {"uv": [11, 3, 12, 7], "texture": "#side", "cullface": "south"},
				"up": {"uv": [11, 3, 12, 4], "rotation": 180, "texture": "#side", "cullface": "south"}
			}
		},
		{
			"from": [12, 9, 14.75],
			"to": [14, 15, 15.75],
			"faces": {
				"north": {"uv": [1, 3, 3, 8], "texture": "#missing", "cullface": "south"},
				"east": {"uv": [13, 1, 14, 7], "texture": "#side", "cullface": "south"},
				"south": {"uv": [12, 1, 14, 7], "texture": "#side", "cullface": "south"},
				"west": {"uv": [12, 1, 13, 7], "texture": "#side", "cullface": "south"},
				"up": {"uv": [12, 1, 14, 2], "rotation": 180, "texture": "#side", "cullface": "south"}
			}
		},
		{
			"from": [14, 9, 14.5],
			"to": [15, 13, 15.5],
			"faces": {
				"north": {"uv": [1, 3, 3, 8], "texture": "#missing", "cullface": "south"},
				"east": {"uv": [14, 3, 15, 7], "texture": "#side", "cullface": "south"},
				"south": {"uv": [14, 3, 15, 7], "texture": "#side", "cullface": "south"},
				"west": {"uv": [14, 3, 15, 7], "texture": "#side", "cullface": "south"},
				"up": {"uv": [14, 3, 15, 4], "rotation": 180, "texture": "#side", "cullface": "south"}
			}
		},
		{
			"from": [15, 1, 14],
			"to": [15.75, 6, 15],
			"faces": {
				"north": {"uv": [1, 10, 1.75, 15], "texture": "#side", "cullface": "east"},
				"east": {"uv": [1, 10, 2, 15], "texture": "#side", "cullface": "east"},
				"south": {"uv": [1, 10, 1.75, 15], "texture": "#side", "cullface": "east"},
				"west": {"uv": [11, 10, 13, 15], "texture": "#missing", "cullface": "east"},
				"up": {"uv": [2, 11, 1, 11.75], "rotation": 90, "texture": "#side", "cullface": "east"},
				"down": {"uv": [0, 0, 2, 1], "rotation": 270, "texture": "#missing", "cullface": "east"}
			}
		},
		{
			"from": [14.75, 1, 12],
			"to": [15.5, 5, 14],
			"faces": {
				"north": {"uv": [2, 11, 2.75, 15], "texture": "#side", "cullface": "east"},
				"east": {"uv": [2, 11, 4, 15], "texture": "#side", "cullface": "east"},
				"south": {"uv": [2, 11, 2.75, 15], "texture": "#side", "cullface": "east"},
				"west": {"uv": [11, 10, 13, 15], "texture": "#missing", "cullface": "east"},
				"up": {"uv": [4, 11, 2, 11.75], "rotation": 90, "texture": "#side", "cullface": "east"},
				"down": {"uv": [0, 0, 2, 1], "rotation": 270, "texture": "#missing", "cullface": "east"}
			}
		},
		{
			"from": [14.5, 1, 10],
			"to": [16.5, 7, 12],
			"faces": {
				"north": {"uv": [5, 9, 6, 15], "texture": "#side", "cullface": "east"},
				"east": {"uv": [4, 9, 6, 15], "texture": "#side", "cullface": "east"},
				"south": {"uv": [4, 9, 5, 15], "texture": "#side", "cullface": "east"},
				"west": {"uv": [11, 10, 13, 15], "texture": "#missing", "cullface": "east"},
				"up": {"uv": [6, 9, 4, 10], "rotation": 90, "texture": "#side", "cullface": "east"},
				"down": {"uv": [4, 14, 6, 15], "rotation": 270, "texture": "#side", "cullface": "east"}
			}
		},
		{
			"from": [14.5, 3, 9],
			"to": [15.5, 5, 10],
			"faces": {
				"north": {"uv": [6, 11, 7, 13], "texture": "#side", "cullface": "east"},
				"east": {"uv": [6, 11, 7, 13], "texture": "#side", "cullface": "east"},
				"south": {"uv": [6, 11, 7, 13], "texture": "#side", "cullface": "east"},
				"west": {"uv": [11, 10, 13, 15], "texture": "#missing", "cullface": "east"},
				"up": {"uv": [7, 11, 6, 12], "rotation": 90, "texture": "#side", "cullface": "east"},
				"down": {"uv": [6, 12, 7, 13], "rotation": 270, "texture": "#side", "cullface": "east"}
			}
		},
		{
			"from": [14.5, 1, 8],
			"to": [15.5, 6, 9],
			"faces": {
				"north": {"uv": [7, 10, 8, 15], "texture": "#side", "cullface": "east"},
				"east": {"uv": [7, 10, 8, 15], "texture": "#side", "cullface": "east"},
				"south": {"uv": [7, 10, 8, 15], "texture": "#side", "cullface": "east"},
				"west": {"uv": [11, 10, 13, 15], "texture": "#missing", "cullface": "east"},
				"up": {"uv": [8, 10, 7, 11], "rotation": 90, "texture": "#side", "cullface": "east"}
			}
		},
		{
			"from": [14.5, 1, 7],
			"to": [15.5, 5, 8],
			"faces": {
				"north": {"uv": [8, 11, 9, 15], "texture": "#side", "cullface": "east"},
				"east": {"uv": [8, 11, 9, 15], "texture": "#side", "cullface": "east"},
				"south": {"uv": [8, 11, 9, 15], "texture": "#side", "cullface": "east"},
				"west": {"uv": [11, 10, 13, 15], "texture": "#missing", "cullface": "east"},
				"up": {"uv": [8, 11, 9, 12], "rotation": 90, "texture": "#side", "cullface": "east"}
			}
		},
		{
			"from": [14.5, 1, 6],
			"to": [15.5, 3, 7],
			"faces": {
				"north": {"uv": [9, 13, 10, 15], "texture": "#side", "cullface": "east"},
				"east": {"uv": [9, 13, 10, 15], "texture": "#side", "cullface": "east"},
				"south": {"uv": [9, 13, 10, 15], "texture": "#side", "cullface": "east"},
				"west": {"uv": [11, 10, 13, 15], "texture": "#missing", "cullface": "east"},
				"up": {"uv": [9, 13, 10, 14], "rotation": 90, "texture": "#side", "cullface": "east"}
			}
		},
		{
			"from": [14.5, 1, 4],
			"to": [15.5, 6, 6],
			"faces": {
				"north": {"uv": [11, 10, 12, 15], "texture": "#side", "cullface": "east"},
				"east": {"uv": [10, 10, 12, 15], "texture": "#side", "cullface": "east"},
				"south": {"uv": [10, 10, 11, 15], "texture": "#side", "cullface": "east"},
				"west": {"uv": [11, 10, 13, 15], "texture": "#missing", "cullface": "east"},
				"up": {"uv": [10, 10, 12, 11], "rotation": 90, "texture": "#side", "cullface": "east"}
			}
		},
		{
			"from": [14.75, 1, 2],
			"to": [15.75, 7, 4],
			"faces": {
				"north": {"uv": [13, 9, 14, 15], "texture": "#side", "cullface": "east"},
				"east": {"uv": [12, 9, 14, 15], "texture": "#side", "cullface": "east"},
				"south": {"uv": [12, 9, 13, 15], "texture": "#side", "cullface": "east"},
				"west": {"uv": [11, 10, 13, 15], "texture": "#missing", "cullface": "east"},
				"up": {"uv": [12, 9, 14, 10], "rotation": 90, "texture": "#side", "cullface": "east"}
			}
		},
		{
			"from": [14.25, 1, 1],
			"to": [15.25, 5, 2],
			"faces": {
				"north": {"uv": [14, 11, 15, 15], "texture": "#side", "cullface": "east"},
				"east": {"uv": [14, 11, 15, 15], "texture": "#side", "cullface": "east"},
				"south": {"uv": [14, 11, 15, 15], "texture": "#side", "cullface": "east"},
				"west": {"uv": [11, 10, 13, 15], "texture": "#missing", "cullface": "east"},
				"up": {"uv": [14, 11, 15, 12], "rotation": 90, "texture": "#side", "cullface": "east"}
			}
		},
		{
			"from": [15, 9, 14],
			"to": [16, 14, 15],
			"faces": {
				"north": {"uv": [1, 2, 2, 7], "texture": "#side", "cullface": "east"},
				"east": {"uv": [1, 2, 2, 7], "texture": "#side", "cullface": "east"},
				"south": {"uv": [1, 2, 2, 7], "texture": "#side", "cullface": "east"},
				"west": {"uv": [1, 3, 3, 8], "texture": "#missing", "cullface": "east"},
				"up": {"uv": [1, 2, 2, 3], "rotation": 90, "texture": "#side", "cullface": "east"}
			}
		},
		{
			"from": [14.75, 9, 13],
			"to": [15.75, 13, 14],
			"faces": {
				"north": {"uv": [2, 3, 3, 7], "texture": "#side", "cullface": "east"},
				"east": {"uv": [2, 3, 3, 7], "texture": "#side", "cullface": "east"},
				"south": {"uv": [2, 3, 3, 7], "texture": "#side", "cullface": "east"},
				"west": {"uv": [1, 3, 3, 8], "texture": "#missing", "cullface": "east"},
				"up": {"uv": [2, 3, 3, 4], "rotation": 90, "texture": "#side", "cullface": "east"}
			}
		},
		{
			"from": [14.5, 9, 11],
			"to": [15.5, 14, 13],
			"faces": {
				"north": {"uv": [4, 2, 5, 7], "texture": "#side", "cullface": "east"},
				"east": {"uv": [3, 2, 5, 7], "texture": "#side", "cullface": "east"},
				"south": {"uv": [3, 2, 4, 7], "texture": "#side", "cullface": "east"},
				"west": {"uv": [1, 3, 3, 8], "texture": "#missing", "cullface": "east"},
				"up": {"uv": [3, 2, 5, 3], "rotation": 90, "texture": "#side", "cullface": "east"}
			}
		},
		{
			"from": [15, 9, 9],
			"to": [16, 15, 11],
			"faces": {
				"north": {"uv": [5, 1, 6, 7], "texture": "#side", "cullface": "east"},
				"east": {"uv": [5, 1, 7, 7], "texture": "#side", "cullface": "east"},
				"south": {"uv": [5, 1, 6, 7], "texture": "#side", "cullface": "east"},
				"west": {"uv": [1, 3, 3, 8], "texture": "#missing", "cullface": "east"},
				"up": {"uv": [5, 1, 7, 2], "rotation": 90, "texture": "#side", "cullface": "east"}
			}
		},
		{
			"from": [14.5, 9, 8],
			"to": [15.5, 11, 9],
			"faces": {
				"north": {"uv": [7, 5, 8, 7], "texture": "#side", "cullface": "east"},
				"east": {"uv": [7, 5, 8, 7], "texture": "#side", "cullface": "east"},
				"south": {"uv": [7, 5, 8, 7], "texture": "#side", "cullface": "east"},
				"west": {"uv": [1, 3, 3, 8], "texture": "#missing", "cullface": "east"},
				"up": {"uv": [7, 5, 8, 6], "rotation": 90, "texture": "#side", "cullface": "east"}
			}
		},
		{
			"from": [14.5, 10, 7],
			"to": [15.5, 13, 8],
			"faces": {
				"north": {"uv": [8, 3, 9, 6], "texture": "#side", "cullface": "east"},
				"east": {"uv": [8, 3, 9, 6], "texture": "#side", "cullface": "east"},
				"south": {"uv": [8, 3, 9, 6], "texture": "#side", "cullface": "east"},
				"west": {"uv": [1, 3, 3, 8], "texture": "#missing", "cullface": "east"},
				"up": {"uv": [8, 3, 9, 4], "rotation": 90, "texture": "#side", "cullface": "east"},
				"down": {"uv": [8, 5, 9, 6], "rotation": 270, "texture": "#side", "cullface": "east"}
			}
		},
		{
			"from": [15, 9, 5],
			"to": [16, 14, 7],
			"faces": {
				"north": {"uv": [10, 2, 11, 7], "texture": "#side", "cullface": "east"},
				"east": {"uv": [9, 2, 11, 7], "texture": "#side", "cullface": "east"},
				"south": {"uv": [9, 2, 10, 7], "texture": "#side", "cullface": "east"},
				"west": {"uv": [1, 3, 3, 8], "texture": "#missing", "cullface": "east"},
				"up": {"uv": [9, 2, 11, 3], "rotation": 90, "texture": "#side", "cullface": "east"}
			}
		},
		{
			"from": [14.5, 9, 4],
			"to": [15.5, 13, 5],
			"faces": {
				"north": {"uv": [11, 3, 12, 7], "texture": "#side", "cullface": "east"},
				"east": {"uv": [11, 3, 12, 7], "texture": "#side", "cullface": "east"},
				"south": {"uv": [11, 3, 12, 7], "texture": "#side", "cullface": "east"},
				"west": {"uv": [1, 3, 3, 8], "texture": "#missing", "cullface": "east"},
				"up": {"uv": [11, 3, 12, 4], "rotation": 90, "texture": "#side", "cullface": "east"}
			}
		},
		{
			"from": [14.75, 9, 2],
			"to": [15.75, 15, 4],
			"faces": {
				"north": {"uv": [13, 1, 14, 7], "texture": "#side", "cullface": "east"},
				"east": {"uv": [12, 1, 14, 7], "texture": "#side", "cullface": "east"},
				"south": {"uv": [12, 1, 13, 7], "texture": "#side", "cullface": "east"},
				"west": {"uv": [1, 3, 3, 8], "texture": "#missing", "cullface": "east"},
				"up": {"uv": [12, 1, 14, 2], "rotation": 90, "texture": "#side", "cullface": "east"}
			}
		},
		{
			"from": [14.5, 9, 1],
			"to": [15.5, 13, 2],
			"faces": {
				"north": {"uv": [14, 3, 15, 7], "texture": "#side", "cullface": "east"},
				"east": {"uv": [14, 3, 15, 7], "texture": "#side", "cullface": "east"},
				"south": {"uv": [14, 3, 15, 7], "texture": "#side", "cullface": "east"},
				"west": {"uv": [1, 3, 3, 8], "texture": "#missing", "cullface": "east"},
				"up": {"uv": [14, 3, 15, 4], "rotation": 90, "texture": "#side", "cullface": "east"}
			}
		}
	],
	"groups": [
		{
			"name": "group",
			"origin": [8, 8, 8],
			"color": 0,
			"children": [
				{
					"name": "group",
					"origin": [8, 8, 8],
					"color": 0,
					"children": [0, 1, 2, 3, 4, 5, 6, 7, 8, 9, 10]
				},
				{
					"name": "group",
					"origin": [8, 8, 8],
					"color": 0,
					"children": [11]
				},
				{
					"name": "group",
					"origin": [8, 8, 8],
					"color": 0,
					"children": [
						{
							"name": "group",
							"origin": [8, 8, 8],
							"color": 0,
							"children": [12, 13, 14, 15, 16, 17, 18, 19, 20, 21]
						},
						{
							"name": "group",
							"origin": [8, 8, 8],
							"color": 0,
							"children": [22, 23, 24, 25, 26, 27, 28, 29, 30, 31]
						}
					]
				},
				{
					"name": "group",
					"origin": [8, 8, 8],
					"color": 0,
					"children": [
						{
							"name": "group",
							"origin": [8, 8, 8],
							"color": 0,
							"children": [32, 33, 34, 35, 36, 37, 38, 39, 40, 41]
						},
						{
							"name": "group",
							"origin": [8, 8, 8],
							"color": 0,
							"children": [42, 43, 44, 45, 46, 47, 48, 49, 50, 51]
						}
					]
				},
				{
					"name": "group",
					"origin": [8, 8, 8],
					"color": 0,
					"children": [
						{
							"name": "group",
							"origin": [8, 8, 8],
							"color": 0,
							"children": [52, 53, 54, 55, 56, 57, 58, 59, 60, 61]
						},
						{
							"name": "group",
							"origin": [8, 8, 8],
							"color": 0,
							"children": [62, 63, 64, 65, 66, 67, 68, 69, 70, 71]
						}
					]
				},
				{
					"name": "group",
					"origin": [8, 8, 8],
					"color": 0,
					"children": [
						{
							"name": "group",
							"origin": [8, 8, 8],
							"color": 0,
							"children": [72, 73, 74, 75, 76, 77, 78, 79, 80, 81]
						},
						{
							"name": "group",
							"origin": [8, 8, 8],
							"color": 0,
							"children": [82, 83, 84, 85, 86, 87, 88, 89, 90, 91]
						}
					]
				}
			]
		}
	]
}