{
	"credit": "Made with Blockbench",
	"parent": "minecraft:block/cube_column",
	"textures": {
		"end": "block/oak_planks",
		"side": "block/variated/bookshelf2"
	},
	"elements": [
		{
			"from": [0, 0, 0],
			"to": [16, 1, 16],
			"faces": {
				"north": {"uv": [0, 15, 16, 16], "texture": "#side"},
				"east": {"uv": [0, 15, 16, 16], "texture": "#side"},
				"south": {"uv": [0, 15, 16, 16], "texture": "#side"},
				"west": {"uv": [0, 15, 16, 16], "texture": "#side"},
				"up": {"uv": [0, 0, 16, 16], "texture": "#end"},
				"down": {"uv": [0, 0, 16, 16], "texture": "#end"}
			}
		},
		{
			"from": [0, 7, 0],
			"to": [16, 9, 16],
			"faces": {
				"north": {"uv": [0, 7, 16, 9], "texture": "#side"},
				"east": {"uv": [0, 7, 16, 9], "texture": "#side"},
				"south": {"uv": [0, 7, 16, 9], "texture": "#side"},
				"west": {"uv": [0, 7, 16, 9], "texture": "#side"},
				"up": {"uv": [0, 0, 16, 16], "texture": "#end"},
				"down": {"uv": [0, 0, 16, 16], "texture": "#end"}
			}
		},
		{
			"from": [0, 15, 0],
			"to": [16, 16, 16],
			"faces": {
				"north": {"uv": [0, 0, 16, 1], "texture": "#side"},
				"east": {"uv": [0, 0, 16, 1], "texture": "#side"},
				"south": {"uv": [0, 0, 16, 1], "texture": "#side"},
				"west": {"uv": [0, 0, 16, 1], "texture": "#side"},
				"up": {"uv": [0, 0, 16, 16], "texture": "#end"},
				"down": {"uv": [0, 0, 16, 16], "texture": "#end"}
			}
		},
		{
			"from": [0, 9, 0],
			"to": [1, 15, 1],
			"faces": {
				"north": {"uv": [15, 1, 16, 7], "texture": "#side"},
				"east": {"uv": [15, 1, 16, 7], "texture": "#side"},
				"south": {"uv": [0, 1, 1, 7], "texture": "#side"},
				"west": {"uv": [0, 1, 1, 7], "texture": "#side"},
				"up": {"uv": [0, 0, 1, 1], "texture": "#end"},
				"down": {"uv": [0, 15, 1, 16], "texture": "#end"}
			}
		},
		{
			"from": [0, 9, 15],
			"to": [1, 15, 16],
			"faces": {
				"north": {"uv": [15, 1, 16, 7], "texture": "#side"},
				"east": {"uv": [0, 1, 1, 7], "texture": "#side"},
				"south": {"uv": [0, 1, 1, 7], "texture": "#side"},
				"west": {"uv": [15, 1, 16, 7], "texture": "#side"},
				"up": {"uv": [0, 15, 1, 16], "texture": "#end"},
				"down": {"uv": [0, 0, 1, 1], "texture": "#end"}
			}
		},
		{
			"from": [15, 9, 15],
			"to": [16, 15, 16],
			"faces": {
				"north": {"uv": [0, 1, 1, 7], "texture": "#side"},
				"east": {"uv": [0, 1, 1, 7], "texture": "#side"},
				"south": {"uv": [15, 1, 16, 7], "texture": "#side"},
				"west": {"uv": [15, 1, 16, 7], "texture": "#side"},
				"up": {"uv": [15, 15, 16, 16], "texture": "#end"},
				"down": {"uv": [15, 0, 16, 1], "texture": "#end"}
			}
		},
		{
			"from": [15, 9, 0],
			"to": [16, 15, 1],
			"faces": {
				"north": {"uv": [0, 1, 1, 7], "texture": "#side"},
				"east": {"uv": [15, 1, 16, 7], "texture": "#side"},
				"south": {"uv": [15, 1, 16, 7], "texture": "#side"},
				"west": {"uv": [0, 1, 1, 7], "texture": "#side"},
				"up": {"uv": [15, 0, 16, 1], "texture": "#end"},
				"down": {"uv": [15, 15, 16, 16], "texture": "#end"}
			}
		},
		{
			"from": [15, 1, 0],
			"to": [16, 7, 1],
			"faces": {
				"north": {"uv": [0, 9, 1, 15], "texture": "#side"},
				"east": {"uv": [15, 9, 16, 15], "texture": "#side"},
				"south": {"uv": [15, 9, 16, 15], "texture": "#side"},
				"west": {"uv": [0, 9, 1, 15], "texture": "#side"},
				"up": {"uv": [15, 0, 16, 1], "texture": "#end"},
				"down": {"uv": [15, 15, 16, 16], "texture": "#end"}
			}
		},
		{
			"from": [15, 1, 15],
			"to": [16, 7, 16],
			"faces": {
				"north": {"uv": [0, 9, 1, 15], "texture": "#side"},
				"east": {"uv": [0, 9, 1, 15], "texture": "#side"},
				"south": {"uv": [15, 9, 16, 15], "texture": "#side"},
				"west": {"uv": [15, 9, 16, 15], "texture": "#side"},
				"up": {"uv": [15, 15, 16, 16], "texture": "#end"},
				"down": {"uv": [15, 0, 16, 1], "texture": "#end"}
			}
		},
		{
			"from": [0, 1, 15],
			"to": [1, 7, 16],
			"faces": {
				"north": {"uv": [15, 9, 16, 15], "texture": "#side"},
				"east": {"uv": [0, 9, 1, 15], "texture": "#side"},
				"south": {"uv": [0, 9, 1, 15], "texture": "#side"},
				"west": {"uv": [15, 9, 16, 15], "texture": "#side"},
				"up": {"uv": [0, 15, 1, 16], "texture": "#end"},
				"down": {"uv": [0, 0, 1, 1], "texture": "#end"}
			}
		},
		{
			"from": [0, 1, 0],
			"to": [1, 7, 1],
			"faces": {
				"north": {"uv": [15, 9, 16, 15], "texture": "#side"},
				"east": {"uv": [15, 9, 16, 15], "texture": "#side"},
				"south": {"uv": [0, 9, 1, 15], "texture": "#side"},
				"west": {"uv": [0, 9, 1, 15], "texture": "#side"},
				"up": {"uv": [0, 0, 1, 1], "texture": "#end"},
				"down": {"uv": [0, 15, 1, 16], "texture": "#end"}
			}
		},
		{
			"from": [1, 1, 1],
			"to": [15, 15, 15],
			"faces": {
				"north": {"uv": [1, 1, 15, 15], "texture": "#side", "cullface": "north"},
				"east": {"uv": [1, 1, 15, 15], "texture": "#side", "cullface": "east"},
				"south": {"uv": [1, 1, 15, 15], "texture": "#side", "cullface": "south"},
				"west": {"uv": [1, 1, 15, 15], "texture": "#side", "cullface": "west"}
			}
		},
		{
			"from": [13, 1, 0.5],
			"to": [15, 6, 1.25],
			"faces": {
				"north": {"uv": [1, 10, 3, 15], "texture": "#side", "cullface": "north"},
				"east": {"uv": [1, 10, 2, 15], "texture": "#side", "cullface": "north"},
				"south": {"uv": [11, 10, 13, 15], "texture": "#missing", "cullface": "north"},
				"west": {"uv": [2, 10, 3, 15], "texture": "#side", "cullface": "north"},
				"up": {"uv": [3, 10, 1, 11], "texture": "#side", "cullface": "north"},
				"down": {"uv": [0, 0, 2, 1], "texture": "#missing", "cullface": "north"}
			}
		},
		{
			"from": [11, 1, 0.25],
			"to": [13, 5, 1],
			"faces": {
				"north": {"uv": [3, 11, 5, 15], "texture": "#side", "cullface": "north"},
				"east": {"uv": [3, 11, 3.75, 15], "texture": "#side", "cullface": "north"},
				"south": {"uv": [11, 10, 13, 15], "texture": "#missing", "cullface": "north"},
				"west": {"uv": [3, 11, 3.75, 15], "texture": "#side", "cullface": "north"},
				"up": {"uv": [5, 11, 3, 12], "texture": "#side", "cullface": "north"},
				"down": {"uv": [0, 0, 2, 1], "texture": "#missing", "cullface": "north"}
			}
		},
		{
			"from": [8, 1, 0.25],
			"to": [10, 6, 1],
			"faces": {
				"north": {"uv": [6, 10, 8, 15], "texture": "#side", "cullface": "north"},
				"east": {"uv": [6, 10, 7, 15], "texture": "#side", "cullface": "north"},
				"south": {"uv": [11, 10, 13, 15], "texture": "#missing", "cullface": "north"},
				"west": {"uv": [7, 10, 8, 15], "texture": "#side", "cullface": "north"},
				"up": {"uv": [8, 10, 6, 11], "texture": "#side", "cullface": "north"},
				"down": {"uv": [0, 0, 2, 1], "texture": "#missing", "cullface": "north"}
			}
		},
		{
			"from": [7, 1, 0.5],
			"to": [8, 5, 1.25],
			"faces": {
				"north": {"uv": [8, 11, 9, 15], "texture": "#side", "cullface": "north"},
				"east": {"uv": [8, 11, 8.75, 15], "texture": "#side", "cullface": "north"},
				"south": {"uv": [11, 10, 13, 15], "texture": "#missing", "cullface": "north"},
				"west": {"uv": [8, 11, 8.75, 15], "texture": "#side", "cullface": "north"},
				"up": {"uv": [9, 11, 8, 11.75], "texture": "#side", "cullface": "north"},
				"down": {"uv": [0, 0, 2, 1], "texture": "#missing", "cullface": "north"}
			}
		},
		{
			"from": [3, 1, 0.5],
			"to": [4, 5, 1.25],
			"faces": {
				"north": {"uv": [12, 11, 13, 15], "texture": "#side", "cullface": "north"},
				"east": {"uv": [12, 11, 12.75, 15], "texture": "#side", "cullface": "north"},
				"south": {"uv": [11, 10, 13, 15], "texture": "#missing", "cullface": "north"},
				"west": {"uv": [12, 11, 12.75, 15], "texture": "#side", "cullface": "north"},
				"up": {"uv": [13, 11, 12, 11.75], "texture": "#side", "cullface": "north"},
				"down": {"uv": [0, 0, 2, 1], "texture": "#missing", "cullface": "north"}
			}
		},
		{
			"from": [5, 1, 0.25],
			"to": [7, 3, 1],
			"faces": {
				"north": {"uv": [9, 13, 11, 15], "texture": "#side", "cullface": "north"},
				"east": {"uv": [9, 13, 9.75, 15], "texture": "#side", "cullface": "north"},
				"south": {"uv": [11, 10, 13, 15], "texture": "#missing", "cullface": "north"},
				"west": {"uv": [10, 13, 10.75, 15], "texture": "#side", "cullface": "north"},
				"up": {"uv": [11, 13, 9, 13.75], "texture": "#side", "cullface": "north"},
				"down": {"uv": [0, 0, 2, 1], "texture": "#missing", "cullface": "north"}
			}
		},
		{
			"from": [4, 3, 0.25],
			"to": [6, 5, 1],
			"faces": {
				"north": {"uv": [10, 11, 12, 13], "texture": "#side", "cullface": "north"},
				"east": {"uv": [10, 11, 10.75, 13], "texture": "#side", "cullface": "north"},
				"south": {"uv": [11, 10, 13, 15], "texture": "#missing", "cullface": "north"},
				"west": {"uv": [11, 11, 11.75, 13], "texture": "#side", "cullface": "north"},
				"up": {"uv": [12, 11, 10, 11.75], "texture": "#side", "cullface": "north"},
				"down": {"uv": [10, 12, 12, 13], "texture": "#side", "cullface": "north"}
			}
		},
		{
			"from": [3, 5, 0.25],
			"to": [5, 7, 1],
			"faces": {
				"north": {"uv": [11, 9, 13, 11], "texture": "#side", "cullface": "north"},
				"east": {"uv": [11, 9, 11.75, 11], "texture": "#side", "cullface": "north"},
				"south": {"uv": [11, 10, 13, 15], "texture": "#missing", "cullface": "north"},
				"west": {"uv": [12, 9, 12.75, 11], "texture": "#side", "cullface": "north"},
				"up": {"uv": [13, 9, 11, 9.75], "texture": "#side", "cullface": "north"},
				"down": {"uv": [11, 10, 13, 11], "texture": "#side", "cullface": "north"}
			}
		},
		{
			"from": [1, 1, -0.5],
			"to": [3, 7, 1],
			"faces": {
				"north": {"uv": [13, 9, 15, 15], "texture": "#side", "cullface": "north"},
				"east": {"uv": [13, 9, 13.75, 15], "texture": "#side", "cullface": "north"},
				"south": {"uv": [11, 10, 13, 15], "texture": "#missing", "cullface": "north"},
				"west": {"uv": [14, 9, 14.75, 15], "texture": "#side", "cullface": "north"},
				"up": {"uv": [15, 9, 13, 9.75], "texture": "#side", "cullface": "north"},
				"down": {"uv": [13, 14, 15, 15], "texture": "#side", "cullface": "north"}
			}
		},
		{
			"from": [14, 9, 0.25],
			"to": [15, 14, 1],
			"faces": {
				"north": {"uv": [1, 2, 2, 7], "texture": "#side", "cullface": "north"},
				"east": {"uv": [1, 2, 1.75, 7], "texture": "#side", "cullface": "north"},
				"south": {"uv": [1, 3, 2, 7], "texture": "#missing", "cullface": "north"},
				"west": {"uv": [1, 2, 1.75, 7], "texture": "#side", "cullface": "north"},
				"up": {"uv": [1, 3, 2, 3.75], "texture": "#side", "cullface": "north"},
				"down": {"uv": [1, 6, 2, 7], "texture": "#missing", "cullface": "north"}
			}
		},
		{
			"from": [13, 9, 0.5],
			"to": [14, 13, 1.25],
			"faces": {
				"north": {"uv": [2, 3, 3, 7], "texture": "#side", "cullface": "north"},
				"east": {"uv": [2, 3, 2.75, 7], "texture": "#side", "cullface": "north"},
				"south": {"uv": [1, 3, 2, 7], "texture": "#missing", "cullface": "north"},
				"west": {"uv": [2, 3, 2.75, 7], "texture": "#side", "cullface": "north"},
				"up": {"uv": [2, 3, 3, 3.75], "texture": "#side", "cullface": "north"},
				"down": {"uv": [1, 6, 2, 7], "texture": "#missing", "cullface": "north"}
			}
		},
		{
			"from": [11, 9, 0.25],
			"to": [13, 14, 1],
			"faces": {
				"north": {"uv": [3, 2, 5, 7], "texture": "#side", "cullface": "north"},
				"east": {"uv": [3, 2, 3.75, 7], "texture": "#side", "cullface": "north"},
				"south": {"uv": [1, 3, 3, 8], "texture": "#missing", "cullface": "north"},
				"west": {"uv": [3, 2, 3.75, 7], "texture": "#side", "cullface": "north"},
				"up": {"uv": [3, 2, 5, 2.75], "texture": "#side", "cullface": "north"},
				"down": {"uv": [1, 6, 2, 7], "texture": "#missing", "cullface": "north"}
			}
		},
		{
			"from": [9, 9, 0.5],
			"to": [11, 13, 1.25],
			"faces": {
				"north": {"uv": [5, 3, 7, 7], "texture": "#side", "cullface": "north"},
				"east": {"uv": [5, 3, 5.75, 7], "texture": "#side", "cullface": "north"},
				"south": {"uv": [1, 3, 3, 8], "texture": "#missing", "cullface": "north"},
				"west": {"uv": [5, 3, 5.75, 7], "texture": "#side", "cullface": "north"},
				"up": {"uv": [5, 3, 7, 3.75], "texture": "#side", "cullface": "north"},
				"down": {"uv": [1, 6, 2, 7], "texture": "#missing", "cullface": "north"}
			}
		},
		{
			"from": [8, 11, 0.25],
			"to": [9, 13, 1],
			"faces": {
				"north": {"uv": [7, 3, 8, 5], "texture": "#side", "cullface": "north"},
				"east": {"uv": [7, 3, 7.75, 5], "texture": "#side", "cullface": "north"},
				"south": {"uv": [1, 3, 3, 8], "texture": "#missing", "cullface": "north"},
				"west": {"uv": [7, 3, 7.75, 5], "texture": "#side", "cullface": "north"},
				"up": {"uv": [7, 3, 8, 3.75], "texture": "#side", "cullface": "north"},
				"down": {"uv": [7, 4, 8, 5], "texture": "#side", "cullface": "north"}
			}
		},
		{
			"from": [7, 10, 0.25],
			"to": [8, 12, 1],
			"faces": {
				"north": {"uv": [8, 4, 9, 6], "texture": "#side", "cullface": "north"},
				"east": {"uv": [8, 4, 8.75, 6], "texture": "#side", "cullface": "north"},
				"south": {"uv": [1, 3, 3, 8], "texture": "#missing", "cullface": "north"},
				"west": {"uv": [8, 4, 8.75, 6], "texture": "#side", "cullface": "north"},
				"up": {"uv": [8, 4, 9, 4.75], "texture": "#side", "cullface": "north"},
				"down": {"uv": [8, 5, 9, 6], "texture": "#side", "cullface": "north"}
			}
		},
		{
			"from": [6, 9, 0.25],
			"to": [7, 11, 1],
			"faces": {
				"north": {"uv": [9, 5, 10, 7], "texture": "#side", "cullface": "north"},
				"east": {"uv": [9, 5, 9.75, 7], "texture": "#side", "cullface": "north"},
				"south": {"uv": [1, 3, 3, 8], "texture": "#missing", "cullface": "north"},
				"west": {"uv": [9, 5, 9.75, 7], "texture": "#side", "cullface": "north"},
				"up": {"uv": [9, 5, 10, 5.75], "texture": "#side", "cullface": "north"},
				"down": {"uv": [9, 6, 10, 7], "texture": "#side", "cullface": "north"}
			}
		},
		{
			"from": [4, 9, 0],
			"to": [6, 14, 1],
			"faces": {
				"north": {"uv": [10, 2, 12, 7], "texture": "#side", "cullface": "north"},
				"east": {"uv": [10, 2, 10.75, 7], "texture": "#side", "cullface": "north"},
				"south": {"uv": [1, 3, 3, 8], "texture": "#missing", "cullface": "north"},
				"west": {"uv": [11, 2, 11.75, 7], "texture": "#side", "cullface": "north"},
				"up": {"uv": [10, 2, 12, 2.75], "texture": "#side", "cullface": "north"},
				"down": {"uv": [1, 6, 2, 7], "texture": "#missing", "cullface": "north"}
			}
		},
		{
			"from": [2, 9, 0.25],
			"to": [4, 12, 1],
			"faces": {
				"north": {"uv": [12, 4, 14, 7], "texture": "#side", "cullface": "north"},
				"east": {"uv": [12, 4, 12.75, 7], "texture": "#side", "cullface": "north"},
				"south": {"uv": [1, 3, 3, 8], "texture": "#missing", "cullface": "north"},
				"west": {"uv": [12, 4, 12.75, 7], "texture": "#side", "cullface": "north"},
				"up": {"uv": [12, 4, 14, 4.75], "texture": "#side", "cullface": "north"},
				"down": {"uv": [1, 6, 2, 7], "texture": "#missing", "cullface": "north"}
			}
		},
		{
			"from": [1, 9, 0.5],
			"to": [2, 13, 1.25],
			"faces": {
				"north": {"uv": [14, 3, 15, 7], "texture": "#side", "cullface": "north"},
				"east": {"uv": [14, 3, 14.75, 7], "texture": "#side", "cullface": "north"},
				"south": {"uv": [1, 3, 3, 8], "texture": "#missing", "cullface": "north"},
				"west": {"uv": [14, 3, 14.75, 7], "texture": "#side", "cullface": "north"},
				"up": {"uv": [14, 3, 15, 3.75], "texture": "#side", "cullface": "north"},
				"down": {"uv": [1, 6, 2, 7], "texture": "#missing", "cullface": "north"}
			}
		},
		{
			"from": [0.5, 1, 1],
			"to": [1.25, 6, 3],
			"faces": {
				"north": {"uv": [1, 10, 2, 15], "texture": "#side", "cullface": "west"},
				"east": {"uv": [11, 10, 13, 15], "texture": "#missing", "cullface": "west"},
				"south": {"uv": [2, 10, 3, 15], "texture": "#side", "cullface": "west"},
				"west": {"uv": [1, 10, 3, 15], "texture": "#side", "cullface": "west"},
				"up": {"uv": [3, 10, 1, 11], "rotation": 270, "texture": "#side", "cullface": "west"},
				"down": {"uv": [0, 0, 2, 1], "rotation": 90, "texture": "#missing", "cullface": "west"}
			}
		},
		{
			"from": [0.25, 1, 3],
			"to": [1, 5, 5],
			"faces": {
				"north": {"uv": [3, 11, 3.75, 15], "texture": "#side", "cullface": "west"},
				"east": {"uv": [11, 10, 13, 15], "texture": "#missing", "cullface": "west"},
				"south": {"uv": [3, 11, 3.75, 15], "texture": "#side", "cullface": "west"},
				"west": {"uv": [3, 11, 5, 15], "texture": "#side", "cullface": "west"},
				"up": {"uv": [5, 11, 3, 12], "rotation": 270, "texture": "#side", "cullface": "west"},
				"down": {"uv": [0, 0, 2, 1], "rotation": 90, "texture": "#missing", "cullface": "west"}
			}
		},
		{
			"from": [0.25, 1, 6],
			"to": [1, 6, 8],
			"faces": {
				"north": {"uv": [6, 10, 7, 15], "texture": "#side", "cullface": "west"},
				"east": {"uv": [11, 10, 13, 15], "texture": "#missing", "cullface": "west"},
				"south": {"uv": [7, 10, 8, 15], "texture": "#side", "cullface": "west"},
				"west": {"uv": [6, 10, 8, 15], "texture": "#side", "cullface": "west"},
				"up": {"uv": [8, 10, 6, 11], "rotation": 270, "texture": "#side", "cullface": "west"},
				"down": {"uv": [0, 0, 2, 1], "rotation": 90, "texture": "#missing", "cullface": "west"}
			}
		},
		{
			"from": [0.5, 1, 8],
			"to": [1.25, 5, 9],
			"faces": {
				"north": {"uv": [8, 11, 8.75, 15], "texture": "#side", "cullface": "west"},
				"east": {"uv": [11, 10, 13, 15], "texture": "#missing", "cullface": "west"},
				"south": {"uv": [8, 11, 8.75, 15], "texture": "#side", "cullface": "west"},
				"west": {"uv": [8, 11, 9, 15], "texture": "#side", "cullface": "west"},
				"up": {"uv": [9, 11, 8, 11.75], "rotation": 270, "texture": "#side", "cullface": "west"},
				"down": {"uv": [0, 0, 2, 1], "rotation": 90, "texture": "#missing", "cullface": "west"}
			}
		},
		{
			"from": [0.5, 1, 12],
			"to": [1.25, 5, 13],
			"faces": {
				"north": {"uv": [12, 11, 12.75, 15], "texture": "#side", "cullface": "west"},
				"east": {"uv": [11, 10, 13, 15], "texture": "#missing", "cullface": "west"},
				"south": {"uv": [12, 11, 12.75, 15], "texture": "#side", "cullface": "west"},
				"west": {"uv": [12, 11, 13, 15], "texture": "#side", "cullface": "west"},
				"up": {"uv": [13, 11, 12, 11.75], "rotation": 270, "texture": "#side", "cullface": "west"},
				"down": {"uv": [0, 0, 2, 1], "rotation": 90, "texture": "#missing", "cullface": "west"}
			}
		},
		{
			"from": [0.25, 1, 9],
			"to": [1, 3, 11],
			"faces": {
				"north": {"uv": [9, 13, 9.75, 15], "texture": "#side", "cullface": "west"},
				"east": {"uv": [11, 10, 13, 15], "texture": "#missing", "cullface": "west"},
				"south": {"uv": [10, 13, 10.75, 15], "texture": "#side", "cullface": "west"},
				"west": {"uv": [9, 13, 11, 15], "texture": "#side", "cullface": "west"},
				"up": {"uv": [11, 13, 9, 13.75], "rotation": 270, "texture": "#side", "cullface": "west"},
				"down": {"uv": [0, 0, 2, 1], "rotation": 90, "texture": "#missing", "cullface": "west"}
			}
		},
		{
			"from": [0.25, 3, 10],
			"to": [1, 5, 12],
			"faces": {
				"north": {"uv": [10, 11, 10.75, 13], "texture": "#side", "cullface": "west"},
				"east": {"uv": [11, 10, 13, 15], "texture": "#missing", "cullface": "west"},
				"south": {"uv": [11, 11, 11.75, 13], "texture": "#side", "cullface": "west"},
				"west": {"uv": [10, 11, 12, 13], "texture": "#side", "cullface": "west"},
				"up": {"uv": [12, 11, 10, 11.75], "rotation": 270, "texture": "#side", "cullface": "west"},
				"down": {"uv": [10, 12, 12, 13], "rotation": 90, "texture": "#side", "cullface": "west"}
			}
		},
		{
			"from": [0.25, 5, 11],
			"to": [1, 7, 13],
			"faces": {
				"north": {"uv": [11, 9, 11.75, 11], "texture": "#side", "cullface": "west"},
				"east": {"uv": [11, 10, 13, 15], "texture": "#missing", "cullface": "west"},
				"south": {"uv": [12, 9, 12.75, 11], "texture": "#side", "cullface": "west"},
				"west": {"uv": [11, 9, 13, 11], "texture": "#side", "cullface": "west"},
				"up": {"uv": [13, 9, 11, 9.75], "rotation": 270, "texture": "#side", "cullface": "west"},
				"down": {"uv": [11, 10, 13, 11], "rotation": 90, "texture": "#side", "cullface": "west"}
			}
		},
		{
			"from": [-0.5, 1, 13],
			"to": [1, 7, 15],
			"faces": {
				"north": {"uv": [13, 9, 13.75, 15], "texture": "#side", "cullface": "west"},
				"east": {"uv": [11, 10, 13, 15], "texture": "#missing", "cullface": "west"},
				"south": {"uv": [14, 9, 14.75, 15], "texture": "#side", "cullface": "west"},
				"west": {"uv": [13, 9, 15, 15], "texture": "#side", "cullface": "west"},
				"up": {"uv": [15, 9, 13, 9.75], "rotation": 270, "texture": "#side", "cullface": "west"},
				"down": {"uv": [13, 14, 15, 15], "rotation": 90, "texture": "#side", "cullface": "west"}
			}
		},
		{
			"from": [0.25, 9, 1],
			"to": [1, 14, 2],
			"faces": {
				"north": {"uv": [1, 2, 1.75, 7], "texture": "#side", "cullface": "west"},
				"east": {"uv": [1, 3, 2, 7], "texture": "#missing", "cullface": "west"},
				"south": {"uv": [1, 2, 1.75, 7], "texture": "#side", "cullface": "west"},
				"west": {"uv": [1, 2, 2, 7], "texture": "#side", "cullface": "west"},
				"up": {"uv": [1, 3, 2, 3.75], "rotation": 270, "texture": "#side", "cullface": "west"},
				"down": {"uv": [1, 6, 2, 7], "rotation": 90, "texture": "#missing", "cullface": "west"}
			}
		},
		{
			"from": [0.5, 9, 2],
			"to": [1.25, 13, 3],
			"faces": {
				"north": {"uv": [2, 3, 2.75, 7], "texture": "#side", "cullface": "west"},
				"east": {"uv": [1, 3, 2, 7], "texture": "#missing", "cullface": "west"},
				"south": {"uv": [2, 3, 2.75, 7], "texture": "#side", "cullface": "west"},
				"west": {"uv": [2, 3, 3, 7], "texture": "#side", "cullface": "west"},
				"up": {"uv": [2, 3, 3, 3.75], "rotation": 270, "texture": "#side", "cullface": "west"},
				"down": {"uv": [1, 6, 2, 7], "rotation": 90, "texture": "#missing", "cullface": "west"}
			}
		},
		{
			"from": [0.25, 9, 3],
			"to": [1, 14, 5],
			"faces": {
				"north": {"uv": [3, 2, 3.75, 7], "texture": "#side", "cullface": "west"},
				"east": {"uv": [1, 3, 3, 8], "texture": "#missing", "cullface": "west"},
				"south": {"uv": [3, 2, 3.75, 7], "texture": "#side", "cullface": "west"},
				"west": {"uv": [3, 2, 5, 7], "texture": "#side", "cullface": "west"},
				"up": {"uv": [3, 2, 5, 2.75], "rotation": 270, "texture": "#side", "cullface": "west"},
				"down": {"uv": [1, 6, 2, 7], "rotation": 90, "texture": "#missing", "cullface": "west"}
			}
		},
		{
			"from": [0.5, 9, 5],
			"to": [1.25, 13, 7],
			"faces": {
				"north": {"uv": [5, 3, 5.75, 7], "texture": "#side", "cullface": "west"},
				"east": {"uv": [1, 3, 3, 8], "texture": "#missing", "cullface": "west"},
				"south": {"uv": [5, 3, 5.75, 7], "texture": "#side", "cullface": "west"},
				"west": {"uv": [5, 3, 7, 7], "texture": "#side", "cullface": "west"},
				"up": {"uv": [5, 3, 7, 3.75], "rotation": 270, "texture": "#side", "cullface": "west"},
				"down": {"uv": [1, 6, 2, 7], "rotation": 90, "texture": "#missing", "cullface": "west"}
			}
		},
		{
			"from": [0.25, 11, 7],
			"to": [1, 13, 8],
			"faces": {
				"north": {"uv": [7, 3, 7.75, 5], "texture": "#side", "cullface": "west"},
				"east": {"uv": [1, 3, 3, 8], "texture": "#missing", "cullface": "west"},
				"south": {"uv": [7, 3, 7.75, 5], "texture": "#side", "cullface": "west"},
				"west": {"uv": [7, 3, 8, 5], "texture": "#side", "cullface": "west"},
				"up": {"uv": [7, 3, 8, 3.75], "rotation": 270, "texture": "#side", "cullface": "west"},
				"down": {"uv": [7, 4, 8, 5], "rotation": 90, "texture": "#side", "cullface": "west"}
			}
		},
		{
			"from": [0.25, 10, 8],
			"to": [1, 12, 9],
			"faces": {
				"north": {"uv": [8, 4, 8.75, 6], "texture": "#side", "cullface": "west"},
				"east": {"uv": [1, 3, 3, 8], "texture": "#missing", "cullface": "west"},
				"south": {"uv": [8, 4, 8.75, 6], "texture": "#side", "cullface": "west"},
				"west": {"uv": [8, 4, 9, 6], "texture": "#side", "cullface": "west"},
				"up": {"uv": [8, 4, 9, 4.75], "rotation": 270, "texture": "#side", "cullface": "west"},
				"down": {"uv": [8, 5, 9, 6], "rotation": 90, "texture": "#side", "cullface": "west"}
			}
		},
		{
			"from": [0.25, 9, 9],
			"to": [1, 11, 10],
			"faces": {
				"north": {"uv": [9, 5, 9.75, 7], "texture": "#side", "cullface": "west"},
				"east": {"uv": [1, 3, 3, 8], "texture": "#missing", "cullface": "west"},
				"south": {"uv": [9, 5, 9.75, 7], "texture": "#side", "cullface": "west"},
				"west": {"uv": [9, 5, 10, 7], "texture": "#side", "cullface": "west"},
				"up": {"uv": [9, 5, 10, 5.75], "rotation": 270, "texture": "#side", "cullface": "west"},
				"down": {"uv": [9, 6, 10, 7], "rotation": 90, "texture": "#side", "cullface": "west"}
			}
		},
		{
			"from": [0, 9, 10],
			"to": [1, 14, 12],
			"faces": {
				"north": {"uv": [10, 2, 10.75, 7], "texture": "#side", "cullface": "west"},
				"east": {"uv": [1, 3, 3, 8], "texture": "#missing", "cullface": "west"},
				"south": {"uv": [11, 2, 11.75, 7], "texture": "#side", "cullface": "west"},
				"west": {"uv": [10, 2, 12, 7], "texture": "#side", "cullface": "west"},
				"up": {"uv": [10, 2, 12, 2.75], "rotation": 270, "texture": "#side", "cullface": "west"},
				"down": {"uv": [1, 6, 2, 7], "rotation": 90, "texture": "#missing", "cullface": "west"}
			}
		},
		{
			"from": [0.25, 9, 12],
			"to": [1, 12, 14],
			"faces": {
				"north": {"uv": [12, 4, 12.75, 7], "texture": "#side", "cullface": "west"},
				"east": {"uv": [1, 3, 3, 8], "texture": "#missing", "cullface": "west"},
				"south": {"uv": [12, 4, 12.75, 7], "texture": "#side", "cullface": "west"},
				"west": {"uv": [12, 4, 14, 7], "texture": "#side", "cullface": "west"},
				"up": {"uv": [12, 4, 14, 4.75], "rotation": 270, "texture": "#side", "cullface": "west"},
				"down": {"uv": [1, 6, 2, 7], "rotation": 90, "texture": "#missing", "cullface": "west"}
			}
		},
		{
			"from": [0.5, 9, 14],
			"to": [1.25, 13, 15],
			"faces": {
				"north": {"uv": [14, 3, 14.75, 7], "texture": "#side", "cullface": "west"},
				"east": {"uv": [1, 3, 3, 8], "texture": "#missing", "cullface": "west"},
				"south": {"uv": [14, 3, 14.75, 7], "texture": "#side", "cullface": "west"},
				"west": {"uv": [14, 3, 15, 7], "texture": "#side", "cullface": "west"},
				"up": {"uv": [14, 3, 15, 3.75], "rotation": 270, "texture": "#side", "cullface": "west"},
				"down": {"uv": [1, 6, 2, 7], "rotation": 90, "texture": "#missing", "cullface": "west"}
			}
		},
		{
			"from": [1, 1, 14.75],
			"to": [3, 6, 15.5],
			"faces": {
				"north": {"uv": [11, 10, 13, 15], "texture": "#missing", "cullface": "south"},
				"east": {"uv": [2, 10, 3, 15], "texture": "#side", "cullface": "south"},
				"south": {"uv": [1, 10, 3, 15], "texture": "#side", "cullface": "south"},
				"west": {"uv": [1, 10, 2, 15], "texture": "#side", "cullface": "south"},
				"up": {"uv": [3, 10, 1, 11], "rotation": 180, "texture": "#side", "cullface": "south"},
				"down": {"uv": [0, 0, 2, 1], "rotation": 180, "texture": "#missing", "cullface": "south"}
			}
		},
		{
			"from": [3, 1, 15],
			"to": [5, 5, 15.75],
			"faces": {
				"north": {"uv": [11, 10, 13, 15], "texture": "#missing", "cullface": "south"},
				"east": {"uv": [3, 11, 3.75, 15], "texture": "#side", "cullface": "south"},
				"south": {"uv": [3, 11, 5, 15], "texture": "#side", "cullface": "south"},
				"west": {"uv": [3, 11, 3.75, 15], "texture": "#side", "cullface": "south"},
				"up": {"uv": [5, 11, 3, 12], "rotation": 180, "texture": "#side", "cullface": "south"},
				"down": {"uv": [0, 0, 2, 1], "rotation": 180, "texture": "#missing", "cullface": "south"}
			}
		},
		{
			"from": [6, 1, 15],
			"to": [8, 6, 15.75],
			"faces": {
				"north": {"uv": [11, 10, 13, 15], "texture": "#missing", "cullface": "south"},
				"east": {"uv": [7, 10, 8, 15], "texture": "#side", "cullface": "south"},
				"south": {"uv": [6, 10, 8, 15], "texture": "#side", "cullface": "south"},
				"west": {"uv": [6, 10, 7, 15], "texture": "#side", "cullface": "south"},
				"up": {"uv": [8, 10, 6, 11], "rotation": 180, "texture": "#side", "cullface": "south"},
				"down": {"uv": [0, 0, 2, 1], "rotation": 180, "texture": "#missing", "cullface": "south"}
			}
		},
		{
			"from": [8, 1, 14.75],
			"to": [9, 5, 15.5],
			"faces": {
				"north": {"uv": [11, 10, 13, 15], "texture": "#missing", "cullface": "south"},
				"east": {"uv": [8, 11, 8.75, 15], "texture": "#side", "cullface": "south"},
				"south": {"uv": [8, 11, 9, 15], "texture": "#side", "cullface": "south"},
				"west": {"uv": [8, 11, 8.75, 15], "texture": "#side", "cullface": "south"},
				"up": {"uv": [9, 11, 8, 11.75], "rotation": 180, "texture": "#side", "cullface": "south"},
				"down": {"uv": [0, 0, 2, 1], "rotation": 180, "texture": "#missing", "cullface": "south"}
			}
		},
		{
			"from": [12, 1, 14.75],
			"to": [13, 5, 15.5],
			"faces": {
				"north": {"uv": [11, 10, 13, 15], "texture": "#missing", "cullface": "south"},
				"east": {"uv": [12, 11, 12.75, 15], "texture": "#side", "cullface": "south"},
				"south": {"uv": [12, 11, 13, 15], "texture": "#side", "cullface": "south"},
				"west": {"uv": [12, 11, 12.75, 15], "texture": "#side", "cullface": "south"},
				"up": {"uv": [13, 11, 12, 11.75], "rotation": 180, "texture": "#side", "cullface": "south"},
				"down": {"uv": [0, 0, 2, 1], "rotation": 180, "texture": "#missing", "cullface": "south"}
			}
		},
		{
			"from": [9, 1, 15],
			"to": [11, 3, 15.75],
			"faces": {
				"north": {"uv": [11, 10, 13, 15], "texture": "#missing", "cullface": "south"},
				"east": {"uv": [10, 13, 10.75, 15], "texture": "#side", "cullface": "south"},
				"south": {"uv": [9, 13, 11, 15], "texture": "#side", "cullface": "south"},
				"west": {"uv": [9, 13, 9.75, 15], "texture": "#side", "cullface": "south"},
				"up": {"uv": [11, 13, 9, 13.75], "rotation": 180, "texture": "#side", "cullface": "south"},
				"down": {"uv": [0, 0, 2, 1], "rotation": 180, "texture": "#missing", "cullface": "south"}
			}
		},
		{
			"from": [10, 3, 15],
			"to": [12, 5, 15.75],
			"faces": {
				"north": {"uv": [11, 10, 13, 15], "texture": "#missing", "cullface": "south"},
				"east": {"uv": [11, 11, 11.75, 13], "texture": "#side", "cullface": "south"},
				"south": {"uv": [10, 11, 12, 13], "texture": "#side", "cullface": "south"},
				"west": {"uv": [10, 11, 10.75, 13], "texture": "#side", "cullface": "south"},
				"up": {"uv": [12, 11, 10, 11.75], "rotation": 180, "texture": "#side", "cullface": "south"},
				"down": {"uv": [10, 12, 12, 13], "rotation": 180, "texture": "#side", "cullface": "south"}
			}
		},
		{
			"from": [11, 5, 15],
			"to": [13, 7, 15.75],
			"faces": {
				"north": {"uv": [11, 10, 13, 15], "texture": "#missing", "cullface": "south"},
				"east": {"uv": [12, 9, 12.75, 11], "texture": "#side", "cullface": "south"},
				"south": {"uv": [11, 9, 13, 11], "texture": "#side", "cullface": "south"},
				"west": {"uv": [11, 9, 11.75, 11], "texture": "#side", "cullface": "south"},
				"up": {"uv": [13, 9, 11, 9.75], "rotation": 180, "texture": "#side", "cullface": "south"},
				"down": {"uv": [11, 10, 13, 11], "rotation": 180, "texture": "#side", "cullface": "south"}
			}
		},
		{
			"from": [13, 1, 15],
			"to": [15, 7, 16.5],
			"faces": {
				"north": {"uv": [11, 10, 13, 15], "texture": "#missing", "cullface": "south"},
				"east": {"uv": [14, 9, 14.75, 15], "texture": "#side", "cullface": "south"},
				"south": {"uv": [13, 9, 15, 15], "texture": "#side", "cullface": "south"},
				"west": {"uv": [13, 9, 13.75, 15], "texture": "#side", "cullface": "south"},
				"up": {"uv": [15, 9, 13, 9.75], "rotation": 180, "texture": "#side", "cullface": "south"},
				"down": {"uv": [13, 14, 15, 15], "rotation": 180, "texture": "#side", "cullface": "south"}
			}
		},
		{
			"from": [1, 9, 15],
			"to": [2, 14, 15.75],
			"faces": {
				"north": {"uv": [1, 3, 2, 7], "texture": "#missing", "cullface": "south"},
				"east": {"uv": [1, 2, 1.75, 7], "texture": "#side", "cullface": "south"},
				"south": {"uv": [1, 2, 2, 7], "texture": "#side", "cullface": "south"},
				"west": {"uv": [1, 2, 1.75, 7], "texture": "#side", "cullface": "south"},
				"up": {"uv": [1, 3, 2, 3.75], "rotation": 180, "texture": "#side", "cullface": "south"},
				"down": {"uv": [1, 6, 2, 7], "rotation": 180, "texture": "#missing", "cullface": "south"}
			}
		},
		{
			"from": [2, 9, 14.75],
			"to": [3, 13, 15.5],
			"faces": {
				"north": {"uv": [1, 3, 2, 7], "texture": "#missing", "cullface": "south"},
				"east": {"uv": [2, 3, 2.75, 7], "texture": "#side", "cullface": "south"},
				"south": {"uv": [2, 3, 3, 7], "texture": "#side", "cullface": "south"},
				"west": {"uv": [2, 3, 2.75, 7], "texture": "#side", "cullface": "south"},
				"up": {"uv": [2, 3, 3, 3.75], "rotation": 180, "texture": "#side", "cullface": "south"},
				"down": {"uv": [1, 6, 2, 7], "rotation": 180, "texture": "#missing", "cullface": "south"}
			}
		},
		{
			"from": [3, 9, 15],
			"to": [5, 14, 15.75],
			"faces": {
				"north": {"uv": [1, 3, 3, 8], "texture": "#missing", "cullface": "south"},
				"east": {"uv": [3, 2, 3.75, 7], "texture": "#side", "cullface": "south"},
				"south": {"uv": [3, 2, 5, 7], "texture": "#side", "cullface": "south"},
				"west": {"uv": [3, 2, 3.75, 7], "texture": "#side", "cullface": "south"},
				"up": {"uv": [3, 2, 5, 2.75], "rotation": 180, "texture": "#side", "cullface": "south"},
				"down": {"uv": [1, 6, 2, 7], "rotation": 180, "texture": "#missing", "cullface": "south"}
			}
		},
		{
			"from": [5, 9, 14.75],
			"to": [7, 13, 15.5],
			"faces": {
				"north": {"uv": [1, 3, 3, 8], "texture": "#missing", "cullface": "south"},
				"east": {"uv": [5, 3, 5.75, 7], "texture": "#side", "cullface": "south"},
				"south": {"uv": [5, 3, 7, 7], "texture": "#side", "cullface": "south"},
				"west": {"uv": [5, 3, 5.75, 7], "texture": "#side", "cullface": "south"},
				"up": {"uv": [5, 3, 7, 3.75], "rotation": 180, "texture": "#side", "cullface": "south"},
				"down": {"uv": [1, 6, 2, 7], "rotation": 180, "texture": "#missing", "cullface": "south"}
			}
		},
		{
			"from": [7, 11, 15],
			"to": [8, 13, 15.75],
			"faces": {
				"north": {"uv": [1, 3, 3, 8], "texture": "#missing", "cullface": "south"},
				"east": {"uv": [7, 3, 7.75, 5], "texture": "#side", "cullface": "south"},
				"south": {"uv": [7, 3, 8, 5], "texture": "#side", "cullface": "south"},
				"west": {"uv": [7, 3, 7.75, 5], "texture": "#side", "cullface": "south"},
				"up": {"uv": [7, 3, 8, 3.75], "rotation": 180, "texture": "#side", "cullface": "south"},
				"down": {"uv": [7, 4, 8, 5], "rotation": 180, "texture": "#side", "cullface": "south"}
			}
		},
		{
			"from": [8, 10, 15],
			"to": [9, 12, 15.75],
			"faces": {
				"north": {"uv": [1, 3, 3, 8], "texture": "#missing", "cullface": "south"},
				"east": {"uv": [8, 4, 8.75, 6], "texture": "#side", "cullface": "south"},
				"south": {"uv": [8, 4, 9, 6], "texture": "#side", "cullface": "south"},
				"west": {"uv": [8, 4, 8.75, 6], "texture": "#side", "cullface": "south"},
				"up": {"uv": [8, 4, 9, 4.75], "rotation": 180, "texture": "#side", "cullface": "south"},
				"down": {"uv": [8, 5, 9, 6], "rotation": 180, "texture": "#side", "cullface": "south"}
			}
		},
		{
			"from": [9, 9, 15],
			"to": [10, 11, 15.75],
			"faces": {
				"north": {"uv": [1, 3, 3, 8], "texture": "#missing", "cullface": "south"},
				"east": {"uv": [9, 5, 9.75, 7], "texture": "#side", "cullface": "south"},
				"south": {"uv": [9, 5, 10, 7], "texture": "#side", "cullface": "south"},
				"west": {"uv": [9, 5, 9.75, 7], "texture": "#side", "cullface": "south"},
				"up": {"uv": [9, 5, 10, 5.75], "rotation": 180, "texture": "#side", "cullface": "south"},
				"down": {"uv": [9, 6, 10, 7], "rotation": 180, "texture": "#side", "cullface": "south"}
			}
		},
		{
			"from": [10, 9, 15],
			"to": [12, 14, 16],
			"faces": {
				"north": {"uv": [1, 3, 3, 8], "texture": "#missing", "cullface": "south"},
				"east": {"uv": [11, 2, 11.75, 7], "texture": "#side", "cullface": "south"},
				"south": {"uv": [10, 2, 12, 7], "texture": "#side", "cullface": "south"},
				"west": {"uv": [10, 2, 10.75, 7], "texture": "#side", "cullface": "south"},
				"up": {"uv": [10, 2, 12, 2.75], "rotation": 180, "texture": "#side", "cullface": "south"},
				"down": {"uv": [1, 6, 2, 7], "rotation": 180, "texture": "#missing", "cullface": "south"}
			}
		},
		{
			"from": [12, 9, 15],
			"to": [14, 12, 15.75],
			"faces": {
				"north": {"uv": [1, 3, 3, 8], "texture": "#missing", "cullface": "south"},
				"east": {"uv": [12, 4, 12.75, 7], "texture": "#side", "cullface": "south"},
				"south": {"uv": [12, 4, 14, 7], "texture": "#side", "cullface": "south"},
				"west": {"uv": [12, 4, 12.75, 7], "texture": "#side", "cullface": "south"},
				"up": {"uv": [12, 4, 14, 4.75], "rotation": 180, "texture": "#side", "cullface": "south"},
				"down": {"uv": [1, 6, 2, 7], "rotation": 180, "texture": "#missing", "cullface": "south"}
			}
		},
		{
			"from": [14, 9, 14.75],
			"to": [15, 13, 15.5],
			"faces": {
				"north": {"uv": [1, 3, 3, 8], "texture": "#missing", "cullface": "south"},
				"east": {"uv": [14, 3, 14.75, 7], "texture": "#side", "cullface": "south"},
				"south": {"uv": [14, 3, 15, 7], "texture": "#side", "cullface": "south"},
				"west": {"uv": [14, 3, 14.75, 7], "texture": "#side", "cullface": "south"},
				"up": {"uv": [14, 3, 15, 3.75], "rotation": 180, "texture": "#side", "cullface": "south"},
				"down": {"uv": [1, 6, 2, 7], "rotation": 180, "texture": "#missing", "cullface": "south"}
			}
		},
		{
			"from": [14.75, 1, 13],
			"to": [15.5, 6, 15],
			"faces": {
				"north": {"uv": [2, 10, 3, 15], "texture": "#side", "cullface": "east"},
				"east": {"uv": [1, 10, 3, 15], "texture": "#side", "cullface": "east"},
				"south": {"uv": [1, 10, 2, 15], "texture": "#side", "cullface": "east"},
				"west": {"uv": [11, 10, 13, 15], "texture": "#missing", "cullface": "east"},
				"up": {"uv": [3, 10, 1, 11], "rotation": 90, "texture": "#side", "cullface": "east"},
				"down": {"uv": [0, 0, 2, 1], "rotation": 270, "texture": "#missing", "cullface": "east"}
			}
		},
		{
			"from": [15, 1, 11],
			"to": [15.75, 5, 13],
			"faces": {
				"north": {"uv": [3, 11, 3.75, 15], "texture": "#side", "cullface": "east"},
				"east": {"uv": [3, 11, 5, 15], "texture": "#side", "cullface": "east"},
				"south": {"uv": [3, 11, 3.75, 15], "texture": "#side", "cullface": "east"},
				"west": {"uv": [11, 10, 13, 15], "texture": "#missing", "cullface": "east"},
				"up": {"uv": [5, 11, 3, 12], "rotation": 90, "texture": "#side", "cullface": "east"},
				"down": {"uv": [0, 0, 2, 1], "rotation": 270, "texture": "#missing", "cullface": "east"}
			}
		},
		{
			"from": [15, 1, 8],
			"to": [15.75, 6, 10],
			"faces": {
				"north": {"uv": [7, 10, 8, 15], "texture": "#side", "cullface": "east"},
				"east": {"uv": [6, 10, 8, 15], "texture": "#side", "cullface": "east"},
				"south": {"uv": [6, 10, 7, 15], "texture": "#side", "cullface": "east"},
				"west": {"uv": [11, 10, 13, 15], "texture": "#missing", "cullface": "east"},
				"up": {"uv": [8, 10, 6, 11], "rotation": 90, "texture": "#side", "cullface": "east"},
				"down": {"uv": [0, 0, 2, 1], "rotation": 270, "texture": "#missing", "cullface": "east"}
			}
		},
		{
			"from": [14.75, 1, 7],
			"to": [15.5, 5, 8],
			"faces": {
				"north": {"uv": [8, 11, 8.75, 15], "texture": "#side", "cullface": "east"},
				"east": {"uv": [8, 11, 9, 15], "texture": "#side", "cullface": "east"},
				"south": {"uv": [8, 11, 8.75, 15], "texture": "#side", "cullface": "east"},
				"west": {"uv": [11, 10, 13, 15], "texture": "#missing", "cullface": "east"},
				"up": {"uv": [9, 11, 8, 11.75], "rotation": 90, "texture": "#side", "cullface": "east"},
				"down": {"uv": [0, 0, 2, 1], "rotation": 270, "texture": "#missing", "cullface": "east"}
			}
		},
		{
			"from": [14.75, 1, 3],
			"to": [15.5, 5, 4],
			"faces": {
				"north": {"uv": [12, 11, 12.75, 15], "texture": "#side", "cullface": "east"},
				"east": {"uv": [12, 11, 13, 15], "texture": "#side", "cullface": "east"},
				"south": {"uv": [12, 11, 12.75, 15], "texture": "#side", "cullface": "east"},
				"west": {"uv": [11, 10, 13, 15], "texture": "#missing", "cullface": "east"},
				"up": {"uv": [13, 11, 12, 11.75], "rotation": 90, "texture": "#side", "cullface": "east"},
				"down": {"uv": [0, 0, 2, 1], "rotation": 270, "texture": "#missing", "cullface": "east"}
			}
		},
		{
			"from": [15, 1, 5],
			"to": [15.75, 3, 7],
			"faces": {
				"north": {"uv": [10, 13, 10.75, 15], "texture": "#side", "cullface": "east"},
				"east": {"uv": [9, 13, 11, 15], "texture": "#side", "cullface": "east"},
				"south": {"uv": [9, 13, 9.75, 15], "texture": "#side", "cullface": "east"},
				"west": {"uv": [11, 10, 13, 15], "texture": "#missing", "cullface": "east"},
				"up": {"uv": [11, 13, 9, 13.75], "rotation": 90, "texture": "#side", "cullface": "east"},
				"down": {"uv": [0, 0, 2, 1], "rotation": 270, "texture": "#missing", "cullface": "east"}
			}
		},
		{
			"from": [15, 3, 4],
			"to": [15.75, 5, 6],
			"faces": {
				"north": {"uv": [11, 11, 11.75, 13], "texture": "#side", "cullface": "east"},
				"east": {"uv": [10, 11, 12, 13], "texture": "#side", "cullface": "east"},
				"south": {"uv": [10, 11, 10.75, 13], "texture": "#side", "cullface": "east"},
				"west": {"uv": [11, 10, 13, 15], "texture": "#missing", "cullface": "east"},
				"up": {"uv": [12, 11, 10, 11.75], "rotation": 90, "texture": "#side", "cullface": "east"},
				"down": {"uv": [10, 12, 12, 13], "rotation": 270, "texture": "#side", "cullface": "east"}
			}
		},
		{
			"from": [15, 5, 3],
			"to": [15.75, 7, 5],
			"faces": {
				"north": {"uv": [12, 9, 12.75, 11], "texture": "#side", "cullface": "east"},
				"east": {"uv": [11, 9, 13, 11], "texture": "#side", "cullface": "east"},
				"south": {"uv": [11, 9, 11.75, 11], "texture": "#side", "cullface": "east"},
				"west": {"uv": [11, 10, 13, 15], "texture": "#missing", "cullface": "east"},
				"up": {"uv": [13, 9, 11, 9.75], "rotation": 90, "texture": "#side", "cullface": "east"},
				"down": {"uv": [11, 10, 13, 11], "rotation": 270, "texture": "#side", "cullface": "east"}
			}
		},
		{
			"from": [15, 1, 1],
			"to": [16.5, 7, 3],
			"faces": {
				"north": {"uv": [14, 9, 14.75, 15], "texture": "#side", "cullface": "east"},
				"east": {"uv": [13, 9, 15, 15], "texture": "#side", "cullface": "east"},
				"south": {"uv": [13, 9, 13.75, 15], "texture": "#side", "cullface": "east"},
				"west": {"uv": [11, 10, 13, 15], "texture": "#missing", "cullface": "east"},
				"up": {"uv": [15, 9, 13, 9.75], "rotation": 90, "texture": "#side", "cullface": "east"},
				"down": {"uv": [13, 14, 15, 15], "rotation": 270, "texture": "#side", "cullface": "east"}
			}
		},
		{
			"from": [15, 9, 14],
			"to": [15.75, 14, 15],
			"faces": {
				"north": {"uv": [1, 2, 1.75, 7], "texture": "#side", "cullface": "east"},
				"east": {"uv": [1, 2, 2, 7], "texture": "#side", "cullface": "east"},
				"south": {"uv": [1, 2, 1.75, 7], "texture": "#side", "cullface": "east"},
				"west": {"uv": [1, 3, 2, 7], "texture": "#missing", "cullface": "east"},
				"up": {"uv": [1, 3, 2, 3.75], "rotation": 90, "texture": "#side", "cullface": "east"},
				"down": {"uv": [1, 6, 2, 7], "rotation": 270, "texture": "#missing", "cullface": "east"}
			}
		},
		{
			"from": [14.75, 9, 13],
			"to": [15.5, 13, 14],
			"faces": {
				"north": {"uv": [2, 3, 2.75, 7], "texture": "#side", "cullface": "east"},
				"east": {"uv": [2, 3, 3, 7], "texture": "#side", "cullface": "east"},
				"south": {"uv": [2, 3, 2.75, 7], "texture": "#side", "cullface": "east"},
				"west": {"uv": [1, 3, 2, 7], "texture": "#missing", "cullface": "east"},
				"up": {"uv": [2, 3, 3, 3.75], "rotation": 90, "texture": "#side", "cullface": "east"},
				"down": {"uv": [1, 6, 2, 7], "rotation": 270, "texture": "#missing", "cullface": "east"}
			}
		},
		{
			"from": [15, 9, 11],
			"to": [15.75, 14, 13],
			"faces": {
				"north": {"uv": [3, 2, 3.75, 7], "texture": "#side", "cullface": "east"},
				"east": {"uv": [3, 2, 5, 7], "texture": "#side", "cullface": "east"},
				"south": {"uv": [3, 2, 3.75, 7], "texture": "#side", "cullface": "east"},
				"west": {"uv": [1, 3, 3, 8], "texture": "#missing", "cullface": "east"},
				"up": {"uv": [3, 2, 5, 2.75], "rotation": 90, "texture": "#side", "cullface": "east"},
				"down": {"uv": [1, 6, 2, 7], "rotation": 270, "texture": "#missing", "cullface": "east"}
			}
		},
		{
			"from": [14.75, 9, 9],
			"to": [15.5, 13, 11],
			"faces": {
				"north": {"uv": [5, 3, 5.75, 7], "texture": "#side", "cullface": "east"},
				"east": {"uv": [5, 3, 7, 7], "texture": "#side", "cullface": "east"},
				"south": {"uv": [5, 3, 5.75, 7], "texture": "#side", "cullface": "east"},
				"west": {"uv": [1, 3, 3, 8], "texture": "#missing", "cullface": "east"},
				"up": {"uv": [5, 3, 7, 3.75], "rotation": 90, "texture": "#side", "cullface": "east"},
				"down": {"uv": [1, 6, 2, 7], "rotation": 270, "texture": "#missing", "cullface": "east"}
			}
		},
		{
			"from": [15, 11, 8],
			"to": [15.75, 13, 9],
			"faces": {
				"north": {"uv": [7, 3, 7.75, 5], "texture": "#side", "cullface": "east"},
				"east": {"uv": [7, 3, 8, 5], "texture": "#side", "cullface": "east"},
				"south": {"uv": [7, 3, 7.75, 5], "texture": "#side", "cullface": "east"},
				"west": {"uv": [1, 3, 3, 8], "texture": "#missing", "cullface": "east"},
				"up": {"uv": [7, 3, 8, 3.75], "rotation": 90, "texture": "#side", "cullface": "east"},
				"down": {"uv": [7, 4, 8, 5], "rotation": 270, "texture": "#side", "cullface": "east"}
			}
		},
		{
			"from": [15, 10, 7],
			"to": [15.75, 12, 8],
			"faces": {
				"north": {"uv": [8, 4, 8.75, 6], "texture": "#side", "cullface": "east"},
				"east": {"uv": [8, 4, 9, 6], "texture": "#side", "cullface": "east"},
				"south": {"uv": [8, 4, 8.75, 6], "texture": "#side", "cullface": "east"},
				"west": {"uv": [1, 3, 3, 8], "texture": "#missing", "cullface": "east"},
				"up": {"uv": [8, 4, 9, 4.75], "rotation": 90, "texture": "#side", "cullface": "east"},
				"down": {"uv": [8, 5, 9, 6], "rotation": 270, "texture": "#side", "cullface": "east"}
			}
		},
		{
			"from": [15, 9, 6],
			"to": [15.75, 11, 7],
			"faces": {
				"north": {"uv": [9, 5, 9.75, 7], "texture": "#side", "cullface": "east"},
				"east": {"uv": [9, 5, 10, 7], "texture": "#side", "cullface": "east"},
				"south": {"uv": [9, 5, 9.75, 7], "texture": "#side", "cullface": "east"},
				"west": {"uv": [1, 3, 3, 8], "texture": "#missing", "cullface": "east"},
				"up": {"uv": [9, 5, 10, 5.75], "rotation": 90, "texture": "#side", "cullface": "east"},
				"down": {"uv": [9, 6, 10, 7], "rotation": 270, "texture": "#side", "cullface": "east"}
			}
		},
		{
			"from": [15, 9, 4],
			"to": [16, 14, 6],
			"faces": {
				"north": {"uv": [11, 2, 11.75, 7], "texture": "#side", "cullface": "east"},
				"east": {"uv": [10, 2, 12, 7], "texture": "#side", "cullface": "east"},
				"south": {"uv": [10, 2, 10.75, 7], "texture": "#side", "cullface": "east"},
				"west": {"uv": [1, 3, 3, 8], "texture": "#missing", "cullface": "east"},
				"up": {"uv": [10, 2, 12, 2.75], "rotation": 90, "texture": "#side", "cullface": "east"},
				"down": {"uv": [1, 6, 2, 7], "rotation": 270, "texture": "#missing", "cullface": "east"}
			}
		},
		{
			"from": [15, 9, 2],
			"to": [15.75, 12, 4],
			"faces": {
				"north": {"uv": [12, 4, 12.75, 7], "texture": "#side", "cullface": "east"},
				"east": {"uv": [12, 4, 14, 7], "texture": "#side", "cullface": "east"},
				"south": {"uv": [12, 4, 12.75, 7], "texture": "#side", "cullface": "east"},
				"west": {"uv": [1, 3, 3, 8], "texture": "#missing", "cullface": "east"},
				"up": {"uv": [12, 4, 14, 4.75], "rotation": 90, "texture": "#side", "cullface": "east"},
				"down": {"uv": [1, 6, 2, 7], "rotation": 270, "texture": "#missing", "cullface": "east"}
			}
		},
		{
			"from": [14.75, 9, 1],
			"to": [15.5, 13, 2],
			"faces": {
				"north": {"uv": [14, 3, 14.75, 7], "texture": "#side", "cullface": "east"},
				"east": {"uv": [14, 3, 15, 7], "texture": "#side", "cullface": "east"},
				"south": {"uv": [14, 3, 14.75, 7], "texture": "#side", "cullface": "east"},
				"west": {"uv": [1, 3, 3, 8], "texture": "#missing", "cullface": "east"},
				"up": {"uv": [14, 3, 15, 3.75], "rotation": 90, "texture": "#side", "cullface": "east"},
				"down": {"uv": [1, 6, 2, 7], "rotation": 270, "texture": "#missing", "cullface": "east"}
			}
		}
	],
	"groups": [
		{
			"name": "group",
			"origin": [8, 8, 8],
			"color": 0,
			"children": [
				{
					"name": "group",
					"origin": [8, 8, 8],
					"color": 0,
					"children": [0, 1, 2, 3, 4, 5, 6, 7, 8, 9, 10]
				},
				{
					"name": "group",
					"origin": [8, 8, 8],
					"color": 0,
					"children": [11]
				},
				{
					"name": "group",
					"origin": [8, 8, 8],
					"color": 0,
					"children": [
						{
							"name": "group",
							"origin": [8, 8, 8],
							"color": 0,
							"children": [12, 13, 14, 15, 16, 17, 18, 19, 20]
						},
						{
							"name": "group",
							"origin": [8, 8, 8],
							"color": 0,
							"children": [21, 22, 23, 24, 25, 26, 27, 28, 29, 30]
						}
					]
				},
				{
					"name": "group",
					"origin": [8, 8, 8],
					"color": 0,
					"children": [
						{
							"name": "group",
							"origin": [8, 8, 8],
							"color": 0,
							"children": [31, 32, 33, 34, 35, 36, 37, 38, 39]
						},
						{
							"name": "group",
							"origin": [8, 8, 8],
							"color": 0,
							"children": [40, 41, 42, 43, 44, 45, 46, 47, 48, 49]
						}
					]
				},
				{
					"name": "group",
					"origin": [8, 8, 8],
					"color": 0,
					"children": [
						{
							"name": "group",
							"origin": [8, 8, 8],
							"color": 0,
							"children": [50, 51, 52, 53, 54, 55, 56, 57, 58]
						},
						{
							"name": "group",
							"origin": [8, 8, 8],
							"color": 0,
							"children": [59, 60, 61, 62, 63, 64, 65, 66, 67, 68]
						}
					]
				},
				{
					"name": "group",
					"origin": [8, 8, 8],
					"color": 0,
					"children": [
						{
							"name": "group",
							"origin": [8, 8, 8],
							"color": 0,
							"children": [69, 70, 71, 72, 73, 74, 75, 76, 77]
						},
						{
							"name": "group",
							"origin": [8, 8, 8],
							"color": 0,
							"children": [78, 79, 80, 81, 82, 83, 84, 85, 86, 87]
						}
					]
				}
			]
		}
	]
}