{
	"credit": "Made with Blockbench",
	"parent": "minecraft:block/cube_column",
	"textures": {
		"end": "block/oak_planks",
		"side": "block/variated/bookshelf5"
	},
	"elements": [
		{
			"from": [0, 0, 0],
			"to": [16, 1, 16],
			"faces": {
				"north": {"uv": [0, 15, 16, 16], "texture": "#side"},
				"east": {"uv": [0, 15, 16, 16], "texture": "#side"},
				"south": {"uv": [0, 15, 16, 16], "texture": "#side"},
				"west": {"uv": [0, 15, 16, 16], "texture": "#side"},
				"up": {"uv": [0, 0, 16, 16], "texture": "#end"},
				"down": {"uv": [0, 0, 16, 16], "texture": "#end"}
			}
		},
		{
			"from": [0, 7, 0],
			"to": [16, 9, 16],
			"faces": {
				"north": {"uv": [0, 7, 16, 9], "texture": "#side"},
				"east": {"uv": [0, 7, 16, 9], "texture": "#side"},
				"south": {"uv": [0, 7, 16, 9], "texture": "#side"},
				"west": {"uv": [0, 7, 16, 9], "texture": "#side"},
				"up": {"uv": [0, 0, 16, 16], "texture": "#end"},
				"down": {"uv": [0, 0, 16, 16], "texture": "#end"}
			}
		},
		{
			"from": [0, 15, 0],
			"to": [16, 16, 16],
			"faces": {
				"north": {"uv": [0, 0, 16, 1], "texture": "#side"},
				"east": {"uv": [0, 0, 16, 1], "texture": "#side"},
				"south": {"uv": [0, 0, 16, 1], "texture": "#side"},
				"west": {"uv": [0, 0, 16, 1], "texture": "#side"},
				"up": {"uv": [0, 0, 16, 16], "texture": "#end"},
				"down": {"uv": [0, 0, 16, 16], "texture": "#end"}
			}
		},
		{
			"from": [0, 9, 0],
			"to": [1, 15, 1],
			"faces": {
				"north": {"uv": [15, 1, 16, 7], "texture": "#side"},
				"east": {"uv": [15, 1, 16, 7], "texture": "#side"},
				"south": {"uv": [0, 1, 1, 7], "texture": "#side"},
				"west": {"uv": [0, 1, 1, 7], "texture": "#side"},
				"up": {"uv": [0, 0, 1, 1], "texture": "#end"},
				"down": {"uv": [0, 15, 1, 16], "texture": "#end"}
			}
		},
		{
			"from": [0, 9, 15],
			"to": [1, 15, 16],
			"faces": {
				"north": {"uv": [15, 1, 16, 7], "texture": "#side"},
				"east": {"uv": [0, 1, 1, 7], "texture": "#side"},
				"south": {"uv": [0, 1, 1, 7], "texture": "#side"},
				"west": {"uv": [15, 1, 16, 7], "texture": "#side"},
				"up": {"uv": [0, 15, 1, 16], "texture": "#end"},
				"down": {"uv": [0, 0, 1, 1], "texture": "#end"}
			}
		},
		{
			"from": [15, 9, 15],
			"to": [16, 15, 16],
			"faces": {
				"north": {"uv": [0, 1, 1, 7], "texture": "#side"},
				"east": {"uv": [0, 1, 1, 7], "texture": "#side"},
				"south": {"uv": [15, 1, 16, 7], "texture": "#side"},
				"west": {"uv": [15, 1, 16, 7], "texture": "#side"},
				"up": {"uv": [15, 15, 16, 16], "texture": "#end"},
				"down": {"uv": [15, 0, 16, 1], "texture": "#end"}
			}
		},
		{
			"from": [15, 9, 0],
			"to": [16, 15, 1],
			"faces": {
				"north": {"uv": [0, 1, 1, 7], "texture": "#side"},
				"east": {"uv": [15, 1, 16, 7], "texture": "#side"},
				"south": {"uv": [15, 1, 16, 7], "texture": "#side"},
				"west": {"uv": [0, 1, 1, 7], "texture": "#side"},
				"up": {"uv": [15, 0, 16, 1], "texture": "#end"},
				"down": {"uv": [15, 15, 16, 16], "texture": "#end"}
			}
		},
		{
			"from": [15, 1, 0],
			"to": [16, 7, 1],
			"faces": {
				"north": {"uv": [0, 9, 1, 15], "texture": "#side"},
				"east": {"uv": [15, 9, 16, 15], "texture": "#side"},
				"south": {"uv": [15, 9, 16, 15], "texture": "#side"},
				"west": {"uv": [0, 9, 1, 15], "texture": "#side"},
				"up": {"uv": [15, 0, 16, 1], "texture": "#end"},
				"down": {"uv": [15, 15, 16, 16], "texture": "#end"}
			}
		},
		{
			"from": [15, 1, 15],
			"to": [16, 7, 16],
			"faces": {
				"north": {"uv": [0, 9, 1, 15], "texture": "#side"},
				"east": {"uv": [0, 9, 1, 15], "texture": "#side"},
				"south": {"uv": [15, 9, 16, 15], "texture": "#side"},
				"west": {"uv": [15, 9, 16, 15], "texture": "#side"},
				"up": {"uv": [15, 15, 16, 16], "texture": "#end"},
				"down": {"uv": [15, 0, 16, 1], "texture": "#end"}
			}
		},
		{
			"from": [0, 1, 15],
			"to": [1, 7, 16],
			"faces": {
				"north": {"uv": [15, 9, 16, 15], "texture": "#side"},
				"east": {"uv": [0, 9, 1, 15], "texture": "#side"},
				"south": {"uv": [0, 9, 1, 15], "texture": "#side"},
				"west": {"uv": [15, 9, 16, 15], "texture": "#side"},
				"up": {"uv": [0, 15, 1, 16], "texture": "#end"},
				"down": {"uv": [0, 0, 1, 1], "texture": "#end"}
			}
		},
		{
			"from": [0, 1, 0],
			"to": [1, 7, 1],
			"faces": {
				"north": {"uv": [15, 9, 16, 15], "texture": "#side"},
				"east": {"uv": [15, 9, 16, 15], "texture": "#side"},
				"south": {"uv": [0, 9, 1, 15], "texture": "#side"},
				"west": {"uv": [0, 9, 1, 15], "texture": "#side"},
				"up": {"uv": [0, 0, 1, 1], "texture": "#end"},
				"down": {"uv": [0, 15, 1, 16], "texture": "#end"}
			}
		},
		{
			"from": [1, 1, 1],
			"to": [15, 15, 15],
			"faces": {
				"north": {"uv": [1, 1, 15, 15], "texture": "#side", "cullface": "north"},
				"east": {"uv": [1, 1, 15, 15], "texture": "#side", "cullface": "east"},
				"south": {"uv": [1, 1, 15, 15], "texture": "#side", "cullface": "south"},
				"west": {"uv": [1, 1, 15, 15], "texture": "#side", "cullface": "west"}
			}
		},
		{
			"from": [14, 1, 0.25],
			"to": [15, 5, 1],
			"faces": {
				"north": {"uv": [1, 11, 2, 15], "texture": "#side", "cullface": "north"},
				"east": {"uv": [1, 11, 1.75, 15], "texture": "#side", "cullface": "north"},
				"south": {"uv": [11, 10, 13, 15], "texture": "#missing", "cullface": "north"},
				"west": {"uv": [1, 11, 1.75, 15], "texture": "#side", "cullface": "north"},
				"up": {"uv": [2, 11, 1, 11.75], "texture": "#side", "cullface": "north"},
				"down": {"uv": [0, 0, 2, 1], "texture": "#missing", "cullface": "north"}
			}
		},
		{
			"from": [12, 1, 0.5],
			"to": [14, 6, 1.25],
			"faces": {
				"north": {"uv": [2, 10, 4, 15], "texture": "#side", "cullface": "north"},
				"east": {"uv": [2, 10, 2.75, 15], "texture": "#side", "cullface": "north"},
				"south": {"uv": [11, 10, 13, 15], "texture": "#missing", "cullface": "north"},
				"west": {"uv": [3, 10, 3.75, 15], "texture": "#side", "cullface": "north"},
				"up": {"uv": [4, 10, 2, 10.75], "texture": "#side", "cullface": "north"},
				"down": {"uv": [0, 0, 2, 1], "texture": "#missing", "cullface": "north"}
			}
		},
		{
			"from": [10, 1, 0.75],
			"to": [12, 5, 1.5],
			"faces": {
				"north": {"uv": [4, 11, 6, 15], "texture": "#side", "cullface": "north"},
				"east": {"uv": [4, 11, 4.75, 15], "texture": "#side", "cullface": "north"},
				"south": {"uv": [11, 10, 13, 15], "texture": "#missing", "cullface": "north"},
				"west": {"uv": [5, 11, 5.75, 15], "texture": "#side", "cullface": "north"},
				"up": {"uv": [6, 11, 4, 11.75], "texture": "#side", "cullface": "north"},
				"down": {"uv": [0, 0, 2, 1], "texture": "#missing", "cullface": "north"}
			}
		},
		{
			"from": [9, 1, -0.5],
			"to": [10, 7, 1.5],
			"faces": {
				"north": {"uv": [6, 9, 7, 15], "texture": "#side", "cullface": "north"},
				"east": {"uv": [6, 9, 6.75, 15], "texture": "#side", "cullface": "north"},
				"south": {"uv": [11, 10, 13, 15], "texture": "#missing", "cullface": "north"},
				"west": {"uv": [6, 9, 6.75, 15], "texture": "#side", "cullface": "north"},
				"up": {"uv": [7, 9, 6, 9.75], "texture": "#side", "cullface": "north"},
				"down": {"uv": [6, 14, 7, 14.75], "texture": "#side", "cullface": "north"}
			}
		},
		{
			"from": [8, 1, 0.75],
			"to": [9, 4, 1.5],
			"faces": {
				"north": {"uv": [7, 12, 8, 15], "texture": "#side", "cullface": "north"},
				"east": {"uv": [7, 12, 7.75, 15], "texture": "#side", "cullface": "north"},
				"south": {"uv": [11, 10, 13, 15], "texture": "#missing", "cullface": "north"},
				"west": {"uv": [7, 12, 7.75, 15], "texture": "#side", "cullface": "north"},
				"up": {"uv": [8, 12, 7, 12.75], "texture": "#side", "cullface": "north"},
				"down": {"uv": [0, 0, 2, 1], "texture": "#missing", "cullface": "north"}
			}
		},
		{
			"from": [7, 1, 0.25],
			"to": [8, 2, 1],
			"faces": {
				"north": {"uv": [2, 11, 3, 12], "texture": "#side", "cullface": "north"},
				"east": {"uv": [2, 10, 2.75, 11], "texture": "#side", "cullface": "north"},
				"south": {"uv": [11, 10, 13, 15], "texture": "#missing", "cullface": "north"},
				"west": {"uv": [2, 10, 2.75, 11], "texture": "#side", "cullface": "north"},
				"up": {"uv": [3, 10, 2, 10.75], "texture": "#side", "cullface": "north"},
				"down": {"uv": [0, 0, 2, 1], "texture": "#missing", "cullface": "north"}
			}
		},
		{
			"from": [6, 1, 0.5],
			"to": [7, 5, 1.25],
			"faces": {
				"north": {"uv": [9, 11, 10, 15], "texture": "#side", "cullface": "north"},
				"east": {"uv": [9, 11, 9.75, 15], "texture": "#side", "cullface": "north"},
				"south": {"uv": [11, 10, 13, 15], "texture": "#missing", "cullface": "north"},
				"west": {"uv": [9, 11, 9.75, 15], "texture": "#side", "cullface": "north"},
				"up": {"uv": [10, 11, 9, 11.75], "texture": "#side", "cullface": "north"},
				"down": {"uv": [0, 0, 2, 1], "texture": "#missing", "cullface": "north"}
			}
		},
		{
			"from": [4, 1, 0.25],
			"to": [6, 6, 1],
			"faces": {
				"north": {"uv": [10, 10, 12, 15], "texture": "#side", "cullface": "north"},
				"east": {"uv": [10, 10, 10.75, 15], "texture": "#side", "cullface": "north"},
				"south": {"uv": [11, 10, 13, 15], "texture": "#missing", "cullface": "north"},
				"west": {"uv": [11, 10, 11.75, 15], "texture": "#side", "cullface": "north"},
				"up": {"uv": [12, 10, 10, 10.75], "texture": "#side", "cullface": "north"},
				"down": {"uv": [0, 0, 2, 1], "texture": "#missing", "cullface": "north"}
			}
		},
		{
			"from": [3, 1, 0.5],
			"to": [4, 6, 1.25],
			"faces": {
				"north": {"uv": [12, 10, 13, 15], "texture": "#side", "cullface": "north"},
				"east": {"uv": [12, 10, 12.75, 15], "texture": "#side", "cullface": "north"},
				"south": {"uv": [11, 10, 13, 15], "texture": "#missing", "cullface": "north"},
				"west": {"uv": [12, 10, 12.75, 15], "texture": "#side", "cullface": "north"},
				"up": {"uv": [13, 10, 12, 10.75], "texture": "#side", "cullface": "north"},
				"down": {"uv": [0, 0, 2, 1], "texture": "#missing", "cullface": "north"}
			}
		},
		{
			"from": [1, 1, 0.75],
			"to": [3, 5, 1.5],
			"faces": {
				"north": {"uv": [13, 11, 15, 15], "texture": "#side", "cullface": "north"},
				"east": {"uv": [13, 11, 13.75, 15], "texture": "#side", "cullface": "north"},
				"south": {"uv": [11, 10, 13, 15], "texture": "#missing", "cullface": "north"},
				"west": {"uv": [14, 11, 14.75, 15], "texture": "#side", "cullface": "north"},
				"up": {"uv": [15, 11, 13, 11.75], "texture": "#side", "cullface": "north"},
				"down": {"uv": [0, 0, 2, 1], "texture": "#missing", "cullface": "north"}
			}
		},
		{
			"from": [7, 9, 0],
			"to": [12, 11, 1],
			"faces": {
				"north": {"uv": [4, 5, 9, 7], "texture": "#side", "cullface": "north"},
				"east": {"uv": [4, 5, 4.75, 7], "texture": "#side", "cullface": "north"},
				"south": {"uv": [1, 3, 3, 8], "texture": "#missing", "cullface": "north"},
				"west": {"uv": [8, 5, 8.75, 7], "texture": "#side", "cullface": "north"},
				"up": {"uv": [4, 5, 9, 5.75], "texture": "#side", "cullface": "north"}
			}
		},
		{
			"from": [7, 11, 0.25],
			"to": [11, 12, 1],
			"faces": {
				"north": {"uv": [5, 4, 9, 5], "texture": "#side", "cullface": "north"},
				"east": {"uv": [5, 4, 5.75, 5], "texture": "#side", "cullface": "north"},
				"south": {"uv": [1, 3, 3, 8], "texture": "#missing", "cullface": "north"},
				"west": {"uv": [8, 4, 8.75, 5], "texture": "#side", "cullface": "north"},
				"up": {"uv": [5, 4, 9, 4.75], "texture": "#side", "cullface": "north"}
			}
		},
		{
			"from": [5, 9, 0.25],
			"to": [7, 14, 1],
			"faces": {
				"north": {"uv": [9, 2, 11, 7], "texture": "#side", "cullface": "north"},
				"east": {"uv": [9, 2, 9.75, 7], "texture": "#side", "cullface": "north"},
				"south": {"uv": [1, 3, 3, 8], "texture": "#missing", "cullface": "north"},
				"west": {"uv": [10, 2, 10.75, 7], "texture": "#side", "cullface": "north"},
				"up": {"uv": [9, 2, 11, 2.75], "texture": "#side", "cullface": "north"}
			}
		},
		{
			"from": [3, 9, -0.5],
			"to": [5, 15, 1],
			"faces": {
				"north": {"uv": [11, 1, 13, 7], "texture": "#side", "cullface": "north"},
				"east": {"uv": [11, 1, 11.75, 7], "texture": "#side", "cullface": "north"},
				"south": {"uv": [1, 3, 3, 8], "texture": "#missing", "cullface": "north"},
				"west": {"uv": [12, 1, 12.75, 7], "texture": "#side", "cullface": "north"},
				"up": {"uv": [11, 1, 13, 1.75], "texture": "#side", "cullface": "north"},
				"down": {"uv": [11, 6, 13, 7], "texture": "#side", "cullface": "north"}
			}
		},
		{
			"from": [2, 9, 0.25],
			"to": [3, 12, 1.25],
			"faces": {
				"north": {"uv": [13, 4, 14, 7], "texture": "#side", "cullface": "north"},
				"east": {"uv": [13, 4, 14, 7], "texture": "#side", "cullface": "north"},
				"south": {"uv": [1, 3, 3, 8], "texture": "#missing", "cullface": "north"},
				"west": {"uv": [13, 4, 14, 7], "texture": "#side", "cullface": "north"},
				"up": {"uv": [13, 5, 14, 6], "texture": "#side", "cullface": "north"}
			}
		},
		{
			"from": [0.25, 1, 1],
			"to": [1, 5, 2],
			"faces": {
				"north": {"uv": [1, 11, 1.75, 15], "texture": "#side", "cullface": "west"},
				"east": {"uv": [11, 10, 13, 15], "texture": "#missing", "cullface": "west"},
				"south": {"uv": [1, 11, 1.75, 15], "texture": "#side", "cullface": "west"},
				"west": {"uv": [1, 11, 2, 15], "texture": "#side", "cullface": "west"},
				"up": {"uv": [2, 11, 1, 11.75], "rotation": 270, "texture": "#side", "cullface": "west"},
				"down": {"uv": [0, 0, 2, 1], "rotation": 90, "texture": "#missing", "cullface": "west"}
			}
		},
		{
			"from": [0.5, 1, 2],
			"to": [1.25, 6, 4],
			"faces": {
				"north": {"uv": [2, 10, 2.75, 15], "texture": "#side", "cullface": "west"},
				"east": {"uv": [11, 10, 13, 15], "texture": "#missing", "cullface": "west"},
				"south": {"uv": [3, 10, 3.75, 15], "texture": "#side", "cullface": "west"},
				"west": {"uv": [2, 10, 4, 15], "texture": "#side", "cullface": "west"},
				"up": {"uv": [4, 10, 2, 10.75], "rotation": 270, "texture": "#side", "cullface": "west"},
				"down": {"uv": [0, 0, 2, 1], "rotation": 90, "texture": "#missing", "cullface": "west"}
			}
		},
		{
			"from": [0.75, 1, 4],
			"to": [1.5, 5, 6],
			"faces": {
				"north": {"uv": [4, 11, 4.75, 15], "texture": "#side", "cullface": "west"},
				"east": {"uv": [11, 10, 13, 15], "texture": "#missing", "cullface": "west"},
				"south": {"uv": [5, 11, 5.75, 15], "texture": "#side", "cullface": "west"},
				"west": {"uv": [4, 11, 6, 15], "texture": "#side", "cullface": "west"},
				"up": {"uv": [6, 11, 4, 11.75], "rotation": 270, "texture": "#side", "cullface": "west"},
				"down": {"uv": [0, 0, 2, 1], "rotation": 90, "texture": "#missing", "cullface": "west"}
			}
		},
		{
			"from": [-0.5, 1, 6],
			"to": [1.5, 7, 7],
			"faces": {
				"north": {"uv": [6, 9, 6.75, 15], "texture": "#side", "cullface": "west"},
				"east": {"uv": [11, 10, 13, 15], "texture": "#missing", "cullface": "west"},
				"south": {"uv": [6, 9, 6.75, 15], "texture": "#side", "cullface": "west"},
				"west": {"uv": [6, 9, 7, 15], "texture": "#side", "cullface": "west"},
				"up": {"uv": [7, 9, 6, 9.75], "rotation": 270, "texture": "#side", "cullface": "west"},
				"down": {"uv": [6, 14, 7, 14.75], "rotation": 90, "texture": "#side", "cullface": "west"}
			}
		},
		{
			"from": [0.75, 1, 7],
			"to": [1.5, 4, 8],
			"faces": {
				"north": {"uv": [7, 12, 7.75, 15], "texture": "#side", "cullface": "west"},
				"east": {"uv": [11, 10, 13, 15], "texture": "#missing", "cullface": "west"},
				"south": {"uv": [7, 12, 7.75, 15], "texture": "#side", "cullface": "west"},
				"west": {"uv": [7, 12, 8, 15], "texture": "#side", "cullface": "west"},
				"up": {"uv": [8, 12, 7, 12.75], "rotation": 270, "texture": "#side", "cullface": "west"},
				"down": {"uv": [0, 0, 2, 1], "rotation": 90, "texture": "#missing", "cullface": "west"}
			}
		},
		{
			"from": [0.25, 1, 8],
			"to": [1, 2, 9],
			"faces": {
				"north": {"uv": [2, 10, 2.75, 11], "texture": "#side", "cullface": "west"},
				"east": {"uv": [11, 10, 13, 15], "texture": "#missing", "cullface": "west"},
				"south": {"uv": [2, 10, 2.75, 11], "texture": "#side", "cullface": "west"},
				"west": {"uv": [2, 11, 3, 12], "texture": "#side", "cullface": "west"},
				"up": {"uv": [3, 10, 2, 10.75], "rotation": 270, "texture": "#side", "cullface": "west"},
				"down": {"uv": [0, 0, 2, 1], "rotation": 90, "texture": "#missing", "cullface": "west"}
			}
		},
		{
			"from": [0.5, 1, 9],
			"to": [1.25, 5, 10],
			"faces": {
				"north": {"uv": [9, 11, 9.75, 15], "texture": "#side", "cullface": "west"},
				"east": {"uv": [11, 10, 13, 15], "texture": "#missing", "cullface": "west"},
				"south": {"uv": [9, 11, 9.75, 15], "texture": "#side", "cullface": "west"},
				"west": {"uv": [9, 11, 10, 15], "texture": "#side", "cullface": "west"},
				"up": {"uv": [10, 11, 9, 11.75], "rotation": 270, "texture": "#side", "cullface": "west"},
				"down": {"uv": [0, 0, 2, 1], "rotation": 90, "texture": "#missing", "cullface": "west"}
			}
		},
		{
			"from": [0.25, 1, 10],
			"to": [1, 6, 12],
			"faces": {
				"north": {"uv": [10, 10, 10.75, 15], "texture": "#side", "cullface": "west"},
				"east": {"uv": [11, 10, 13, 15], "texture": "#missing", "cullface": "west"},
				"south": {"uv": [11, 10, 11.75, 15], "texture": "#side", "cullface": "west"},
				"west": {"uv": [10, 10, 12, 15], "texture": "#side", "cullface": "west"},
				"up": {"uv": [12, 10, 10, 10.75], "rotation": 270, "texture": "#side", "cullface": "west"},
				"down": {"uv": [0, 0, 2, 1], "rotation": 90, "texture": "#missing", "cullface": "west"}
			}
		},
		{
			"from": [0.5, 1, 12],
			"to": [1.25, 6, 13],
			"faces": {
				"north": {"uv": [12, 10, 12.75, 15], "texture": "#side", "cullface": "west"},
				"east": {"uv": [11, 10, 13, 15], "texture": "#missing", "cullface": "west"},
				"south": {"uv": [12, 10, 12.75, 15], "texture": "#side", "cullface": "west"},
				"west": {"uv": [12, 10, 13, 15], "texture": "#side", "cullface": "west"},
				"up": {"uv": [13, 10, 12, 10.75], "rotation": 270, "texture": "#side", "cullface": "west"},
				"down": {"uv": [0, 0, 2, 1], "rotation": 90, "texture": "#missing", "cullface": "west"}
			}
		},
		{
			"from": [0.75, 1, 13],
			"to": [1.5, 5, 15],
			"faces": {
				"north": {"uv": [13, 11, 13.75, 15], "texture": "#side", "cullface": "west"},
				"east": {"uv": [11, 10, 13, 15], "texture": "#missing", "cullface": "west"},
				"south": {"uv": [14, 11, 14.75, 15], "texture": "#side", "cullface": "west"},
				"west": {"uv": [13, 11, 15, 15], "texture": "#side", "cullface": "west"},
				"up": {"uv": [15, 11, 13, 11.75], "rotation": 270, "texture": "#side", "cullface": "west"},
				"down": {"uv": [0, 0, 2, 1], "rotation": 90, "texture": "#missing", "cullface": "west"}
			}
		},
		{
			"from": [0, 9, 4],
			"to": [1, 11, 9],
			"faces": {
				"north": {"uv": [4, 5, 4.75, 7], "texture": "#side", "cullface": "west"},
				"east": {"uv": [1, 3, 3, 8], "texture": "#missing", "cullface": "west"},
				"south": {"uv": [8, 5, 8.75, 7], "texture": "#side", "cullface": "west"},
				"west": {"uv": [4, 5, 9, 7], "texture": "#side", "cullface": "west"},
				"up": {"uv": [4, 5, 9, 5.75], "rotation": 270, "texture": "#side", "cullface": "west"}
			}
		},
		{
			"from": [0.25, 11, 5],
			"to": [1, 12, 9],
			"faces": {
				"north": {"uv": [5, 4, 5.75, 5], "texture": "#side", "cullface": "west"},
				"east": {"uv": [1, 3, 3, 8], "texture": "#missing", "cullface": "west"},
				"south": {"uv": [8, 4, 8.75, 5], "texture": "#side", "cullface": "west"},
				"west": {"uv": [5, 4, 9, 5], "texture": "#side", "cullface": "west"},
				"up": {"uv": [5, 4, 9, 4.75], "rotation": 270, "texture": "#side", "cullface": "west"}
			}
		},
		{
			"from": [0.25, 9, 9],
			"to": [1, 14, 11],
			"faces": {
				"north": {"uv": [9, 2, 9.75, 7], "texture": "#side", "cullface": "west"},
				"east": {"uv": [1, 3, 3, 8], "texture": "#missing", "cullface": "west"},
				"south": {"uv": [10, 2, 10.75, 7], "texture": "#side", "cullface": "west"},
				"west": {"uv": [9, 2, 11, 7], "texture": "#side", "cullface": "west"},
				"up": {"uv": [9, 2, 11, 2.75], "rotation": 270, "texture": "#side", "cullface": "west"}
			}
		},
		{
			"from": [-0.5, 9, 11],
			"to": [1, 15, 13],
			"faces": {
				"north": {"uv": [11, 1, 11.75, 7], "texture": "#side", "cullface": "west"},
				"east": {"uv": [1, 3, 3, 8], "texture": "#missing", "cullface": "west"},
				"south": {"uv": [12, 1, 12.75, 7], "texture": "#side", "cullface": "west"},
				"west": {"uv": [11, 1, 13, 7], "texture": "#side", "cullface": "west"},
				"up": {"uv": [11, 1, 13, 1.75], "rotation": 270, "texture": "#side", "cullface": "west"},
				"down": {"uv": [11, 6, 13, 7], "rotation": 90, "texture": "#side", "cullface": "west"}
			}
		},
		{
			"from": [0.25, 9, 13],
			"to": [1.25, 12, 14],
			"faces": {
				"north": {"uv": [13, 4, 14, 7], "texture": "#side", "cullface": "west"},
				"east": {"uv": [1, 3, 3, 8], "texture": "#missing", "cullface": "west"},
				"south": {"uv": [13, 4, 14, 7], "texture": "#side", "cullface": "west"},
				"west": {"uv": [13, 4, 14, 7], "texture": "#side", "cullface": "west"},
				"up": {"uv": [13, 5, 14, 6], "rotation": 270, "texture": "#side", "cullface": "west"}
			}
		},
		{
			"from": [1, 1, 15],
			"to": [2, 5, 15.75],
			"faces": {
				"north": {"uv": [11, 10, 13, 15], "texture": "#missing", "cullface": "south"},
				"east": {"uv": [1, 11, 1.75, 15], "texture": "#side", "cullface": "south"},
				"south": {"uv": [1, 11, 2, 15], "texture": "#side", "cullface": "south"},
				"west": {"uv": [1, 11, 1.75, 15], "texture": "#side", "cullface": "south"},
				"up": {"uv": [2, 11, 1, 11.75], "rotation": 180, "texture": "#side", "cullface": "south"},
				"down": {"uv": [0, 0, 2, 1], "rotation": 180, "texture": "#missing", "cullface": "south"}
			}
		},
		{
			"from": [2, 1, 14.75],
			"to": [4, 6, 15.5],
			"faces": {
				"north": {"uv": [11, 10, 13, 15], "texture": "#missing", "cullface": "south"},
				"east": {"uv": [3, 10, 3.75, 15], "texture": "#side", "cullface": "south"},
				"south": {"uv": [2, 10, 4, 15], "texture": "#side", "cullface": "south"},
				"west": {"uv": [2, 10, 2.75, 15], "texture": "#side", "cullface": "south"},
				"up": {"uv": [4, 10, 2, 10.75], "rotation": 180, "texture": "#side", "cullface": "south"},
				"down": {"uv": [0, 0, 2, 1], "rotation": 180, "texture": "#missing", "cullface": "south"}
			}
		},
		{
			"from": [4, 1, 14.5],
			"to": [6, 5, 15.25],
			"faces": {
				"north": {"uv": [11, 10, 13, 15], "texture": "#missing", "cullface": "south"},
				"east": {"uv": [5, 11, 5.75, 15], "texture": "#side", "cullface": "south"},
				"south": {"uv": [4, 11, 6, 15], "texture": "#side", "cullface": "south"},
				"west": {"uv": [4, 11, 4.75, 15], "texture": "#side", "cullface": "south"},
				"up": {"uv": [6, 11, 4, 11.75], "rotation": 180, "texture": "#side", "cullface": "south"},
				"down": {"uv": [0, 0, 2, 1], "rotation": 180, "texture": "#missing", "cullface": "south"}
			}
		},
		{
			"from": [6, 1, 14.5],
			"to": [7, 7, 16.5],
			"faces": {
				"north": {"uv": [11, 10, 13, 15], "texture": "#missing", "cullface": "south"},
				"east": {"uv": [6, 9, 6.75, 15], "texture": "#side", "cullface": "south"},
				"south": {"uv": [6, 9, 7, 15], "texture": "#side", "cullface": "south"},
				"west": {"uv": [6, 9, 6.75, 15], "texture": "#side", "cullface": "south"},
				"up": {"uv": [7, 9, 6, 9.75], "rotation": 180, "texture": "#side", "cullface": "south"},
				"down": {"uv": [6, 14, 7, 14.75], "rotation": 180, "texture": "#side", "cullface": "south"}
			}
		},
		{
			"from": [7, 1, 14.5],
			"to": [8, 4, 15.25],
			"faces": {
				"north": {"uv": [11, 10, 13, 15], "texture": "#missing", "cullface": "south"},
				"east": {"uv": [7, 12, 7.75, 15], "texture": "#side", "cullface": "south"},
				"south": {"uv": [7, 12, 8, 15], "texture": "#side", "cullface": "south"},
				"west": {"uv": [7, 12, 7.75, 15], "texture": "#side", "cullface": "south"},
				"up": {"uv": [8, 12, 7, 12.75], "rotation": 180, "texture": "#side", "cullface": "south"},
				"down": {"uv": [0, 0, 2, 1], "rotation": 180, "texture": "#missing", "cullface": "south"}
			}
		},
		{
			"from": [8, 1, 15],
			"to": [9, 2, 15.75],
			"faces": {
				"north": {"uv": [11, 10, 13, 15], "texture": "#missing", "cullface": "south"},
				"east": {"uv": [2, 10, 2.75, 11], "texture": "#side", "cullface": "south"},
				"south": {"uv": [2, 11, 3, 12], "texture": "#side", "cullface": "south"},
				"west": {"uv": [2, 10, 2.75, 11], "texture": "#side", "cullface": "south"},
				"up": {"uv": [3, 10, 2, 10.75], "rotation": 180, "texture": "#side", "cullface": "south"},
				"down": {"uv": [0, 0, 2, 1], "rotation": 180, "texture": "#missing", "cullface": "south"}
			}
		},
		{
			"from": [9, 1, 14.75],
			"to": [10, 5, 15.5],
			"faces": {
				"north": {"uv": [11, 10, 13, 15], "texture": "#missing", "cullface": "south"},
				"east": {"uv": [9, 11, 9.75, 15], "texture": "#side", "cullface": "south"},
				"south": {"uv": [9, 11, 10, 15], "texture": "#side", "cullface": "south"},
				"west": {"uv": [9, 11, 9.75, 15], "texture": "#side", "cullface": "south"},
				"up": {"uv": [10, 11, 9, 11.75], "rotation": 180, "texture": "#side", "cullface": "south"},
				"down": {"uv": [0, 0, 2, 1], "rotation": 180, "texture": "#missing", "cullface": "south"}
			}
		},
		{
			"from": [10, 1, 15],
			"to": [12, 6, 15.75],
			"faces": {
				"north": {"uv": [11, 10, 13, 15], "texture": "#missing", "cullface": "south"},
				"east": {"uv": [11, 10, 11.75, 15], "texture": "#side", "cullface": "south"},
				"south": {"uv": [10, 10, 12, 15], "texture": "#side", "cullface": "south"},
				"west": {"uv": [10, 10, 10.75, 15], "texture": "#side", "cullface": "south"},
				"up": {"uv": [12, 10, 10, 10.75], "rotation": 180, "texture": "#side", "cullface": "south"},
				"down": {"uv": [0, 0, 2, 1], "rotation": 180, "texture": "#missing", "cullface": "south"}
			}
		},
		{
			"from": [12, 1, 14.75],
			"to": [13, 6, 15.5],
			"faces": {
				"north": {"uv": [11, 10, 13, 15], "texture": "#missing", "cullface": "south"},
				"east": {"uv": [12, 10, 12.75, 15], "texture": "#side", "cullface": "south"},
				"south": {"uv": [12, 10, 13, 15], "texture": "#side", "cullface": "south"},
				"west": {"uv": [12, 10, 12.75, 15], "texture": "#side", "cullface": "south"},
				"up": {"uv": [13, 10, 12, 10.75], "rotation": 180, "texture": "#side", "cullface": "south"},
				"down": {"uv": [0, 0, 2, 1], "rotation": 180, "texture": "#missing", "cullface": "south"}
			}
		},
		{
			"from": [13, 1, 14.5],
			"to": [15, 5, 15.25],
			"faces": {
				"north": {"uv": [11, 10, 13, 15], "texture": "#missing", "cullface": "south"},
				"east": {"uv": [14, 11, 14.75, 15], "texture": "#side", "cullface": "south"},
				"south": {"uv": [13, 11, 15, 15], "texture": "#side", "cullface": "south"},
				"west": {"uv": [13, 11, 13.75, 15], "texture": "#side", "cullface": "south"},
				"up": {"uv": [15, 11, 13, 11.75], "rotation": 180, "texture": "#side", "cullface": "south"},
				"down": {"uv": [0, 0, 2, 1], "rotation": 180, "texture": "#missing", "cullface": "south"}
			}
		},
		{
			"from": [4, 9, 15],
			"to": [9, 11, 16],
			"faces": {
				"north": {"uv": [1, 3, 3, 8], "texture": "#missing", "cullface": "south"},
				"east": {"uv": [8, 5, 8.75, 7], "texture": "#side", "cullface": "south"},
				"south": {"uv": [4, 5, 9, 7], "texture": "#side", "cullface": "south"},
				"west": {"uv": [4, 5, 4.75, 7], "texture": "#side", "cullface": "south"},
				"up": {"uv": [4, 5, 9, 5.75], "rotation": 180, "texture": "#side", "cullface": "south"}
			}
		},
		{
			"from": [5, 11, 15],
			"to": [9, 12, 15.75],
			"faces": {
				"north": {"uv": [1, 3, 3, 8], "texture": "#missing", "cullface": "south"},
				"east": {"uv": [8, 4, 8.75, 5], "texture": "#side", "cullface": "south"},
				"south": {"uv": [5, 4, 9, 5], "texture": "#side", "cullface": "south"},
				"west": {"uv": [5, 4, 5.75, 5], "texture": "#side", "cullface": "south"},
				"up": {"uv": [5, 4, 9, 4.75], "rotation": 180, "texture": "#side", "cullface": "south"}
			}
		},
		{
			"from": [9, 9, 15],
			"to": [11, 14, 15.75],
			"faces": {
				"north": {"uv": [1, 3, 3, 8], "texture": "#missing", "cullface": "south"},
				"east": {"uv": [10, 2, 10.75, 7], "texture": "#side", "cullface": "south"},
				"south": {"uv": [9, 2, 11, 7], "texture": "#side", "cullface": "south"},
				"west": {"uv": [9, 2, 9.75, 7], "texture": "#side", "cullface": "south"},
				"up": {"uv": [9, 2, 11, 2.75], "rotation": 180, "texture": "#side", "cullface": "south"}
			}
		},
		{
			"from": [11, 9, 15],
			"to": [13, 15, 16.5],
			"faces": {
				"north": {"uv": [1, 3, 3, 8], "texture": "#missing", "cullface": "south"},
				"east": {"uv": [12, 1, 12.75, 7], "texture": "#side", "cullface": "south"},
				"south": {"uv": [11, 1, 13, 7], "texture": "#side", "cullface": "south"},
				"west": {"uv": [11, 1, 11.75, 7], "texture": "#side", "cullface": "south"},
				"up": {"uv": [11, 1, 13, 1.75], "rotation": 180, "texture": "#side", "cullface": "south"},
				"down": {"uv": [11, 6, 13, 7], "texture": "#side", "cullface": "south"}
			}
		},
		{
			"from": [13, 9, 14.75],
			"to": [14, 12, 15.75],
			"faces": {
				"north": {"uv": [1, 3, 3, 8], "texture": "#missing", "cullface": "south"},
				"east": {"uv": [13, 4, 14, 7], "texture": "#side", "cullface": "south"},
				"south": {"uv": [13, 4, 14, 7], "texture": "#side", "cullface": "south"},
				"west": {"uv": [13, 4, 14, 7], "texture": "#side", "cullface": "south"},
				"up": {"uv": [13, 5, 14, 6], "rotation": 180, "texture": "#side", "cullface": "south"}
			}
		},
		{
			"from": [15, 1, 14],
			"to": [15.75, 5, 15],
			"faces": {
				"north": {"uv": [1, 11, 1.75, 15], "texture": "#side", "cullface": "east"},
				"east": {"uv": [1, 11, 2, 15], "texture": "#side", "cullface": "east"},
				"south": {"uv": [1, 11, 1.75, 15], "texture": "#side", "cullface": "east"},
				"west": {"uv": [11, 10, 13, 15], "texture": "#missing", "cullface": "east"},
				"up": {"uv": [2, 11, 1, 11.75], "rotation": 90, "texture": "#side", "cullface": "east"},
				"down": {"uv": [0, 0, 2, 1], "rotation": 270, "texture": "#missing", "cullface": "east"}
			}
		},
		{
			"from": [14.75, 1, 12],
			"to": [15.5, 6, 14],
			"faces": {
				"north": {"uv": [3, 10, 3.75, 15], "texture": "#side", "cullface": "east"},
				"east": {"uv": [2, 10, 4, 15], "texture": "#side", "cullface": "east"},
				"south": {"uv": [2, 10, 2.75, 15], "texture": "#side", "cullface": "east"},
				"west": {"uv": [11, 10, 13, 15], "texture": "#missing", "cullface": "east"},
				"up": {"uv": [4, 10, 2, 10.75], "rotation": 90, "texture": "#side", "cullface": "east"},
				"down": {"uv": [0, 0, 2, 1], "rotation": 270, "texture": "#missing", "cullface": "east"}
			}
		},
		{
			"from": [14.5, 1, 10],
			"to": [15.25, 5, 12],
			"faces": {
				"north": {"uv": [5, 11, 5.75, 15], "texture": "#side", "cullface": "east"},
				"east": {"uv": [4, 11, 6, 15], "texture": "#side", "cullface": "east"},
				"south": {"uv": [4, 11, 4.75, 15], "texture": "#side", "cullface": "east"},
				"west": {"uv": [11, 10, 13, 15], "texture": "#missing", "cullface": "east"},
				"up": {"uv": [6, 11, 4, 11.75], "rotation": 90, "texture": "#side", "cullface": "east"},
				"down": {"uv": [0, 0, 2, 1], "rotation": 270, "texture": "#missing", "cullface": "east"}
			}
		},
		{
			"from": [14.5, 1, 9],
			"to": [16.5, 7, 10],
			"faces": {
				"north": {"uv": [6, 9, 6.75, 15], "texture": "#side", "cullface": "east"},
				"east": {"uv": [6, 9, 7, 15], "texture": "#side", "cullface": "east"},
				"south": {"uv": [6, 9, 6.75, 15], "texture": "#side", "cullface": "east"},
				"west": {"uv": [11, 10, 13, 15], "texture": "#missing", "cullface": "east"},
				"up": {"uv": [7, 9, 6, 9.75], "rotation": 90, "texture": "#side", "cullface": "east"},
				"down": {"uv": [6, 14, 7, 14.75], "rotation": 270, "texture": "#side", "cullface": "east"}
			}
		},
		{
			"from": [14.5, 1, 8],
			"to": [15.25, 4, 9],
			"faces": {
				"north": {"uv": [7, 12, 7.75, 15], "texture": "#side", "cullface": "east"},
				"east": {"uv": [7, 12, 8, 15], "texture": "#side", "cullface": "east"},
				"south": {"uv": [7, 12, 7.75, 15], "texture": "#side", "cullface": "east"},
				"west": {"uv": [11, 10, 13, 15], "texture": "#missing", "cullface": "east"},
				"up": {"uv": [8, 12, 7, 12.75], "rotation": 90, "texture": "#side", "cullface": "east"},
				"down": {"uv": [0, 0, 2, 1], "rotation": 270, "texture": "#missing", "cullface": "east"}
			}
		},
		{
			"from": [15, 1, 7],
			"to": [15.75, 2, 8],
			"faces": {
				"north": {"uv": [2, 10, 2.75, 11], "texture": "#side", "cullface": "east"},
				"east": {"uv": [2, 11, 3, 12], "texture": "#side", "cullface": "east"},
				"south": {"uv": [2, 10, 2.75, 11], "texture": "#side", "cullface": "east"},
				"west": {"uv": [11, 10, 13, 15], "texture": "#missing", "cullface": "east"},
				"up": {"uv": [3, 10, 2, 10.75], "rotation": 90, "texture": "#side", "cullface": "east"},
				"down": {"uv": [0, 0, 2, 1], "rotation": 270, "texture": "#missing", "cullface": "east"}
			}
		},
		{
			"from": [14.75, 1, 6],
			"to": [15.5, 5, 7],
			"faces": {
				"north": {"uv": [9, 11, 9.75, 15], "texture": "#side", "cullface": "east"},
				"east": {"uv": [9, 11, 10, 15], "texture": "#side", "cullface": "east"},
				"south": {"uv": [9, 11, 9.75, 15], "texture": "#side", "cullface": "east"},
				"west": {"uv": [11, 10, 13, 15], "texture": "#missing", "cullface": "east"},
				"up": {"uv": [10, 11, 9, 11.75], "rotation": 90, "texture": "#side", "cullface": "east"},
				"down": {"uv": [0, 0, 2, 1], "rotation": 270, "texture": "#missing", "cullface": "east"}
			}
		},
		{
			"from": [15, 1, 4],
			"to": [15.75, 6, 6],
			"faces": {
				"north": {"uv": [11, 10, 11.75, 15], "texture": "#side", "cullface": "east"},
				"east": {"uv": [10, 10, 12, 15], "texture": "#side", "cullface": "east"},
				"south": {"uv": [10, 10, 10.75, 15], "texture": "#side", "cullface": "east"},
				"west": {"uv": [11, 10, 13, 15], "texture": "#missing", "cullface": "east"},
				"up": {"uv": [12, 10, 10, 10.75], "rotation": 90, "texture": "#side", "cullface": "east"},
				"down": {"uv": [0, 0, 2, 1], "rotation": 270, "texture": "#missing", "cullface": "east"}
			}
		},
		{
			"from": [14.75, 1, 3],
			"to": [15.5, 6, 4],
			"faces": {
				"north": {"uv": [12, 10, 12.75, 15], "texture": "#side", "cullface": "east"},
				"east": {"uv": [12, 10, 13, 15], "texture": "#side", "cullface": "east"},
				"south": {"uv": [12, 10, 12.75, 15], "texture": "#side", "cullface": "east"},
				"west": {"uv": [11, 10, 13, 15], "texture": "#missing", "cullface": "east"},
				"up": {"uv": [13, 10, 12, 10.75], "rotation": 90, "texture": "#side", "cullface": "east"},
				"down": {"uv": [0, 0, 2, 1], "rotation": 270, "texture": "#missing", "cullface": "east"}
			}
		},
		{
			"from": [14.5, 1, 1],
			"to": [15.25, 5, 3],
			"faces": {
				"north": {"uv": [14, 11, 14.75, 15], "texture": "#side", "cullface": "east"},
				"east": {"uv": [13, 11, 15, 15], "texture": "#side", "cullface": "east"},
				"south": {"uv": [13, 11, 13.75, 15], "texture": "#side", "cullface": "east"},
				"west": {"uv": [11, 10, 13, 15], "texture": "#missing", "cullface": "east"},
				"up": {"uv": [15, 11, 13, 11.75], "rotation": 90, "texture": "#side", "cullface": "east"},
				"down": {"uv": [0, 0, 2, 1], "rotation": 270, "texture": "#missing", "cullface": "east"}
			}
		},
		{
			"from": [15, 9, 7],
			"to": [16, 11, 12],
			"faces": {
				"north": {"uv": [8, 5, 8.75, 7], "texture": "#side", "cullface": "east"},
				"east": {"uv": [4, 5, 9, 7], "texture": "#side", "cullface": "east"},
				"south": {"uv": [4, 5, 4.75, 7], "texture": "#side", "cullface": "east"},
				"west": {"uv": [1, 3, 3, 8], "texture": "#missing", "cullface": "east"},
				"up": {"uv": [4, 5, 9, 5.75], "rotation": 90, "texture": "#side", "cullface": "east"}
			}
		},
		{
			"from": [15, 11, 7],
			"to": [15.75, 12, 11],
			"faces": {
				"north": {"uv": [8, 4, 8.75, 5], "texture": "#side", "cullface": "east"},
				"east": {"uv": [5, 4, 9, 5], "texture": "#side", "cullface": "east"},
				"south": {"uv": [5, 4, 5.75, 5], "texture": "#side", "cullface": "east"},
				"west": {"uv": [1, 3, 3, 8], "texture": "#missing", "cullface": "east"},
				"up": {"uv": [5, 4, 9, 4.75], "rotation": 90, "texture": "#side", "cullface": "east"}
			}
		},
		{
			"from": [15, 9, 5],
			"to": [15.75, 14, 7],
			"faces": {
				"north": {"uv": [10, 2, 10.75, 7], "texture": "#side", "cullface": "east"},
				"east": {"uv": [9, 2, 11, 7], "texture": "#side", "cullface": "east"},
				"south": {"uv": [9, 2, 9.75, 7], "texture": "#side", "cullface": "east"},
				"west": {"uv": [1, 3, 3, 8], "texture": "#missing", "cullface": "east"},
				"up": {"uv": [9, 2, 11, 2.75], "rotation": 90, "texture": "#side", "cullface": "east"}
			}
		},
		{
			"from": [15, 9, 3],
			"to": [16.5, 15, 5],
			"faces": {
				"north": {"uv": [12, 1, 12.75, 7], "texture": "#side", "cullface": "east"},
				"east": {"uv": [11, 1, 13, 7], "texture": "#side", "cullface": "east"},
				"south": {"uv": [11, 1, 11.75, 7], "texture": "#side", "cullface": "east"},
				"west": {"uv": [1, 3, 3, 8], "texture": "#missing", "cullface": "east"},
				"up": {"uv": [11, 1, 13, 1.75], "rotation": 90, "texture": "#side", "cullface": "east"},
				"down": {"uv": [11, 6, 13, 7], "rotation": 90, "texture": "#side", "cullface": "east"}
			}
		},
		{
			"from": [14.75, 9, 2],
			"to": [15.75, 12, 3],
			"faces": {
				"north": {"uv": [13, 4, 14, 7], "texture": "#side", "cullface": "east"},
				"east": {"uv": [13, 4, 14, 7], "texture": "#side", "cullface": "east"},
				"south": {"uv": [13, 4, 14, 7], "texture": "#side", "cullface": "east"},
				"west": {"uv": [1, 3, 3, 8], "texture": "#missing", "cullface": "east"},
				"up": {"uv": [13, 5, 14, 6], "rotation": 90, "texture": "#side", "cullface": "east"}
			}
		}
	],
	"groups": [
		{
			"name": "group",
			"origin": [8, 8, 8],
			"color": 0,
			"children": [
				{
					"name": "group",
					"origin": [8, 8, 8],
					"color": 0,
					"children": [0, 1, 2, 3, 4, 5, 6, 7, 8, 9, 10]
				},
				{
					"name": "group",
					"origin": [8, 8, 8],
					"color": 0,
					"children": [11]
				},
				{
					"name": "group",
					"origin": [8, 8, 8],
					"color": 0,
					"children": [
						{
							"name": "group",
							"origin": [8, 8, 8],
							"color": 0,
							"children": [12, 13, 14, 15, 16, 17, 18, 19, 20, 21]
						},
						{
							"name": "group",
							"origin": [8, 8, 8],
							"color": 0,
							"children": [22, 23, 24, 25, 26]
						}
					]
				},
				{
					"name": "group",
					"origin": [8, 8, 8],
					"color": 0,
					"children": [
						{
							"name": "group",
							"origin": [8, 8, 8],
							"color": 0,
							"children": [27, 28, 29, 30, 31, 32, 33, 34, 35, 36]
						},
						{
							"name": "group",
							"origin": [8, 8, 8],
							"color": 0,
							"children": [37, 38, 39, 40, 41]
						}
					]
				},
				{
					"name": "group",
					"origin": [8, 8, 8],
					"color": 0,
					"children": [
						{
							"name": "group",
							"origin": [8, 8, 8],
							"color": 0,
							"children": [42, 43, 44, 45, 46, 47, 48, 49, 50, 51]
						},
						{
							"name": "group",
							"origin": [8, 8, 8],
							"color": 0,
							"children": [52, 53, 54, 55, 56]
						}
					]
				},
				{
					"name": "group",
					"origin": [8, 8, 8],
					"color": 0,
					"children": [
						{
							"name": "group",
							"origin": [8, 8, 8],
							"color": 0,
							"children": [57, 58, 59, 60, 61, 62, 63, 64, 65, 66]
						},
						{
							"name": "group",
							"origin": [8, 8, 8],
							"color": 0,
							"children": [67, 68, 69, 70, 71]
						}
					]
				}
			]
		}
	]
}