{
  "variants": {
    "leaves=large": [
      {"model": "block/bamboo_large_leaves"},
      {"model": "block/bamboo_large_leaves", "y": 90 },
      {"model": "block/bamboo_large_leaves", "y": 180 },
      {"model": "block/bamboo_large_leaves", "y": 270 }
    ],
    "leaves=small": [
      {"model": "block/bamboo_small_leaves" },
      {"model": "block/bamboo_small_leaves", "y": 90 },
      {"model": "block/bamboo_small_leaves", "y": 180 },
      {"model": "block/bamboo_small_leaves", "y": 270 }
    ]
  }
}