{
	"credit": "Made with Blockbench",
	"texture_size": [32, 32],
	"textures": {
		"0": "item/chicken",
		"particle": "item/chicken_residues"
	},
	"elements": [
		{
			"name": "body",
			"from": [5, 0, 4],
			"to": [11, 5, 12],
			"rotation": {"angle": 0, "axis": "y", "origin": [8, -10, 8]},
			"faces": {
				"north": {"uv": [6, 0, 9, 2.5], "texture": "#0"},
				"east": {"uv": [0, 4, 4, 6.5], "texture": "#0"},
				"south": {"uv": [0, 6.5, 3, 9], "texture": "#0"},
				"west": {"uv": [4, 4, 8, 6.5], "texture": "#0"},
				"up": {"uv": [3, 4, 0, 0], "texture": "#0"},
				"down": {"uv": [6, 0, 3, 4], "texture": "#0"}
			}
		},
		{
			"from": [7, 2, 3],
			"to": [9, 4, 4],
			"rotation": {"angle": 0, "axis": "y", "origin": [7, 2, 2]},
			"faces": {
				"north": {"uv": [4, 8.5, 5, 9.5], "texture": "#0"},
				"east": {"uv": [2.5, 9, 3, 10], "texture": "#0"},
				"south": {"uv": [8.5, 7.5, 9.5, 8.5], "texture": "#0"},
				"west": {"uv": [5.5, 9, 6, 10], "texture": "#0"},
				"up": {"uv": [10, 6, 9, 5.5], "texture": "#0"},
				"down": {"uv": [7, 9, 6, 9.5], "texture": "#0"}
			}
		},
		{
			"name": "left_wing",
			"from": [10.75, 0.5, 4.5],
			"to": [11.75, 1.5, 8.5],
			"rotation": {"angle": 22.5, "axis": "y", "origin": [11.25, 1, 6.5]},
			"faces": {
				"north": {"uv": [7, 9, 7.5, 9.5], "texture": "#0"},
				"east": {"uv": [6, 3.5, 8, 4], "texture": "#0"},
				"south": {"uv": [9, 8.5, 9.5, 9], "texture": "#0"},
				"west": {"uv": [8, 6, 10, 6.5], "texture": "#0"},
				"up": {"uv": [5.5, 10.5, 5, 8.5], "texture": "#0"},
				"down": {"uv": [9, 8.5, 8.5, 10.5], "texture": "#0"}
			}
		},
		{
			"name": "right_wing",
			"from": [4.25, 0.5, 4.5],
			"to": [5.25, 1.5, 8.5],
			"rotation": {"angle": -22.5, "axis": "y", "origin": [4.75, 2, 6.5]},
			"faces": {
				"north": {"uv": [9, 9, 9.5, 9.5], "texture": "#0"},
				"east": {"uv": [0, 9, 2, 9.5], "texture": "#0"},
				"south": {"uv": [0, 9.5, 0.5, 10], "texture": "#0"},
				"west": {"uv": [9, 0, 11, 0.5], "texture": "#0"},
				"up": {"uv": [9.5, 2.5, 9, 0.5], "texture": "#0"},
				"down": {"uv": [2.5, 9, 2, 11], "texture": "#0"}
			}
		},
		{
			"name": "left_leg",
			"from": [11, 0, 9],
			"to": [13, 2, 14],
			"rotation": {"angle": 0, "axis": "y", "origin": [12, 0.5, 11.5]},
			"faces": {
				"north": {"uv": [8.5, 2.5, 9.5, 3.5], "texture": "#0"},
				"east": {"uv": [6, 2.5, 8.5, 3.5], "texture": "#0"},
				"south": {"uv": [3, 8.5, 4, 9.5], "texture": "#0"},
				"west": {"uv": [3, 6.5, 5.5, 7.5], "texture": "#0"},
				"up": {"uv": [6.5, 9, 5.5, 6.5], "texture": "#0"},
				"down": {"uv": [7.5, 6.5, 6.5, 9], "texture": "#0"}
			}
		},
		{
			"name": "right_leg",
			"from": [3, 0, 9],
			"to": [5, 2, 14],
			"rotation": {"angle": 0, "axis": "y", "origin": [4, 0.5, 11.5]},
			"faces": {
				"north": {"uv": [9, 3.5, 10, 4.5], "texture": "#0"},
				"east": {"uv": [3, 7.5, 5.5, 8.5], "texture": "#0"},
				"south": {"uv": [9, 4.5, 10, 5.5], "texture": "#0"},
				"west": {"uv": [7.5, 6.5, 10, 7.5], "texture": "#0"},
				"up": {"uv": [8.5, 10, 7.5, 7.5], "texture": "#0"},
				"down": {"uv": [9, 3.5, 8, 6], "texture": "#0"}
			}
		},
		{
			"from": [3.5, 0.5, 14],
			"to": [4.5, 1.5, 15],
			"faces": {
				"north": {"uv": [7.5, 11, 8, 11.5], "texture": "#0"},
				"east": {"uv": [7, 11, 7.5, 11.5], "texture": "#0"},
				"south": {"uv": [8.5, 11, 9, 11.5], "texture": "#0"},
				"west": {"uv": [8, 11, 8.5, 11.5], "texture": "#0"},
				"up": {"uv": [8, 11, 7.5, 10.5], "texture": "#0"},
				"down": {"uv": [8.5, 10.5, 8, 11], "texture": "#0"}
			}
		},
		{
			"from": [11.5, 0.5, 14],
			"to": [12.5, 1.5, 15],
			"rotation": {"angle": 0, "axis": "y", "origin": [16, 0, 0]},
			"faces": {
				"north": {"uv": [8, 11, 7.5, 11.5], "texture": "#0"},
				"east": {"uv": [8.5, 11, 8, 11.5], "texture": "#0"},
				"south": {"uv": [9, 11, 8.5, 11.5], "texture": "#0"},
				"west": {"uv": [7.5, 11, 7, 11.5], "texture": "#0"},
				"up": {"uv": [7.5, 11, 8, 10.5], "texture": "#0"},
				"down": {"uv": [8, 10.5, 8.5, 11], "texture": "#0"}
			}
		}
	],
	"display": {
		"thirdperson_righthand": {
			"translation": [0, 7.25, 0]
		},
		"thirdperson_lefthand": {
			"translation": [0, 7.25, 0]
		},
		"firstperson_righthand": {
			"translation": [0, 9.25, 0]
		},
		"firstperson_lefthand": {
			"translation": [0, 9.25, 0]
		},
		"ground": {
			"translation": [0, 4, 0]
		},
		"gui": {
			"rotation": [-135, 50, 165],
			"translation": [-2.5, 5, 0],
			"scale": [1.25, 1.25, 1.25]
		},
		"head": {
			"translation": [0, 13, 0]
		},
		"fixed": {
			"rotation": [-90, 0, 0],
			"translation": [0, 0, -14.5],
			"scale": [2, 2, 2]
		}
	},
	"groups": [
		{
			"name": "head",
			"origin": [8, 9, 4],
			"color": 0,
			"children": []
		},
		{
			"name": "bill",
			"origin": [8, 9, 4],
			"color": 0,
			"children": []
		},
		{
			"name": "chin",
			"origin": [8, 9, 4],
			"color": 0,
			"children": []
		},
		{
			"name": "body",
			"origin": [8, 8, 8],
			"color": 0,
			"children": [0, 1]
		},
		{
			"name": "left_wing",
			"origin": [4, 11, 8],
			"color": 0,
			"children": [2]
		},
		{
			"name": "right_wing",
			"origin": [12, 11, 8],
			"color": 0,
			"children": [3]
		},
		{
			"name": "left_leg",
			"origin": [7, 5, 9],
			"color": 0,
			"children": [4]
		},
		{
			"name": "right_leg",
			"origin": [10, 5, 9],
			"color": 0,
			"children": [5]
		},
		6,
		7
	]
}