{
	"credit": "Made with Blockbench",
	"texture_size": [32, 32],
	"textures": {
		"0": "item/cooked_chicken",
		"particle": "item/cooked_chicken_residues"
	},
	"elements": [
		{
			"name": "body",
			"from": [5, 0, 4],
			"to": [11, 5, 12],
			"rotation": {"angle": 0, "axis": "y", "origin": [8, -10, 8]},
			"faces": {
				"north": {"uv": [6, 0, 9, 2.5], "texture": "#0"},
				"east": {"uv": [0, 4, 4, 6.5], "texture": "#0"},
				"south": {"uv": [0, 6.5, 3, 9], "texture": "#0"},
				"west": {"uv": [4, 4, 8, 6.5], "texture": "#0"},
				"up": {"uv": [3, 4, 0, 0], "texture": "#0"},
				"down": {"uv": [6, 0, 3, 4], "texture": "#0"}
			}
		},
		{
			"name": "left_wing",
			"from": [11, 0, 5],
			"to": [12, 4, 6],
			"rotation": {"angle": 45, "axis": "x", "origin": [11.5, 2, 5.5]},
			"faces": {
				"north": {"uv": [3, 8.5, 3.5, 10.5], "texture": "#0"},
				"east": {"uv": [3.5, 8.5, 4, 10.5], "texture": "#0"},
				"south": {"uv": [4, 8.5, 4.5, 10.5], "texture": "#0"},
				"west": {"uv": [4.5, 8.5, 5, 10.5], "texture": "#0"},
				"up": {"uv": [8.5, 6.5, 8, 6], "texture": "#0"},
				"down": {"uv": [9, 6, 8.5, 6.5], "texture": "#0"}
			}
		},
		{
			"name": "right_wing",
			"from": [4, 0, 5],
			"to": [5, 4, 6],
			"rotation": {"angle": 45, "axis": "x", "origin": [4.5, 2, 5.5]},
			"faces": {
				"north": {"uv": [5, 8.5, 5.5, 10.5], "texture": "#0"},
				"east": {"uv": [8.5, 7.5, 9, 9.5], "texture": "#0"},
				"south": {"uv": [0, 9, 0.5, 11], "texture": "#0"},
				"west": {"uv": [9, 0, 9.5, 2], "texture": "#0"},
				"up": {"uv": [9.5, 2.5, 9, 2], "texture": "#0"},
				"down": {"uv": [7, 9, 6.5, 9.5], "texture": "#0"}
			}
		},
		{
			"name": "left_leg",
			"from": [11, 1, 9],
			"to": [13, 3, 14],
			"rotation": {"angle": -22.5, "axis": "x", "origin": [12, 1.5, 11.5]},
			"faces": {
				"north": {"uv": [2.5, 9, 1.5, 10], "texture": "#0"},
				"east": {"uv": [10, 6.5, 7.5, 7.5], "texture": "#0"},
				"south": {"uv": [10, 3.5, 9, 4.5], "texture": "#0"},
				"west": {"uv": [5.5, 7.5, 3, 8.5], "texture": "#0"},
				"up": {"uv": [7.5, 10, 8.5, 7.5], "texture": "#0"},
				"down": {"uv": [8, 3.5, 9, 6], "texture": "#0"}
			}
		},
		{
			"name": "right_leg",
			"from": [3, 1, 9],
			"to": [5, 3, 14],
			"rotation": {"angle": -22.5, "axis": "x", "origin": [4, 1.5, 11.5]},
			"faces": {
				"north": {"uv": [1.5, 9, 2.5, 10], "texture": "#0"},
				"east": {"uv": [3, 7.5, 5.5, 8.5], "texture": "#0"},
				"south": {"uv": [9, 3.5, 10, 4.5], "texture": "#0"},
				"west": {"uv": [7.5, 6.5, 10, 7.5], "texture": "#0"},
				"up": {"uv": [8.5, 10, 7.5, 7.5], "texture": "#0"},
				"down": {"uv": [9, 3.5, 8, 6], "texture": "#0"}
			}
		},
		{
			"from": [7, 2, 3],
			"to": [9, 4, 4],
			"rotation": {"angle": 0, "axis": "y", "origin": [7, 2, 2]},
			"faces": {
				"north": {"uv": [9, 4.5, 10, 5.5], "texture": "#0"},
				"east": {"uv": [2.5, 9, 3, 10], "texture": "#0"},
				"south": {"uv": [5.5, 9, 6.5, 10], "texture": "#0"},
				"west": {"uv": [9, 5.5, 9.5, 6.5], "texture": "#0"},
				"up": {"uv": [7, 4, 6, 3.5], "texture": "#0"},
				"down": {"uv": [8, 3.5, 7, 4], "texture": "#0"}
			}
		},
		{
			"from": [3.5, 2.75, 13],
			"to": [4.5, 3.75, 15],
			"rotation": {"angle": -22.5, "axis": "x", "origin": [3.5, 3.5, 14]},
			"faces": {
				"north": {"uv": [9.5, 10.5, 10, 11], "texture": "#0"},
				"east": {"uv": [8.5, 10.5, 9.5, 11], "texture": "#0"},
				"south": {"uv": [11, 10.5, 11.5, 11], "texture": "#0"},
				"west": {"uv": [10, 10.5, 11, 11], "texture": "#0"},
				"up": {"uv": [10, 10.5, 9.5, 9.5], "texture": "#0"},
				"down": {"uv": [10.5, 9.5, 10, 10.5], "texture": "#0"}
			}
		},
		{
			"from": [11.5, 2.75, 13],
			"to": [12.5, 3.75, 15],
			"rotation": {"angle": -22.5, "axis": "x", "origin": [12.5, 3.5, 14]},
			"faces": {
				"north": {"uv": [10, 10.5, 9.5, 11], "texture": "#0"},
				"east": {"uv": [11, 10.5, 10, 11], "texture": "#0"},
				"south": {"uv": [11.5, 10.5, 11, 11], "texture": "#0"},
				"west": {"uv": [9.5, 10.5, 8.5, 11], "texture": "#0"},
				"up": {"uv": [9.5, 10.5, 10, 9.5], "texture": "#0"},
				"down": {"uv": [10, 9.5, 10.5, 10.5], "texture": "#0"}
			}
		}
	],
	"display": {
		"thirdperson_righthand": {
			"translation": [0, 7.25, 0]
		},
		"thirdperson_lefthand": {
			"translation": [0, 7.25, 0]
		},
		"firstperson_righthand": {
			"translation": [0, 9.25, 0]
		},
		"firstperson_lefthand": {
			"translation": [0, 9.25, 0]
		},
		"ground": {
			"translation": [0, 4, 0]
		},
		"gui": {
			"rotation": [-135, 50, 165],
			"translation": [-2.5, 5, 0],
			"scale": [1.25, 1.25, 1.25]
		},
		"head": {
			"translation": [0, 13, 0]
		},
		"fixed": {
			"rotation": [-90, 0, 0],
			"translation": [0, 0, -14.5],
			"scale": [2, 2, 2]
		}
	},
	"groups": [
		{
			"name": "group",
			"origin": [7, 2, 2],
			"color": 0,
			"children": [0, 1, 2, 3, 4, 5, 6, 7]
		}
	]
}