{
	"credit": "Made with Blockbench",
	"texture_size": [32, 32],
	"textures": {
		"1": "item/enchanted_book"
	},
	"elements": [
		{
			"from": [5, 1, 4],
			"to": [11, 3, 12],
			"faces": {
				"north": {"uv": [10, 2, 13, 3], "texture": "#1"},
				"east": {"uv": [10, 0, 14, 1], "texture": "#1"},
				"south": {"uv": [10, 3, 13, 4], "texture": "#1"},
				"west": {"uv": [10, 1, 14, 2], "texture": "#1"},
				"up": {"uv": [10, 4, 7, 0], "texture": "#1"},
				"down": {"uv": [10, 4, 7, 8], "texture": "#1"}
			}
		},
		{
			"from": [4, 3, 3],
			"to": [11, 4, 13],
			"faces": {
				"north": {"uv": [7, 10, 10.5, 10.5], "texture": "#1"},
				"east": {"uv": [10, 4, 15, 4.5], "texture": "#1"},
				"south": {"uv": [7, 10.5, 10.5, 11], "texture": "#1"},
				"west": {"uv": [10, 4.5, 15, 5], "texture": "#1"},
				"up": {"uv": [3.5, 5, 0, 0], "texture": "#1"},
				"down": {"uv": [7, 0, 3.5, 5], "texture": "#1"}
			}
		},
		{
			"from": [11, 0, 3],
			"to": [12, 4, 13],
			"faces": {
				"north": {"uv": [11, 6, 11.5, 8], "texture": "#1"},
				"east": {"uv": [7, 8, 12, 10], "texture": "#1"},
				"south": {"uv": [7, 11, 7.5, 13], "texture": "#1"},
				"west": {"uv": [0, 10, 5, 12], "texture": "#1"},
				"up": {"uv": [5.5, 15, 5, 10], "texture": "#1"},
				"down": {"uv": [6, 10, 5.5, 15], "texture": "#1"}
			}
		},
		{
			"from": [4, 0, 3],
			"to": [11, 1, 13],
			"faces": {
				"north": {"uv": [10.5, 10, 14, 10.5], "texture": "#1"},
				"east": {"uv": [10, 5, 15, 5.5], "texture": "#1"},
				"south": {"uv": [10.5, 10.5, 14, 11], "texture": "#1"},
				"west": {"uv": [10, 5.5, 15, 6], "texture": "#1"},
				"up": {"uv": [3.5, 10, 0, 5], "texture": "#1"},
				"down": {"uv": [7, 5, 3.5, 10], "texture": "#1"}
			}
		},
		{
			"from": [4, 0, 7],
			"to": [4, 4, 9],
			"faces": {
				"north": {"uv": [0, 0, 0, 2], "texture": "#1"},
				"east": {"uv": [6, 10, 7, 12], "texture": "#1"},
				"south": {"uv": [0, 0, 0, 2], "texture": "#1"},
				"west": {"uv": [10, 6, 11, 8], "texture": "#1"},
				"up": {"uv": [0, 1, 0, 0], "texture": "#1"},
				"down": {"uv": [0, 0, 0, 1], "texture": "#1"}
			}
		}
	],
	"display": {
		"thirdperson_righthand": {
			"rotation": [-90, 0, -180],
			"translation": [0, 3, 4.25],
			"scale": [0.75, 0.75, 0.75]
		},
		"thirdperson_lefthand": {
			"rotation": [-90, 0, -180],
			"translation": [0, 3, 4.25],
			"scale": [0.75, 0.75, 0.75]
		},
		"firstperson_righthand": {
			"rotation": [60, 180, 0],
			"translation": [6.25, 4, 0]
		},
		"firstperson_lefthand": {
			"rotation": [60, 180, 0],
			"translation": [6.25, 4, 0]
		},
		"ground": {
			"translation": [0, 2, 0],
			"scale": [0.75, 0.75, 0.75]
		},
		"gui": {
			"rotation": [55, 126, -20],
			"translation": [-1.5, 5.5, 0],
			"scale": [1.2, 1.2, 1.2]
		},
		"head": {
			"translation": [-1, 14, -0.25]
		},
		"fixed": {
			"rotation": [-90, 0, 0],
			"translation": [0, 0, -11.75],
			"scale": [1.5, 1.5, 1.5]
		}
	}
}