{
	"credit": "Made with Blockbench",
	"texture_size": [32, 32],
	"textures": {
		"2": "item/pumpkin_pie",
		"particle": "item/pumpkin_pie_residues"
	},
	"elements": [
		{
			"from": [8, 0, 4],
			"to": [12, 4, 12],
			"faces": {
				"north": {"uv": [6, 4, 8, 6], "texture": "#2"},
				"east": {"uv": [0, 0, 4, 2], "texture": "#2"},
				"south": {"uv": [6, 6, 8, 8], "texture": "#2"},
				"west": {"uv": [0, 2, 4, 4], "texture": "#2"},
				"up": {"uv": [2, 8, 0, 4], "texture": "#2"},
				"down": {"uv": [6, 0, 4, 4], "texture": "#2"}
			}
		},
		{
			"from": [4, 0, 8],
			"to": [8, 4, 12],
			"faces": {
				"north": {"uv": [0, 8, 2, 10], "texture": "#2"},
				"east": {"uv": [2, 8, 4, 10], "texture": "#2"},
				"south": {"uv": [4, 8, 6, 10], "texture": "#2"},
				"west": {"uv": [8, 4, 10, 6], "texture": "#2"},
				"up": {"uv": [8, 10, 6, 8], "texture": "#2"},
				"down": {"uv": [10, 6, 8, 8], "texture": "#2"}
			}
		},
		{
			"from": [3, 0, 8],
			"to": [4, 4, 12],
			"faces": {
				"north": {"uv": [6.5, 10.5, 7, 12.5], "texture": "#2"},
				"east": {"uv": [8, 8, 10, 10], "texture": "#2"},
				"south": {"uv": [7, 10.5, 7.5, 12.5], "texture": "#2"},
				"west": {"uv": [0, 10, 2, 12], "texture": "#2"},
				"up": {"uv": [8, 12.5, 7.5, 10.5], "texture": "#2"},
				"down": {"uv": [11, 7.5, 10.5, 9.5], "texture": "#2"}
			}
		},
		{
			"from": [12, 0, 4],
			"to": [13, 4, 12],
			"faces": {
				"north": {"uv": [8, 10.5, 8.5, 12.5], "texture": "#2"},
				"east": {"uv": [2, 4, 6, 6], "texture": "#2"},
				"south": {"uv": [10.5, 9.5, 11, 11.5], "texture": "#2"},
				"west": {"uv": [6, 0, 10, 2], "texture": "#2"},
				"up": {"uv": [10.5, 6, 10, 2], "texture": "#2"},
				"down": {"uv": [4.5, 10, 4, 14], "texture": "#2"}
			}
		},
		{
			"from": [8, 0, 3],
			"to": [12, 4, 4],
			"rotation": {"angle": 0, "axis": "y", "origin": [8.5, 1, 8]},
			"faces": {
				"north": {"uv": [10, 0, 12, 2], "texture": "#2"},
				"east": {"uv": [4.5, 11, 5, 13], "texture": "#2"},
				"south": {"uv": [2, 10, 4, 12], "texture": "#2"},
				"west": {"uv": [5, 11, 5.5, 13], "texture": "#2"},
				"up": {"uv": [12.5, 5, 10.5, 4.5], "texture": "#2"},
				"down": {"uv": [12.5, 5, 10.5, 5.5], "texture": "#2"}
			}
		},
		{
			"from": [4, 0, 12],
			"to": [12, 4, 13],
			"rotation": {"angle": 0, "axis": "y", "origin": [8.5, 1, 8]},
			"faces": {
				"north": {"uv": [2, 6, 6, 8], "texture": "#2"},
				"east": {"uv": [5.5, 11, 6, 13], "texture": "#2"},
				"south": {"uv": [6, 2, 10, 4], "texture": "#2"},
				"west": {"uv": [6, 11, 6.5, 13], "texture": "#2"},
				"up": {"uv": [8.5, 10.5, 4.5, 10], "texture": "#2"},
				"down": {"uv": [14, 6, 10, 6.5], "texture": "#2"}
			}
		},
		{
			"from": [12, 4, 4],
			"to": [13, 5, 12],
			"faces": {
				"north": {"uv": [11.5, 10, 12, 10.5], "texture": "#2"},
				"east": {"uv": [10, 6.5, 14, 7], "texture": "#2"},
				"south": {"uv": [10.5, 11.5, 11, 12], "texture": "#2"},
				"west": {"uv": [10, 7, 14, 7.5], "texture": "#2"},
				"up": {"uv": [10.5, 11.5, 10, 7.5], "texture": "#2"},
				"down": {"uv": [9, 10, 8.5, 14], "texture": "#2"}
			}
		},
		{
			"from": [4, 4, 12],
			"to": [12, 5, 13],
			"rotation": {"angle": 0, "axis": "y", "origin": [7.5, 4.5, 8]},
			"faces": {
				"north": {"uv": [10.5, 2, 14.5, 2.5], "texture": "#2"},
				"east": {"uv": [11.5, 10.5, 12, 11], "texture": "#2"},
				"south": {"uv": [10.5, 2.5, 14.5, 3], "texture": "#2"},
				"west": {"uv": [11, 11.5, 11.5, 12], "texture": "#2"},
				"up": {"uv": [14.5, 3.5, 10.5, 3], "texture": "#2"},
				"down": {"uv": [14.5, 3.5, 10.5, 4], "texture": "#2"}
			}
		},
		{
			"from": [8, 4, 3],
			"to": [12, 5, 4],
			"rotation": {"angle": 0, "axis": "y", "origin": [7.5, 4.5, 8]},
			"faces": {
				"north": {"uv": [10.5, 5.5, 12.5, 6], "texture": "#2"},
				"east": {"uv": [11.5, 11, 12, 11.5], "texture": "#2"},
				"south": {"uv": [11, 7.5, 13, 8], "texture": "#2"},
				"west": {"uv": [11.5, 11.5, 12, 12], "texture": "#2"},
				"up": {"uv": [13, 8.5, 11, 8], "texture": "#2"},
				"down": {"uv": [13, 8.5, 11, 9], "texture": "#2"}
			}
		},
		{
			"from": [11, 4, 4],
			"to": [12, 5, 5],
			"rotation": {"angle": 0, "axis": "y", "origin": [7.5, 4.5, 8]},
			"faces": {
				"north": {"uv": [0, 12, 0.5, 12.5], "texture": "#2"},
				"east": {"uv": [12, 0, 12.5, 0.5], "texture": "#2"},
				"south": {"uv": [0.5, 12, 1, 12.5], "texture": "#2"},
				"west": {"uv": [12, 0.5, 12.5, 1], "texture": "#2"},
				"up": {"uv": [1.5, 12.5, 1, 12], "texture": "#2"},
				"down": {"uv": [12.5, 1, 12, 1.5], "texture": "#2"}
			}
		},
		{
			"from": [4, 4, 11],
			"to": [5, 5, 12],
			"rotation": {"angle": 0, "axis": "y", "origin": [7.5, 4.5, 8]},
			"faces": {
				"north": {"uv": [9, 12, 9.5, 12.5], "texture": "#2"},
				"east": {"uv": [12, 9, 12.5, 9.5], "texture": "#2"},
				"south": {"uv": [9.5, 12, 10, 12.5], "texture": "#2"},
				"west": {"uv": [12, 9.5, 12.5, 10], "texture": "#2"},
				"up": {"uv": [10.5, 12.5, 10, 12], "texture": "#2"},
				"down": {"uv": [12.5, 10, 12, 10.5], "texture": "#2"}
			}
		},
		{
			"from": [3, 4, 8],
			"to": [4, 5, 12],
			"rotation": {"angle": 0, "axis": "y", "origin": [7.5, 4.5, 8]},
			"faces": {
				"north": {"uv": [11, 9, 11.5, 9.5], "texture": "#2"},
				"east": {"uv": [10.5, 4, 12.5, 4.5], "texture": "#2"},
				"south": {"uv": [11, 9.5, 11.5, 10], "texture": "#2"},
				"west": {"uv": [4.5, 10.5, 6.5, 11], "texture": "#2"},
				"up": {"uv": [9.5, 12, 9, 10], "texture": "#2"},
				"down": {"uv": [10, 10, 9.5, 12], "texture": "#2"}
			}
		},
		{
			"from": [11, 4, 11],
			"to": [12, 5, 12],
			"rotation": {"angle": 0, "axis": "y", "origin": [7.5, 4.5, 8]},
			"faces": {
				"north": {"uv": [1.5, 12, 2, 12.5], "texture": "#2"},
				"east": {"uv": [12, 1.5, 12.5, 2], "texture": "#2"},
				"south": {"uv": [2, 12, 2.5, 12.5], "texture": "#2"},
				"west": {"uv": [2.5, 12, 3, 12.5], "texture": "#2"},
				"up": {"uv": [3.5, 12.5, 3, 12], "texture": "#2"},
				"down": {"uv": [4, 12, 3.5, 12.5], "texture": "#2"}
			}
		}
	],
	"display": {
		"thirdperson_righthand": {
			"rotation": [-111, -150, -180],
			"translation": [0, 2.25, 4.25],
			"scale": [0.75, 0.75, 0.75]
		},
		"thirdperson_lefthand": {
			"rotation": [-111, 150, -180],
			"translation": [0, 2.25, 4.25]
		},
		"firstperson_righthand": {
			"translation": [0, 7.25, 0]
		},
		"ground": {
			"translation": [0, 4.5, 0]
		},
		"gui": {
			"rotation": [34, 124, 0],
			"translation": [0, 3.75, 0]
		},
		"head": {
			"translation": [0, 14.25, 0]
		},
		"fixed": {
			"rotation": [-90, 0, 0],
			"translation": [0, 0, -11],
			"scale": [1.5, 1.5, 1.5]
		}
	}
}