{
	"credit": "Made with Blockbench",
	"texture_size": [32, 32],
	"textures": {
		"1": "item/rabbit",
		"particle": "item/rabbit_residues"
	},
	"elements": [
		{
			"name": "body",
			"from": [5, 0, 1],
			"to": [11, 5, 11],
			"rotation": {"angle": 0, "axis": "y", "origin": [8, -5, 4]},
			"faces": {
				"north": {"uv": [6, 0, 9, 2.5], "texture": "#1"},
				"east": {"uv": [0, 5, 5, 7.5], "texture": "#1"},
				"south": {"uv": [6, 2.5, 9, 5], "texture": "#1"},
				"west": {"uv": [5, 5, 10, 7.5], "texture": "#1"},
				"up": {"uv": [3, 5, 0, 0], "texture": "#1"},
				"down": {"uv": [6, 0, 3, 5], "texture": "#1"}
			}
		},
		{
			"name": "left_arm",
			"from": [-0.5, 0.5, 2.25],
			"to": [6.5, 1.5, 4.25],
			"rotation": {"angle": 22.5, "axis": "y", "origin": [3, 0.5, 4.25]},
			"faces": {
				"north": {"uv": [10, 7, 13.5, 7.5], "texture": "#1"},
				"east": {"uv": [11.5, 7.5, 12.5, 8], "texture": "#1"},
				"south": {"uv": [4, 10.5, 7.5, 11], "texture": "#1"},
				"west": {"uv": [8, 11.5, 9, 12], "texture": "#1"},
				"up": {"uv": [11.5, 8.5, 8, 7.5], "texture": "#1"},
				"down": {"uv": [11.5, 8.5, 8, 9.5], "texture": "#1"}
			}
		},
		{
			"name": "right_arm",
			"from": [9.5, 0.5, 2.25],
			"to": [16.5, 1.5, 4.25],
			"rotation": {"angle": -22.5, "axis": "y", "origin": [13, 0.5, 4.25]},
			"faces": {
				"north": {"uv": [10.5, 4, 14, 4.5], "texture": "#1"},
				"east": {"uv": [11.5, 8, 12.5, 8.5], "texture": "#1"},
				"south": {"uv": [10.5, 4.5, 14, 5], "texture": "#1"},
				"west": {"uv": [11.5, 8.5, 12.5, 9], "texture": "#1"},
				"up": {"uv": [12.5, 1, 9, 0], "texture": "#1"},
				"down": {"uv": [12.5, 1, 9, 2], "texture": "#1"}
			}
		},
		{
			"name": "left_thigh",
			"from": [2, 0.5, 7],
			"to": [6, 2.5, 11],
			"rotation": {"angle": 22.5, "axis": "z", "origin": [4, 1.5, 9.5]},
			"faces": {
				"north": {"uv": [4, 9.5, 6, 10.5], "texture": "#1"},
				"east": {"uv": [6, 9.5, 8, 10.5], "texture": "#1"},
				"south": {"uv": [8, 9.5, 10, 10.5], "texture": "#1"},
				"west": {"uv": [10, 5, 12, 6], "texture": "#1"},
				"up": {"uv": [2, 9.5, 0, 7.5], "texture": "#1"},
				"down": {"uv": [4, 7.5, 2, 9.5], "texture": "#1"}
			}
		},
		{
			"name": "right_thigh",
			"from": [10, 0.5, 7],
			"to": [14, 2.5, 11],
			"rotation": {"angle": -22.5, "axis": "z", "origin": [12, 1.5, 9.5]},
			"faces": {
				"north": {"uv": [10, 6, 12, 7], "texture": "#1"},
				"east": {"uv": [10, 9.5, 12, 10.5], "texture": "#1"},
				"south": {"uv": [10.5, 2, 12.5, 3], "texture": "#1"},
				"west": {"uv": [10.5, 3, 12.5, 4], "texture": "#1"},
				"up": {"uv": [6, 9.5, 4, 7.5], "texture": "#1"},
				"down": {"uv": [8, 7.5, 6, 9.5], "texture": "#1"}
			}
		},
		{
			"name": "left_foot",
			"from": [2, 0, 8],
			"to": [4, 1, 15],
			"rotation": {"angle": 0, "axis": "y", "origin": [6, -3, 7.5]},
			"faces": {
				"north": {"uv": [9, 11.5, 10, 12], "texture": "#1"},
				"east": {"uv": [7.5, 10.5, 11, 11], "texture": "#1"},
				"south": {"uv": [11.5, 9, 12.5, 9.5], "texture": "#1"},
				"west": {"uv": [4, 11, 7.5, 11.5], "texture": "#1"},
				"up": {"uv": [1, 13, 0, 9.5], "texture": "#1"},
				"down": {"uv": [2, 9.5, 1, 13], "texture": "#1"}
			}
		},
		{
			"name": "right_foot",
			"from": [12, 0, 8],
			"to": [14, 1, 15],
			"rotation": {"angle": 0, "axis": "y", "origin": [10, -3, 7.5]},
			"faces": {
				"north": {"uv": [10, 11.5, 11, 12], "texture": "#1"},
				"east": {"uv": [7.5, 11, 11, 11.5], "texture": "#1"},
				"south": {"uv": [12, 5, 13, 5.5], "texture": "#1"},
				"west": {"uv": [11, 10.5, 14.5, 11], "texture": "#1"},
				"up": {"uv": [3, 13, 2, 9.5], "texture": "#1"},
				"down": {"uv": [4, 9.5, 3, 13], "texture": "#1"}
			}
		},
		{
			"name": "tail",
			"from": [6.5, 1.25, 11],
			"to": [9.5, 4.25, 13],
			"rotation": {"angle": 0, "axis": "y", "origin": [8, -5, 4.5]},
			"faces": {
				"north": {"uv": [9, 2, 10.5, 3.5], "texture": "#1"},
				"east": {"uv": [11, 11, 12, 12.5], "texture": "#1"},
				"south": {"uv": [9, 3.5, 10.5, 5], "texture": "#1"},
				"west": {"uv": [4, 11.5, 5, 13], "texture": "#1"},
				"up": {"uv": [6.5, 12.5, 5, 11.5], "texture": "#1"},
				"down": {"uv": [8, 11.5, 6.5, 12.5], "texture": "#1"}
			}
		}
	],
	"display": {
		"thirdperson_righthand": {
			"translation": [0, 7.25, 0]
		},
		"thirdperson_lefthand": {
			"translation": [0, 7.25, 0]
		},
		"firstperson_righthand": {
			"translation": [0, 9.25, 0]
		},
		"firstperson_lefthand": {
			"translation": [0, 9.25, 0]
		},
		"ground": {
			"translation": [0, 4, 0]
		},
		"gui": {
			"rotation": [-135, 50, 165],
			"translation": [-1, 5, 0],
			"scale": [0.95, 0.95, 0.95]
		},
		"head": {
			"translation": [0, 13, 0]
		},
		"fixed": {
			"rotation": [-90, 0, 0],
			"translation": [0, 2, -14.5],
			"scale": [2, 2, 2]
		}
	},
	"groups": [
		{
			"name": "nose",
			"origin": [8, 7.5, 5],
			"color": 0,
			"children": []
		},
		{
			"name": "left_ear",
			"origin": [8, 7.5, 5],
			"color": 0,
			"children": []
		},
		{
			"name": "right_ear",
			"origin": [8, 7.5, 5],
			"color": 0,
			"children": []
		},
		{
			"name": "body",
			"origin": [8, 8, 15],
			"color": 0,
			"children": [0]
		},
		{
			"name": "left_arm",
			"origin": [5, 7, 5],
			"color": 0,
			"children": [1]
		},
		{
			"name": "right_arm",
			"origin": [11, 7, 5],
			"color": 0,
			"children": [2]
		},
		{
			"name": "left_thigh",
			"origin": [5, 8, 10.5],
			"color": 0,
			"children": [3]
		},
		{
			"name": "right_thigh",
			"origin": [11, 8, 10.5],
			"color": 0,
			"children": [4]
		},
		{
			"name": "left_foot",
			"origin": [5, 9.5, 12.2],
			"color": 0,
			"children": [5]
		},
		{
			"name": "right_foot",
			"origin": [11, 9.5, 12.2],
			"color": 0,
			"children": [6]
		},
		{
			"name": "tail",
			"origin": [8, 6.75, 14.5],
			"color": 0,
			"children": [7]
		}
	]
}