{
	"credit": "Created by Stridey",
	"textures": {
		"0": "block/soul_lantern",
		"particle": "block/soul_lantern"
	},
	"elements": [
		{
			"from": [5, 0, 5],
			"to": [11, 7, 11],
			"faces": {
				"north": {"uv": [0, 2, 6, 9], "texture": "#0"},
				"east": {"uv": [0, 2, 6, 9], "texture": "#0"},
				"south": {"uv": [0, 2, 6, 9], "texture": "#0"},
				"west": {"uv": [0, 2, 6, 9], "texture": "#0"},
				"up": {"uv": [0, 9, 6, 15], "texture": "#0"},
				"down": {"uv": [0, 9, 6, 15], "texture": "#0"}
			}
		},
		{
			"from": [6, 7, 6],
			"to": [10, 9, 10],
			"faces": {
				"north": {"uv": [1, 0, 5, 2], "texture": "#0"},
				"east": {"uv": [1, 0, 5, 2], "texture": "#0"},
				"south": {"uv": [1, 0, 5, 2], "texture": "#0"},
				"west": {"uv": [1, 0, 5, 2], "texture": "#0"},
				"up": {"uv": [1, 10, 5, 14], "texture": "#0"}
			}
		},
		{
			"from": [0, 9, 9.8],
			"to": [3, 11, 9.8],
			"rotation": {"angle": 45, "axis": "y", "origin": [2.5, 0.5, 1]},
			"faces": {
				"north": {"uv": [11, 10, 14, 12], "texture": "#0"},
				"south": {"uv": [11, 10, 14, 12], "texture": "#0"}
			}
		},
		{
			"from": [10, 9, 2],
			"to": [13, 11, 2],
			"rotation": {"angle": -45, "axis": "y", "origin": [2.5, 0.5, 1]},
			"faces": {
				"north": {"uv": [11, 10, 14, 12], "texture": "#0"},
				"south": {"uv": [11, 10, 14, 12], "texture": "#0"}
			}
		}
	],
	"display": {
		"thirdperson_righthand": {
			"rotation": [65, 0, 0],
			"translation": [0, -1.5, -1],
			"scale": [0.7, 0.7, 0.7]
		},
		"thirdperson_lefthand": {
			"rotation": [65, 0, 0],
			"translation": [0, -1.5, -1],
			"scale": [0.7, 0.7, 0.7]
		},
		"firstperson_righthand": {
			"rotation": [0, 45, 0],
			"translation": [0, 3.25, 0],
			"scale": [0.7, 0.7, 0.7]
		},
		"firstperson_lefthand": {
			"rotation": [5, -90, 0],
			"translation": [0, 15, 2.5],
			"scale": [0.45, 0.45, 0.45]
		},
		"ground": {
			"translation": [0, 3.25, 0]
		},
		"gui": {
			"rotation": [25, 225, 0],
			"translation": [0, 3, 0]
		},
		"head": {
			"translation": [0, 14.5, 0]
		},
		"fixed": {
			"translation": [0, 3.25, 0]
		}
	}
}