{
	"credit": "Made with Blockbench",
	"texture_size": [32, 32],
	"textures": {
		"0": "item/written_book",
		"particle": "item/written_book"
	},
	"elements": [
		{
			"from": [5, 1, 4],
			"to": [11, 3, 12],
			"faces": {
				"north": {"uv": [8.5, 6, 11, 7], "texture": "#0"},
				"east": {"uv": [8.5, 4, 12, 5], "texture": "#0"},
				"south": {"uv": [8.5, 7, 11, 8], "texture": "#0"},
				"west": {"uv": [8.5, 5, 12, 6], "texture": "#0"},
				"up": {"uv": [8.5, 7.5, 6, 4], "texture": "#0"},
				"down": {"uv": [8.5, 7.5, 6, 11], "texture": "#0"}
			}
		},
		{
			"from": [4, 3, 3],
			"to": [11, 4, 13],
			"faces": {
				"north": {"uv": [0, 10, 3, 10.5], "texture": "#0"},
				"east": {"uv": [0, 9, 4.5, 9.5], "texture": "#0"},
				"south": {"uv": [8.5, 10, 11.5, 10.5], "texture": "#0"},
				"west": {"uv": [8.5, 9, 13, 9.5], "texture": "#0"},
				"up": {"uv": [3, 9, 0, 4.5], "texture": "#0"},
				"down": {"uv": [6, 4.5, 3, 9], "texture": "#0"}
			}
		},
		{
			"from": [11, 0, 3],
			"to": [12, 4, 13],
			"faces": {
				"north": {"uv": [5.5, 9, 6, 11], "texture": "#0"},
				"east": {"uv": [6, 0, 10.5, 2], "texture": "#0"},
				"south": {"uv": [3, 9.5, 3.5, 11.5], "texture": "#0"},
				"west": {"uv": [6, 2, 10.5, 4], "texture": "#0"},
				"up": {"uv": [5, 13.5, 4.5, 9], "texture": "#0"},
				"down": {"uv": [5.5, 9, 5, 13.5], "texture": "#0"}
			}
		},
		{
			"from": [4, 0, 3],
			"to": [11, 1, 13],
			"faces": {
				"north": {"uv": [0, 9.5, 3, 10], "texture": "#0"},
				"east": {"uv": [8.5, 8, 13, 8.5], "texture": "#0"},
				"south": {"uv": [8.5, 9.5, 11.5, 10], "texture": "#0"},
				"west": {"uv": [8.5, 8.5, 13, 9], "texture": "#0"},
				"up": {"uv": [3, 4.5, 0, 0], "texture": "#0"},
				"down": {"uv": [6, 0, 3, 4.5], "texture": "#0"}
			}
		}
	],
	"display": {
		"thirdperson_righthand": {
			"rotation": [-90, 0, -180],
			"translation": [0, 3, 4.25],
			"scale": [0.75, 0.75, 0.75]
		},
		"thirdperson_lefthand": {
			"rotation": [-90, 0, -180],
			"translation": [0, 3, 4.25],
			"scale": [0.75, 0.75, 0.75]
		},
		"firstperson_righthand": {
			"rotation": [60, 180, 0],
			"translation": [6.25, 4, 0]
		},
		"firstperson_lefthand": {
			"rotation": [60, 180, 0],
			"translation": [6.25, 4, 0]
		},
		"ground": {
			"translation": [0, 2, 0],
			"scale": [0.75, 0.75, 0.75]
		},
		"gui": {
			"rotation": [55, 126, -20],
			"translation": [-1.5, 5.5, 0],
			"scale": [1.2, 1.2, 1.2]
		},
		"head": {
			"translation": [-1, 14, -0.25]
		},
		"fixed": {
			"rotation": [-90, 0, 0],
			"translation": [0, 0, -11.75],
			"scale": [1.5, 1.5, 1.5]
		}
	}
}