{
	"credit": "Made with Blockbench",
	"texture_size": [64, 64],
	"textures": {
		"1": "item/writable_book"
	},
	"elements": [
		{
			"from": [5, 1, 4],
			"to": [11, 3, 12],
			"faces": {
				"north": {"uv": [6, 6, 7.5, 6.5], "texture": "#1"},
				"east": {"uv": [6, 3, 8, 3.5], "texture": "#1"},
				"south": {"uv": [4, 6.5, 5.5, 7], "texture": "#1"},
				"west": {"uv": [4, 6, 6, 6.5], "texture": "#1"},
				"up": {"uv": [1.5, 8, 0, 6], "texture": "#1"},
				"down": {"uv": [7.5, 0, 6, 2], "texture": "#1"}
			}
		},
		{
			"from": [4, 3, 3],
			"to": [11, 4, 13],
			"faces": {
				"north": {"uv": [7, 3.75, 8.75, 4], "texture": "#1"},
				"east": {"uv": [5.5, 6.5, 8, 6.75], "texture": "#1"},
				"south": {"uv": [7, 4, 8.75, 4.25], "texture": "#1"},
				"west": {"uv": [5.5, 6.75, 8, 7], "texture": "#1"},
				"up": {"uv": [1.75, 6, 0, 3.5], "texture": "#1"},
				"down": {"uv": [3.5, 3.5, 1.75, 6], "texture": "#1"}
			}
		},
		{
			"from": [11, 0, 3],
			"to": [12, 4, 13],
			"faces": {
				"north": {"uv": [7, 4.5, 7.25, 5.5], "texture": "#1"},
				"east": {"uv": [1.5, 6, 4, 7], "texture": "#1"},
				"south": {"uv": [6.25, 7, 6.5, 8], "texture": "#1"},
				"west": {"uv": [6, 2, 8.5, 3], "texture": "#1"},
				"up": {"uv": [1.75, 9.5, 1.5, 7], "texture": "#1"},
				"down": {"uv": [2, 7, 1.75, 9.5], "texture": "#1"}
			}
		},
		{
			"from": [4, 0, 3],
			"to": [11, 1, 13],
			"faces": {
				"north": {"uv": [7, 4.25, 8.75, 4.5], "texture": "#1"},
				"east": {"uv": [2, 7, 4.5, 7.25], "texture": "#1"},
				"south": {"uv": [4.5, 7, 6.25, 7.25], "texture": "#1"},
				"west": {"uv": [7, 3.5, 9.5, 3.75], "texture": "#1"},
				"up": {"uv": [5.25, 6, 3.5, 3.5], "texture": "#1"},
				"down": {"uv": [7, 3.5, 5.25, 6], "texture": "#1"}
			}
		},
		{
			"from": [2, 4, 1],
			"to": [14, 4, 15],
			"faces": {
				"north": {"uv": [0, 0, 3, 0], "texture": "#1"},
				"east": {"uv": [0, 0, 3.5, 0], "texture": "#1"},
				"south": {"uv": [0, 0, 3, 0], "texture": "#1"},
				"west": {"uv": [0, 0, 3.5, 0], "texture": "#1"},
				"up": {"uv": [3, 3.5, 0, 0], "texture": "#1"},
				"down": {"uv": [6, 0, 3, 3.5], "texture": "#1"}
			}
		}
	],
	"display": {
		"thirdperson_righthand": {
			"rotation": [-90, 0, -180],
			"translation": [0, 3, 4.25],
			"scale": [0.75, 0.75, 0.75]
		},
		"thirdperson_lefthand": {
			"rotation": [-90, 0, -180],
			"translation": [0, 3, 4.25],
			"scale": [0.75, 0.75, 0.75]
		},
		"firstperson_righthand": {
			"rotation": [60, 180, 0],
			"translation": [6.25, 4, 0]
		},
		"firstperson_lefthand": {
			"rotation": [60, 180, 0],
			"translation": [6.25, 4, 0]
		},
		"ground": {
			"translation": [0, 2, 0],
			"scale": [0.75, 0.75, 0.75]
		},
		"gui": {
			"rotation": [55, 126, -20],
			"translation": [-1.5, 5.5, 0],
			"scale": [1.2, 1.2, 1.2]
		},
		"head": {
			"translation": [-1, 14, -0.25]
		},
		"fixed": {
			"rotation": [-90, 0, 0],
			"translation": [0, 0, -11.75],
			"scale": [1.5, 1.5, 1.5]
		}
	}
}