{
	"credit": "Made with Blockbench",
	"ambientocclusion": false,
	"textures": {
		"particle": "block/acacia_door_bottom",
		"lower": "block/acacia_door_bottom"
	},
	"elements": [
		{
			"from": [0, 0, 11],
			"to": [3, 3, 13],
			"rotation": {"angle": 0, "axis": "y", "origin": [1.5, 8, 8]},
			"faces": {
				"east": {"uv": [3, 13, 5, 16], "texture": "#lower"},
				"west": {"uv": [5, 13, 3, 16], "texture": "#lower", "cullface": "west"},
				"up": {"uv": [13, 5, 16, 3], "rotation": 180, "texture": "#lower"},
				"down": {"uv": [13, 11, 16, 13], "rotation": 180, "texture": "#lower", "cullface": "down"}
			}
		},
		{
			"from": [0, 0, 7],
			"to": [3, 3, 9],
			"rotation": {"angle": 0, "axis": "y", "origin": [1.5, 8, 8]},
			"faces": {
				"east": {"uv": [7, 13, 9, 16], "texture": "#lower"},
				"west": {"uv": [9, 13, 7, 16], "texture": "#lower", "cullface": "west"},
				"up": {"uv": [13, 9, 16, 7], "rotation": 180, "texture": "#lower"},
				"down": {"uv": [13, 7, 16, 9], "rotation": 180, "texture": "#lower", "cullface": "down"}
			}
		},
		{
			"from": [0, 0, 3],
			"to": [3, 3, 5],
			"rotation": {"angle": 0, "axis": "y", "origin": [1.5, 8, 8]},
			"faces": {
				"east": {"uv": [11, 13, 13, 16], "texture": "#lower"},
				"west": {"uv": [13, 13, 11, 16], "texture": "#lower", "cullface": "west"},
				"up": {"uv": [13, 5, 16, 3], "rotation": 180, "texture": "#lower"},
				"down": {"uv": [13, 3, 16, 5], "rotation": 180, "texture": "#lower", "cullface": "down"}
			}
		},
		{
			"from": [0, 0, 9],
			"to": [3, 3, 11],
			"rotation": {"angle": 0, "axis": "y", "origin": [1.5, 8, 8]},
			"faces": {
				"east": {"uv": [5, 13, 7, 16], "texture": "#lower"},
				"west": {"uv": [7, 13, 5, 16], "texture": "#lower", "cullface": "west"},
				"down": {"uv": [13, 9, 16, 11], "rotation": 180, "texture": "#lower", "cullface": "down"}
			}
		},
		{
			"from": [0, 0, 5],
			"to": [3, 3, 7],
			"rotation": {"angle": 0, "axis": "y", "origin": [1.5, 8, 8]},
			"faces": {
				"east": {"uv": [9, 13, 11, 16], "texture": "#lower"},
				"west": {"uv": [11, 13, 9, 16], "texture": "#lower", "cullface": "west"},
				"down": {"uv": [13, 5, 16, 7], "rotation": 180, "texture": "#lower", "cullface": "down"}
			}
		},
		{
			"from": [0, 15, 3],
			"to": [3, 16, 5],
			"rotation": {"angle": 0, "axis": "y", "origin": [1.5, 8, 8]},
			"faces": {
				"east": {"uv": [11, 0, 13, 1], "texture": "#lower"},
				"west": {"uv": [13, 0, 11, 1], "texture": "#lower", "cullface": "west"},
				"down": {"uv": [13, 11, 16, 13], "rotation": 180, "texture": "#lower"}
			}
		},
		{
			"from": [0, 15, 5],
			"to": [3, 16, 7],
			"rotation": {"angle": 0, "axis": "y", "origin": [1.5, 8, 8]},
			"faces": {
				"east": {"uv": [9, 0, 11, 1], "texture": "#lower"},
				"west": {"uv": [11, 0, 9, 1], "texture": "#lower", "cullface": "west"}
			}
		},
		{
			"from": [0, 15, 7],
			"to": [3, 16, 9],
			"rotation": {"angle": 0, "axis": "y", "origin": [1.5, 8, 8]},
			"faces": {
				"east": {"uv": [7, 0, 9, 1], "texture": "#lower"},
				"west": {"uv": [9, 0, 7, 1], "texture": "#lower", "cullface": "west"},
				"down": {"uv": [13, 7, 16, 9], "rotation": 180, "texture": "#lower"}
			}
		},
		{
			"from": [0, 15, 9],
			"to": [3, 16, 11],
			"rotation": {"angle": 0, "axis": "y", "origin": [1.5, 8, 8]},
			"faces": {
				"east": {"uv": [5, 0, 7, 1], "texture": "#lower"},
				"west": {"uv": [7, 0, 5, 1], "texture": "#lower", "cullface": "west"}
			}
		},
		{
			"from": [0, 15, 11],
			"to": [3, 16, 13],
			"rotation": {"angle": 0, "axis": "y", "origin": [1.5, 8, 8]},
			"faces": {
				"east": {"uv": [3, 0, 5, 1], "texture": "#lower"},
				"west": {"uv": [5, 0, 3, 1], "texture": "#lower", "cullface": "west"},
				"down": {"uv": [13, 3, 16, 5], "rotation": 180, "texture": "#lower"}
			}
		},
		{
			"from": [2, 3, 0],
			"to": [3, 6, 3],
			"rotation": {"angle": 0, "axis": "y", "origin": [1.5, 8, 8]},
			"faces": {
				"north": {"uv": [0, 12, 1, 15], "texture": "#lower", "cullface": "north"},
				"east": {"uv": [13, 10, 16, 13], "texture": "#lower"},
				"south": {"uv": [0, 12, 1, 15], "texture": "#lower"}
			}
		},
		{
			"from": [2, 3, 5],
			"to": [3, 6, 7],
			"rotation": {"angle": 0, "axis": "y", "origin": [1.5, 8, 8]},
			"faces": {
				"north": {"uv": [0, 12, 1, 15], "texture": "#lower"},
				"east": {"uv": [9, 10, 11, 13], "texture": "#lower"},
				"south": {"uv": [0, 12, 1, 15], "texture": "#lower"}
			}
		},
		{
			"from": [2, 3, 9],
			"to": [3, 6, 11],
			"rotation": {"angle": 0, "axis": "y", "origin": [1.5, 8, 8]},
			"faces": {
				"north": {"uv": [0, 12, 1, 15], "texture": "#lower"},
				"east": {"uv": [5, 10, 7, 13], "texture": "#lower"},
				"south": {"uv": [0, 12, 1, 15], "texture": "#lower"}
			}
		},
		{
			"from": [0, 3, 0],
			"to": [2, 6, 3],
			"rotation": {"angle": 0, "axis": "y", "origin": [1.5, 8, 8]},
			"faces": {
				"north": {"uv": [1, 10, 3, 13], "texture": "#lower", "cullface": "north"},
				"south": {"uv": [3, 10, 1, 13], "texture": "#lower"},
				"west": {"uv": [16, 10, 13, 13], "texture": "#lower", "cullface": "west"}
			}
		},
		{
			"from": [0, 3, 5],
			"to": [2, 6, 7],
			"rotation": {"angle": 0, "axis": "y", "origin": [1.5, 8, 8]},
			"faces": {
				"north": {"uv": [1, 10, 3, 13], "texture": "#lower"},
				"south": {"uv": [3, 10, 1, 13], "texture": "#lower"},
				"west": {"uv": [11, 10, 9, 13], "texture": "#lower", "cullface": "west"}
			}
		},
		{
			"from": [0, 3, 9],
			"to": [2, 6, 11],
			"rotation": {"angle": 0, "axis": "y", "origin": [1.5, 8, 8]},
			"faces": {
				"north": {"uv": [1, 10, 3, 13], "texture": "#lower"},
				"south": {"uv": [3, 10, 1, 13], "texture": "#lower"},
				"west": {"uv": [7, 10, 5, 13], "texture": "#lower", "cullface": "west"}
			}
		},
		{
			"from": [0, 6, 0],
			"to": [3, 15, 3],
			"rotation": {"angle": 0, "axis": "y", "origin": [1.5, 8, 8]},
			"faces": {
				"north": {"uv": [0, 1, 3, 10], "texture": "#lower", "cullface": "north"},
				"east": {"uv": [13, 1, 16, 10], "texture": "#lower"},
				"south": {"uv": [3, 1, 0, 10], "texture": "#lower"},
				"west": {"uv": [16, 1, 13, 10], "texture": "#lower", "cullface": "west"}
			}
		},
		{
			"from": [0, 6, 5],
			"to": [3, 15, 7],
			"rotation": {"angle": 0, "axis": "y", "origin": [1.5, 8, 8]},
			"faces": {
				"north": {"uv": [0, 1, 3, 10], "texture": "#lower"},
				"east": {"uv": [9, 1, 11, 10], "texture": "#lower"},
				"south": {"uv": [3, 1, 0, 10], "texture": "#lower"},
				"west": {"uv": [11, 1, 9, 10], "texture": "#lower", "cullface": "west"}
			}
		},
		{
			"from": [0, 6, 9],
			"to": [3, 15, 11],
			"rotation": {"angle": 0, "axis": "y", "origin": [1.5, 8, 8]},
			"faces": {
				"north": {"uv": [0, 1, 3, 10], "texture": "#lower"},
				"east": {"uv": [5, 1, 7, 10], "texture": "#lower"},
				"south": {"uv": [3, 1, 0, 10], "texture": "#lower"},
				"west": {"uv": [7, 1, 5, 10], "texture": "#lower", "cullface": "west"}
			}
		},
		{
			"from": [2, 15, 0],
			"to": [3, 16, 3],
			"rotation": {"angle": 0, "axis": "y", "origin": [1.5, 8, 8]},
			"faces": {
				"north": {"uv": [0, 2, 1, 1], "texture": "#lower", "cullface": "north"},
				"east": {"uv": [13, 0, 16, 1], "texture": "#lower"}
			}
		},
		{
			"from": [0, 15, 0],
			"to": [2, 16, 3],
			"rotation": {"angle": 0, "axis": "y", "origin": [1.5, 8, 8]},
			"faces": {
				"north": {"uv": [1, 0, 3, 1], "texture": "#lower", "cullface": "north"},
				"west": {"uv": [16, 0, 13, 1], "texture": "#lower", "cullface": "west"}
			}
		},
		{
			"from": [0, 15, 13],
			"to": [3, 16, 16],
			"rotation": {"angle": 0, "axis": "y", "origin": [1.5, 8, 8]},
			"faces": {
				"east": {"uv": [0, 0, 3, 1], "texture": "#lower"},
				"south": {"uv": [3, 0, 0, 1], "texture": "#lower", "cullface": "south"},
				"west": {"uv": [3, 0, 0, 1], "texture": "#lower", "cullface": "west"}
			}
		},
		{
			"from": [0, 0, 13],
			"to": [3, 3, 16],
			"rotation": {"angle": 0, "axis": "y", "origin": [1.5, 8, 8]},
			"faces": {
				"east": {"uv": [0, 13, 3, 16], "texture": "#lower"},
				"south": {"uv": [3, 13, 0, 16], "texture": "#lower", "cullface": "south"},
				"west": {"uv": [3, 13, 0, 16], "texture": "#lower", "cullface": "west"},
				"down": {"uv": [13, 13, 16, 16], "rotation": 180, "texture": "#lower", "cullface": "down"}
			}
		},
		{
			"from": [0, 0, 1],
			"to": [3, 3, 3],
			"rotation": {"angle": 0, "axis": "y", "origin": [1.5, 8, 8]},
			"faces": {
				"east": {"uv": [13, 13, 15, 16], "texture": "#lower"},
				"west": {"uv": [15, 13, 13, 16], "texture": "#lower", "cullface": "west"},
				"down": {"uv": [13, 1, 16, 3], "rotation": 180, "texture": "#lower", "cullface": "down"}
			}
		},
		{
			"from": [2, 0, 0],
			"to": [3, 3, 1],
			"rotation": {"angle": 0, "axis": "y", "origin": [1.5, 8, 8]},
			"faces": {
				"north": {"uv": [0, 13, 1, 16], "texture": "#lower", "cullface": "north"},
				"east": {"uv": [15, 13, 16, 16], "texture": "#lower"},
				"down": {"uv": [13, 0, 14, 1], "rotation": 180, "texture": "#lower", "cullface": "down"}
			}
		},
		{
			"from": [1, 0, 0],
			"to": [2, 3, 1],
			"rotation": {"angle": 0, "axis": "y", "origin": [1.5, 8, 8]},
			"faces": {
				"north": {"uv": [1, 13, 2, 16], "texture": "#lower", "cullface": "north"},
				"down": {"uv": [13, 0, 14, 1], "rotation": 180, "texture": "#lower", "cullface": "down"}
			}
		},
		{
			"from": [0, 0, 0],
			"to": [1, 3, 1],
			"rotation": {"angle": 0, "axis": "y", "origin": [1.5, 8, 8]},
			"faces": {
				"north": {"uv": [2, 13, 3, 16], "texture": "#lower", "cullface": "north"},
				"west": {"uv": [16, 13, 15, 16], "texture": "#lower", "cullface": "west"},
				"down": {"uv": [15, 0, 16, 1], "rotation": 180, "texture": "#lower", "cullface": "down"}
			}
		},
		{
			"from": [0, 6, 13],
			"to": [3, 15, 16],
			"rotation": {"angle": 0, "axis": "y", "origin": [1.5, 8, 8]},
			"faces": {
				"north": {"uv": [0, 1, 3, 10], "texture": "#lower"},
				"east": {"uv": [0, 1, 3, 10], "texture": "#lower"},
				"south": {"uv": [3, 1, 0, 10], "texture": "#lower", "cullface": "south"},
				"west": {"uv": [3, 1, 0, 10], "texture": "#lower", "cullface": "west"}
			}
		},
		{
			"from": [0, 3, 13],
			"to": [2, 6, 16],
			"rotation": {"angle": 0, "axis": "y", "origin": [1.5, 8, 8]},
			"faces": {
				"north": {"uv": [1, 10, 3, 13], "texture": "#lower"},
				"south": {"uv": [3, 10, 1, 13], "texture": "#lower", "cullface": "south"},
				"west": {"uv": [3, 10, 0, 13], "texture": "#lower", "cullface": "west"}
			}
		},
		{
			"from": [2, 3, 13],
			"to": [3, 6, 16],
			"rotation": {"angle": 0, "axis": "y", "origin": [1.5, 8, 8]},
			"faces": {
				"north": {"uv": [0, 12, 1, 15], "texture": "#lower"},
				"east": {"uv": [0, 10, 3, 13], "texture": "#lower"},
				"south": {"uv": [1, 10, 0, 13], "texture": "#lower", "cullface": "south"}
			}
		}
	]
}