{
	"credit": "Made with Blockbench",
	"parent": "block/thin_block",
	"ambientocclusion": false,
	"textures": {
		"particle": "block/acacia_trapdoor"
	},
	"elements": [
		{
			"from": [14, 0, 13],
			"to": [16, 3, 16],
			"faces": {
				"east": {"uv": [0, 0, 3, 3], "texture": "#particle", "cullface": "east"},
				"south": {"uv": [14, 0, 16, 3], "texture": "#particle", "cullface": "south"},
				"up": {"uv": [14, 3, 16, 0], "texture": "#particle"},
				"down": {"uv": [14, 0, 16, 3], "texture": "#particle", "cullface": "down"}
			}
		},
		{
			"from": [14, 0, 0],
			"to": [16, 3, 3],
			"faces": {
				"north": {"uv": [0, 0, 2, 3], "texture": "#particle", "cullface": "north"},
				"east": {"uv": [13, 0, 16, 3], "texture": "#particle", "cullface": "east"},
				"up": {"uv": [14, 16, 16, 13], "texture": "#particle"},
				"down": {"uv": [14, 13, 16, 16], "texture": "#particle", "cullface": "down"}
			}
		},
		{
			"from": [0, 0, 13],
			"to": [2, 3, 16],
			"faces": {
				"south": {"uv": [0, 0, 2, 3], "texture": "#particle", "cullface": "south"},
				"west": {"uv": [13, 0, 16, 3], "texture": "#particle", "cullface": "west"},
				"up": {"uv": [0, 3, 2, 0], "texture": "#particle"},
				"down": {"uv": [0, 0, 2, 3], "texture": "#particle", "cullface": "down"}
			}
		},
		{
			"from": [0, 0, 0],
			"to": [2, 3, 3],
			"faces": {
				"north": {"uv": [14, 0, 16, 3], "texture": "#particle", "cullface": "north"},
				"west": {"uv": [0, 0, 3, 3], "texture": "#particle", "cullface": "west"},
				"up": {"uv": [0, 16, 2, 13], "texture": "#particle"},
				"down": {"uv": [0, 13, 2, 16], "texture": "#particle", "cullface": "down"}
			}
		},
		{
			"from": [7, 0, 13],
			"to": [9, 3, 16],
			"faces": {
				"north": {"uv": [7, 0, 9, 3], "texture": "#particle"},
				"south": {"uv": [7, 0, 9, 3], "texture": "#particle", "cullface": "south"},
				"up": {"uv": [7, 3, 9, 0], "texture": "#particle"},
				"down": {"uv": [7, 0, 9, 3], "texture": "#particle", "cullface": "down"}
			}
		},
		{
			"from": [7, 0, 0],
			"to": [9, 3, 3],
			"faces": {
				"north": {"uv": [7, 0, 9, 3], "texture": "#particle", "cullface": "north"},
				"south": {"uv": [7, 0, 9, 3], "texture": "#particle"},
				"up": {"uv": [7, 16, 9, 13], "texture": "#particle"},
				"down": {"uv": [7, 13, 9, 16], "texture": "#particle", "cullface": "down"}
			}
		},
		{
			"from": [12, 0, 13],
			"to": [14, 3, 16],
			"faces": {
				"north": {"uv": [2, 0, 4, 3], "texture": "#particle"},
				"south": {"uv": [12, 0, 14, 3], "texture": "#particle", "cullface": "south"},
				"up": {"uv": [12, 3, 14, 0], "texture": "#particle"},
				"down": {"uv": [12, 0, 14, 3], "texture": "#particle", "cullface": "down"}
			}
		},
		{
			"from": [12, 0, 0],
			"to": [14, 3, 3],
			"faces": {
				"north": {"uv": [2, 0, 4, 3], "texture": "#particle", "cullface": "north"},
				"south": {"uv": [12, 0, 14, 3], "texture": "#particle"},
				"up": {"uv": [12, 16, 14, 13], "texture": "#particle"},
				"down": {"uv": [12, 13, 14, 16], "texture": "#particle", "cullface": "down"}
			}
		},
		{
			"from": [2, 0, 13],
			"to": [4, 3, 16],
			"faces": {
				"north": {"uv": [12, 0, 14, 3], "texture": "#particle"},
				"south": {"uv": [2, 0, 4, 3], "texture": "#particle", "cullface": "south"},
				"up": {"uv": [2, 3, 4, 0], "texture": "#particle"},
				"down": {"uv": [2, 0, 4, 3], "texture": "#particle", "cullface": "down"}
			}
		},
		{
			"from": [2, 0, 0],
			"to": [4, 3, 3],
			"faces": {
				"north": {"uv": [12, 0, 14, 3], "texture": "#particle", "cullface": "north"},
				"south": {"uv": [2, 0, 4, 3], "texture": "#particle"},
				"up": {"uv": [2, 16, 4, 13], "texture": "#particle"},
				"down": {"uv": [2, 13, 4, 16], "texture": "#particle", "cullface": "down"}
			}
		},
		{
			"from": [9, 0, 13],
			"to": [12, 3, 16],
			"faces": {
				"south": {"uv": [9, 0, 12, 3], "texture": "#particle", "cullface": "south"},
				"up": {"uv": [9, 3, 12, 0], "texture": "#particle"},
				"down": {"uv": [9, 0, 12, 3], "texture": "#particle", "cullface": "down"}
			}
		},
		{
			"from": [9, 0, 0],
			"to": [12, 3, 3],
			"faces": {
				"north": {"uv": [4, 0, 7, 3], "texture": "#particle", "cullface": "north"},
				"up": {"uv": [9, 16, 12, 13], "texture": "#particle"},
				"down": {"uv": [9, 13, 12, 16], "texture": "#particle", "cullface": "down"}
			}
		},
		{
			"from": [4, 0, 13],
			"to": [7, 3, 16],
			"faces": {
				"south": {"uv": [4, 0, 7, 3], "texture": "#particle", "cullface": "south"},
				"up": {"uv": [4, 3, 7, 0], "texture": "#particle"},
				"down": {"uv": [4, 0, 7, 3], "texture": "#particle", "cullface": "down"}
			}
		},
		{
			"from": [4, 0, 0],
			"to": [7, 3, 3],
			"faces": {
				"north": {"uv": [9, 0, 12, 3], "texture": "#particle", "cullface": "north"},
				"up": {"uv": [4, 16, 7, 13], "texture": "#particle"},
				"down": {"uv": [4, 13, 7, 16], "texture": "#particle", "cullface": "down"}
			}
		},
		{
			"from": [14, 0, 3],
			"to": [16, 3, 13],
			"faces": {
				"east": {"uv": [3, 0, 13, 3], "texture": "#particle", "cullface": "east"},
				"west": {"uv": [3, 0, 13, 3], "texture": "#particle"},
				"up": {"uv": [14, 13, 16, 3], "texture": "#particle"},
				"down": {"uv": [14, 3, 16, 13], "texture": "#particle", "cullface": "down"}
			}
		},
		{
			"from": [0, 0, 3],
			"to": [2, 3, 13],
			"faces": {
				"east": {"uv": [3, 0, 13, 3], "texture": "#particle"},
				"west": {"uv": [3, 0, 13, 3], "texture": "#particle", "cullface": "west"},
				"up": {"uv": [0, 13, 2, 3], "texture": "#particle"},
				"down": {"uv": [0, 3, 2, 13], "texture": "#particle", "cullface": "down"}
			}
		},
		{
			"from": [4, 0, 3],
			"to": [7, 3, 13],
			"faces": {
				"east": {"uv": [3, 0, 13, 3], "texture": "#particle"},
				"west": {"uv": [3, 0, 13, 3], "texture": "#particle"},
				"up": {"uv": [4, 13, 7, 3], "texture": "#particle"},
				"down": {"uv": [4, 3, 7, 13], "texture": "#particle", "cullface": "down"}
			}
		},
		{
			"from": [9, 0, 3],
			"to": [12, 3, 13],
			"faces": {
				"east": {"uv": [3, 0, 13, 3], "texture": "#particle"},
				"west": {"uv": [3, 0, 13, 3], "texture": "#particle"},
				"up": {"uv": [9, 13, 12, 3], "texture": "#particle"},
				"down": {"uv": [9, 3, 12, 13], "texture": "#particle", "cullface": "down"}
			}
		}
	]
}