{
	"credit": "Made with Blockbench",
	"parent": "block/thin_block",
	"ambientocclusion": false,
	"textures": {
		"particle": "block/bamboo_trapdoor"
	},
	"elements": [
		{
			"from": [0, 0, 13],
			"to": [3, 3, 16],
			"rotation": {"angle": 0, "axis": "y", "origin": [8, 0, 8]},
			"faces": {
				"south": {"uv": [0, 16, 3, 13], "texture": "#particle", "cullface": "south"},
				"west": {"uv": [13, 16, 16, 13], "texture": "#particle", "cullface": "west"},
				"up": {"uv": [3, 0, 0, 3], "rotation": 180, "texture": "#particle"},
				"down": {"uv": [0, 0, 3, 3], "texture": "#particle", "cullface": "down"}
			}
		},
		{
			"from": [0, 0, 0],
			"to": [3, 3, 3],
			"rotation": {"angle": 0, "axis": "y", "origin": [8, 0, 8]},
			"faces": {
				"north": {"uv": [13, 16, 16, 13], "texture": "#particle", "cullface": "north"},
				"west": {"uv": [0, 16, 3, 13], "texture": "#particle", "cullface": "west"},
				"up": {"uv": [3, 13, 0, 16], "rotation": 180, "texture": "#particle"},
				"down": {"uv": [0, 13, 3, 16], "texture": "#particle", "cullface": "down"}
			}
		},
		{
			"from": [6, 0, 6],
			"to": [7, 3, 7],
			"rotation": {"angle": 0, "axis": "y", "origin": [8, 0, 8]},
			"faces": {
				"east": {"uv": [9, 16, 10, 13], "texture": "#particle"},
				"south": {"uv": [6, 16, 7, 13], "texture": "#particle"},
				"up": {"uv": [7, 9, 6, 10], "rotation": 180, "texture": "#particle"},
				"down": {"uv": [6, 9, 7, 10], "texture": "#particle", "cullface": "down"}
			}
		},
		{
			"from": [9, 0, 6],
			"to": [10, 3, 7],
			"rotation": {"angle": 0, "axis": "y", "origin": [8, 0, 8]},
			"faces": {
				"south": {"uv": [9, 16, 10, 13], "texture": "#particle"},
				"west": {"uv": [6, 16, 7, 13], "texture": "#particle"},
				"up": {"uv": [10, 9, 9, 10], "rotation": 180, "texture": "#particle"},
				"down": {"uv": [9, 9, 10, 10], "texture": "#particle", "cullface": "down"}
			}
		},
		{
			"from": [6, 0, 9],
			"to": [7, 3, 10],
			"rotation": {"angle": 0, "axis": "y", "origin": [8, 0, 8]},
			"faces": {
				"north": {"uv": [9, 16, 10, 13], "texture": "#particle"},
				"east": {"uv": [6, 16, 7, 13], "texture": "#particle"},
				"up": {"uv": [7, 6, 6, 7], "rotation": 180, "texture": "#particle"},
				"down": {"uv": [6, 6, 7, 7], "texture": "#particle", "cullface": "down"}
			}
		},
		{
			"from": [9, 0, 9],
			"to": [10, 3, 10],
			"rotation": {"angle": 0, "axis": "y", "origin": [8, 0, 8]},
			"faces": {
				"north": {"uv": [6, 16, 7, 13], "texture": "#particle"},
				"west": {"uv": [9, 16, 10, 13], "texture": "#particle"},
				"up": {"uv": [10, 6, 9, 7], "rotation": 180, "texture": "#particle"},
				"down": {"uv": [9, 6, 10, 7], "texture": "#particle", "cullface": "down"}
			}
		},
		{
			"from": [13, 0, 0],
			"to": [16, 3, 3],
			"rotation": {"angle": 0, "axis": "y", "origin": [8, 0, 8]},
			"faces": {
				"north": {"uv": [0, 16, 3, 13], "texture": "#particle", "cullface": "north"},
				"east": {"uv": [13, 16, 16, 13], "texture": "#particle", "cullface": "east"},
				"up": {"uv": [16, 13, 13, 16], "rotation": 180, "texture": "#particle"},
				"down": {"uv": [13, 13, 16, 16], "texture": "#particle", "cullface": "down"}
			}
		},
		{
			"from": [13, 0, 13],
			"to": [16, 3, 16],
			"rotation": {"angle": 0, "axis": "y", "origin": [8, 0, 8]},
			"faces": {
				"east": {"uv": [0, 16, 3, 13], "texture": "#particle", "cullface": "east"},
				"south": {"uv": [13, 16, 16, 13], "texture": "#particle", "cullface": "south"},
				"up": {"uv": [16, 0, 13, 3], "rotation": 180, "texture": "#particle"},
				"down": {"uv": [13, 0, 16, 3], "texture": "#particle", "cullface": "down"}
			}
		},
		{
			"from": [13, 0, 3],
			"to": [16, 3, 4],
			"rotation": {"angle": 0, "axis": "y", "origin": [8, 0, 8]},
			"faces": {
				"east": {"uv": [12, 16, 13, 13], "texture": "#particle", "cullface": "east"},
				"west": {"uv": [3, 16, 4, 13], "texture": "#particle"},
				"up": {"uv": [16, 12, 13, 13], "rotation": 180, "texture": "#particle"},
				"down": {"uv": [13, 12, 16, 13], "texture": "#particle", "cullface": "down"}
			}
		},
		{
			"from": [6, 0, 10],
			"to": [7, 3, 11],
			"rotation": {"angle": 0, "axis": "y", "origin": [8, 0, 8]},
			"faces": {
				"east": {"uv": [5, 16, 6, 13], "texture": "#particle"},
				"west": {"uv": [10, 16, 11, 13], "texture": "#particle"},
				"up": {"uv": [7, 5, 6, 6], "rotation": 180, "texture": "#particle"},
				"down": {"uv": [6, 5, 7, 6], "texture": "#particle", "cullface": "down"}
			}
		},
		{
			"from": [6, 0, 11],
			"to": [7, 3, 12],
			"rotation": {"angle": 0, "axis": "y", "origin": [8, 0, 8]},
			"faces": {
				"up": {"uv": [7, 4, 6, 5], "rotation": 180, "texture": "#particle"},
				"down": {"uv": [6, 4, 7, 5], "texture": "#particle", "cullface": "down"}
			}
		},
		{
			"from": [6, 0, 12],
			"to": [7, 3, 13],
			"rotation": {"angle": 0, "axis": "y", "origin": [8, 0, 8]},
			"faces": {
				"east": {"uv": [3, 16, 4, 13], "texture": "#particle"},
				"west": {"uv": [12, 16, 13, 13], "texture": "#particle"},
				"up": {"uv": [7, 3, 6, 4], "rotation": 180, "texture": "#particle"},
				"down": {"uv": [6, 3, 7, 4], "texture": "#particle", "cullface": "down"}
			}
		},
		{
			"from": [6, 0, 5],
			"to": [7, 3, 6],
			"rotation": {"angle": 0, "axis": "y", "origin": [8, 0, 8]},
			"faces": {
				"east": {"uv": [10, 16, 11, 13], "texture": "#particle"},
				"west": {"uv": [5, 16, 6, 13], "texture": "#particle"},
				"up": {"uv": [7, 10, 6, 11], "rotation": 180, "texture": "#particle"},
				"down": {"uv": [6, 10, 7, 11], "texture": "#particle", "cullface": "down"}
			}
		},
		{
			"from": [6, 0, 4],
			"to": [7, 3, 5],
			"rotation": {"angle": 0, "axis": "y", "origin": [8, 0, 8]},
			"faces": {
				"up": {"uv": [7, 11, 6, 12], "rotation": 180, "texture": "#particle"},
				"down": {"uv": [6, 11, 7, 12], "texture": "#particle", "cullface": "down"}
			}
		},
		{
			"from": [6, 0, 3],
			"to": [7, 3, 4],
			"rotation": {"angle": 0, "axis": "y", "origin": [8, 0, 8]},
			"faces": {
				"east": {"uv": [12, 16, 13, 13], "texture": "#particle"},
				"west": {"uv": [3, 16, 4, 13], "texture": "#particle"},
				"up": {"uv": [7, 12, 6, 13], "rotation": 180, "texture": "#particle"},
				"down": {"uv": [6, 12, 7, 13], "texture": "#particle", "cullface": "down"}
			}
		},
		{
			"from": [13, 0, 5],
			"to": [16, 3, 6],
			"rotation": {"angle": 0, "axis": "y", "origin": [8, 0, 8]},
			"faces": {
				"east": {"uv": [10, 16, 11, 13], "texture": "#particle", "cullface": "east"},
				"west": {"uv": [5, 16, 6, 13], "texture": "#particle"},
				"up": {"uv": [16, 10, 13, 11], "rotation": 180, "texture": "#particle"},
				"down": {"uv": [13, 10, 16, 11], "texture": "#particle", "cullface": "down"}
			}
		},
		{
			"from": [13, 0, 7],
			"to": [16, 3, 9],
			"rotation": {"angle": 0, "axis": "y", "origin": [8, 0, 8]},
			"faces": {
				"east": {"uv": [7, 16, 9, 13], "texture": "#particle", "cullface": "east"},
				"west": {"uv": [7, 16, 9, 13], "texture": "#particle"},
				"up": {"uv": [16, 7, 13, 9], "rotation": 180, "texture": "#particle"},
				"down": {"uv": [13, 7, 16, 9], "texture": "#particle", "cullface": "down"}
			}
		},
		{
			"from": [0, 0, 5],
			"to": [3, 3, 6],
			"rotation": {"angle": 0, "axis": "y", "origin": [8, 0, 8]},
			"faces": {
				"east": {"uv": [10, 16, 11, 13], "texture": "#particle"},
				"west": {"uv": [5, 16, 6, 13], "texture": "#particle", "cullface": "west"},
				"up": {"uv": [3, 10, 0, 11], "rotation": 180, "texture": "#particle"},
				"down": {"uv": [0, 10, 3, 11], "texture": "#particle", "cullface": "down"}
			}
		},
		{
			"from": [0, 0, 3],
			"to": [3, 3, 4],
			"rotation": {"angle": 0, "axis": "y", "origin": [8, 0, 8]},
			"faces": {
				"east": {"uv": [12, 16, 13, 13], "texture": "#particle"},
				"west": {"uv": [3, 16, 4, 13], "texture": "#particle", "cullface": "west"},
				"up": {"uv": [3, 12, 0, 13], "rotation": 180, "texture": "#particle"},
				"down": {"uv": [0, 12, 3, 13], "texture": "#particle", "cullface": "down"}
			}
		},
		{
			"from": [9, 0, 12],
			"to": [10, 3, 13],
			"rotation": {"angle": 0, "axis": "y", "origin": [8, 0, 8]},
			"faces": {
				"east": {"uv": [3, 16, 4, 13], "texture": "#particle"},
				"west": {"uv": [12, 16, 13, 13], "texture": "#particle"},
				"up": {"uv": [10, 3, 9, 4], "rotation": 180, "texture": "#particle"},
				"down": {"uv": [9, 3, 10, 4], "texture": "#particle", "cullface": "down"}
			}
		},
		{
			"from": [9, 0, 11],
			"to": [10, 3, 12],
			"rotation": {"angle": 0, "axis": "y", "origin": [8, 0, 8]},
			"faces": {
				"up": {"uv": [10, 4, 9, 5], "rotation": 180, "texture": "#particle"},
				"down": {"uv": [9, 4, 10, 5], "texture": "#particle", "cullface": "down"}
			}
		},
		{
			"from": [9, 0, 10],
			"to": [10, 3, 11],
			"rotation": {"angle": 0, "axis": "y", "origin": [8, 0, 8]},
			"faces": {
				"east": {"uv": [5, 16, 6, 13], "texture": "#particle"},
				"west": {"uv": [10, 16, 11, 13], "texture": "#particle"},
				"up": {"uv": [10, 5, 9, 6], "rotation": 180, "texture": "#particle"},
				"down": {"uv": [9, 5, 10, 6], "texture": "#particle", "cullface": "down"}
			}
		},
		{
			"from": [9, 0, 5],
			"to": [10, 3, 6],
			"rotation": {"angle": 0, "axis": "y", "origin": [8, 0, 8]},
			"faces": {
				"east": {"uv": [10, 16, 11, 13], "texture": "#particle"},
				"west": {"uv": [5, 16, 6, 13], "texture": "#particle"},
				"up": {"uv": [10, 10, 9, 11], "rotation": 180, "texture": "#particle"},
				"down": {"uv": [9, 10, 10, 11], "texture": "#particle", "cullface": "down"}
			}
		},
		{
			"from": [9, 0, 4],
			"to": [10, 3, 5],
			"rotation": {"angle": 0, "axis": "y", "origin": [8, 0, 8]},
			"faces": {
				"up": {"uv": [10, 11, 9, 12], "rotation": 180, "texture": "#particle"},
				"down": {"uv": [9, 11, 10, 12], "texture": "#particle", "cullface": "down"}
			}
		},
		{
			"from": [9, 0, 3],
			"to": [10, 3, 4],
			"rotation": {"angle": 0, "axis": "y", "origin": [8, 0, 8]},
			"faces": {
				"east": {"uv": [12, 16, 13, 13], "texture": "#particle"},
				"west": {"uv": [3, 16, 4, 13], "texture": "#particle"},
				"up": {"uv": [10, 12, 9, 13], "rotation": 180, "texture": "#particle"},
				"down": {"uv": [9, 12, 10, 13], "texture": "#particle", "cullface": "down"}
			}
		},
		{
			"from": [11, 0, 12],
			"to": [12, 3, 13],
			"rotation": {"angle": 0, "axis": "y", "origin": [8, 0, 8]},
			"faces": {
				"east": {"uv": [3, 16, 4, 13], "texture": "#particle"},
				"west": {"uv": [12, 16, 13, 13], "texture": "#particle"},
				"up": {"uv": [12, 3, 11, 4], "rotation": 180, "texture": "#particle"},
				"down": {"uv": [11, 3, 12, 4], "texture": "#particle", "cullface": "down"}
			}
		},
		{
			"from": [11, 0, 11],
			"to": [12, 3, 12],
			"rotation": {"angle": 0, "axis": "y", "origin": [8, 0, 8]},
			"faces": {
				"up": {"uv": [12, 4, 11, 5], "rotation": 180, "texture": "#particle"},
				"down": {"uv": [11, 4, 12, 5], "texture": "#particle", "cullface": "down"}
			}
		},
		{
			"from": [11, 0, 10],
			"to": [12, 3, 11],
			"rotation": {"angle": 0, "axis": "y", "origin": [8, 0, 8]},
			"faces": {
				"east": {"uv": [5, 16, 6, 13], "texture": "#particle"},
				"west": {"uv": [10, 16, 11, 13], "texture": "#particle"},
				"up": {"uv": [12, 5, 11, 6], "rotation": 180, "texture": "#particle"},
				"down": {"uv": [11, 5, 12, 6], "texture": "#particle", "cullface": "down"}
			}
		},
		{
			"from": [11, 0, 9],
			"to": [12, 3, 10],
			"rotation": {"angle": 0, "axis": "y", "origin": [8, 0, 8]},
			"faces": {
				"up": {"uv": [12, 6, 11, 7], "rotation": 180, "texture": "#particle"},
				"down": {"uv": [11, 6, 12, 7], "texture": "#particle", "cullface": "down"}
			}
		},
		{
			"from": [11, 0, 7],
			"to": [12, 3, 9],
			"rotation": {"angle": 0, "axis": "y", "origin": [8, 0, 8]},
			"faces": {
				"east": {"uv": [7, 16, 9, 13], "texture": "#particle"},
				"west": {"uv": [7, 16, 9, 13], "texture": "#particle"},
				"up": {"uv": [12, 7, 11, 9], "rotation": 180, "texture": "#particle"},
				"down": {"uv": [11, 7, 12, 9], "texture": "#particle", "cullface": "down"}
			}
		},
		{
			"from": [11, 0, 6],
			"to": [12, 3, 7],
			"rotation": {"angle": 0, "axis": "y", "origin": [8, 0, 8]},
			"faces": {
				"up": {"uv": [12, 9, 11, 10], "rotation": 180, "texture": "#particle"},
				"down": {"uv": [11, 9, 12, 10], "texture": "#particle", "cullface": "down"}
			}
		},
		{
			"from": [11, 0, 5],
			"to": [12, 3, 6],
			"rotation": {"angle": 0, "axis": "y", "origin": [8, 0, 8]},
			"faces": {
				"east": {"uv": [10, 16, 11, 13], "texture": "#particle"},
				"west": {"uv": [5, 16, 6, 13], "texture": "#particle"},
				"up": {"uv": [12, 10, 11, 11], "rotation": 180, "texture": "#particle"},
				"down": {"uv": [11, 10, 12, 11], "texture": "#particle", "cullface": "down"}
			}
		},
		{
			"from": [11, 0, 4],
			"to": [12, 3, 5],
			"rotation": {"angle": 0, "axis": "y", "origin": [8, 0, 8]},
			"faces": {
				"up": {"uv": [12, 11, 11, 12], "rotation": 180, "texture": "#particle"},
				"down": {"uv": [11, 11, 12, 12], "texture": "#particle", "cullface": "down"}
			}
		},
		{
			"from": [11, 0, 3],
			"to": [12, 3, 4],
			"rotation": {"angle": 0, "axis": "y", "origin": [8, 0, 8]},
			"faces": {
				"east": {"uv": [12, 16, 13, 13], "texture": "#particle"},
				"west": {"uv": [3, 16, 4, 13], "texture": "#particle"},
				"up": {"uv": [12, 12, 11, 13], "rotation": 180, "texture": "#particle"},
				"down": {"uv": [11, 12, 12, 13], "texture": "#particle", "cullface": "down"}
			}
		},
		{
			"from": [4, 0, 12],
			"to": [5, 3, 13],
			"rotation": {"angle": 0, "axis": "y", "origin": [8, 0, 8]},
			"faces": {
				"east": {"uv": [3, 16, 4, 13], "texture": "#particle"},
				"west": {"uv": [12, 16, 13, 13], "texture": "#particle"},
				"up": {"uv": [5, 3, 4, 4], "rotation": 180, "texture": "#particle"},
				"down": {"uv": [4, 3, 5, 4], "texture": "#particle", "cullface": "down"}
			}
		},
		{
			"from": [4, 0, 11],
			"to": [5, 3, 12],
			"rotation": {"angle": 0, "axis": "y", "origin": [8, 0, 8]},
			"faces": {
				"up": {"uv": [5, 4, 4, 5], "rotation": 180, "texture": "#particle"},
				"down": {"uv": [4, 4, 5, 5], "texture": "#particle", "cullface": "down"}
			}
		},
		{
			"from": [4, 0, 10],
			"to": [5, 3, 11],
			"rotation": {"angle": 0, "axis": "y", "origin": [8, 0, 8]},
			"faces": {
				"east": {"uv": [5, 16, 6, 13], "texture": "#particle"},
				"west": {"uv": [10, 16, 11, 13], "texture": "#particle"},
				"up": {"uv": [5, 5, 4, 6], "rotation": 180, "texture": "#particle"},
				"down": {"uv": [4, 5, 5, 6], "texture": "#particle", "cullface": "down"}
			}
		},
		{
			"from": [4, 0, 9],
			"to": [5, 3, 10],
			"rotation": {"angle": 0, "axis": "y", "origin": [8, 0, 8]},
			"faces": {
				"up": {"uv": [5, 6, 4, 7], "rotation": 180, "texture": "#particle"},
				"down": {"uv": [4, 6, 5, 7], "texture": "#particle", "cullface": "down"}
			}
		},
		{
			"from": [4, 0, 7],
			"to": [5, 3, 9],
			"rotation": {"angle": 0, "axis": "y", "origin": [8, 0, 8]},
			"faces": {
				"east": {"uv": [7, 16, 9, 13], "texture": "#particle"},
				"west": {"uv": [7, 16, 9, 13], "texture": "#particle"},
				"up": {"uv": [5, 7, 4, 9], "rotation": 180, "texture": "#particle"},
				"down": {"uv": [4, 7, 5, 9], "texture": "#particle", "cullface": "down"}
			}
		},
		{
			"from": [4, 0, 6],
			"to": [5, 3, 7],
			"rotation": {"angle": 0, "axis": "y", "origin": [8, 0, 8]},
			"faces": {
				"up": {"uv": [5, 9, 4, 10], "rotation": 180, "texture": "#particle"},
				"down": {"uv": [4, 9, 5, 10], "texture": "#particle", "cullface": "down"}
			}
		},
		{
			"from": [4, 0, 5],
			"to": [5, 3, 6],
			"rotation": {"angle": 0, "axis": "y", "origin": [8, 0, 8]},
			"faces": {
				"east": {"uv": [10, 16, 11, 13], "texture": "#particle"},
				"west": {"uv": [5, 16, 6, 13], "texture": "#particle"},
				"up": {"uv": [5, 10, 4, 11], "rotation": 180, "texture": "#particle"},
				"down": {"uv": [4, 10, 5, 11], "texture": "#particle", "cullface": "down"}
			}
		},
		{
			"from": [4, 0, 4],
			"to": [5, 3, 5],
			"rotation": {"angle": 0, "axis": "y", "origin": [8, 0, 8]},
			"faces": {
				"up": {"uv": [5, 11, 4, 12], "rotation": 180, "texture": "#particle"},
				"down": {"uv": [4, 11, 5, 12], "texture": "#particle", "cullface": "down"}
			}
		},
		{
			"from": [4, 0, 3],
			"to": [5, 3, 4],
			"rotation": {"angle": 0, "axis": "y", "origin": [8, 0, 8]},
			"faces": {
				"east": {"uv": [12, 16, 13, 13], "texture": "#particle"},
				"west": {"uv": [3, 16, 4, 13], "texture": "#particle"},
				"up": {"uv": [5, 12, 4, 13], "rotation": 180, "texture": "#particle"},
				"down": {"uv": [4, 12, 5, 13], "texture": "#particle", "cullface": "down"}
			}
		},
		{
			"from": [13, 0, 12],
			"to": [16, 3, 13],
			"rotation": {"angle": 0, "axis": "y", "origin": [8, 0, 8]},
			"faces": {
				"east": {"uv": [3, 16, 4, 13], "texture": "#particle", "cullface": "east"},
				"west": {"uv": [12, 16, 13, 13], "texture": "#particle"},
				"up": {"uv": [16, 3, 13, 4], "rotation": 180, "texture": "#particle"},
				"down": {"uv": [13, 3, 16, 4], "texture": "#particle", "cullface": "down"}
			}
		},
		{
			"from": [13, 0, 10],
			"to": [16, 3, 11],
			"rotation": {"angle": 0, "axis": "y", "origin": [8, 0, 8]},
			"faces": {
				"east": {"uv": [5, 16, 6, 13], "texture": "#particle", "cullface": "east"},
				"west": {"uv": [10, 16, 11, 13], "texture": "#particle"},
				"up": {"uv": [16, 5, 13, 6], "rotation": 180, "texture": "#particle"},
				"down": {"uv": [13, 5, 16, 6], "texture": "#particle", "cullface": "down"}
			}
		},
		{
			"from": [0, 0, 12],
			"to": [3, 3, 13],
			"rotation": {"angle": 0, "axis": "y", "origin": [8, 0, 8]},
			"faces": {
				"east": {"uv": [3, 16, 4, 13], "texture": "#particle"},
				"west": {"uv": [12, 16, 13, 13], "texture": "#particle", "cullface": "west"},
				"up": {"uv": [3, 3, 0, 4], "rotation": 180, "texture": "#particle"},
				"down": {"uv": [0, 3, 3, 4], "texture": "#particle", "cullface": "down"}
			}
		},
		{
			"from": [0, 0, 10],
			"to": [3, 3, 11],
			"rotation": {"angle": 0, "axis": "y", "origin": [8, 0, 8]},
			"faces": {
				"east": {"uv": [5, 16, 6, 13], "texture": "#particle"},
				"west": {"uv": [10, 16, 11, 13], "texture": "#particle", "cullface": "west"},
				"up": {"uv": [3, 5, 0, 6], "rotation": 180, "texture": "#particle"},
				"down": {"uv": [0, 5, 3, 6], "texture": "#particle", "cullface": "down"}
			}
		},
		{
			"from": [0, 0, 7],
			"to": [3, 3, 9],
			"rotation": {"angle": 0, "axis": "y", "origin": [8, 0, 8]},
			"faces": {
				"east": {"uv": [7, 16, 9, 13], "texture": "#particle"},
				"west": {"uv": [7, 16, 9, 13], "texture": "#particle", "cullface": "west"},
				"up": {"uv": [3, 7, 0, 9], "rotation": 180, "texture": "#particle"},
				"down": {"uv": [0, 7, 3, 9], "texture": "#particle", "cullface": "down"}
			}
		},
		{
			"from": [13, 0, 4],
			"to": [16, 3, 5],
			"rotation": {"angle": 0, "axis": "y", "origin": [8, 0, 8]},
			"faces": {
				"east": {"uv": [11, 16, 12, 13], "texture": "#particle", "cullface": "east"},
				"up": {"uv": [16, 11, 13, 12], "rotation": 180, "texture": "#particle"},
				"down": {"uv": [13, 11, 16, 12], "texture": "#particle", "cullface": "down"}
			}
		},
		{
			"from": [0, 0, 9],
			"to": [3, 3, 10],
			"rotation": {"angle": 0, "axis": "y", "origin": [8, 0, 8]},
			"faces": {
				"west": {"uv": [9, 16, 10, 13], "texture": "#particle", "cullface": "west"},
				"up": {"uv": [3, 6, 0, 7], "rotation": 180, "texture": "#particle"},
				"down": {"uv": [0, 6, 3, 7], "texture": "#particle", "cullface": "down"}
			}
		},
		{
			"from": [0, 0, 11],
			"to": [3, 3, 12],
			"rotation": {"angle": 0, "axis": "y", "origin": [8, 0, 8]},
			"faces": {
				"west": {"uv": [11, 16, 12, 13], "texture": "#particle", "cullface": "west"},
				"up": {"uv": [3, 4, 0, 5], "rotation": 180, "texture": "#particle"},
				"down": {"uv": [0, 4, 3, 5], "texture": "#particle", "cullface": "down"}
			}
		},
		{
			"from": [13, 0, 11],
			"to": [16, 3, 12],
			"rotation": {"angle": 0, "axis": "y", "origin": [8, 0, 8]},
			"faces": {
				"east": {"uv": [4, 16, 5, 13], "texture": "#particle", "cullface": "east"},
				"up": {"uv": [16, 4, 13, 5], "rotation": 180, "texture": "#particle"},
				"down": {"uv": [13, 4, 16, 5], "texture": "#particle", "cullface": "down"}
			}
		},
		{
			"from": [13, 0, 9],
			"to": [16, 3, 10],
			"rotation": {"angle": 0, "axis": "y", "origin": [8, 0, 8]},
			"faces": {
				"east": {"uv": [6, 16, 7, 13], "texture": "#particle", "cullface": "east"},
				"up": {"uv": [16, 6, 13, 7], "rotation": 180, "texture": "#particle"},
				"down": {"uv": [13, 6, 16, 7], "texture": "#particle", "cullface": "down"}
			}
		},
		{
			"from": [0, 0, 6],
			"to": [3, 3, 7],
			"rotation": {"angle": 0, "axis": "y", "origin": [8, 0, 8]},
			"faces": {
				"west": {"uv": [6, 16, 7, 13], "texture": "#particle", "cullface": "west"},
				"up": {"uv": [3, 9, 0, 10], "rotation": 180, "texture": "#particle"},
				"down": {"uv": [0, 9, 3, 10], "texture": "#particle", "cullface": "down"}
			}
		},
		{
			"from": [13, 0, 6],
			"to": [16, 3, 7],
			"rotation": {"angle": 0, "axis": "y", "origin": [8, 0, 8]},
			"faces": {
				"east": {"uv": [9, 16, 10, 13], "texture": "#particle", "cullface": "east"},
				"up": {"uv": [16, 9, 13, 10], "rotation": 180, "texture": "#particle"},
				"down": {"uv": [13, 9, 16, 10], "texture": "#particle", "cullface": "down"}
			}
		},
		{
			"from": [4, 0, 13],
			"to": [5, 3, 16],
			"rotation": {"angle": 0, "axis": "y", "origin": [8, 0, 8]},
			"faces": {
				"south": {"uv": [4, 16, 5, 13], "texture": "#particle", "cullface": "south"},
				"up": {"uv": [5, 0, 4, 3], "rotation": 180, "texture": "#particle"},
				"down": {"uv": [4, 0, 5, 3], "texture": "#particle", "cullface": "down"}
			}
		},
		{
			"from": [6, 0, 0],
			"to": [7, 3, 3],
			"rotation": {"angle": 0, "axis": "y", "origin": [8, 0, 8]},
			"faces": {
				"north": {"uv": [9, 16, 10, 13], "texture": "#particle", "cullface": "north"},
				"up": {"uv": [7, 13, 6, 16], "rotation": 180, "texture": "#particle"},
				"down": {"uv": [6, 13, 7, 16], "texture": "#particle", "cullface": "down"}
			}
		},
		{
			"from": [5, 0, 0],
			"to": [6, 3, 3],
			"rotation": {"angle": 0, "axis": "y", "origin": [8, 0, 8]},
			"faces": {
				"north": {"uv": [10, 16, 11, 13], "texture": "#particle", "cullface": "north"},
				"south": {"uv": [5, 16, 6, 13], "texture": "#particle"},
				"up": {"uv": [6, 13, 5, 16], "rotation": 180, "texture": "#particle"},
				"down": {"uv": [5, 13, 6, 16], "texture": "#particle", "cullface": "down"}
			}
		},
		{
			"from": [5, 0, 13],
			"to": [6, 3, 16],
			"rotation": {"angle": 0, "axis": "y", "origin": [8, 0, 8]},
			"faces": {
				"north": {"uv": [10, 16, 11, 13], "texture": "#particle"},
				"south": {"uv": [5, 16, 6, 13], "texture": "#particle", "cullface": "south"},
				"up": {"uv": [6, 0, 5, 3], "rotation": 180, "texture": "#particle"},
				"down": {"uv": [5, 0, 6, 3], "texture": "#particle", "cullface": "down"}
			}
		},
		{
			"from": [6, 0, 13],
			"to": [7, 3, 16],
			"rotation": {"angle": 0, "axis": "y", "origin": [8, 0, 8]},
			"faces": {
				"south": {"uv": [6, 16, 7, 13], "texture": "#particle", "cullface": "south"},
				"up": {"uv": [7, 0, 6, 3], "rotation": 180, "texture": "#particle"},
				"down": {"uv": [6, 0, 7, 3], "texture": "#particle", "cullface": "down"}
			}
		},
		{
			"from": [4, 0, 0],
			"to": [5, 3, 3],
			"rotation": {"angle": 0, "axis": "y", "origin": [8, 0, 8]},
			"faces": {
				"north": {"uv": [11, 16, 12, 13], "texture": "#particle", "cullface": "north"},
				"up": {"uv": [5, 13, 4, 16], "rotation": 180, "texture": "#particle"},
				"down": {"uv": [4, 13, 5, 16], "texture": "#particle", "cullface": "down"}
			}
		},
		{
			"from": [0, 0, 4],
			"to": [3, 3, 5],
			"rotation": {"angle": 0, "axis": "y", "origin": [8, 0, 8]},
			"faces": {
				"west": {"uv": [4, 16, 5, 13], "texture": "#particle", "cullface": "west"},
				"up": {"uv": [3, 11, 0, 12], "rotation": 180, "texture": "#particle"},
				"down": {"uv": [0, 11, 3, 12], "texture": "#particle", "cullface": "down"}
			}
		},
		{
			"from": [3, 0, 0],
			"to": [4, 3, 3],
			"rotation": {"angle": 0, "axis": "y", "origin": [8, 0, 8]},
			"faces": {
				"north": {"uv": [12, 16, 13, 13], "texture": "#particle", "cullface": "north"},
				"south": {"uv": [3, 16, 4, 13], "texture": "#particle"},
				"up": {"uv": [4, 13, 3, 16], "rotation": 180, "texture": "#particle"},
				"down": {"uv": [3, 13, 4, 16], "texture": "#particle", "cullface": "down"}
			}
		},
		{
			"from": [11, 0, 13],
			"to": [12, 3, 16],
			"rotation": {"angle": 0, "axis": "y", "origin": [8, 0, 8]},
			"faces": {
				"south": {"uv": [11, 16, 12, 13], "texture": "#particle", "cullface": "south"},
				"up": {"uv": [12, 0, 11, 3], "rotation": 180, "texture": "#particle"},
				"down": {"uv": [11, 0, 12, 3], "texture": "#particle", "cullface": "down"}
			}
		},
		{
			"from": [10, 0, 13],
			"to": [11, 3, 16],
			"rotation": {"angle": 0, "axis": "y", "origin": [8, 0, 8]},
			"faces": {
				"north": {"uv": [5, 16, 6, 13], "texture": "#particle"},
				"south": {"uv": [10, 16, 11, 13], "texture": "#particle", "cullface": "south"},
				"up": {"uv": [11, 0, 10, 3], "rotation": 180, "texture": "#particle"},
				"down": {"uv": [10, 0, 11, 3], "texture": "#particle", "cullface": "down"}
			}
		},
		{
			"from": [9, 0, 13],
			"to": [10, 3, 16],
			"rotation": {"angle": 0, "axis": "y", "origin": [8, 0, 8]},
			"faces": {
				"south": {"uv": [9, 16, 10, 13], "texture": "#particle", "cullface": "south"},
				"up": {"uv": [10, 0, 9, 3], "rotation": 180, "texture": "#particle"},
				"down": {"uv": [9, 0, 10, 3], "texture": "#particle", "cullface": "down"}
			}
		},
		{
			"from": [7, 0, 13],
			"to": [9, 3, 16],
			"rotation": {"angle": 0, "axis": "y", "origin": [8, 0, 8]},
			"faces": {
				"north": {"uv": [7, 16, 9, 13], "texture": "#particle"},
				"south": {"uv": [7, 16, 9, 13], "texture": "#particle", "cullface": "south"},
				"up": {"uv": [9, 0, 7, 3], "rotation": 180, "texture": "#particle"},
				"down": {"uv": [7, 0, 9, 3], "texture": "#particle", "cullface": "down"}
			}
		},
		{
			"from": [11, 0, 0],
			"to": [12, 3, 3],
			"rotation": {"angle": 0, "axis": "y", "origin": [8, 0, 8]},
			"faces": {
				"north": {"uv": [4, 16, 5, 13], "texture": "#particle", "cullface": "north"},
				"up": {"uv": [12, 13, 11, 16], "rotation": 180, "texture": "#particle"},
				"down": {"uv": [11, 13, 12, 16], "texture": "#particle", "cullface": "down"}
			}
		},
		{
			"from": [10, 0, 0],
			"to": [11, 3, 3],
			"rotation": {"angle": 0, "axis": "y", "origin": [8, 0, 8]},
			"faces": {
				"north": {"uv": [5, 16, 6, 13], "texture": "#particle", "cullface": "north"},
				"south": {"uv": [10, 16, 11, 13], "texture": "#particle"},
				"up": {"uv": [11, 13, 10, 16], "rotation": 180, "texture": "#particle"},
				"down": {"uv": [10, 13, 11, 16], "texture": "#particle", "cullface": "down"}
			}
		},
		{
			"from": [12, 0, 13],
			"to": [13, 3, 16],
			"rotation": {"angle": 0, "axis": "y", "origin": [8, 0, 8]},
			"faces": {
				"north": {"uv": [3, 16, 4, 13], "texture": "#particle"},
				"south": {"uv": [12, 16, 13, 13], "texture": "#particle", "cullface": "south"},
				"up": {"uv": [13, 0, 12, 3], "rotation": 180, "texture": "#particle"},
				"down": {"uv": [12, 0, 13, 3], "texture": "#particle", "cullface": "down"}
			}
		},
		{
			"from": [12, 0, 0],
			"to": [13, 3, 3],
			"rotation": {"angle": 0, "axis": "y", "origin": [8, 0, 8]},
			"faces": {
				"north": {"uv": [3, 16, 4, 13], "texture": "#particle", "cullface": "north"},
				"south": {"uv": [12, 16, 13, 13], "texture": "#particle"},
				"up": {"uv": [13, 13, 12, 16], "rotation": 180, "texture": "#particle"},
				"down": {"uv": [12, 13, 13, 16], "texture": "#particle", "cullface": "down"}
			}
		},
		{
			"from": [3, 0, 4],
			"to": [4, 3, 5],
			"rotation": {"angle": 0, "axis": "y", "origin": [8, 0, 8]},
			"faces": {
				"north": {"uv": [12, 16, 13, 13], "texture": "#particle"},
				"south": {"uv": [3, 16, 4, 13], "texture": "#particle"},
				"up": {"uv": [4, 11, 3, 12], "rotation": 180, "texture": "#particle"},
				"down": {"uv": [3, 11, 4, 12], "texture": "#particle", "cullface": "down"}
			}
		},
		{
			"from": [12, 0, 11],
			"to": [13, 3, 12],
			"rotation": {"angle": 0, "axis": "y", "origin": [8, 0, 8]},
			"faces": {
				"north": {"uv": [3, 16, 4, 13], "texture": "#particle"},
				"south": {"uv": [12, 16, 13, 13], "texture": "#particle"},
				"up": {"uv": [13, 4, 12, 5], "rotation": 180, "texture": "#particle"},
				"down": {"uv": [12, 4, 13, 5], "texture": "#particle", "cullface": "down"}
			}
		},
		{
			"from": [10, 0, 11],
			"to": [11, 3, 12],
			"rotation": {"angle": 0, "axis": "y", "origin": [8, 0, 8]},
			"faces": {
				"north": {"uv": [5, 16, 6, 13], "texture": "#particle"},
				"south": {"uv": [10, 16, 11, 13], "texture": "#particle"},
				"up": {"uv": [11, 4, 10, 5], "rotation": 180, "texture": "#particle"},
				"down": {"uv": [10, 4, 11, 5], "texture": "#particle", "cullface": "down"}
			}
		},
		{
			"from": [7, 0, 11],
			"to": [9, 3, 12],
			"rotation": {"angle": 0, "axis": "y", "origin": [8, 0, 8]},
			"faces": {
				"north": {"uv": [7, 16, 9, 13], "texture": "#particle"},
				"south": {"uv": [7, 16, 9, 13], "texture": "#particle"},
				"up": {"uv": [9, 4, 7, 5], "rotation": 180, "texture": "#particle"},
				"down": {"uv": [7, 4, 9, 5], "texture": "#particle", "cullface": "down"}
			}
		},
		{
			"from": [5, 0, 11],
			"to": [6, 3, 12],
			"rotation": {"angle": 0, "axis": "y", "origin": [8, 0, 8]},
			"faces": {
				"north": {"uv": [10, 16, 11, 13], "texture": "#particle"},
				"south": {"uv": [5, 16, 6, 13], "texture": "#particle"},
				"up": {"uv": [6, 4, 5, 5], "rotation": 180, "texture": "#particle"},
				"down": {"uv": [5, 4, 6, 5], "texture": "#particle", "cullface": "down"}
			}
		},
		{
			"from": [12, 0, 9],
			"to": [13, 3, 10],
			"rotation": {"angle": 0, "axis": "y", "origin": [8, 0, 8]},
			"faces": {
				"north": {"uv": [3, 16, 4, 13], "texture": "#particle"},
				"south": {"uv": [12, 16, 13, 13], "texture": "#particle"},
				"up": {"uv": [13, 6, 12, 7], "rotation": 180, "texture": "#particle"},
				"down": {"uv": [12, 6, 13, 7], "texture": "#particle", "cullface": "down"}
			}
		},
		{
			"from": [3, 0, 6],
			"to": [4, 3, 7],
			"rotation": {"angle": 0, "axis": "y", "origin": [8, 0, 8]},
			"faces": {
				"north": {"uv": [12, 16, 13, 13], "texture": "#particle"},
				"south": {"uv": [3, 16, 4, 13], "texture": "#particle"},
				"up": {"uv": [4, 9, 3, 10], "rotation": 180, "texture": "#particle"},
				"down": {"uv": [3, 9, 4, 10], "texture": "#particle", "cullface": "down"}
			}
		},
		{
			"from": [5, 0, 6],
			"to": [6, 3, 7],
			"rotation": {"angle": 0, "axis": "y", "origin": [8, 0, 8]},
			"faces": {
				"north": {"uv": [10, 16, 11, 13], "texture": "#particle"},
				"south": {"uv": [5, 16, 6, 13], "texture": "#particle"},
				"up": {"uv": [6, 9, 5, 10], "rotation": 180, "texture": "#particle"},
				"down": {"uv": [5, 9, 6, 10], "texture": "#particle", "cullface": "down"}
			}
		},
		{
			"from": [10, 0, 6],
			"to": [11, 3, 7],
			"rotation": {"angle": 0, "axis": "y", "origin": [8, 0, 8]},
			"faces": {
				"north": {"uv": [5, 16, 6, 13], "texture": "#particle"},
				"south": {"uv": [10, 16, 11, 13], "texture": "#particle"},
				"up": {"uv": [11, 9, 10, 10], "rotation": 180, "texture": "#particle"},
				"down": {"uv": [10, 9, 11, 10], "texture": "#particle", "cullface": "down"}
			}
		},
		{
			"from": [12, 0, 6],
			"to": [13, 3, 7],
			"rotation": {"angle": 0, "axis": "y", "origin": [8, 0, 8]},
			"faces": {
				"north": {"uv": [3, 16, 4, 13], "texture": "#particle"},
				"south": {"uv": [12, 16, 13, 13], "texture": "#particle"},
				"up": {"uv": [13, 9, 12, 10], "rotation": 180, "texture": "#particle"},
				"down": {"uv": [12, 9, 13, 10], "texture": "#particle", "cullface": "down"}
			}
		},
		{
			"from": [10, 0, 9],
			"to": [11, 3, 10],
			"rotation": {"angle": 0, "axis": "y", "origin": [8, 0, 8]},
			"faces": {
				"north": {"uv": [5, 16, 6, 13], "texture": "#particle"},
				"south": {"uv": [10, 16, 11, 13], "texture": "#particle"},
				"up": {"uv": [11, 6, 10, 7], "rotation": 180, "texture": "#particle"},
				"down": {"uv": [10, 6, 11, 7], "texture": "#particle", "cullface": "down"}
			}
		},
		{
			"from": [3, 0, 9],
			"to": [4, 3, 10],
			"rotation": {"angle": 0, "axis": "y", "origin": [8, 0, 8]},
			"faces": {
				"north": {"uv": [12, 16, 13, 13], "texture": "#particle"},
				"south": {"uv": [3, 16, 4, 13], "texture": "#particle"},
				"up": {"uv": [4, 6, 3, 7], "rotation": 180, "texture": "#particle"},
				"down": {"uv": [3, 6, 4, 7], "texture": "#particle", "cullface": "down"}
			}
		},
		{
			"from": [5, 0, 9],
			"to": [6, 3, 10],
			"rotation": {"angle": 0, "axis": "y", "origin": [8, 0, 8]},
			"faces": {
				"north": {"uv": [10, 16, 11, 13], "texture": "#particle"},
				"south": {"uv": [5, 16, 6, 13], "texture": "#particle"},
				"up": {"uv": [6, 6, 5, 7], "rotation": 180, "texture": "#particle"},
				"down": {"uv": [5, 6, 6, 7], "texture": "#particle", "cullface": "down"}
			}
		},
		{
			"from": [3, 0, 11],
			"to": [4, 3, 12],
			"rotation": {"angle": 0, "axis": "y", "origin": [8, 0, 8]},
			"faces": {
				"north": {"uv": [12, 16, 13, 13], "texture": "#particle"},
				"south": {"uv": [3, 16, 4, 13], "texture": "#particle"},
				"up": {"uv": [4, 4, 3, 5], "rotation": 180, "texture": "#particle"},
				"down": {"uv": [3, 4, 4, 5], "texture": "#particle", "cullface": "down"}
			}
		},
		{
			"from": [5, 0, 4],
			"to": [6, 3, 5],
			"rotation": {"angle": 0, "axis": "y", "origin": [8, 0, 8]},
			"faces": {
				"north": {"uv": [10, 16, 11, 13], "texture": "#particle"},
				"south": {"uv": [5, 16, 6, 13], "texture": "#particle"},
				"up": {"uv": [6, 11, 5, 12], "rotation": 180, "texture": "#particle"},
				"down": {"uv": [5, 11, 6, 12], "texture": "#particle", "cullface": "down"}
			}
		},
		{
			"from": [7, 0, 4],
			"to": [9, 3, 5],
			"rotation": {"angle": 0, "axis": "y", "origin": [8, 0, 8]},
			"faces": {
				"north": {"uv": [7, 16, 9, 13], "texture": "#particle"},
				"south": {"uv": [7, 16, 9, 13], "texture": "#particle"},
				"up": {"uv": [9, 11, 7, 12], "rotation": 180, "texture": "#particle"},
				"down": {"uv": [7, 11, 9, 12], "texture": "#particle", "cullface": "down"}
			}
		},
		{
			"from": [10, 0, 4],
			"to": [11, 3, 5],
			"rotation": {"angle": 0, "axis": "y", "origin": [8, 0, 8]},
			"faces": {
				"north": {"uv": [5, 16, 6, 13], "texture": "#particle"},
				"south": {"uv": [10, 16, 11, 13], "texture": "#particle"},
				"up": {"uv": [11, 11, 10, 12], "rotation": 180, "texture": "#particle"},
				"down": {"uv": [10, 11, 11, 12], "texture": "#particle", "cullface": "down"}
			}
		},
		{
			"from": [12, 0, 4],
			"to": [13, 3, 5],
			"rotation": {"angle": 0, "axis": "y", "origin": [8, 0, 8]},
			"faces": {
				"north": {"uv": [3, 16, 4, 13], "texture": "#particle"},
				"south": {"uv": [12, 16, 13, 13], "texture": "#particle"},
				"up": {"uv": [13, 11, 12, 12], "rotation": 180, "texture": "#particle"},
				"down": {"uv": [12, 11, 13, 12], "texture": "#particle", "cullface": "down"}
			}
		},
		{
			"from": [9, 0, 0],
			"to": [10, 3, 3],
			"rotation": {"angle": 0, "axis": "y", "origin": [8, 0, 8]},
			"faces": {
				"north": {"uv": [6, 16, 7, 13], "texture": "#particle", "cullface": "north"},
				"up": {"uv": [10, 13, 9, 16], "rotation": 180, "texture": "#particle"},
				"down": {"uv": [9, 13, 10, 16], "texture": "#particle", "cullface": "down"}
			}
		},
		{
			"from": [7, 0, 0],
			"to": [9, 3, 3],
			"rotation": {"angle": 0, "axis": "y", "origin": [8, 0, 8]},
			"faces": {
				"north": {"uv": [7, 16, 9, 13], "texture": "#particle", "cullface": "north"},
				"south": {"uv": [7, 16, 9, 13], "texture": "#particle"},
				"up": {"uv": [9, 13, 7, 16], "rotation": 180, "texture": "#particle"},
				"down": {"uv": [7, 13, 9, 16], "texture": "#particle", "cullface": "down"}
			}
		},
		{
			"from": [3, 0, 13],
			"to": [4, 3, 16],
			"rotation": {"angle": 0, "axis": "y", "origin": [8, 0, 8]},
			"faces": {
				"north": {"uv": [12, 16, 13, 13], "texture": "#particle"},
				"south": {"uv": [3, 16, 4, 13], "texture": "#particle", "cullface": "south"},
				"up": {"uv": [4, 0, 3, 3], "rotation": 180, "texture": "#particle"},
				"down": {"uv": [3, 0, 4, 3], "texture": "#particle", "cullface": "down"}
			}
		}
	]
}