{
	"credit": "Made with Blockbench",
	"ambientocclusion": false,
	"textures": {
		"lower": "block/bamboo_door_bottom",
		"particle": "block/bamboo_door_top",
		"main": "block/bamboo_door_top"
	},
	"elements": [
		{
			"from": [0, 12, 11],
			"to": [3, 16, 12],
			"faces": {
				"east": {"uv": [4, 0, 5, 4], "texture": "#main"},
				"west": {"uv": [5, 0, 4, 4], "texture": "#main", "cullface": "west"},
				"up": {"uv": [13, 4, 16, 5], "rotation": 180, "texture": "#lower", "cullface": "up"},
				"down": {"uv": [13, 5, 16, 4], "rotation": 180, "texture": "#lower"}
			}
		},
		{
			"from": [0, 10, 11],
			"to": [3, 11, 12],
			"faces": {
				"east": {"uv": [4, 5, 5, 6], "texture": "#main"},
				"west": {"uv": [5, 5, 4, 6], "texture": "#main", "cullface": "west"},
				"up": {"uv": [13, 4, 16, 5], "rotation": 180, "texture": "#lower"},
				"down": {"uv": [13, 5, 16, 4], "rotation": 180, "texture": "#lower"}
			}
		},
		{
			"from": [0, 8, 4],
			"to": [3, 9, 5],
			"faces": {
				"east": {"uv": [11, 7, 12, 8], "texture": "#main"},
				"west": {"uv": [12, 7, 11, 8], "texture": "#main", "cullface": "west"},
				"up": {"uv": [13, 11, 16, 12], "rotation": 180, "texture": "#lower"},
				"down": {"uv": [13, 12, 16, 11], "rotation": 180, "texture": "#lower"}
			}
		},
		{
			"from": [0, 6, 4],
			"to": [3, 7, 5],
			"faces": {
				"east": {"uv": [11, 9, 12, 10], "texture": "#main"},
				"west": {"uv": [12, 9, 11, 10], "texture": "#main", "cullface": "west"},
				"up": {"uv": [13, 11, 16, 12], "rotation": 180, "texture": "#lower"},
				"down": {"uv": [13, 12, 16, 11], "rotation": 180, "texture": "#lower"}
			}
		},
		{
			"from": [0, 6, 11],
			"to": [3, 7, 12],
			"faces": {
				"east": {"uv": [4, 9, 5, 10], "texture": "#main"},
				"west": {"uv": [5, 9, 4, 10], "texture": "#main", "cullface": "west"},
				"up": {"uv": [13, 4, 16, 5], "rotation": 180, "texture": "#lower"},
				"down": {"uv": [13, 5, 16, 4], "rotation": 180, "texture": "#lower"}
			}
		},
		{
			"from": [0, 4, 11],
			"to": [3, 5, 12],
			"faces": {
				"east": {"uv": [4, 11, 5, 12], "texture": "#main"},
				"west": {"uv": [5, 11, 4, 12], "texture": "#main", "cullface": "west"},
				"up": {"uv": [13, 4, 16, 5], "rotation": 180, "texture": "#lower"},
				"down": {"uv": [13, 5, 16, 4], "rotation": 180, "texture": "#lower"}
			}
		},
		{
			"from": [0, 4, 4],
			"to": [3, 5, 5],
			"faces": {
				"east": {"uv": [11, 11, 12, 12], "texture": "#main"},
				"west": {"uv": [12, 11, 11, 12], "texture": "#main", "cullface": "west"},
				"up": {"uv": [13, 11, 16, 12], "rotation": 180, "texture": "#lower"},
				"down": {"uv": [13, 12, 16, 11], "rotation": 180, "texture": "#lower"}
			}
		},
		{
			"from": [0, 2, 11],
			"to": [3, 3, 12],
			"faces": {
				"east": {"uv": [4, 13, 5, 14], "texture": "#main"},
				"west": {"uv": [5, 13, 4, 14], "texture": "#main", "cullface": "west"},
				"up": {"uv": [13, 4, 16, 5], "rotation": 180, "texture": "#lower"},
				"down": {"uv": [13, 5, 16, 4], "rotation": 180, "texture": "#lower"}
			}
		},
		{
			"from": [0, 2, 4],
			"to": [3, 3, 5],
			"faces": {
				"east": {"uv": [11, 13, 12, 14], "texture": "#main"},
				"west": {"uv": [12, 13, 11, 14], "texture": "#main", "cullface": "west"},
				"up": {"uv": [13, 11, 16, 12], "rotation": 180, "texture": "#lower"},
				"down": {"uv": [13, 12, 16, 11], "rotation": 180, "texture": "#lower"}
			}
		},
		{
			"from": [0, 8, 11],
			"to": [3, 9, 12],
			"faces": {
				"east": {"uv": [4, 7, 5, 8], "texture": "#main"},
				"west": {"uv": [5, 7, 4, 8], "texture": "#main", "cullface": "west"},
				"up": {"uv": [13, 4, 16, 5], "rotation": 180, "texture": "#lower"},
				"down": {"uv": [13, 5, 16, 4], "rotation": 180, "texture": "#lower"}
			}
		},
		{
			"from": [0, 10, 4],
			"to": [3, 11, 5],
			"faces": {
				"east": {"uv": [11, 5, 12, 6], "texture": "#main"},
				"west": {"uv": [12, 5, 11, 6], "texture": "#main", "cullface": "west"},
				"up": {"uv": [13, 11, 16, 12], "rotation": 180, "texture": "#lower"},
				"down": {"uv": [13, 12, 16, 11], "rotation": 180, "texture": "#lower"}
			}
		},
		{
			"from": [0, 2, 6],
			"to": [3, 3, 10],
			"faces": {
				"east": {"uv": [6, 13, 10, 14], "texture": "#main"},
				"west": {"uv": [10, 13, 6, 14], "texture": "#main", "cullface": "west"},
				"up": {"uv": [13, 6, 16, 10], "rotation": 180, "texture": "#lower"},
				"down": {"uv": [13, 10, 16, 6], "rotation": 180, "texture": "#lower"}
			}
		},
		{
			"from": [0, 10, 6],
			"to": [3, 11, 10],
			"faces": {
				"east": {"uv": [6, 5, 10, 6], "texture": "#main"},
				"west": {"uv": [10, 5, 6, 6], "texture": "#main", "cullface": "west"},
				"up": {"uv": [13, 6, 16, 10], "rotation": 180, "texture": "#lower"},
				"down": {"uv": [13, 10, 16, 6], "rotation": 180, "texture": "#lower"}
			}
		},
		{
			"from": [0, 12, 6],
			"to": [3, 16, 10],
			"faces": {
				"east": {"uv": [6, 0, 10, 4], "texture": "#main"},
				"west": {"uv": [10, 0, 6, 4], "texture": "#main", "cullface": "west"},
				"up": {"uv": [13, 6, 16, 10], "rotation": 180, "texture": "#lower", "cullface": "up"},
				"down": {"uv": [13, 10, 16, 6], "rotation": 180, "texture": "#lower"}
			}
		},
		{
			"from": [0, 12, 4],
			"to": [3, 16, 5],
			"faces": {
				"east": {"uv": [11, 0, 12, 4], "texture": "#main"},
				"west": {"uv": [12, 0, 11, 4], "texture": "#main", "cullface": "west"},
				"up": {"uv": [13, 11, 16, 12], "rotation": 180, "texture": "#lower", "cullface": "up"},
				"down": {"uv": [13, 12, 16, 11], "rotation": 180, "texture": "#lower"}
			}
		},
		{
			"from": [0, 12, 10],
			"to": [3, 16, 11],
			"faces": {
				"east": {"uv": [5, 0, 6, 4], "texture": "#main"},
				"west": {"uv": [6, 0, 5, 4], "texture": "#main", "cullface": "west"},
				"up": {"uv": [13, 5, 16, 6], "rotation": 180, "texture": "#lower", "cullface": "up"}
			}
		},
		{
			"from": [0, 12, 5],
			"to": [3, 16, 6],
			"faces": {
				"east": {"uv": [10, 0, 11, 4], "texture": "#main"},
				"west": {"uv": [11, 0, 10, 4], "texture": "#main", "cullface": "west"},
				"up": {"uv": [13, 10, 16, 11], "rotation": 180, "texture": "#lower", "cullface": "up"}
			}
		},
		{
			"from": [0, 0, 4],
			"to": [3, 1, 5],
			"faces": {
				"east": {"uv": [11, 15, 12, 16], "texture": "#main"},
				"west": {"uv": [12, 15, 11, 16], "texture": "#main", "cullface": "west"},
				"up": {"uv": [13, 11, 16, 12], "rotation": 180, "texture": "#lower"}
			}
		},
		{
			"from": [0, 0, 5],
			"to": [3, 1, 6],
			"faces": {
				"east": {"uv": [10, 15, 11, 16], "texture": "#main"},
				"west": {"uv": [11, 15, 10, 16], "texture": "#main", "cullface": "west"}
			}
		},
		{
			"from": [0, 0, 6],
			"to": [3, 1, 10],
			"faces": {
				"east": {"uv": [6, 15, 10, 16], "texture": "#main"},
				"west": {"uv": [10, 15, 6, 16], "texture": "#main", "cullface": "west"},
				"up": {"uv": [13, 6, 16, 10], "rotation": 180, "texture": "#lower"}
			}
		},
		{
			"from": [0, 0, 10],
			"to": [3, 1, 11],
			"faces": {
				"east": {"uv": [5, 15, 6, 16], "texture": "#main"},
				"west": {"uv": [6, 15, 5, 16], "texture": "#main", "cullface": "west"}
			}
		},
		{
			"from": [0, 0, 11],
			"to": [3, 1, 12],
			"faces": {
				"east": {"uv": [4, 15, 5, 16], "texture": "#main"},
				"west": {"uv": [5, 15, 4, 16], "texture": "#main", "cullface": "west"},
				"up": {"uv": [13, 4, 16, 5], "rotation": 180, "texture": "#lower"}
			}
		},
		{
			"from": [2, 10, 0],
			"to": [3, 11, 4],
			"faces": {
				"north": {"uv": [0, 3, 1, 4], "texture": "#main", "cullface": "north"},
				"east": {"uv": [12, 5, 16, 6], "texture": "#main"}
			}
		},
		{
			"from": [2, 11, 0],
			"to": [3, 12, 4],
			"faces": {
				"north": {"uv": [0, 2, 1, 3], "texture": "#main", "cullface": "north"},
				"east": {"uv": [12, 4, 16, 5], "texture": "#main"},
				"south": {"uv": [0, 8, 1, 9], "texture": "#main"}
			}
		},
		{
			"from": [0, 11, 12],
			"to": [2, 12, 16],
			"faces": {
				"north": {"uv": [1, 4, 3, 5], "texture": "#main"},
				"south": {"uv": [3, 4, 1, 5], "texture": "#main", "cullface": "south"},
				"west": {"uv": [4, 4, 0, 5], "texture": "#main", "cullface": "west"}
			}
		},
		{
			"from": [2, 11, 12],
			"to": [3, 12, 16],
			"faces": {
				"north": {"uv": [0, 2, 1, 3], "texture": "#main"},
				"east": {"uv": [0, 4, 4, 5], "texture": "#main"},
				"south": {"uv": [0, 4, 1, 5], "texture": "#main", "cullface": "south"}
			}
		},
		{
			"from": [2, 11, 5],
			"to": [3, 12, 6],
			"faces": {
				"north": {"uv": [0, 2, 1, 3], "texture": "#main"},
				"east": {"uv": [10, 4, 11, 5], "texture": "#main"},
				"south": {"uv": [0, 8, 1, 9], "texture": "#main"}
			}
		},
		{
			"from": [0, 10, 10],
			"to": [3, 11, 11],
			"faces": {
				"east": {"uv": [5, 5, 6, 6], "texture": "#main"},
				"west": {"uv": [6, 5, 5, 6], "texture": "#main", "cullface": "west"}
			}
		},
		{
			"from": [0, 10, 5],
			"to": [3, 11, 6],
			"faces": {
				"east": {"uv": [10, 5, 11, 6], "texture": "#main"},
				"west": {"uv": [11, 5, 10, 6], "texture": "#main", "cullface": "west"}
			}
		},
		{
			"from": [2, 11, 10],
			"to": [3, 12, 11],
			"faces": {
				"north": {"uv": [0, 2, 1, 3], "texture": "#main"},
				"east": {"uv": [5, 4, 6, 5], "texture": "#main"},
				"south": {"uv": [0, 8, 1, 9], "texture": "#main"}
			}
		},
		{
			"from": [0, 11, 5],
			"to": [2, 12, 6],
			"faces": {
				"north": {"uv": [1, 4, 3, 5], "texture": "#main"},
				"south": {"uv": [3, 4, 1, 5], "texture": "#main"},
				"west": {"uv": [11, 4, 10, 5], "texture": "#main", "cullface": "west"}
			}
		},
		{
			"from": [0, 11, 10],
			"to": [2, 12, 11],
			"faces": {
				"north": {"uv": [1, 4, 3, 5], "texture": "#main"},
				"south": {"uv": [3, 4, 1, 5], "texture": "#main"},
				"west": {"uv": [6, 4, 5, 5], "texture": "#main", "cullface": "west"}
			}
		},
		{
			"from": [0, 1, 5],
			"to": [3, 2, 6],
			"faces": {
				"north": {"uv": [0, 14, 3, 15], "texture": "#main"},
				"east": {"uv": [10, 14, 11, 15], "texture": "#main"},
				"south": {"uv": [3, 14, 0, 15], "texture": "#main"},
				"west": {"uv": [11, 14, 10, 15], "texture": "#main", "cullface": "west"}
			}
		},
		{
			"from": [0, 4, 10],
			"to": [3, 5, 11],
			"faces": {
				"north": {"uv": [0, 11, 3, 12], "texture": "#main"},
				"east": {"uv": [5, 11, 6, 12], "texture": "#main"},
				"west": {"uv": [6, 11, 5, 12], "texture": "#main", "cullface": "west"}
			}
		},
		{
			"from": [0, 6, 5],
			"to": [3, 7, 6],
			"faces": {
				"east": {"uv": [10, 9, 11, 10], "texture": "#main"},
				"south": {"uv": [3, 9, 0, 10], "texture": "#main"},
				"west": {"uv": [11, 9, 10, 10], "texture": "#main", "cullface": "west"}
			}
		},
		{
			"from": [0, 6, 10],
			"to": [3, 7, 11],
			"faces": {
				"north": {"uv": [0, 9, 3, 10], "texture": "#main"},
				"east": {"uv": [5, 9, 6, 10], "texture": "#main"},
				"west": {"uv": [6, 9, 5, 10], "texture": "#main", "cullface": "west"}
			}
		},
		{
			"from": [0, 8, 5],
			"to": [3, 9, 6],
			"faces": {
				"east": {"uv": [10, 7, 11, 8], "texture": "#main"},
				"south": {"uv": [3, 7, 0, 8], "texture": "#main"},
				"west": {"uv": [11, 7, 10, 8], "texture": "#main", "cullface": "west"}
			}
		},
		{
			"from": [0, 8, 10],
			"to": [3, 9, 11],
			"faces": {
				"north": {"uv": [0, 7, 3, 8], "texture": "#main"},
				"east": {"uv": [5, 7, 6, 8], "texture": "#main"},
				"west": {"uv": [6, 7, 5, 8], "texture": "#main", "cullface": "west"}
			}
		},
		{
			"from": [0, 4, 5],
			"to": [3, 5, 6],
			"faces": {
				"east": {"uv": [10, 11, 11, 12], "texture": "#main"},
				"south": {"uv": [3, 11, 0, 12], "texture": "#main"},
				"west": {"uv": [11, 11, 10, 12], "texture": "#main", "cullface": "west"}
			}
		},
		{
			"from": [0, 1, 10],
			"to": [3, 2, 11],
			"faces": {
				"north": {"uv": [0, 14, 3, 15], "texture": "#main"},
				"east": {"uv": [5, 14, 6, 15], "texture": "#main"},
				"south": {"uv": [3, 14, 0, 15], "texture": "#main"},
				"west": {"uv": [6, 14, 5, 15], "texture": "#main", "cullface": "west"}
			}
		},
		{
			"from": [0, 1, 12],
			"to": [3, 2, 16],
			"faces": {
				"north": {"uv": [0, 14, 3, 15], "texture": "#main"},
				"east": {"uv": [0, 14, 4, 15], "texture": "#main"},
				"south": {"uv": [3, 14, 0, 15], "texture": "#main", "cullface": "south"},
				"west": {"uv": [4, 14, 0, 15], "texture": "#main", "cullface": "west"}
			}
		},
		{
			"from": [0, 11, 0],
			"to": [2, 12, 4],
			"faces": {
				"north": {"uv": [1, 4, 3, 5], "texture": "#main", "cullface": "north"},
				"south": {"uv": [3, 4, 1, 5], "texture": "#main"},
				"west": {"uv": [16, 4, 12, 5], "texture": "#main", "cullface": "west"}
			}
		},
		{
			"from": [0, 10, 0],
			"to": [2, 11, 4],
			"faces": {
				"north": {"uv": [1, 5, 3, 6], "texture": "#main", "cullface": "north"},
				"west": {"uv": [16, 5, 12, 6], "texture": "#main", "cullface": "west"}
			}
		},
		{
			"from": [0, 9, 0],
			"to": [3, 10, 4],
			"faces": {
				"north": {"uv": [0, 6, 3, 7], "texture": "#main", "cullface": "north"},
				"east": {"uv": [12, 6, 16, 7], "texture": "#main"},
				"south": {"uv": [3, 6, 0, 7], "texture": "#main"},
				"west": {"uv": [16, 6, 12, 7], "texture": "#main", "cullface": "west"}
			}
		},
		{
			"from": [0, 8, 0],
			"to": [3, 9, 4],
			"faces": {
				"north": {"uv": [0, 7, 3, 8], "texture": "#main", "cullface": "north"},
				"east": {"uv": [12, 7, 16, 8], "texture": "#main"},
				"west": {"uv": [16, 7, 12, 8], "texture": "#main", "cullface": "west"}
			}
		},
		{
			"from": [0, 7, 0],
			"to": [3, 8, 4],
			"faces": {
				"north": {"uv": [0, 8, 3, 9], "texture": "#main", "cullface": "north"},
				"east": {"uv": [12, 8, 16, 9], "texture": "#main"},
				"south": {"uv": [3, 8, 0, 9], "texture": "#main"},
				"west": {"uv": [16, 8, 12, 9], "texture": "#main", "cullface": "west"}
			}
		},
		{
			"from": [0, 6, 0],
			"to": [3, 7, 4],
			"faces": {
				"north": {"uv": [0, 9, 3, 10], "texture": "#main", "cullface": "north"},
				"east": {"uv": [12, 9, 16, 10], "texture": "#main"},
				"west": {"uv": [16, 9, 12, 10], "texture": "#main", "cullface": "west"}
			}
		},
		{
			"from": [0, 5, 0],
			"to": [3, 6, 4],
			"faces": {
				"north": {"uv": [0, 10, 3, 11], "texture": "#main", "cullface": "north"},
				"east": {"uv": [12, 10, 16, 11], "texture": "#main"},
				"south": {"uv": [3, 10, 0, 11], "texture": "#main"},
				"west": {"uv": [16, 10, 12, 11], "texture": "#main", "cullface": "west"}
			}
		},
		{
			"from": [0, 4, 0],
			"to": [3, 5, 4],
			"faces": {
				"north": {"uv": [0, 11, 3, 12], "texture": "#main", "cullface": "north"},
				"east": {"uv": [12, 11, 16, 12], "texture": "#main"},
				"west": {"uv": [16, 11, 12, 12], "texture": "#main", "cullface": "west"}
			}
		},
		{
			"from": [0, 3, 0],
			"to": [3, 4, 4],
			"faces": {
				"north": {"uv": [0, 12, 3, 13], "texture": "#main", "cullface": "north"},
				"east": {"uv": [12, 12, 16, 13], "texture": "#main"},
				"south": {"uv": [3, 12, 0, 13], "texture": "#main"},
				"west": {"uv": [16, 12, 12, 13], "texture": "#main", "cullface": "west"}
			}
		},
		{
			"from": [0, 2, 0],
			"to": [3, 3, 4],
			"faces": {
				"north": {"uv": [0, 13, 3, 14], "texture": "#main", "cullface": "north"},
				"east": {"uv": [12, 13, 16, 14], "texture": "#main"},
				"west": {"uv": [16, 13, 12, 14], "texture": "#main", "cullface": "west"}
			}
		},
		{
			"from": [0, 1, 0],
			"to": [3, 2, 4],
			"faces": {
				"north": {"uv": [0, 14, 3, 15], "texture": "#main", "cullface": "north"},
				"east": {"uv": [12, 14, 16, 15], "texture": "#main"},
				"south": {"uv": [3, 14, 0, 15], "texture": "#main"},
				"west": {"uv": [16, 14, 12, 15], "texture": "#main", "cullface": "west"}
			}
		},
		{
			"from": [0, 2, 12],
			"to": [3, 3, 16],
			"faces": {
				"east": {"uv": [0, 13, 4, 14], "texture": "#main"},
				"south": {"uv": [3, 13, 0, 14], "texture": "#main", "cullface": "south"},
				"west": {"uv": [4, 13, 0, 14], "texture": "#main", "cullface": "west"}
			}
		},
		{
			"from": [0, 2, 5],
			"to": [3, 3, 6],
			"faces": {
				"east": {"uv": [10, 13, 11, 14], "texture": "#main"},
				"west": {"uv": [11, 13, 10, 14], "texture": "#main", "cullface": "west"}
			}
		},
		{
			"from": [0, 2, 10],
			"to": [3, 3, 11],
			"faces": {
				"east": {"uv": [5, 13, 6, 14], "texture": "#main"},
				"west": {"uv": [6, 13, 5, 14], "texture": "#main", "cullface": "west"}
			}
		},
		{
			"from": [0, 3, 5],
			"to": [3, 4, 6],
			"faces": {
				"north": {"uv": [0, 12, 3, 13], "texture": "#main"},
				"east": {"uv": [10, 12, 11, 13], "texture": "#main"},
				"south": {"uv": [3, 12, 0, 13], "texture": "#main"},
				"west": {"uv": [11, 12, 10, 13], "texture": "#main", "cullface": "west"}
			}
		},
		{
			"from": [0, 9, 12],
			"to": [3, 10, 16],
			"faces": {
				"north": {"uv": [0, 6, 3, 7], "texture": "#main"},
				"east": {"uv": [0, 6, 4, 7], "texture": "#main"},
				"south": {"uv": [3, 6, 0, 7], "texture": "#main", "cullface": "south"},
				"west": {"uv": [4, 6, 0, 7], "texture": "#main", "cullface": "west"}
			}
		},
		{
			"from": [0, 10, 12],
			"to": [3, 11, 16],
			"faces": {
				"east": {"uv": [0, 5, 4, 6], "texture": "#main"},
				"south": {"uv": [3, 5, 0, 6], "texture": "#main", "cullface": "south"},
				"west": {"uv": [4, 5, 0, 6], "texture": "#main", "cullface": "west"}
			}
		},
		{
			"from": [0, 8, 12],
			"to": [3, 9, 16],
			"faces": {
				"east": {"uv": [0, 7, 4, 8], "texture": "#main"},
				"south": {"uv": [3, 7, 0, 8], "texture": "#main", "cullface": "south"},
				"west": {"uv": [4, 7, 0, 8], "texture": "#main", "cullface": "west"}
			}
		},
		{
			"from": [0, 7, 12],
			"to": [3, 8, 16],
			"faces": {
				"north": {"uv": [0, 8, 3, 9], "texture": "#main"},
				"east": {"uv": [0, 8, 4, 9], "texture": "#main"},
				"south": {"uv": [3, 8, 0, 9], "texture": "#main", "cullface": "south"},
				"west": {"uv": [4, 8, 0, 9], "texture": "#main", "cullface": "west"}
			}
		},
		{
			"from": [0, 6, 12],
			"to": [3, 7, 16],
			"faces": {
				"east": {"uv": [0, 9, 4, 10], "texture": "#main"},
				"south": {"uv": [3, 9, 0, 10], "texture": "#main", "cullface": "south"},
				"west": {"uv": [4, 9, 0, 10], "texture": "#main", "cullface": "west"}
			}
		},
		{
			"from": [0, 5, 12],
			"to": [3, 6, 16],
			"faces": {
				"north": {"uv": [0, 10, 3, 11], "texture": "#main"},
				"east": {"uv": [0, 10, 4, 11], "texture": "#main"},
				"south": {"uv": [3, 10, 0, 11], "texture": "#main", "cullface": "south"},
				"west": {"uv": [4, 10, 0, 11], "texture": "#main", "cullface": "west"}
			}
		},
		{
			"from": [0, 4, 12],
			"to": [3, 5, 16],
			"faces": {
				"east": {"uv": [0, 11, 4, 12], "texture": "#main"},
				"south": {"uv": [3, 11, 0, 12], "texture": "#main", "cullface": "south"},
				"west": {"uv": [4, 11, 0, 12], "texture": "#main", "cullface": "west"}
			}
		},
		{
			"from": [0, 3, 12],
			"to": [3, 4, 16],
			"faces": {
				"north": {"uv": [0, 12, 3, 13], "texture": "#main"},
				"east": {"uv": [0, 12, 4, 13], "texture": "#main"},
				"south": {"uv": [3, 12, 0, 13], "texture": "#main", "cullface": "south"},
				"west": {"uv": [4, 12, 0, 13], "texture": "#main", "cullface": "west"}
			}
		},
		{
			"from": [0, 3, 10],
			"to": [3, 4, 11],
			"faces": {
				"north": {"uv": [0, 12, 3, 13], "texture": "#main"},
				"east": {"uv": [5, 12, 6, 13], "texture": "#main"},
				"south": {"uv": [3, 12, 0, 13], "texture": "#main"},
				"west": {"uv": [6, 12, 5, 13], "texture": "#main", "cullface": "west"}
			}
		},
		{
			"from": [0, 5, 5],
			"to": [3, 6, 6],
			"faces": {
				"north": {"uv": [0, 10, 3, 11], "texture": "#main"},
				"east": {"uv": [10, 10, 11, 11], "texture": "#main"},
				"south": {"uv": [3, 10, 0, 11], "texture": "#main"},
				"west": {"uv": [11, 10, 10, 11], "texture": "#main", "cullface": "west"}
			}
		},
		{
			"from": [0, 5, 10],
			"to": [3, 6, 11],
			"faces": {
				"north": {"uv": [0, 10, 3, 11], "texture": "#main"},
				"east": {"uv": [5, 10, 6, 11], "texture": "#main"},
				"south": {"uv": [3, 10, 0, 11], "texture": "#main"},
				"west": {"uv": [6, 10, 5, 11], "texture": "#main", "cullface": "west"}
			}
		},
		{
			"from": [0, 7, 5],
			"to": [3, 8, 6],
			"faces": {
				"north": {"uv": [0, 8, 3, 9], "texture": "#main"},
				"east": {"uv": [10, 8, 11, 9], "texture": "#main"},
				"south": {"uv": [3, 8, 0, 9], "texture": "#main"},
				"west": {"uv": [11, 8, 10, 9], "texture": "#main", "cullface": "west"}
			}
		},
		{
			"from": [0, 7, 10],
			"to": [3, 8, 11],
			"faces": {
				"north": {"uv": [0, 8, 3, 9], "texture": "#main"},
				"east": {"uv": [5, 8, 6, 9], "texture": "#main"},
				"south": {"uv": [3, 8, 0, 9], "texture": "#main"},
				"west": {"uv": [6, 8, 5, 9], "texture": "#main", "cullface": "west"}
			}
		},
		{
			"from": [0, 9, 5],
			"to": [3, 10, 6],
			"faces": {
				"north": {"uv": [0, 6, 3, 7], "texture": "#main"},
				"east": {"uv": [10, 6, 11, 7], "texture": "#main"},
				"south": {"uv": [3, 6, 0, 7], "texture": "#main"},
				"west": {"uv": [11, 6, 10, 7], "texture": "#main", "cullface": "west"}
			}
		},
		{
			"from": [0, 9, 10],
			"to": [3, 10, 11],
			"faces": {
				"north": {"uv": [0, 6, 3, 7], "texture": "#main"},
				"east": {"uv": [5, 6, 6, 7], "texture": "#main"},
				"south": {"uv": [3, 6, 0, 7], "texture": "#main"},
				"west": {"uv": [6, 6, 5, 7], "texture": "#main", "cullface": "west"}
			}
		},
		{
			"from": [2, 0, 0],
			"to": [3, 1, 4],
			"faces": {
				"north": {"uv": [0, 15, 1, 14], "texture": "#main", "cullface": "north"},
				"east": {"uv": [12, 15, 16, 16], "texture": "#main"}
			}
		},
		{
			"from": [0, 0, 0],
			"to": [2, 1, 4],
			"faces": {
				"north": {"uv": [1, 15, 3, 16], "texture": "#main", "cullface": "north"},
				"west": {"uv": [16, 15, 12, 16], "texture": "#main", "cullface": "west"}
			}
		},
		{
			"from": [0, 0, 12],
			"to": [3, 1, 16],
			"faces": {
				"east": {"uv": [0, 15, 4, 16], "texture": "#main"},
				"south": {"uv": [3, 15, 0, 16], "texture": "#main", "cullface": "south"},
				"west": {"uv": [4, 15, 0, 16], "texture": "#main", "cullface": "west"}
			}
		},
		{
			"from": [0, 12, 12],
			"to": [3, 16, 16],
			"faces": {
				"east": {"uv": [0, 0, 4, 4], "texture": "#main"},
				"south": {"uv": [3, 0, 0, 4], "texture": "#main", "cullface": "south"},
				"west": {"uv": [4, 0, 0, 4], "texture": "#main", "cullface": "west"},
				"up": {"uv": [13, 0, 16, 4], "rotation": 180, "texture": "#lower", "cullface": "up"}
			}
		},
		{
			"from": [0, 12, 0],
			"to": [3, 16, 4],
			"faces": {
				"north": {"uv": [0, 0, 3, 4], "texture": "#main", "cullface": "north"},
				"east": {"uv": [12, 0, 16, 4], "texture": "#main"},
				"west": {"uv": [16, 0, 12, 4], "texture": "#main", "cullface": "west"},
				"up": {"uv": [13, 12, 16, 16], "rotation": 180, "texture": "#lower", "cullface": "up"}
			}
		}
	]
}