{
	"credit": "Made with Blockbench",
	"parent": "block/thin_block",
	"ambientocclusion": false,
	"textures": {
		"particle": "block/crimson_trapdoor"
	},
	"elements": [
		{
			"from": [13, 13, 0],
			"to": [16, 16, 3],
			"rotation": {"angle": 0, "axis": "y", "origin": [8, 0, 8]},
			"faces": {
				"north": {"uv": [0, 0, 3, 3], "texture": "#particle", "cullface": "north"},
				"east": {"uv": [13, 0, 16, 3], "texture": "#particle", "cullface": "east"},
				"up": {"uv": [0, 13, 3, 16], "rotation": 180, "texture": "#particle", "cullface": "up"},
				"down": {"uv": [13, 13, 16, 16], "texture": "#particle"}
			}
		},
		{
			"from": [0, 13, 0],
			"to": [3, 16, 3],
			"rotation": {"angle": 0, "axis": "y", "origin": [8, 0, 8]},
			"faces": {
				"north": {"uv": [13, 0, 16, 3], "texture": "#particle", "cullface": "north"},
				"west": {"uv": [0, 0, 3, 3], "texture": "#particle", "cullface": "west"},
				"up": {"uv": [13, 13, 16, 16], "rotation": 180, "texture": "#particle", "cullface": "up"},
				"down": {"uv": [0, 13, 3, 16], "texture": "#particle"}
			}
		},
		{
			"from": [13, 13, 13],
			"to": [16, 16, 16],
			"rotation": {"angle": 0, "axis": "y", "origin": [8, 0, 8]},
			"faces": {
				"east": {"uv": [0, 0, 3, 3], "texture": "#particle", "cullface": "east"},
				"south": {"uv": [13, 0, 16, 3], "texture": "#particle", "cullface": "south"},
				"up": {"uv": [0, 0, 3, 3], "rotation": 180, "texture": "#particle", "cullface": "up"},
				"down": {"uv": [13, 0, 16, 3], "texture": "#particle"}
			}
		},
		{
			"from": [0, 13, 13],
			"to": [3, 16, 16],
			"rotation": {"angle": 0, "axis": "y", "origin": [8, 0, 8]},
			"faces": {
				"south": {"uv": [0, 0, 3, 3], "texture": "#particle", "cullface": "south"},
				"west": {"uv": [13, 0, 16, 3], "texture": "#particle", "cullface": "west"},
				"up": {"uv": [13, 0, 16, 3], "rotation": 180, "texture": "#particle", "cullface": "up"},
				"down": {"uv": [0, 0, 3, 3], "texture": "#particle"}
			}
		},
		{
			"from": [13, 13, 7],
			"to": [16, 16, 9],
			"rotation": {"angle": 0, "axis": "y", "origin": [8, 0, 8]},
			"faces": {
				"east": {"uv": [7, 0, 9, 3], "texture": "#particle", "cullface": "east"},
				"west": {"uv": [7, 0, 9, 3], "texture": "#particle"},
				"up": {"uv": [0, 7, 3, 9], "rotation": 180, "texture": "#particle", "cullface": "up"},
				"down": {"uv": [13, 7, 16, 9], "texture": "#particle"}
			}
		},
		{
			"from": [0, 13, 7],
			"to": [3, 16, 9],
			"rotation": {"angle": 0, "axis": "y", "origin": [8, 0, 8]},
			"faces": {
				"east": {"uv": [7, 0, 9, 3], "texture": "#particle"},
				"west": {"uv": [7, 0, 9, 3], "texture": "#particle", "cullface": "west"},
				"up": {"uv": [13, 7, 16, 9], "rotation": 180, "texture": "#particle", "cullface": "up"},
				"down": {"uv": [0, 7, 3, 9], "texture": "#particle"}
			}
		},
		{
			"from": [13, 13, 3],
			"to": [16, 16, 4],
			"rotation": {"angle": 0, "axis": "y", "origin": [8, 0, 8]},
			"faces": {
				"east": {"uv": [12, 0, 13, 3], "texture": "#particle", "cullface": "east"},
				"west": {"uv": [3, 0, 4, 3], "texture": "#particle"},
				"up": {"uv": [0, 12, 3, 13], "rotation": 180, "texture": "#particle", "cullface": "up"},
				"down": {"uv": [13, 12, 16, 13], "texture": "#particle"}
			}
		},
		{
			"from": [0, 13, 3],
			"to": [3, 16, 4],
			"rotation": {"angle": 0, "axis": "y", "origin": [8, 0, 8]},
			"faces": {
				"east": {"uv": [12, 0, 13, 3], "texture": "#particle"},
				"west": {"uv": [3, 0, 4, 3], "texture": "#particle", "cullface": "west"},
				"up": {"uv": [13, 12, 16, 13], "rotation": 180, "texture": "#particle", "cullface": "up"},
				"down": {"uv": [0, 12, 3, 13], "texture": "#particle"}
			}
		},
		{
			"from": [13, 13, 12],
			"to": [16, 16, 13],
			"rotation": {"angle": 0, "axis": "y", "origin": [8, 0, 8]},
			"faces": {
				"east": {"uv": [3, 0, 4, 3], "texture": "#particle", "cullface": "east"},
				"west": {"uv": [12, 0, 13, 3], "texture": "#particle"},
				"up": {"uv": [0, 3, 3, 4], "rotation": 180, "texture": "#particle", "cullface": "up"},
				"down": {"uv": [13, 3, 16, 4], "texture": "#particle"}
			}
		},
		{
			"from": [0, 13, 12],
			"to": [3, 16, 13],
			"rotation": {"angle": 0, "axis": "y", "origin": [8, 0, 8]},
			"faces": {
				"east": {"uv": [3, 0, 4, 3], "texture": "#particle"},
				"west": {"uv": [12, 0, 13, 3], "texture": "#particle", "cullface": "west"},
				"up": {"uv": [13, 3, 16, 4], "rotation": 180, "texture": "#particle", "cullface": "up"},
				"down": {"uv": [0, 3, 3, 4], "texture": "#particle"}
			}
		},
		{
			"from": [13, 13, 4],
			"to": [16, 16, 7],
			"rotation": {"angle": 0, "axis": "y", "origin": [8, 0, 8]},
			"faces": {
				"east": {"uv": [9, 0, 12, 3], "texture": "#particle", "cullface": "east"},
				"up": {"uv": [0, 9, 3, 12], "rotation": 180, "texture": "#particle", "cullface": "up"},
				"down": {"uv": [13, 9, 16, 12], "texture": "#particle"}
			}
		},
		{
			"from": [0, 13, 4],
			"to": [3, 16, 7],
			"rotation": {"angle": 0, "axis": "y", "origin": [8, 0, 8]},
			"faces": {
				"west": {"uv": [4, 0, 7, 3], "texture": "#particle", "cullface": "west"},
				"up": {"uv": [13, 9, 16, 12], "rotation": 180, "texture": "#particle", "cullface": "up"},
				"down": {"uv": [0, 9, 3, 12], "texture": "#particle"}
			}
		},
		{
			"from": [13, 13, 9],
			"to": [16, 16, 12],
			"rotation": {"angle": 0, "axis": "y", "origin": [8, 0, 8]},
			"faces": {
				"east": {"uv": [4, 0, 7, 3], "texture": "#particle", "cullface": "east"},
				"up": {"uv": [0, 4, 3, 7], "rotation": 180, "texture": "#particle", "cullface": "up"},
				"down": {"uv": [13, 4, 16, 7], "texture": "#particle"}
			}
		},
		{
			"from": [0, 13, 9],
			"to": [3, 16, 12],
			"rotation": {"angle": 0, "axis": "y", "origin": [8, 0, 8]},
			"faces": {
				"west": {"uv": [9, 0, 12, 3], "texture": "#particle", "cullface": "west"},
				"up": {"uv": [13, 4, 16, 7], "rotation": 180, "texture": "#particle", "cullface": "up"},
				"down": {"uv": [0, 4, 3, 7], "texture": "#particle"}
			}
		},
		{
			"from": [3, 13, 0],
			"to": [13, 16, 3],
			"rotation": {"angle": 0, "axis": "y", "origin": [8, 0, 8]},
			"faces": {
				"north": {"uv": [3, 0, 13, 3], "texture": "#particle", "cullface": "north"},
				"south": {"uv": [3, 0, 13, 3], "texture": "#particle"},
				"up": {"uv": [3, 13, 13, 16], "rotation": 180, "texture": "#particle", "cullface": "up"},
				"down": {"uv": [3, 13, 13, 16], "texture": "#particle"}
			}
		},
		{
			"from": [3, 13, 13],
			"to": [13, 16, 16],
			"rotation": {"angle": 0, "axis": "y", "origin": [8, 0, 8]},
			"faces": {
				"north": {"uv": [3, 0, 13, 3], "texture": "#particle"},
				"south": {"uv": [3, 0, 13, 3], "texture": "#particle", "cullface": "south"},
				"up": {"uv": [3, 0, 13, 3], "rotation": 180, "texture": "#particle", "cullface": "up"},
				"down": {"uv": [3, 0, 13, 3], "texture": "#particle"}
			}
		},
		{
			"from": [3, 13, 9],
			"to": [13, 16, 12],
			"rotation": {"angle": 0, "axis": "y", "origin": [8, 0, 8]},
			"faces": {
				"north": {"uv": [3, 0, 13, 3], "texture": "#particle"},
				"south": {"uv": [3, 0, 13, 3], "texture": "#particle"},
				"up": {"uv": [3, 4, 13, 7], "rotation": 180, "texture": "#particle", "cullface": "up"},
				"down": {"uv": [3, 4, 13, 7], "texture": "#particle"}
			}
		},
		{
			"from": [3, 13, 4],
			"to": [13, 16, 7],
			"rotation": {"angle": 0, "axis": "y", "origin": [8, 0, 8]},
			"faces": {
				"north": {"uv": [3, 0, 13, 3], "texture": "#particle"},
				"south": {"uv": [3, 0, 13, 3], "texture": "#particle"},
				"up": {"uv": [3, 9, 13, 12], "rotation": 180, "texture": "#particle", "cullface": "up"},
				"down": {"uv": [3, 9, 13, 12], "texture": "#particle"}
			}
		}
	]
}