{
	"credit": "Made with Blockbench",
	"ambientocclusion": false,
	"textures": {
		"lower": "block/dark_oak_door_bottom",
		"particle": "block/dark_oak_door_top",
		"main": "block/dark_oak_door_top"
	},
	"elements": [
		{
			"from": [2, 1, 0],
			"to": [3, 10, 16],
			"faces": {
				"north": {"uv": [0, 6, 1, 15], "texture": "#main", "cullface": "north"},
				"east": {"uv": [0, 6, 16, 15], "texture": "#main"},
				"south": {"uv": [1, 6, 0, 15], "texture": "#main", "cullface": "south"}
			}
		},
		{
			"from": [2, 0, 0],
			"to": [3, 1, 16],
			"faces": {
				"north": {"uv": [0, 14, 1, 15], "texture": "#main", "cullface": "north"},
				"east": {"uv": [0, 15, 16, 16], "texture": "#main"},
				"south": {"uv": [1, 15, 0, 16], "texture": "#main", "cullface": "south"}
			}
		},
		{
			"from": [2, 12, 0],
			"to": [3, 16, 16],
			"faces": {
				"north": {"uv": [0, 0, 1, 4], "texture": "#main", "cullface": "north"},
				"east": {"uv": [0, 0, 16, 4], "texture": "#main"},
				"south": {"uv": [1, 0, 0, 4], "texture": "#main", "cullface": "south"},
				"up": {"uv": [13, 0, 14, 16], "rotation": 180, "texture": "#lower", "cullface": "up"}
			}
		},
		{
			"from": [2, 10, 0],
			"to": [3, 12, 16],
			"faces": {
				"north": {"uv": [0, 2, 1, 4], "texture": "#main", "cullface": "north"},
				"east": {"uv": [0, 4, 16, 6], "texture": "#main"},
				"south": {"uv": [1, 4, 0, 6], "texture": "#main", "cullface": "south"}
			}
		},
		{
			"from": [0, 0, 0],
			"to": [2, 16, 16],
			"faces": {
				"north": {"uv": [1, 0, 3, 16], "texture": "#main", "cullface": "north"},
				"south": {"uv": [3, 0, 1, 16], "texture": "#main", "cullface": "south"},
				"west": {"uv": [16, 0, 0, 16], "texture": "#main", "cullface": "west"},
				"up": {"uv": [14, 0, 16, 16], "rotation": 180, "texture": "#lower", "cullface": "up"}
			}
		}
	]
}