{
	"credit": "Made with Blockbench",
	"parent": "block/thin_block",
	"ambientocclusion": false,
	"textures": {
		"particle": "block/jungle_trapdoor"
	},
	"elements": [
		{
			"from": [0, 0, 9],
			"to": [3, 3, 11],
			"faces": {
				"east": {"uv": [5, 0, 7, 3], "texture": "#particle"},
				"west": {"uv": [9, 0, 11, 3], "texture": "#particle", "cullface": "west"},
				"up": {"uv": [0, 7, 3, 5], "texture": "#particle"},
				"down": {"uv": [0, 5, 3, 7], "texture": "#particle", "cullface": "down"}
			}
		},
		{
			"from": [0, 0, 7],
			"to": [3, 3, 9],
			"faces": {
				"west": {"uv": [7, 0, 9, 3], "texture": "#particle", "cullface": "west"},
				"up": {"uv": [0, 9, 3, 7], "texture": "#particle"},
				"down": {"uv": [0, 7, 3, 9], "texture": "#particle", "cullface": "down"}
			}
		},
		{
			"from": [0, 0, 5],
			"to": [4, 3, 7],
			"faces": {
				"east": {"uv": [9, 0, 11, 3], "texture": "#particle"},
				"west": {"uv": [5, 0, 7, 3], "texture": "#particle", "cullface": "west"},
				"up": {"uv": [0, 11, 4, 9], "texture": "#particle"},
				"down": {"uv": [0, 9, 4, 11], "texture": "#particle", "cullface": "down"}
			}
		},
		{
			"from": [0, 0, 11],
			"to": [3, 3, 12],
			"faces": {
				"west": {"uv": [11, 0, 12, 3], "texture": "#particle", "cullface": "west"},
				"up": {"uv": [0, 5, 3, 4], "texture": "#particle"},
				"down": {"uv": [0, 4, 3, 5], "texture": "#particle", "cullface": "down"}
			}
		},
		{
			"from": [0, 0, 12],
			"to": [4, 3, 16],
			"faces": {
				"south": {"uv": [0, 0, 4, 3], "texture": "#particle", "cullface": "south"},
				"west": {"uv": [12, 0, 16, 3], "texture": "#particle", "cullface": "west"},
				"up": {"uv": [0, 4, 4, 0], "texture": "#particle"},
				"down": {"uv": [0, 0, 4, 4], "texture": "#particle", "cullface": "down"}
			}
		},
		{
			"from": [3, 0, 7],
			"to": [4, 3, 9],
			"faces": {
				"south": {"uv": [3, 0, 4, 3], "texture": "#particle"},
				"up": {"uv": [3, 9, 4, 7], "texture": "#particle"},
				"down": {"uv": [3, 7, 4, 9], "texture": "#particle", "cullface": "down"}
			}
		},
		{
			"from": [10, 0, 7],
			"to": [12, 3, 9],
			"faces": {
				"north": {"uv": [4, 0, 6, 3], "texture": "#particle"},
				"south": {"uv": [10, 0, 12, 3], "texture": "#particle"},
				"up": {"uv": [10, 9, 12, 7], "texture": "#particle"},
				"down": {"uv": [10, 7, 12, 9], "texture": "#particle", "cullface": "down"}
			}
		},
		{
			"from": [6, 0, 7],
			"to": [7, 3, 9],
			"faces": {
				"up": {"uv": [6, 9, 7, 7], "texture": "#particle"},
				"down": {"uv": [6, 7, 7, 9], "texture": "#particle", "cullface": "down"}
			}
		},
		{
			"from": [7, 0, 7],
			"to": [9, 3, 9],
			"faces": {
				"north": {"uv": [7, 0, 9, 3], "texture": "#particle"},
				"south": {"uv": [7, 0, 9, 3], "texture": "#particle"},
				"up": {"uv": [7, 9, 9, 7], "texture": "#particle"},
				"down": {"uv": [7, 7, 9, 9], "texture": "#particle", "cullface": "down"}
			}
		},
		{
			"from": [9, 0, 7],
			"to": [10, 3, 9],
			"faces": {
				"up": {"uv": [9, 9, 10, 7], "texture": "#particle"},
				"down": {"uv": [9, 7, 10, 9], "texture": "#particle", "cullface": "down"}
			}
		},
		{
			"from": [4, 0, 7],
			"to": [6, 3, 9],
			"faces": {
				"north": {"uv": [10, 0, 12, 3], "texture": "#particle"},
				"south": {"uv": [4, 0, 6, 3], "texture": "#particle"},
				"up": {"uv": [4, 9, 6, 7], "texture": "#particle"},
				"down": {"uv": [4, 7, 6, 9], "texture": "#particle", "cullface": "down"}
			}
		},
		{
			"from": [12, 0, 7],
			"to": [13, 3, 9],
			"faces": {
				"south": {"uv": [12, 0, 13, 3], "texture": "#particle"},
				"up": {"uv": [12, 9, 13, 7], "texture": "#particle"},
				"down": {"uv": [12, 7, 13, 9], "texture": "#particle", "cullface": "down"}
			}
		},
		{
			"from": [6, 0, 9],
			"to": [7, 3, 13],
			"faces": {
				"east": {"uv": [3, 0, 7, 3], "texture": "#particle"},
				"west": {"uv": [9, 0, 13, 3], "texture": "#particle"},
				"up": {"uv": [6, 7, 7, 3], "texture": "#particle"},
				"down": {"uv": [6, 3, 7, 7], "texture": "#particle", "cullface": "down"}
			}
		},
		{
			"from": [11, 0, 12],
			"to": [12, 3, 13],
			"faces": {
				"north": {"uv": [4, 0, 5, 3], "texture": "#particle"},
				"west": {"uv": [12, 0, 13, 3], "texture": "#particle"},
				"up": {"uv": [11, 4, 12, 3], "texture": "#particle"},
				"down": {"uv": [11, 3, 12, 4], "texture": "#particle", "cullface": "down"}
			}
		},
		{
			"from": [12, 0, 11],
			"to": [13, 3, 12],
			"faces": {
				"north": {"uv": [3, 0, 4, 3], "texture": "#particle"},
				"west": {"uv": [11, 0, 12, 3], "texture": "#particle"},
				"up": {"uv": [12, 5, 13, 4], "texture": "#particle"},
				"down": {"uv": [12, 4, 13, 5], "texture": "#particle", "cullface": "down"}
			}
		},
		{
			"from": [9, 0, 9],
			"to": [10, 3, 13],
			"faces": {
				"east": {"uv": [3, 0, 7, 3], "texture": "#particle"},
				"west": {"uv": [9, 0, 13, 3], "texture": "#particle"},
				"up": {"uv": [9, 7, 10, 3], "texture": "#particle"},
				"down": {"uv": [9, 3, 10, 7], "texture": "#particle", "cullface": "down"}
			}
		},
		{
			"from": [3, 0, 11],
			"to": [4, 3, 12],
			"faces": {
				"north": {"uv": [12, 0, 13, 3], "texture": "#particle"},
				"east": {"uv": [4, 0, 5, 3], "texture": "#particle"},
				"up": {"uv": [3, 5, 4, 4], "texture": "#particle"},
				"down": {"uv": [3, 4, 4, 5], "texture": "#particle", "cullface": "down"}
			}
		},
		{
			"from": [4, 0, 12],
			"to": [5, 3, 13],
			"faces": {
				"north": {"uv": [11, 0, 12, 3], "texture": "#particle"},
				"east": {"uv": [3, 0, 4, 3], "texture": "#particle"},
				"up": {"uv": [4, 4, 5, 3], "texture": "#particle"},
				"down": {"uv": [4, 3, 5, 4], "texture": "#particle", "cullface": "down"}
			}
		},
		{
			"from": [11, 0, 4],
			"to": [12, 3, 5],
			"faces": {
				"south": {"uv": [11, 0, 12, 3], "texture": "#particle"},
				"west": {"uv": [4, 0, 5, 3], "texture": "#particle"},
				"up": {"uv": [11, 12, 12, 11], "texture": "#particle", "cullface": "up"},
				"down": {"uv": [11, 11, 12, 12], "texture": "#particle", "cullface": "down"}
			}
		},
		{
			"from": [9, 0, 4],
			"to": [10, 3, 7],
			"faces": {
				"east": {"uv": [9, 0, 12, 3], "texture": "#particle"},
				"west": {"uv": [4, 0, 7, 3], "texture": "#particle"},
				"up": {"uv": [9, 12, 10, 9], "texture": "#particle"},
				"down": {"uv": [9, 9, 10, 12], "texture": "#particle", "cullface": "down"}
			}
		},
		{
			"from": [6, 0, 4],
			"to": [7, 3, 7],
			"faces": {
				"east": {"uv": [9, 0, 12, 3], "texture": "#particle"},
				"west": {"uv": [4, 0, 7, 3], "texture": "#particle"},
				"up": {"uv": [6, 12, 7, 9], "texture": "#particle"},
				"down": {"uv": [6, 9, 7, 12], "texture": "#particle", "cullface": "down"}
			}
		},
		{
			"from": [4, 0, 4],
			"to": [5, 3, 5],
			"faces": {
				"east": {"uv": [11, 0, 12, 3], "texture": "#particle"},
				"south": {"uv": [4, 0, 5, 3], "texture": "#particle"},
				"up": {"uv": [4, 12, 5, 11], "texture": "#particle"},
				"down": {"uv": [4, 11, 5, 12], "texture": "#particle", "cullface": "down"}
			}
		},
		{
			"from": [6, 0, 13],
			"to": [7, 3, 16],
			"faces": {
				"south": {"uv": [6, 0, 7, 3], "texture": "#particle", "cullface": "south"},
				"up": {"uv": [6, 3, 7, 0], "texture": "#particle"},
				"down": {"uv": [6, 0, 7, 3], "texture": "#particle", "cullface": "down"}
			}
		},
		{
			"from": [7, 0, 13],
			"to": [9, 3, 16],
			"faces": {
				"north": {"uv": [7, 0, 9, 3], "texture": "#particle"},
				"south": {"uv": [7, 0, 9, 3], "texture": "#particle", "cullface": "south"},
				"up": {"uv": [7, 3, 9, 0], "texture": "#particle"},
				"down": {"uv": [7, 0, 9, 3], "texture": "#particle", "cullface": "down"}
			}
		},
		{
			"from": [9, 0, 13],
			"to": [10, 3, 16],
			"faces": {
				"south": {"uv": [9, 0, 10, 3], "texture": "#particle", "cullface": "south"},
				"up": {"uv": [9, 3, 10, 0], "texture": "#particle"},
				"down": {"uv": [9, 0, 10, 3], "texture": "#particle", "cullface": "down"}
			}
		},
		{
			"from": [5, 0, 13],
			"to": [6, 3, 16],
			"faces": {
				"north": {"uv": [10, 0, 11, 3], "texture": "#particle"},
				"south": {"uv": [5, 0, 6, 3], "texture": "#particle", "cullface": "south"},
				"up": {"uv": [5, 3, 6, 0], "texture": "#particle"},
				"down": {"uv": [5, 0, 6, 3], "texture": "#particle", "cullface": "down"}
			}
		},
		{
			"from": [10, 0, 13],
			"to": [11, 3, 16],
			"faces": {
				"north": {"uv": [5, 0, 6, 3], "texture": "#particle"},
				"south": {"uv": [10, 0, 11, 3], "texture": "#particle", "cullface": "south"},
				"up": {"uv": [10, 3, 11, 0], "texture": "#particle"},
				"down": {"uv": [10, 0, 11, 3], "texture": "#particle", "cullface": "down"}
			}
		},
		{
			"from": [11, 0, 13],
			"to": [12, 3, 16],
			"faces": {
				"south": {"uv": [11, 0, 12, 3], "texture": "#particle", "cullface": "south"},
				"up": {"uv": [11, 3, 12, 0], "texture": "#particle"},
				"down": {"uv": [11, 0, 12, 3], "texture": "#particle", "cullface": "down"}
			}
		},
		{
			"from": [4, 0, 13],
			"to": [5, 3, 16],
			"faces": {
				"south": {"uv": [4, 0, 5, 3], "texture": "#particle", "cullface": "south"},
				"up": {"uv": [4, 3, 5, 0], "texture": "#particle"},
				"down": {"uv": [4, 0, 5, 3], "texture": "#particle", "cullface": "down"}
			}
		},
		{
			"from": [12, 0, 12],
			"to": [16, 3, 16],
			"faces": {
				"east": {"uv": [0, 0, 4, 3], "texture": "#particle", "cullface": "east"},
				"south": {"uv": [12, 0, 16, 3], "texture": "#particle", "cullface": "south"},
				"up": {"uv": [12, 4, 16, 0], "texture": "#particle"},
				"down": {"uv": [12, 0, 16, 4], "texture": "#particle", "cullface": "down"}
			}
		},
		{
			"from": [13, 0, 7],
			"to": [16, 3, 9],
			"faces": {
				"east": {"uv": [7, 0, 9, 3], "texture": "#particle", "cullface": "east"},
				"up": {"uv": [13, 9, 16, 7], "texture": "#particle"},
				"down": {"uv": [13, 7, 16, 9], "texture": "#particle", "cullface": "down"}
			}
		},
		{
			"from": [13, 0, 9],
			"to": [16, 3, 11],
			"faces": {
				"east": {"uv": [5, 0, 7, 3], "texture": "#particle", "cullface": "east"},
				"west": {"uv": [9, 0, 11, 3], "texture": "#particle"},
				"up": {"uv": [13, 7, 16, 5], "texture": "#particle"},
				"down": {"uv": [13, 5, 16, 7], "texture": "#particle", "cullface": "down"}
			}
		},
		{
			"from": [12, 0, 5],
			"to": [16, 3, 7],
			"faces": {
				"east": {"uv": [9, 0, 11, 3], "texture": "#particle", "cullface": "east"},
				"west": {"uv": [5, 0, 7, 3], "texture": "#particle"},
				"up": {"uv": [12, 11, 16, 9], "texture": "#particle"},
				"down": {"uv": [12, 9, 16, 11], "texture": "#particle", "cullface": "down"}
			}
		},
		{
			"from": [13, 0, 11],
			"to": [16, 3, 12],
			"faces": {
				"east": {"uv": [4, 0, 5, 3], "texture": "#particle", "cullface": "east"},
				"up": {"uv": [13, 5, 16, 4], "texture": "#particle"},
				"down": {"uv": [13, 4, 16, 5], "texture": "#particle", "cullface": "down"}
			}
		},
		{
			"from": [0, 0, 0],
			"to": [4, 3, 5],
			"faces": {
				"north": {"uv": [12, 0, 16, 3], "texture": "#particle", "cullface": "north"},
				"west": {"uv": [0, 0, 5, 3], "texture": "#particle", "cullface": "west"},
				"up": {"uv": [0, 16, 4, 11], "texture": "#particle"},
				"down": {"uv": [0, 11, 4, 16], "texture": "#particle", "cullface": "down"}
			}
		},
		{
			"from": [12, 0, 0],
			"to": [16, 3, 5],
			"faces": {
				"north": {"uv": [0, 0, 4, 3], "texture": "#particle", "cullface": "north"},
				"east": {"uv": [11, 0, 16, 3], "texture": "#particle", "cullface": "east"},
				"up": {"uv": [12, 16, 16, 11], "texture": "#particle"},
				"down": {"uv": [12, 11, 16, 16], "texture": "#particle", "cullface": "down"}
			}
		},
		{
			"from": [4, 0, 0],
			"to": [5, 3, 4],
			"faces": {
				"north": {"uv": [11, 0, 12, 3], "texture": "#particle", "cullface": "north"},
				"up": {"uv": [4, 16, 5, 12], "texture": "#particle"},
				"down": {"uv": [4, 12, 5, 16], "texture": "#particle", "cullface": "down"}
			}
		},
		{
			"from": [5, 0, 0],
			"to": [6, 3, 4],
			"faces": {
				"north": {"uv": [10, 0, 11, 3], "texture": "#particle", "cullface": "north"},
				"south": {"uv": [5, 0, 6, 3], "texture": "#particle"},
				"up": {"uv": [5, 16, 6, 12], "texture": "#particle"},
				"down": {"uv": [5, 12, 6, 16], "texture": "#particle", "cullface": "down"}
			}
		},
		{
			"from": [9, 0, 0],
			"to": [10, 3, 4],
			"faces": {
				"north": {"uv": [6, 0, 7, 3], "texture": "#particle", "cullface": "north"},
				"up": {"uv": [9, 16, 10, 12], "texture": "#particle"},
				"down": {"uv": [9, 12, 10, 16], "texture": "#particle", "cullface": "down"}
			}
		},
		{
			"from": [7, 0, 0],
			"to": [9, 3, 4],
			"faces": {
				"north": {"uv": [7, 0, 9, 3], "texture": "#particle", "cullface": "north"},
				"south": {"uv": [7, 0, 9, 3], "texture": "#particle"},
				"up": {"uv": [7, 16, 9, 12], "texture": "#particle"},
				"down": {"uv": [7, 12, 9, 16], "texture": "#particle", "cullface": "down"}
			}
		},
		{
			"from": [6, 0, 0],
			"to": [7, 3, 4],
			"faces": {
				"north": {"uv": [9, 0, 10, 3], "texture": "#particle", "cullface": "north"},
				"up": {"uv": [6, 16, 7, 12], "texture": "#particle"},
				"down": {"uv": [6, 12, 7, 16], "texture": "#particle", "cullface": "down"}
			}
		},
		{
			"from": [10, 0, 0],
			"to": [11, 3, 4],
			"faces": {
				"north": {"uv": [5, 0, 6, 3], "texture": "#particle", "cullface": "north"},
				"south": {"uv": [10, 0, 11, 3], "texture": "#particle"},
				"up": {"uv": [10, 16, 11, 12], "texture": "#particle"},
				"down": {"uv": [10, 12, 11, 16], "texture": "#particle", "cullface": "down"}
			}
		},
		{
			"from": [11, 0, 0],
			"to": [12, 3, 4],
			"faces": {
				"north": {"uv": [4, 0, 5, 3], "texture": "#particle", "cullface": "north"},
				"up": {"uv": [11, 16, 12, 12], "texture": "#particle"},
				"down": {"uv": [11, 12, 12, 16], "texture": "#particle", "cullface": "down"}
			}
		}
	]
}