{
	"credit": "Made with Blockbench",
	"parent": "block/thin_block",
	"ambientocclusion": false,
	"textures": {
		"particle": "block/mangrove_trapdoor"
	},
	"elements": [
		{
			"from": [5, 0, 10],
			"to": [6, 3, 11],
			"rotation": {"angle": 0, "axis": "y", "origin": [8, 0, 8]},
			"faces": {
				"north": {"uv": [10, 0, 11, 3], "texture": "#particle"},
				"east": {"uv": [5, 0, 6, 3], "texture": "#particle"},
				"up": {"uv": [6, 5, 5, 6], "rotation": 180, "texture": "#particle"},
				"down": {"uv": [5, 5, 6, 6], "texture": "#particle", "cullface": "down"}
			}
		},
		{
			"from": [10, 0, 10],
			"to": [11, 3, 11],
			"rotation": {"angle": 0, "axis": "y", "origin": [8, 0, 8]},
			"faces": {
				"north": {"uv": [5, 0, 6, 3], "texture": "#particle"},
				"west": {"uv": [10, 0, 11, 3], "texture": "#particle"},
				"up": {"uv": [11, 5, 10, 6], "rotation": 180, "texture": "#particle"},
				"down": {"uv": [10, 5, 11, 6], "texture": "#particle", "cullface": "down"}
			}
		},
		{
			"from": [5, 0, 5],
			"to": [6, 3, 6],
			"rotation": {"angle": 0, "axis": "y", "origin": [8, 0, 8]},
			"faces": {
				"east": {"uv": [10, 0, 11, 3], "texture": "#particle"},
				"south": {"uv": [5, 0, 6, 3], "texture": "#particle"},
				"up": {"uv": [6, 10, 5, 11], "rotation": 180, "texture": "#particle"},
				"down": {"uv": [5, 10, 6, 11], "texture": "#particle", "cullface": "down"}
			}
		},
		{
			"from": [0, 0, 11],
			"to": [5, 3, 16],
			"rotation": {"angle": 0, "axis": "y", "origin": [8, 0, 8]},
			"faces": {
				"south": {"uv": [0, 0, 5, 3], "texture": "#particle", "cullface": "south"},
				"west": {"uv": [11, 0, 16, 3], "texture": "#particle", "cullface": "west"},
				"up": {"uv": [5, 0, 0, 5], "rotation": 180, "texture": "#particle"},
				"down": {"uv": [0, 0, 5, 5], "texture": "#particle", "cullface": "down"}
			}
		},
		{
			"from": [0, 0, 0],
			"to": [5, 3, 5],
			"rotation": {"angle": 0, "axis": "y", "origin": [8, 0, 8]},
			"faces": {
				"north": {"uv": [11, 0, 16, 3], "texture": "#particle", "cullface": "north"},
				"west": {"uv": [0, 0, 5, 3], "texture": "#particle", "cullface": "west"},
				"up": {"uv": [5, 11, 0, 16], "rotation": 180, "texture": "#particle"},
				"down": {"uv": [0, 11, 5, 16], "texture": "#particle", "cullface": "down"}
			}
		},
		{
			"from": [11, 0, 0],
			"to": [16, 3, 5],
			"rotation": {"angle": 0, "axis": "y", "origin": [8, 0, 8]},
			"faces": {
				"north": {"uv": [0, 0, 5, 3], "texture": "#particle", "cullface": "north"},
				"east": {"uv": [11, 0, 16, 3], "texture": "#particle", "cullface": "east"},
				"up": {"uv": [16, 11, 11, 16], "rotation": 180, "texture": "#particle"},
				"down": {"uv": [11, 11, 16, 16], "texture": "#particle", "cullface": "down"}
			}
		},
		{
			"from": [11, 0, 11],
			"to": [16, 3, 16],
			"rotation": {"angle": 0, "axis": "y", "origin": [8, 0, 8]},
			"faces": {
				"east": {"uv": [0, 0, 5, 3], "texture": "#particle", "cullface": "east"},
				"south": {"uv": [11, 0, 16, 3], "texture": "#particle", "cullface": "south"},
				"up": {"uv": [16, 0, 11, 5], "rotation": 180, "texture": "#particle"},
				"down": {"uv": [11, 0, 16, 5], "texture": "#particle", "cullface": "down"}
			}
		},
		{
			"from": [10, 0, 5],
			"to": [11, 3, 6],
			"rotation": {"angle": 0, "axis": "y", "origin": [8, 0, 8]},
			"faces": {
				"south": {"uv": [10, 0, 11, 3], "texture": "#particle"},
				"west": {"uv": [5, 0, 6, 3], "texture": "#particle"},
				"up": {"uv": [11, 10, 10, 11], "rotation": 180, "texture": "#particle"},
				"down": {"uv": [10, 10, 11, 11], "texture": "#particle", "cullface": "down"}
			}
		},
		{
			"from": [11, 0, 6],
			"to": [16, 3, 10],
			"rotation": {"angle": 0, "axis": "y", "origin": [8, 0, 8]},
			"faces": {
				"east": {"uv": [6, 0, 10, 3], "texture": "#particle", "cullface": "east"},
				"west": {"uv": [6, 0, 10, 3], "texture": "#particle"},
				"up": {"uv": [16, 6, 11, 10], "rotation": 180, "texture": "#particle"},
				"down": {"uv": [11, 6, 16, 10], "texture": "#particle", "cullface": "down"}
			}
		},
		{
			"from": [0, 0, 6],
			"to": [5, 3, 10],
			"rotation": {"angle": 0, "axis": "y", "origin": [8, 0, 8]},
			"faces": {
				"east": {"uv": [6, 0, 10, 3], "texture": "#particle"},
				"west": {"uv": [6, 0, 10, 3], "texture": "#particle", "cullface": "west"},
				"up": {"uv": [5, 6, 0, 10], "rotation": 180, "texture": "#particle"},
				"down": {"uv": [0, 6, 5, 10], "texture": "#particle", "cullface": "down"}
			}
		},
		{
			"from": [11, 0, 5],
			"to": [16, 3, 6],
			"rotation": {"angle": 0, "axis": "y", "origin": [8, 0, 8]},
			"faces": {
				"east": {"uv": [10, 0, 11, 3], "texture": "#particle", "cullface": "east"},
				"up": {"uv": [16, 10, 11, 11], "rotation": 180, "texture": "#particle"},
				"down": {"uv": [11, 10, 16, 11], "texture": "#particle", "cullface": "down"}
			}
		},
		{
			"from": [5, 0, 11],
			"to": [6, 3, 16],
			"rotation": {"angle": 0, "axis": "y", "origin": [8, 0, 8]},
			"faces": {
				"south": {"uv": [5, 0, 6, 3], "texture": "#particle", "cullface": "south"},
				"up": {"uv": [6, 0, 5, 5], "rotation": 180, "texture": "#particle"},
				"down": {"uv": [5, 0, 6, 5], "texture": "#particle", "cullface": "down"}
			}
		},
		{
			"from": [10, 0, 11],
			"to": [11, 3, 16],
			"rotation": {"angle": 0, "axis": "y", "origin": [8, 0, 8]},
			"faces": {
				"south": {"uv": [11, 0, 10, 3], "texture": "#particle", "cullface": "south"},
				"up": {"uv": [10, 0, 11, 5], "rotation": 180, "texture": "#particle"},
				"down": {"uv": [10, 0, 11, 5], "texture": "#particle", "cullface": "down"}
			}
		},
		{
			"from": [10, 0, 0],
			"to": [11, 3, 5],
			"rotation": {"angle": 0, "axis": "y", "origin": [8, 0, 8]},
			"faces": {
				"north": {"uv": [5, 0, 6, 3], "texture": "#particle", "cullface": "north"},
				"up": {"uv": [11, 11, 10, 16], "rotation": 180, "texture": "#particle"},
				"down": {"uv": [10, 11, 11, 16], "texture": "#particle", "cullface": "down"}
			}
		},
		{
			"from": [5, 0, 0],
			"to": [6, 3, 5],
			"rotation": {"angle": 0, "axis": "y", "origin": [8, 0, 8]},
			"faces": {
				"north": {"uv": [10, 0, 11, 3], "texture": "#particle", "cullface": "north"},
				"up": {"uv": [6, 11, 5, 16], "rotation": 180, "texture": "#particle"},
				"down": {"uv": [5, 11, 6, 16], "texture": "#particle", "cullface": "down"}
			}
		},
		{
			"from": [0, 0, 5],
			"to": [5, 3, 6],
			"rotation": {"angle": 0, "axis": "y", "origin": [8, 0, 8]},
			"faces": {
				"west": {"uv": [5, 0, 6, 3], "texture": "#particle", "cullface": "west"},
				"up": {"uv": [5, 10, 0, 11], "rotation": 180, "texture": "#particle"},
				"down": {"uv": [0, 10, 5, 11], "texture": "#particle", "cullface": "down"}
			}
		},
		{
			"from": [11, 0, 10],
			"to": [16, 3, 11],
			"rotation": {"angle": 0, "axis": "y", "origin": [8, 0, 8]},
			"faces": {
				"east": {"uv": [5, 0, 6, 3], "texture": "#particle", "cullface": "east"},
				"up": {"uv": [16, 5, 11, 6], "rotation": 180, "texture": "#particle"},
				"down": {"uv": [11, 5, 16, 6], "texture": "#particle", "cullface": "down"}
			}
		},
		{
			"from": [0, 0, 10],
			"to": [5, 3, 11],
			"rotation": {"angle": 0, "axis": "y", "origin": [8, 0, 8]},
			"faces": {
				"west": {"uv": [11, 0, 10, 3], "texture": "#particle", "cullface": "west"},
				"up": {"uv": [5, 5, 0, 6], "rotation": 180, "texture": "#particle"},
				"down": {"uv": [0, 5, 5, 6], "texture": "#particle", "cullface": "down"}
			}
		},
		{
			"from": [6, 0, 0],
			"to": [10, 3, 5],
			"rotation": {"angle": 0, "axis": "y", "origin": [8, 0, 8]},
			"faces": {
				"north": {"uv": [6, 0, 10, 3], "texture": "#particle", "cullface": "north"},
				"south": {"uv": [6, 0, 10, 3], "texture": "#particle"},
				"up": {"uv": [10, 11, 6, 16], "rotation": 180, "texture": "#particle"},
				"down": {"uv": [6, 11, 10, 16], "texture": "#particle", "cullface": "down"}
			}
		},
		{
			"from": [6, 0, 11],
			"to": [10, 3, 16],
			"rotation": {"angle": 0, "axis": "y", "origin": [8, 0, 8]},
			"faces": {
				"north": {"uv": [6, 0, 10, 3], "texture": "#particle"},
				"south": {"uv": [6, 0, 10, 3], "texture": "#particle", "cullface": "south"},
				"up": {"uv": [10, 0, 6, 5], "rotation": 180, "texture": "#particle"},
				"down": {"uv": [6, 0, 10, 5], "texture": "#particle", "cullface": "down"}
			}
		}
	]
}