{
	"credit": "Made with Blockbench",
	"ambientocclusion": false,
	"textures": {
		"particle": "block/mangrove_door_bottom",
		"main": "block/mangrove_door_bottom"
	},
	"elements": [
		{
			"from": [0, 0, 0],
			"to": [2, 16, 16],
			"rotation": {"angle": 0, "axis": "y", "origin": [1.5, 8, 8]},
			"faces": {
				"north": {"uv": [1, 0, 3, 16], "texture": "#main", "cullface": "north"},
				"south": {"uv": [3, 0, 1, 16], "texture": "#main", "cullface": "south"},
				"west": {"uv": [16, 0, 0, 16], "texture": "#main", "cullface": "west"},
				"down": {"uv": [14, 0, 16, 16], "rotation": 180, "texture": "#main", "cullface": "down"}
			}
		},
		{
			"from": [2, 6, 0],
			"to": [3, 15, 16],
			"rotation": {"angle": 0, "axis": "y", "origin": [1.5, 8, 8]},
			"faces": {
				"north": {"uv": [0, 1, 1, 10], "texture": "#main", "cullface": "north"},
				"east": {"uv": [0, 1, 16, 10], "texture": "#main"},
				"south": {"uv": [1, 1, 0, 10], "texture": "#main", "cullface": "south"}
			}
		},
		{
			"from": [2, 0, 0],
			"to": [3, 4, 16],
			"rotation": {"angle": 0, "axis": "y", "origin": [1.5, 8, 8]},
			"faces": {
				"north": {"uv": [0, 12, 1, 16], "texture": "#main", "cullface": "north"},
				"east": {"uv": [0, 12, 16, 16], "texture": "#main"},
				"south": {"uv": [0, 12, 1, 16], "texture": "#main", "cullface": "south"},
				"down": {"uv": [13, 0, 14, 16], "rotation": 180, "texture": "#main", "cullface": "down"}
			}
		},
		{
			"from": [2, 15, 0],
			"to": [3, 16, 16],
			"rotation": {"angle": 0, "axis": "y", "origin": [1.5, 8, 8]},
			"faces": {
				"north": {"uv": [0, 1, 1, 2], "texture": "#main", "cullface": "north"},
				"east": {"uv": [0, 0, 16, 1], "texture": "#main"},
				"south": {"uv": [1, 0, 0, 1], "texture": "#main", "cullface": "south"}
			}
		},
		{
			"from": [2, 4, 0],
			"to": [3, 6, 16],
			"rotation": {"angle": 0, "axis": "y", "origin": [1.5, 8, 8]},
			"faces": {
				"north": {"uv": [0, 8, 1, 10], "texture": "#main", "cullface": "north"},
				"east": {"uv": [0, 10, 16, 12], "texture": "#main"},
				"south": {"uv": [1, 10, 0, 12], "texture": "#main", "cullface": "south"}
			}
		}
	]
}
