{
	"credit": "Made with Blockbench",
	"ambientocclusion": false,
	"textures": {
		"lower": "block/oak_door_bottom",
		"particle": "block/oak_door_top",
		"main": "block/oak_door_top"
	},
	"elements": [
		{
			"from": [0, 13, 3],
			"to": [3, 16, 7],
			"faces": {
				"east": {"uv": [7, 0, 3, 3], "texture": "#main"},
				"west": {"uv": [3, 0, 7, 3], "texture": "#main", "cullface": "west"},
				"up": {"uv": [13, 3, 16, 7], "texture": "#lower", "cullface": "up"},
				"down": {"uv": [13, 7, 16, 3], "texture": "#lower"}
			}
		},
		{
			"from": [0, 13, 9],
			"to": [3, 16, 13],
			"faces": {
				"east": {"uv": [13, 0, 9, 3], "texture": "#main"},
				"west": {"uv": [9, 0, 13, 3], "texture": "#main", "cullface": "west"},
				"up": {"uv": [13, 9, 16, 13], "texture": "#lower", "cullface": "up"},
				"down": {"uv": [13, 13, 16, 9], "texture": "#lower"}
			}
		},
		{
			"from": [0, 13, 7],
			"to": [3, 16, 9],
			"faces": {
				"east": {"uv": [9, 0, 7, 3], "texture": "#main"},
				"west": {"uv": [7, 0, 9, 3], "texture": "#main", "cullface": "west"},
				"up": {"uv": [13, 7, 16, 9], "texture": "#lower", "cullface": "up"}
			}
		},
		{
			"from": [0, 0, 9],
			"to": [3, 5, 13],
			"faces": {
				"east": {"uv": [13, 11, 9, 16], "texture": "#main"},
				"west": {"uv": [9, 11, 13, 16], "texture": "#main", "cullface": "west"},
				"up": {"uv": [13, 9, 16, 13], "texture": "#lower"}
			}
		},
		{
			"from": [0, 0, 3],
			"to": [3, 5, 7],
			"faces": {
				"east": {"uv": [7, 11, 3, 16], "texture": "#main"},
				"west": {"uv": [3, 11, 7, 16], "texture": "#main", "cullface": "west"},
				"up": {"uv": [13, 3, 16, 7], "texture": "#lower"}
			}
		},
		{
			"from": [0, 0, 7],
			"to": [3, 5, 9],
			"faces": {
				"east": {"uv": [9, 11, 7, 16], "texture": "#main"},
				"west": {"uv": [7, 11, 9, 16], "texture": "#main", "cullface": "west"}
			}
		},
		{
			"from": [0, 10, 13],
			"to": [1, 13, 16],
			"faces": {
				"north": {"uv": [0, 7, 1, 10], "texture": "#main"},
				"south": {"uv": [0, 7, 1, 10], "texture": "#main", "cullface": "south"},
				"west": {"uv": [13, 3, 16, 6], "texture": "#main", "cullface": "west"}
			}
		},
		{
			"from": [1, 10, 13],
			"to": [3, 13, 16],
			"faces": {
				"north": {"uv": [3, 3, 1, 6], "texture": "#main"},
				"east": {"uv": [16, 3, 13, 6], "texture": "#main"},
				"south": {"uv": [1, 3, 3, 6], "texture": "#main", "cullface": "south"}
			}
		},
		{
			"from": [0, 5, 13],
			"to": [3, 8, 16],
			"faces": {
				"north": {"uv": [3, 8, 0, 11], "texture": "#main"},
				"east": {"uv": [16, 8, 13, 11], "texture": "#main"},
				"south": {"uv": [0, 8, 3, 11], "texture": "#main", "cullface": "south"},
				"west": {"uv": [13, 8, 16, 11], "texture": "#main", "cullface": "west"}
			}
		},
		{
			"from": [0, 8, 13],
			"to": [3, 10, 16],
			"faces": {
				"east": {"uv": [16, 6, 13, 8], "texture": "#main"},
				"south": {"uv": [0, 6, 3, 8], "texture": "#main", "cullface": "south"},
				"west": {"uv": [13, 6, 16, 8], "texture": "#main", "cullface": "west"}
			}
		},
		{
			"from": [0, 0, 13],
			"to": [1, 5, 16],
			"faces": {
				"south": {"uv": [0, 13, 1, 8], "texture": "#main", "cullface": "south"},
				"west": {"uv": [13, 11, 16, 16], "texture": "#main", "cullface": "west"}
			}
		},
		{
			"from": [1, 0, 13],
			"to": [3, 5, 16],
			"faces": {
				"east": {"uv": [16, 11, 13, 16], "texture": "#main"},
				"south": {"uv": [1, 11, 3, 16], "texture": "#main", "cullface": "south"}
			}
		},
		{
			"from": [0, 0, 0],
			"to": [3, 5, 3],
			"faces": {
				"north": {"uv": [3, 11, 0, 16], "texture": "#main", "cullface": "north"},
				"east": {"uv": [3, 11, 0, 16], "texture": "#main"},
				"west": {"uv": [0, 11, 3, 16], "texture": "#main", "cullface": "west"}
			}
		},
		{
			"from": [0, 8, 0],
			"to": [3, 10, 3],
			"faces": {
				"north": {"uv": [3, 6, 0, 8], "texture": "#main", "cullface": "north"},
				"east": {"uv": [3, 6, 0, 8], "texture": "#main"},
				"west": {"uv": [0, 6, 3, 8], "texture": "#main", "cullface": "west"}
			}
		},
		{
			"from": [0, 13, 0],
			"to": [3, 16, 3],
			"faces": {
				"north": {"uv": [3, 0, 0, 3], "texture": "#main", "cullface": "north"},
				"east": {"uv": [3, 0, 0, 3], "texture": "#main"},
				"west": {"uv": [0, 0, 3, 3], "texture": "#main", "cullface": "west"},
				"up": {"uv": [13, 0, 16, 3], "texture": "#lower", "cullface": "up"}
			}
		},
		{
			"from": [0, 13, 13],
			"to": [3, 16, 16],
			"faces": {
				"east": {"uv": [16, 0, 13, 3], "texture": "#main"},
				"south": {"uv": [0, 0, 3, 3], "texture": "#main", "cullface": "south"},
				"west": {"uv": [13, 0, 16, 3], "texture": "#main", "cullface": "west"},
				"up": {"uv": [13, 13, 16, 16], "texture": "#lower", "cullface": "up"}
			}
		},
		{
			"from": [0, 8, 3],
			"to": [3, 10, 7],
			"faces": {
				"east": {"uv": [7, 6, 3, 8], "texture": "#main"},
				"west": {"uv": [3, 6, 7, 8], "texture": "#main", "cullface": "west"},
				"up": {"uv": [13, 3, 16, 7], "texture": "#lower"},
				"down": {"uv": [13, 7, 16, 3], "texture": "#lower"}
			}
		},
		{
			"from": [0, 8, 7],
			"to": [3, 10, 9],
			"faces": {
				"east": {"uv": [9, 6, 7, 8], "texture": "#main"},
				"west": {"uv": [7, 6, 9, 8], "texture": "#main", "cullface": "west"}
			}
		},
		{
			"from": [0, 8, 9],
			"to": [3, 10, 13],
			"faces": {
				"east": {"uv": [13, 6, 9, 8], "texture": "#main"},
				"west": {"uv": [9, 6, 13, 8], "texture": "#main", "cullface": "west"},
				"up": {"uv": [13, 9, 16, 13], "texture": "#lower"},
				"down": {"uv": [13, 13, 16, 9], "texture": "#lower"}
			}
		},
		{
			"from": [0, 5, 7],
			"to": [3, 8, 9],
			"faces": {
				"north": {"uv": [3, 8, 0, 11], "texture": "#main"},
				"east": {"uv": [9, 8, 7, 11], "texture": "#main"},
				"south": {"uv": [0, 8, 3, 11], "texture": "#main"},
				"west": {"uv": [7, 8, 9, 11], "texture": "#main", "cullface": "west"}
			}
		},
		{
			"from": [0, 5, 0],
			"to": [3, 8, 3],
			"faces": {
				"north": {"uv": [3, 8, 0, 11], "texture": "#main", "cullface": "north"},
				"east": {"uv": [3, 8, 0, 11], "texture": "#main"},
				"south": {"uv": [0, 8, 3, 11], "texture": "#main"},
				"west": {"uv": [0, 8, 3, 11], "texture": "#main", "cullface": "west"}
			}
		},
		{
			"from": [1, 10, 7],
			"to": [3, 13, 9],
			"faces": {
				"north": {"uv": [3, 3, 1, 6], "texture": "#main"},
				"east": {"uv": [9, 3, 7, 6], "texture": "#main"},
				"south": {"uv": [1, 3, 3, 6], "texture": "#main"}
			}
		},
		{
			"from": [1, 10, 0],
			"to": [3, 13, 3],
			"faces": {
				"north": {"uv": [3, 3, 1, 6], "texture": "#main", "cullface": "north"},
				"east": {"uv": [3, 3, 0, 6], "texture": "#main"},
				"south": {"uv": [1, 3, 3, 6], "texture": "#main"}
			}
		},
		{
			"from": [0, 10, 7],
			"to": [1, 13, 9],
			"faces": {
				"north": {"uv": [1, 7, 0, 10], "texture": "#main"},
				"south": {"uv": [0, 7, 1, 10], "texture": "#main"},
				"west": {"uv": [7, 3, 9, 6], "texture": "#main", "cullface": "west"}
			}
		},
		{
			"from": [0, 10, 0],
			"to": [1, 13, 3],
			"faces": {
				"north": {"uv": [1, 3, 0, 6], "texture": "#main", "cullface": "north"},
				"south": {"uv": [0, 7, 1, 10], "texture": "#main"},
				"west": {"uv": [0, 3, 3, 6], "texture": "#main", "cullface": "west"}
			}
		}
	]
}