{
	"credit": "Made with Blockbench",
	"parent": "block/thin_block",
	"ambientocclusion": false,
	"textures": {
		"particle": "block/oak_trapdoor"
	},
	"elements": [
		{
			"from": [13, 13, 10],
			"to": [16, 16, 13],
			"faces": {
				"east": {"uv": [3, 16, 6, 13], "texture": "#particle", "cullface": "east"},
				"west": {"uv": [10, 16, 13, 13], "texture": "#particle"},
				"up": {"uv": [13, 10, 16, 13], "texture": "#particle", "cullface": "up"},
				"down": {"uv": [3, 13, 0, 10], "texture": "#particle"}
			}
		},
		{
			"from": [0, 13, 10],
			"to": [3, 16, 13],
			"faces": {
				"east": {"uv": [3, 16, 6, 13], "texture": "#particle"},
				"west": {"uv": [10, 16, 13, 13], "texture": "#particle", "cullface": "west"},
				"up": {"uv": [0, 10, 3, 13], "texture": "#particle", "cullface": "up"},
				"down": {"uv": [16, 13, 13, 10], "texture": "#particle"}
			}
		},
		{
			"from": [6, 13, 10],
			"to": [10, 16, 13],
			"faces": {
				"east": {"uv": [3, 16, 6, 13], "texture": "#particle"},
				"west": {"uv": [10, 16, 13, 13], "texture": "#particle"},
				"up": {"uv": [6, 10, 10, 13], "texture": "#particle", "cullface": "up"},
				"down": {"uv": [10, 13, 6, 10], "texture": "#particle"}
			}
		},
		{
			"from": [13, 13, 13],
			"to": [16, 16, 16],
			"faces": {
				"east": {"uv": [0, 16, 3, 13], "texture": "#particle", "cullface": "east"},
				"south": {"uv": [13, 16, 16, 13], "texture": "#particle", "cullface": "south"},
				"up": {"uv": [13, 13, 16, 16], "texture": "#particle", "cullface": "up"},
				"down": {"uv": [3, 16, 0, 13], "texture": "#particle"}
			}
		},
		{
			"from": [10, 13, 13],
			"to": [13, 16, 16],
			"faces": {
				"north": {"uv": [3, 16, 6, 13], "texture": "#particle"},
				"south": {"uv": [10, 16, 13, 13], "texture": "#particle", "cullface": "south"},
				"up": {"uv": [10, 13, 13, 16], "texture": "#particle", "cullface": "up"},
				"down": {"uv": [6, 16, 3, 13], "texture": "#particle"}
			}
		},
		{
			"from": [0, 13, 13],
			"to": [3, 16, 16],
			"faces": {
				"south": {"uv": [0, 16, 3, 13], "texture": "#particle", "cullface": "south"},
				"west": {"uv": [13, 16, 16, 13], "texture": "#particle", "cullface": "west"},
				"up": {"uv": [0, 13, 3, 16], "texture": "#particle", "cullface": "up"},
				"down": {"uv": [16, 16, 13, 13], "texture": "#particle"}
			}
		},
		{
			"from": [3, 13, 13],
			"to": [6, 16, 16],
			"faces": {
				"north": {"uv": [10, 16, 13, 13], "texture": "#particle"},
				"south": {"uv": [3, 16, 6, 13], "texture": "#particle", "cullface": "south"},
				"up": {"uv": [3, 13, 6, 16], "texture": "#particle", "cullface": "up"},
				"down": {"uv": [13, 16, 10, 13], "texture": "#particle"}
			}
		},
		{
			"from": [6, 13, 13],
			"to": [10, 16, 16],
			"faces": {
				"south": {"uv": [6, 16, 10, 13], "texture": "#particle", "cullface": "south"},
				"up": {"uv": [6, 13, 10, 16], "texture": "#particle", "cullface": "up"},
				"down": {"uv": [10, 16, 6, 13], "texture": "#particle"}
			}
		},
		{
			"from": [13, 13, 6],
			"to": [16, 16, 10],
			"faces": {
				"east": {"uv": [6, 16, 10, 13], "texture": "#particle", "cullface": "east"},
				"up": {"uv": [13, 6, 16, 10], "texture": "#particle", "cullface": "up"},
				"down": {"uv": [3, 10, 0, 6], "texture": "#particle"}
			}
		},
		{
			"from": [10, 13, 6],
			"to": [13, 16, 10],
			"faces": {
				"north": {"uv": [3, 16, 6, 13], "texture": "#particle"},
				"south": {"uv": [10, 16, 13, 13], "texture": "#particle"},
				"up": {"uv": [10, 6, 13, 10], "texture": "#particle", "cullface": "up"},
				"down": {"uv": [6, 10, 3, 6], "texture": "#particle"}
			}
		},
		{
			"from": [0, 13, 6],
			"to": [3, 16, 10],
			"faces": {
				"west": {"uv": [6, 16, 10, 13], "texture": "#particle", "cullface": "west"},
				"up": {"uv": [0, 6, 3, 10], "texture": "#particle", "cullface": "up"},
				"down": {"uv": [16, 10, 13, 6], "texture": "#particle"}
			}
		},
		{
			"from": [3, 13, 6],
			"to": [6, 16, 10],
			"faces": {
				"north": {"uv": [10, 16, 13, 13], "texture": "#particle"},
				"south": {"uv": [3, 16, 6, 13], "texture": "#particle"},
				"up": {"uv": [3, 6, 6, 10], "texture": "#particle", "cullface": "up"},
				"down": {"uv": [13, 10, 10, 6], "texture": "#particle"}
			}
		},
		{
			"from": [6, 13, 6],
			"to": [10, 16, 10],
			"faces": {
				"up": {"uv": [6, 6, 10, 10], "texture": "#particle", "cullface": "up"},
				"down": {"uv": [10, 10, 6, 6], "texture": "#particle"}
			}
		},
		{
			"from": [13, 13, 0],
			"to": [16, 16, 3],
			"faces": {
				"north": {"uv": [0, 16, 3, 13], "texture": "#particle", "cullface": "north"},
				"east": {"uv": [13, 16, 16, 13], "texture": "#particle", "cullface": "east"},
				"up": {"uv": [13, 0, 16, 3], "texture": "#particle", "cullface": "up"},
				"down": {"uv": [3, 3, 0, 0], "texture": "#particle"}
			}
		},
		{
			"from": [10, 13, 0],
			"to": [13, 16, 3],
			"faces": {
				"north": {"uv": [3, 16, 6, 13], "texture": "#particle", "cullface": "north"},
				"south": {"uv": [10, 16, 13, 13], "texture": "#particle"},
				"up": {"uv": [10, 0, 13, 3], "texture": "#particle", "cullface": "up"},
				"down": {"uv": [6, 3, 3, 0], "texture": "#particle"}
			}
		},
		{
			"from": [0, 13, 0],
			"to": [3, 16, 3],
			"faces": {
				"north": {"uv": [13, 16, 16, 13], "texture": "#particle", "cullface": "north"},
				"west": {"uv": [0, 16, 3, 13], "texture": "#particle", "cullface": "west"},
				"up": {"uv": [0, 0, 3, 3], "texture": "#particle", "cullface": "up"},
				"down": {"uv": [16, 3, 13, 0], "texture": "#particle"}
			}
		},
		{
			"from": [3, 13, 0],
			"to": [6, 16, 3],
			"faces": {
				"north": {"uv": [10, 16, 13, 13], "texture": "#particle", "cullface": "north"},
				"south": {"uv": [3, 16, 6, 13], "texture": "#particle"},
				"up": {"uv": [3, 0, 6, 3], "texture": "#particle", "cullface": "up"},
				"down": {"uv": [13, 3, 10, 0], "texture": "#particle"}
			}
		},
		{
			"from": [6, 13, 0],
			"to": [10, 16, 3],
			"faces": {
				"north": {"uv": [6, 16, 10, 13], "texture": "#particle", "cullface": "north"},
				"up": {"uv": [6, 0, 10, 3], "texture": "#particle", "cullface": "up"},
				"down": {"uv": [10, 3, 6, 0], "texture": "#particle"}
			}
		},
		{
			"from": [13, 13, 3],
			"to": [16, 16, 6],
			"faces": {
				"east": {"uv": [10, 16, 13, 13], "texture": "#particle", "cullface": "east"},
				"west": {"uv": [3, 16, 6, 13], "texture": "#particle"},
				"up": {"uv": [13, 3, 16, 6], "texture": "#particle", "cullface": "up"},
				"down": {"uv": [3, 6, 0, 3], "texture": "#particle"}
			}
		},
		{
			"from": [0, 13, 3],
			"to": [3, 16, 6],
			"faces": {
				"east": {"uv": [10, 16, 13, 13], "texture": "#particle"},
				"west": {"uv": [3, 16, 6, 13], "texture": "#particle", "cullface": "west"},
				"up": {"uv": [0, 3, 3, 6], "texture": "#particle", "cullface": "up"},
				"down": {"uv": [16, 6, 13, 3], "texture": "#particle"}
			}
		},
		{
			"from": [6, 13, 3],
			"to": [10, 16, 6],
			"faces": {
				"east": {"uv": [10, 16, 13, 13], "texture": "#particle"},
				"west": {"uv": [3, 16, 6, 13], "texture": "#particle"},
				"up": {"uv": [6, 3, 10, 6], "texture": "#particle", "cullface": "up"},
				"down": {"uv": [10, 6, 6, 3], "texture": "#particle"}
			}
		}
	]
}