{
	"credit": "Made with Blockbench",
	"ambientocclusion": false,
	"textures": {
		"lower": "block/spruce_door_bottom",
		"particle": "block/spruce_door_top",
		"main": "block/spruce_door_top"
	},
	"elements": [
		{
			"from": [2, 1, 0],
			"to": [3, 10, 16],
			"rotation": {"angle": 0, "axis": "y", "origin": [1.5, 8, 8]},
			"faces": {
				"north": {"uv": [0, 6, 1, 15], "texture": "#main", "cullface": "north"},
				"east": {"uv": [0, 6, 16, 15], "texture": "#main"},
				"south": {"uv": [1, 6, 0, 15], "texture": "#main", "cullface": "south"}
			}
		},
		{
			"from": [2, 0, 0],
			"to": [3, 1, 16],
			"rotation": {"angle": 0, "axis": "y", "origin": [1.5, 8, 8]},
			"faces": {
				"north": {"uv": [0, 14, 1, 15], "texture": "#main", "cullface": "north"},
				"east": {"uv": [0, 15, 16, 16], "texture": "#main"},
				"south": {"uv": [1, 15, 0, 16], "texture": "#main", "cullface": "south"}
			}
		},
		{
			"from": [2, 12, 0],
			"to": [3, 16, 5],
			"rotation": {"angle": 0, "axis": "y", "origin": [1.5, 8, 8]},
			"faces": {
				"north": {"uv": [0, 0, 1, 4], "texture": "#main", "cullface": "north"},
				"east": {"uv": [11, 0, 16, 4], "texture": "#main"},
				"up": {"uv": [13, 11, 14, 16], "rotation": 180, "texture": "#lower", "cullface": "up"}
			}
		},
		{
			"from": [2, 12, 5],
			"to": [3, 16, 6],
			"rotation": {"angle": 0, "axis": "y", "origin": [1.5, 8, 8]},
			"faces": {
				"east": {"uv": [10, 0, 11, 4], "texture": "#main"},
				"up": {"uv": [13, 9, 14, 10], "rotation": 180, "texture": "#lower", "cullface": "up"}
			}
		},
		{
			"from": [2, 12, 6],
			"to": [3, 16, 13],
			"rotation": {"angle": 0, "axis": "y", "origin": [1.5, 8, 8]},
			"faces": {
				"east": {"uv": [3, 0, 10, 4], "texture": "#main"},
				"up": {"uv": [13, 3, 14, 10], "rotation": 180, "texture": "#lower", "cullface": "up"}
			}
		},
		{
			"from": [2, 12, 13],
			"to": [3, 16, 15],
			"rotation": {"angle": 0, "axis": "y", "origin": [1.5, 8, 8]},
			"faces": {
				"east": {"uv": [1, 0, 3, 4], "texture": "#main"},
				"up": {"uv": [13, 7, 14, 9], "rotation": 180, "texture": "#lower", "cullface": "up"}
			}
		},
		{
			"from": [2, 12, 15],
			"to": [3, 16, 16],
			"rotation": {"angle": 0, "axis": "y", "origin": [1.5, 8, 8]},
			"faces": {
				"east": {"uv": [0, 0, 1, 4], "texture": "#main"},
				"south": {"uv": [1, 0, 0, 4], "texture": "#main", "cullface": "south"},
				"up": {"uv": [13, 0, 14, 1], "rotation": 180, "texture": "#lower", "cullface": "up"}
			}
		},
		{
			"from": [2, 10, 0],
			"to": [3, 12, 16],
			"rotation": {"angle": 0, "axis": "y", "origin": [1.5, 8, 8]},
			"faces": {
				"north": {"uv": [0, 2, 1, 4], "texture": "#main", "cullface": "north"},
				"east": {"uv": [0, 4, 16, 6], "texture": "#main"},
				"south": {"uv": [1, 4, 0, 6], "texture": "#main", "cullface": "south"}
			}
		},
		{
			"from": [0, 0, 0],
			"to": [1, 16, 16],
			"rotation": {"angle": 0, "axis": "y", "origin": [1.5, 8, 8]},
			"faces": {
				"north": {"uv": [2, 0, 3, 16], "texture": "#main", "cullface": "north"},
				"south": {"uv": [3, 0, 2, 16], "texture": "#main", "cullface": "south"},
				"west": {"uv": [16, 0, 0, 16], "texture": "#main", "cullface": "west"},
				"up": {"uv": [15, 0, 16, 16], "rotation": 180, "texture": "#lower", "cullface": "up"}
			}
		},
		{
			"from": [1, 0, 6],
			"to": [2, 16, 16],
			"rotation": {"angle": 0, "axis": "y", "origin": [1.5, 8, 8]},
			"faces": {
				"south": {"uv": [2, 0, 1, 16], "texture": "#main", "cullface": "south"},
				"up": {"uv": [14, 0, 15, 10], "rotation": 180, "texture": "#lower", "cullface": "up"}
			}
		},
		{
			"from": [1, 0, 5],
			"to": [2, 16, 6],
			"rotation": {"angle": 0, "axis": "y", "origin": [1.5, 8, 8]},
			"faces": {
				"up": {"uv": [14, 11, 15, 12], "rotation": 180, "texture": "#lower", "cullface": "up"}
			}
		},
		{
			"from": [1, 0, 0],
			"to": [2, 16, 5],
			"rotation": {"angle": 0, "axis": "y", "origin": [1.5, 8, 8]},
			"faces": {
				"north": {"uv": [1, 0, 2, 16], "texture": "#main", "cullface": "north"},
				"up": {"uv": [14, 11, 15, 16], "rotation": 180, "texture": "#lower", "cullface": "up"}
			}
		}
	]
}