{
	"credit": "Made with Blockbench",
	"parent": "block/thin_block",
	"ambientocclusion": false,
	"textures": {
		"particle": "block/warped_trapdoor"
	},
	"elements": [
		{
			"from": [13, 13, 13],
			"to": [16, 16, 16],
			"faces": {
				"east": {"uv": [0, 0, 3, 3], "texture": "#particle", "cullface": "east"},
				"south": {"uv": [13, 0, 16, 3], "texture": "#particle", "cullface": "south"},
				"up": {"uv": [13, 3, 16, 0], "texture": "#particle", "cullface": "up"},
				"down": {"uv": [13, 0, 16, 3], "texture": "#particle"}
			}
		},
		{
			"from": [13, 13, 0],
			"to": [16, 16, 3],
			"faces": {
				"north": {"uv": [0, 0, 3, 3], "texture": "#particle", "cullface": "north"},
				"east": {"uv": [13, 0, 16, 3], "texture": "#particle", "cullface": "east"},
				"up": {"uv": [13, 16, 16, 13], "texture": "#particle", "cullface": "up"},
				"down": {"uv": [13, 13, 16, 16], "texture": "#particle"}
			}
		},
		{
			"from": [0, 13, 13],
			"to": [3, 16, 16],
			"faces": {
				"south": {"uv": [0, 0, 3, 3], "texture": "#particle", "cullface": "south"},
				"west": {"uv": [13, 0, 16, 3], "texture": "#particle", "cullface": "west"},
				"up": {"uv": [0, 3, 3, 0], "texture": "#particle", "cullface": "up"},
				"down": {"uv": [0, 0, 3, 3], "texture": "#particle"}
			}
		},
		{
			"from": [0, 13, 0],
			"to": [3, 16, 3],
			"faces": {
				"north": {"uv": [13, 0, 16, 3], "texture": "#particle", "cullface": "north"},
				"west": {"uv": [0, 0, 3, 3], "texture": "#particle", "cullface": "west"},
				"up": {"uv": [0, 16, 3, 13], "texture": "#particle", "cullface": "up"},
				"down": {"uv": [0, 13, 3, 16], "texture": "#particle"}
			}
		},
		{
			"from": [6, 13, 13],
			"to": [8, 16, 16],
			"faces": {
				"north": {"uv": [8, 0, 10, 3], "texture": "#particle"},
				"south": {"uv": [6, 0, 8, 3], "texture": "#particle", "cullface": "south"},
				"up": {"uv": [6, 3, 8, 0], "texture": "#particle", "cullface": "up"},
				"down": {"uv": [6, 0, 8, 3], "texture": "#particle"}
			}
		},
		{
			"from": [7, 13, 0],
			"to": [9, 16, 3],
			"faces": {
				"north": {"uv": [7, 0, 9, 3], "texture": "#particle", "cullface": "north"},
				"south": {"uv": [7, 0, 9, 3], "texture": "#particle"},
				"up": {"uv": [7, 16, 9, 13], "texture": "#particle", "cullface": "up"},
				"down": {"uv": [7, 13, 9, 16], "texture": "#particle"}
			}
		},
		{
			"from": [11, 13, 13],
			"to": [13, 16, 16],
			"faces": {
				"north": {"uv": [3, 0, 5, 3], "texture": "#particle"},
				"south": {"uv": [11, 0, 13, 3], "texture": "#particle", "cullface": "south"},
				"up": {"uv": [11, 3, 13, 0], "texture": "#particle", "cullface": "up"},
				"down": {"uv": [11, 0, 13, 3], "texture": "#particle"}
			}
		},
		{
			"from": [12, 13, 0],
			"to": [13, 16, 3],
			"faces": {
				"north": {"uv": [3, 0, 4, 3], "texture": "#particle", "cullface": "north"},
				"south": {"uv": [12, 0, 13, 3], "texture": "#particle"},
				"up": {"uv": [12, 16, 13, 13], "texture": "#particle", "cullface": "up"},
				"down": {"uv": [12, 13, 13, 16], "texture": "#particle"}
			}
		},
		{
			"from": [3, 13, 13],
			"to": [4, 16, 16],
			"faces": {
				"north": {"uv": [12, 0, 13, 3], "texture": "#particle"},
				"south": {"uv": [3, 0, 4, 3], "texture": "#particle", "cullface": "south"},
				"up": {"uv": [3, 3, 4, 0], "texture": "#particle", "cullface": "up"},
				"down": {"uv": [3, 0, 4, 3], "texture": "#particle"}
			}
		},
		{
			"from": [3, 13, 0],
			"to": [4, 16, 3],
			"faces": {
				"north": {"uv": [12, 0, 13, 3], "texture": "#particle", "cullface": "north"},
				"south": {"uv": [3, 0, 4, 3], "texture": "#particle"},
				"up": {"uv": [3, 16, 4, 13], "texture": "#particle", "cullface": "up"},
				"down": {"uv": [3, 13, 4, 16], "texture": "#particle"}
			}
		},
		{
			"from": [8, 13, 13],
			"to": [11, 16, 16],
			"faces": {
				"south": {"uv": [8, 0, 11, 3], "texture": "#particle", "cullface": "south"},
				"up": {"uv": [8, 3, 11, 0], "texture": "#particle", "cullface": "up"},
				"down": {"uv": [8, 0, 11, 3], "texture": "#particle"}
			}
		},
		{
			"from": [11, 13, 0],
			"to": [12, 16, 3],
			"faces": {
				"north": {"uv": [4, 0, 5, 3], "texture": "#particle", "cullface": "north"},
				"up": {"uv": [11, 16, 12, 13], "texture": "#particle", "cullface": "up"},
				"down": {"uv": [11, 13, 12, 16], "texture": "#particle"}
			}
		},
		{
			"from": [10, 13, 0],
			"to": [11, 16, 3],
			"faces": {
				"north": {"uv": [5, 0, 6, 3], "texture": "#particle", "cullface": "north"},
				"south": {"uv": [10, 0, 11, 3], "texture": "#particle"},
				"up": {"uv": [10, 16, 11, 13], "texture": "#particle", "cullface": "up"},
				"down": {"uv": [10, 13, 11, 16], "texture": "#particle"}
			}
		},
		{
			"from": [9, 13, 0],
			"to": [10, 16, 3],
			"faces": {
				"north": {"uv": [6, 0, 7, 3], "texture": "#particle", "cullface": "north"},
				"up": {"uv": [9, 16, 10, 13], "texture": "#particle", "cullface": "up"},
				"down": {"uv": [9, 13, 10, 16], "texture": "#particle"}
			}
		},
		{
			"from": [4, 13, 13],
			"to": [6, 16, 16],
			"faces": {
				"south": {"uv": [4, 0, 6, 3], "texture": "#particle", "cullface": "south"},
				"up": {"uv": [4, 3, 6, 0], "texture": "#particle", "cullface": "up"},
				"down": {"uv": [4, 0, 6, 3], "texture": "#particle"}
			}
		},
		{
			"from": [4, 13, 0],
			"to": [7, 16, 3],
			"faces": {
				"north": {"uv": [9, 0, 12, 3], "texture": "#particle", "cullface": "north"},
				"up": {"uv": [4, 16, 7, 13], "texture": "#particle", "cullface": "up"},
				"down": {"uv": [4, 13, 7, 16], "texture": "#particle"}
			}
		},
		{
			"from": [13, 13, 11],
			"to": [16, 16, 13],
			"faces": {
				"east": {"uv": [3, 0, 5, 3], "texture": "#particle", "cullface": "east"},
				"west": {"uv": [11, 0, 13, 3], "texture": "#particle"},
				"up": {"uv": [13, 5, 16, 3], "texture": "#particle", "cullface": "up"},
				"down": {"uv": [13, 3, 16, 5], "texture": "#particle"}
			}
		},
		{
			"from": [13, 13, 6],
			"to": [16, 16, 11],
			"faces": {
				"east": {"uv": [5, 0, 10, 3], "texture": "#particle", "cullface": "east"},
				"up": {"uv": [13, 10, 16, 5], "texture": "#particle", "cullface": "up"},
				"down": {"uv": [13, 5, 16, 10], "texture": "#particle"}
			}
		},
		{
			"from": [12, 13, 6],
			"to": [13, 16, 11],
			"faces": {
				"north": {"uv": [3, 0, 4, 3], "texture": "#particle"},
				"south": {"uv": [12, 0, 13, 3], "texture": "#particle"},
				"west": {"uv": [6, 0, 11, 3], "texture": "#particle"},
				"up": {"uv": [12, 10, 13, 5], "texture": "#particle", "cullface": "up"},
				"down": {"uv": [12, 5, 13, 10], "texture": "#particle"}
			}
		},
		{
			"from": [13, 13, 3],
			"to": [16, 16, 6],
			"faces": {
				"east": {"uv": [10, 0, 13, 3], "texture": "#particle", "cullface": "east"},
				"west": {"uv": [3, 0, 6, 3], "texture": "#particle"},
				"up": {"uv": [13, 13, 16, 10], "texture": "#particle", "cullface": "up"},
				"down": {"uv": [13, 10, 16, 13], "texture": "#particle"}
			}
		},
		{
			"from": [0, 13, 3],
			"to": [3, 16, 8],
			"faces": {
				"east": {"uv": [8, 0, 13, 3], "texture": "#particle"},
				"west": {"uv": [3, 0, 8, 3], "texture": "#particle", "cullface": "west"},
				"up": {"uv": [0, 13, 3, 8], "texture": "#particle", "cullface": "up"},
				"down": {"uv": [0, 8, 3, 13], "texture": "#particle"}
			}
		},
		{
			"from": [0, 13, 8],
			"to": [3, 16, 10],
			"faces": {
				"west": {"uv": [8, 0, 10, 3], "texture": "#particle", "cullface": "west"},
				"up": {"uv": [0, 8, 3, 6], "texture": "#particle", "cullface": "up"},
				"down": {"uv": [0, 6, 3, 8], "texture": "#particle"}
			}
		},
		{
			"from": [3, 13, 8],
			"to": [4, 16, 10],
			"faces": {
				"north": {"uv": [12, 0, 13, 3], "texture": "#particle"},
				"east": {"uv": [5, 0, 7, 3], "texture": "#particle"},
				"south": {"uv": [3, 0, 4, 3], "texture": "#particle"},
				"up": {"uv": [3, 8, 4, 6], "texture": "#particle", "cullface": "up"},
				"down": {"uv": [3, 6, 4, 8], "texture": "#particle"}
			}
		},
		{
			"from": [0, 13, 10],
			"to": [3, 16, 13],
			"faces": {
				"east": {"uv": [3, 0, 6, 3], "texture": "#particle"},
				"west": {"uv": [10, 0, 13, 3], "texture": "#particle", "cullface": "west"},
				"up": {"uv": [0, 6, 3, 3], "texture": "#particle", "cullface": "up"},
				"down": {"uv": [0, 3, 3, 6], "texture": "#particle"}
			}
		},
		{
			"from": [6, 13, 10],
			"to": [7, 16, 11],
			"faces": {
				"east": {"uv": [5, 0, 6, 3], "texture": "#particle"},
				"up": {"uv": [6, 6, 7, 5], "texture": "#particle", "cullface": "up"},
				"down": {"uv": [6, 5, 7, 6], "texture": "#particle"}
			}
		},
		{
			"from": [5, 13, 10],
			"to": [6, 16, 11],
			"faces": {
				"north": {"uv": [10, 0, 11, 3], "texture": "#particle"},
				"west": {"uv": [10, 0, 11, 3], "texture": "#particle"},
				"up": {"uv": [5, 6, 6, 5], "texture": "#particle", "cullface": "up"},
				"down": {"uv": [5, 5, 6, 6], "texture": "#particle"}
			}
		},
		{
			"from": [6, 13, 8],
			"to": [7, 16, 10],
			"faces": {
				"east": {"uv": [6, 0, 8, 3], "texture": "#particle"},
				"west": {"uv": [8, 0, 10, 3], "texture": "#particle"},
				"up": {"uv": [6, 8, 7, 6], "texture": "#particle", "cullface": "up"},
				"down": {"uv": [6, 6, 7, 8], "texture": "#particle"}
			}
		},
		{
			"from": [6, 13, 7],
			"to": [7, 16, 8],
			"faces": {
				"east": {"uv": [8, 0, 9, 3], "texture": "#particle"},
				"up": {"uv": [6, 9, 7, 8], "texture": "#particle", "cullface": "up"},
				"down": {"uv": [6, 8, 7, 9], "texture": "#particle"}
			}
		},
		{
			"from": [5, 13, 7],
			"to": [6, 16, 8],
			"faces": {
				"south": {"uv": [5, 0, 6, 3], "texture": "#particle"},
				"west": {"uv": [7, 0, 8, 3], "texture": "#particle"},
				"up": {"uv": [5, 9, 6, 8], "texture": "#particle", "cullface": "up"},
				"down": {"uv": [5, 8, 6, 9], "texture": "#particle"}
			}
		},
		{
			"from": [6, 13, 11],
			"to": [7, 16, 12],
			"faces": {
				"east": {"uv": [4, 0, 5, 3], "texture": "#particle"},
				"south": {"uv": [6, 0, 7, 3], "texture": "#particle"},
				"up": {"uv": [4, 5, 5, 4], "texture": "#particle", "cullface": "up"},
				"down": {"uv": [6, 4, 7, 5], "texture": "#particle"}
			}
		},
		{
			"from": [5, 13, 11],
			"to": [6, 16, 12],
			"faces": {
				"up": {"uv": [5, 5, 6, 4], "texture": "#particle", "cullface": "up"},
				"down": {"uv": [5, 4, 6, 5], "texture": "#particle"}
			}
		},
		{
			"from": [4, 13, 11],
			"to": [5, 16, 12],
			"faces": {
				"north": {"uv": [11, 0, 12, 3], "texture": "#particle"},
				"west": {"uv": [11, 0, 12, 3], "texture": "#particle"},
				"up": {"uv": [6, 5, 7, 4], "texture": "#particle", "cullface": "up"},
				"down": {"uv": [4, 4, 5, 5], "texture": "#particle"}
			}
		},
		{
			"from": [4, 13, 12],
			"to": [6, 16, 13],
			"faces": {
				"east": {"uv": [3, 0, 4, 3], "texture": "#particle"},
				"west": {"uv": [12, 0, 13, 3], "texture": "#particle"},
				"up": {"uv": [4, 4, 6, 3], "texture": "#particle", "cullface": "up"},
				"down": {"uv": [4, 3, 6, 4], "texture": "#particle"}
			}
		},
		{
			"from": [6, 13, 3],
			"to": [7, 16, 4],
			"faces": {
				"east": {"uv": [12, 0, 13, 3], "texture": "#particle"},
				"south": {"uv": [6, 0, 7, 3], "texture": "#particle"},
				"up": {"uv": [6, 13, 7, 12], "texture": "#particle", "cullface": "up"},
				"down": {"uv": [6, 12, 7, 13], "texture": "#particle"}
			}
		},
		{
			"from": [4, 13, 3],
			"to": [6, 16, 4],
			"faces": {
				"west": {"uv": [3, 0, 4, 3], "texture": "#particle"},
				"up": {"uv": [4, 13, 6, 12], "texture": "#particle", "cullface": "up"},
				"down": {"uv": [4, 12, 6, 13], "texture": "#particle"}
			}
		},
		{
			"from": [4, 13, 4],
			"to": [6, 16, 6],
			"faces": {
				"east": {"uv": [10, 0, 12, 3], "texture": "#particle"},
				"west": {"uv": [4, 0, 6, 3], "texture": "#particle"},
				"up": {"uv": [4, 12, 6, 10], "texture": "#particle", "cullface": "up"},
				"down": {"uv": [4, 10, 6, 12], "texture": "#particle"}
			}
		},
		{
			"from": [6, 13, 6],
			"to": [7, 16, 7],
			"faces": {
				"north": {"uv": [9, 0, 10, 3], "texture": "#particle"},
				"east": {"uv": [9, 0, 10, 3], "texture": "#particle"},
				"up": {"uv": [6, 10, 7, 9], "texture": "#particle", "cullface": "up"},
				"down": {"uv": [6, 9, 7, 10], "texture": "#particle"}
			}
		},
		{
			"from": [5, 13, 6],
			"to": [6, 16, 7],
			"faces": {
				"up": {"uv": [5, 10, 6, 9], "texture": "#particle", "cullface": "up"},
				"down": {"uv": [5, 9, 6, 10], "texture": "#particle"}
			}
		},
		{
			"from": [4, 13, 6],
			"to": [5, 16, 7],
			"faces": {
				"south": {"uv": [4, 0, 5, 3], "texture": "#particle"},
				"west": {"uv": [6, 0, 7, 3], "texture": "#particle"},
				"up": {"uv": [4, 10, 5, 9], "texture": "#particle", "cullface": "up"},
				"down": {"uv": [4, 9, 5, 10], "texture": "#particle"}
			}
		},
		{
			"from": [9, 13, 4],
			"to": [10, 16, 5],
			"faces": {
				"west": {"uv": [4, 0, 5, 3], "texture": "#particle"},
				"up": {"uv": [9, 12, 10, 11], "texture": "#particle", "cullface": "up"},
				"down": {"uv": [9, 11, 10, 12], "texture": "#particle"}
			}
		},
		{
			"from": [10, 13, 4],
			"to": [11, 16, 5],
			"faces": {
				"north": {"uv": [5, 0, 6, 3], "texture": "#particle"},
				"east": {"uv": [11, 0, 12, 3], "texture": "#particle"},
				"up": {"uv": [10, 12, 11, 11], "texture": "#particle", "cullface": "up"},
				"down": {"uv": [10, 11, 11, 12], "texture": "#particle"}
			}
		},
		{
			"from": [9, 13, 12],
			"to": [10, 16, 13],
			"faces": {
				"up": {"uv": [9, 4, 10, 3], "texture": "#particle", "cullface": "up"},
				"down": {"uv": [9, 3, 10, 4], "texture": "#particle"}
			}
		},
		{
			"from": [10, 13, 12],
			"to": [11, 16, 13],
			"faces": {
				"north": {"uv": [5, 0, 6, 3], "texture": "#particle"},
				"east": {"uv": [3, 0, 4, 3], "texture": "#particle"},
				"up": {"uv": [10, 4, 11, 3], "texture": "#particle", "cullface": "up"},
				"down": {"uv": [10, 3, 11, 4], "texture": "#particle"}
			}
		},
		{
			"from": [8, 13, 12],
			"to": [9, 16, 13],
			"faces": {
				"north": {"uv": [7, 0, 8, 3], "texture": "#particle"},
				"west": {"uv": [12, 0, 13, 3], "texture": "#particle"},
				"up": {"uv": [8, 4, 9, 3], "texture": "#particle", "cullface": "up"},
				"down": {"uv": [8, 3, 9, 4], "texture": "#particle"}
			}
		},
		{
			"from": [9, 13, 11],
			"to": [10, 16, 12],
			"faces": {
				"east": {"uv": [4, 0, 5, 3], "texture": "#particle"},
				"west": {"uv": [11, 0, 12, 3], "texture": "#particle"},
				"up": {"uv": [9, 5, 10, 4], "texture": "#particle", "cullface": "up"},
				"down": {"uv": [9, 4, 10, 5], "texture": "#particle"}
			}
		},
		{
			"from": [10, 13, 10],
			"to": [11, 16, 11],
			"faces": {
				"east": {"uv": [5, 0, 6, 3], "texture": "#particle"},
				"south": {"uv": [10, 0, 11, 3], "texture": "#particle"},
				"up": {"uv": [10, 6, 11, 5], "texture": "#particle", "cullface": "up"},
				"down": {"uv": [10, 5, 11, 6], "texture": "#particle"}
			}
		},
		{
			"from": [9, 13, 10],
			"to": [10, 16, 11],
			"faces": {
				"west": {"uv": [10, 0, 11, 3], "texture": "#particle"},
				"up": {"uv": [9, 6, 10, 5], "texture": "#particle", "cullface": "up"},
				"down": {"uv": [9, 5, 10, 6], "texture": "#particle"}
			}
		},
		{
			"from": [9, 13, 9],
			"to": [10, 16, 10],
			"faces": {
				"north": {"uv": [6, 0, 7, 3], "texture": "#particle"},
				"west": {"uv": [9, 0, 10, 3], "texture": "#particle"},
				"up": {"uv": [9, 7, 10, 6], "texture": "#particle", "cullface": "up"},
				"down": {"uv": [9, 6, 10, 7], "texture": "#particle"}
			}
		},
		{
			"from": [10, 13, 9],
			"to": [11, 16, 10],
			"faces": {
				"east": {"uv": [6, 0, 7, 3], "texture": "#particle"},
				"up": {"uv": [10, 7, 11, 6], "texture": "#particle", "cullface": "up"},
				"down": {"uv": [10, 6, 11, 7], "texture": "#particle"}
			}
		},
		{
			"from": [10, 13, 6],
			"to": [11, 16, 9],
			"faces": {
				"east": {"uv": [7, 0, 10, 3], "texture": "#particle"},
				"west": {"uv": [6, 0, 9, 3], "texture": "#particle"},
				"up": {"uv": [10, 10, 11, 7], "texture": "#particle", "cullface": "up"},
				"down": {"uv": [10, 7, 11, 10], "texture": "#particle"}
			}
		},
		{
			"from": [9, 13, 5],
			"to": [10, 16, 6],
			"faces": {
				"south": {"uv": [9, 0, 10, 3], "texture": "#particle"},
				"west": {"uv": [5, 0, 6, 3], "texture": "#particle"},
				"up": {"uv": [9, 11, 10, 10], "texture": "#particle", "cullface": "up"},
				"down": {"uv": [9, 10, 10, 11], "texture": "#particle"}
			}
		},
		{
			"from": [10, 13, 5],
			"to": [11, 16, 6],
			"faces": {
				"east": {"uv": [10, 0, 11, 3], "texture": "#particle"},
				"up": {"uv": [10, 11, 11, 10], "texture": "#particle", "cullface": "up"},
				"down": {"uv": [10, 10, 11, 11], "texture": "#particle"}
			}
		},
		{
			"from": [11, 13, 3],
			"to": [12, 16, 4],
			"faces": {
				"east": {"uv": [12, 0, 13, 3], "texture": "#particle"},
				"south": {"uv": [11, 0, 12, 3], "texture": "#particle"},
				"west": {"uv": [3, 0, 4, 3], "texture": "#particle"},
				"up": {"uv": [11, 13, 12, 12], "texture": "#particle", "cullface": "up"},
				"down": {"uv": [11, 12, 12, 13], "texture": "#particle"}
			}
		},
		{
			"from": [9, 13, 3],
			"to": [10, 16, 4],
			"faces": {
				"east": {"uv": [12, 0, 13, 3], "texture": "#particle"},
				"west": {"uv": [3, 0, 4, 3], "texture": "#particle"},
				"up": {"uv": [9, 13, 10, 12], "texture": "#particle", "cullface": "up"},
				"down": {"uv": [9, 12, 10, 13], "texture": "#particle"}
			}
		}
	]
}