{
	"multipart": [
		{
			"when": {
				"up": "true"
			},
				"apply": [
					{"model": "minecraft:block/glow_lichen", "x": 270, "uvlock": false},
					{"model": "minecraft:block/glow_lichen1", "x": 270, "uvlock": false},
					{"model": "minecraft:block/glow_lichen2", "x": 270, "uvlock": false},
					{"model": "minecraft:block/glow_lichen3", "x": 270, "uvlock": false},
					{"model": "minecraft:block/glow_lichen4", "x": 270, "uvlock": false},
					{"model": "minecraft:block/glow_lichen5", "x": 270, "uvlock": false},
					{"model": "minecraft:block/glow_lichen6", "x": 270, "uvlock": false}
				]
			},
		{
			"when": {
				"up": "false",
				"north": "false",
				"west": "false",
				"south": "false",
				"east": "false",
				"down": "false"
			},
				"apply": [
					{"model": "minecraft:block/glow_lichen", "x": 270, "uvlock": false},
					{"model": "minecraft:block/glow_lichen1", "x": 270, "uvlock": false},
					{"model": "minecraft:block/glow_lichen2", "x": 270, "uvlock": false},
					{"model": "minecraft:block/glow_lichen3", "x": 270, "uvlock": false},
					{"model": "minecraft:block/glow_lichen4", "x": 270, "uvlock": false},
					{"model": "minecraft:block/glow_lichen5", "x": 270, "uvlock": false},
					{"model": "minecraft:block/glow_lichen6", "x": 270, "uvlock": false}
				]
			},
		{
			"when": {
				"north": "true"
			},
				"apply": [
					{"model": "minecraft:block/glow_lichen"},
					{"model": "minecraft:block/glow_lichen1"},
					{"model": "minecraft:block/glow_lichen2"},
					{"model": "minecraft:block/glow_lichen3"},
					{"model": "minecraft:block/glow_lichen4"},
					{"model": "minecraft:block/glow_lichen5"},
					{"model": "minecraft:block/glow_lichen6"}
				]
			},
		{
			"when": {
				"up": "false",
				"north": "false",
				"west": "false",
				"south": "false",
				"east": "false",
				"down": "false"
			},
				"apply": [
					{"model": "minecraft:block/glow_lichen"},
					{"model": "minecraft:block/glow_lichen1"},
					{"model": "minecraft:block/glow_lichen2"},
					{"model": "minecraft:block/glow_lichen3"},
					{"model": "minecraft:block/glow_lichen4"},
					{"model": "minecraft:block/glow_lichen5"},
					{"model": "minecraft:block/glow_lichen6"}
				]
			},
		{
			"when": {
				"west": "true"
			},
				"apply": [
					{"model": "minecraft:block/glow_lichen", "y": 270, "uvlock": false},
					{"model": "minecraft:block/glow_lichen1", "y": 270, "uvlock": false},
					{"model": "minecraft:block/glow_lichen2", "y": 270, "uvlock": false},
					{"model": "minecraft:block/glow_lichen3", "y": 270, "uvlock": false},
					{"model": "minecraft:block/glow_lichen4", "y": 270, "uvlock": false},
					{"model": "minecraft:block/glow_lichen5", "y": 270, "uvlock": false},
					{"model": "minecraft:block/glow_lichen6", "y": 270, "uvlock": false}
				]
			},
		{
			"when": {
				"up": "false",
				"north": "false",
				"west": "false",
				"south": "false",
				"east": "false",
				"down": "false"
			},
				"apply": [
					{"model": "minecraft:block/glow_lichen", "y": 270, "uvlock": false},
					{"model": "minecraft:block/glow_lichen1", "y": 270, "uvlock": false},
					{"model": "minecraft:block/glow_lichen2", "y": 270, "uvlock": false},
					{"model": "minecraft:block/glow_lichen3", "y": 270, "uvlock": false},
					{"model": "minecraft:block/glow_lichen4", "y": 270, "uvlock": false},
					{"model": "minecraft:block/glow_lichen5", "y": 270, "uvlock": false},
					{"model": "minecraft:block/glow_lichen6", "y": 270, "uvlock": false}
				]
			},
		{
			"when": {
				"south": "true"
			},
				"apply": [
					{"model": "minecraft:block/glow_lichen", "y": 180, "uvlock": false},
					{"model": "minecraft:block/glow_lichen1", "y": 180, "uvlock": false},
					{"model": "minecraft:block/glow_lichen2", "y": 180, "uvlock": false},
					{"model": "minecraft:block/glow_lichen3", "y": 180, "uvlock": false},
					{"model": "minecraft:block/glow_lichen4", "y": 180, "uvlock": false},
					{"model": "minecraft:block/glow_lichen5", "y": 180, "uvlock": false},
					{"model": "minecraft:block/glow_lichen6", "y": 180, "uvlock": false}
				]
			},
		{
			"when": {
				"up": "false",
				"north": "false",
				"west": "false",
				"south": "false",
				"east": "false",
				"down": "false"
			},
				"apply": [
					{"model": "minecraft:block/glow_lichen", "y": 180, "uvlock": false},
					{"model": "minecraft:block/glow_lichen1", "y": 180, "uvlock": false},
					{"model": "minecraft:block/glow_lichen2", "y": 180, "uvlock": false},
					{"model": "minecraft:block/glow_lichen3", "y": 180, "uvlock": false},
					{"model": "minecraft:block/glow_lichen4", "y": 180, "uvlock": false},
					{"model": "minecraft:block/glow_lichen5", "y": 180, "uvlock": false},
					{"model": "minecraft:block/glow_lichen6", "y": 180, "uvlock": false}
				]
			},
		{
			"when": {
				"east": "true"
			},
				"apply": [
					{"model": "minecraft:block/glow_lichen", "y": 90, "uvlock": false},
					{"model": "minecraft:block/glow_lichen1", "y": 90, "uvlock": false},
					{"model": "minecraft:block/glow_lichen2", "y": 90, "uvlock": false},
					{"model": "minecraft:block/glow_lichen3", "y": 90, "uvlock": false},
					{"model": "minecraft:block/glow_lichen4", "y": 90, "uvlock": false},
					{"model": "minecraft:block/glow_lichen5", "y": 90, "uvlock": false},
					{"model": "minecraft:block/glow_lichen6", "y": 90, "uvlock": false}
				]
			},
		{
			"when": {
				"up": "false",
				"north": "false",
				"west": "false",
				"south": "false",
				"east": "false",
				"down": "false"
			},
				"apply": [
					{"model": "minecraft:block/glow_lichen", "y": 90, "uvlock": false},
					{"model": "minecraft:block/glow_lichen1", "y": 90, "uvlock": false},
					{"model": "minecraft:block/glow_lichen2", "y": 90, "uvlock": false},
					{"model": "minecraft:block/glow_lichen3", "y": 90, "uvlock": false},
					{"model": "minecraft:block/glow_lichen4", "y": 90, "uvlock": false},
					{"model": "minecraft:block/glow_lichen5", "y": 90, "uvlock": false},
					{"model": "minecraft:block/glow_lichen6", "y": 90, "uvlock": false}
				]
			},
		{
			"when": {
				"down": "true"
			},
				"apply": [
					{"model": "minecraft:block/glow_lichen", "x": 90, "uvlock": false},
					{"model": "minecraft:block/glow_lichen1", "x": 90, "uvlock": false},
					{"model": "minecraft:block/glow_lichen2", "x": 90, "uvlock": false},
					{"model": "minecraft:block/glow_lichen3", "x": 90, "uvlock": false},
					{"model": "minecraft:block/glow_lichen4", "x": 90, "uvlock": false},
					{"model": "minecraft:block/glow_lichen5", "x": 90, "uvlock": false},
					{"model": "minecraft:block/glow_lichen6", "x": 90, "uvlock": false}
				]
			},
		{
			"when": {
				"up": "false",
				"north": "false",
				"west": "false",
				"south": "false",
				"east": "false",
				"down": "false"
			},
				"apply": [
					{"model": "minecraft:block/glow_lichen", "x": 90, "uvlock": false},
					{"model": "minecraft:block/glow_lichen1", "x": 90, "uvlock": false},
					{"model": "minecraft:block/glow_lichen2", "x": 90, "uvlock": false},
					{"model": "minecraft:block/glow_lichen3", "x": 90, "uvlock": false},
					{"model": "minecraft:block/glow_lichen4", "x": 90, "uvlock": false},
					{"model": "minecraft:block/glow_lichen5", "x": 90, "uvlock": false},
					{"model": "minecraft:block/glow_lichen6", "x": 90, "uvlock": false}
				]
		}
	]
}