{
    "variants": {
        "type=double": [
			{"model": "block/mossy_stone_brick_double"},
			{"model": "block/mossy_stone_brick_double1"}
		],
		"type=bottom": [
			{"model": "block/mossy_stone_brick_slab"},
			{"model": "block/mossy_stone_brick_slab1"},
			{"model": "block/mossy_stone_brick_slab2"},
			{"model": "block/mossy_stone_brick_slab3"}
		],
		"type=top": [
			{"model": "block/mossy_stone_brick_slab_top"},
			{"model": "block/mossy_stone_brick_slab_top1"},
			{"model": "block/mossy_stone_brick_slab_top2"},
			{"model": "block/mossy_stone_brick_slab_top3"}
		]
	}
}
